arm,checkpoint_sha256,closest_distance_m,condition,env_index,initial_state_sha256,iteration,lifted,longest_stable_steps,reset_seed,split,steps,success
initial,934b5575f01f438b5091d639b1871f24c8d5566bfb9ec7d7338671a56959202b,0.5268933176994324,delay,0,1006ac46f569c93f68480b650fdbf31326934d9305af5f9a0df24078570f38b4,-1,False,0,200000,test,249,False
initial,934b5575f01f438b5091d639b1871f24c8d5566bfb9ec7d7338671a56959202b,0.48653626441955566,delay,1,6c6e91fb7d31ec5639a5e7f3834dfd0ea25b9f6d3215307f533aff9a778fa121,-1,False,0,200000,test,249,False
initial,934b5575f01f438b5091d639b1871f24c8d5566bfb9ec7d7338671a56959202b,0.3305014371871948,delay,2,b383541d51cce864de8398bfa13b3ae106f704c54ad15f30693ec0879b66318f,-1,False,0,200000,test,249,False
initial,934b5575f01f438b5091d639b1871f24c8d5566bfb9ec7d7338671a56959202b,0.37520137429237366,delay,3,92891ab106526cb96c087f32e7ee7093ec0f07c2c0f186409f4bd78980947027,-1,False,0,200000,test,249,False
initial,934b5575f01f438b5091d639b1871f24c8d5566bfb9ec7d7338671a56959202b,0.26559773087501526,delay,4,0ce50e71de153a5a7dc52462f997c430406adff475f515b64e009f36ba7ecd60,-1,False,0,200000,test,249,False
initial,934b5575f01f438b5091d639b1871f24c8d5566bfb9ec7d7338671a56959202b,0.5261349678039551,delay,5,23bbe389b02e67f3f18d7a172c7b1041d81fa4819f6384e628774d262df83a08,-1,False,0,200000,test,249,False
initial,934b5575f01f438b5091d639b1871f24c8d5566bfb9ec7d7338671a56959202b,0.3189770579338074,delay,6,4c8d93f7b7dd25fa691c3c40ce968aa541e217eb214d9b6f721d1b6eabe6db82,-1,False,0,200000,test,249,False
initial,934b5575f01f438b5091d639b1871f24c8d5566bfb9ec7d7338671a56959202b,0.24856476485729218,delay,7,d3b0361ac339d60c525726af499d4de1d2336a907a38302198501d75d64e5031,-1,False,0,200000,test,249,False
initial,934b5575f01f438b5091d639b1871f24c8d5566bfb9ec7d7338671a56959202b,0.3568238914012909,delay,8,0fe94752beba95d6adc57053c4d6e911a6f658fc33452a2bc0452b7d198bec8d,-1,False,0,200000,test,249,False
initial,934b5575f01f438b5091d639b1871f24c8d5566bfb9ec7d7338671a56959202b,0.5765707492828369,delay,9,020d42e18a81b2aa1688f5098e4987f612d4a38265f1cd871b15d807654d811b,-1,False,0,200000,test,249,False
initial,934b5575f01f438b5091d639b1871f24c8d5566bfb9ec7d7338671a56959202b,0.25057753920555115,delay,10,fbbe93bb96a241421c543d45b53abf9787cbdc9eefcde2a0e83009f091e9c696,-1,False,0,200000,test,249,False
initial,934b5575f01f438b5091d639b1871f24c8d5566bfb9ec7d7338671a56959202b,0.4908672273159027,delay,11,e7201a7cd4729dd5922ab715a15a85e026f02fde03acce04b948f8047cb07f36,-1,False,0,200000,test,249,False
initial,934b5575f01f438b5091d639b1871f24c8d5566bfb9ec7d7338671a56959202b,0.5299474000930786,delay,12,17b00f472054d86e12dd4e2a148f60ff5b212d53529b292fe0c89e89ce32b921,-1,False,0,200000,test,249,False
initial,934b5575f01f438b5091d639b1871f24c8d5566bfb9ec7d7338671a56959202b,0.3380330502986908,delay,13,d8763f997b16fda62370f05b3eac4f14116fe1a12a5355172468728f9659dc66,-1,False,0,200000,test,249,False
initial,934b5575f01f438b5091d639b1871f24c8d5566bfb9ec7d7338671a56959202b,0.3464921712875366,delay,14,3e6330a9ae4cdd172643670198e572139c46d592018d86168cd8e94e5b914faf,-1,False,0,200000,test,249,False
initial,934b5575f01f438b5091d639b1871f24c8d5566bfb9ec7d7338671a56959202b,0.35648301243782043,delay,15,b07878a684715e8a43f249daf8f0ec8a42903960bbd8cc16e38a5677c5ecba02,-1,False,0,200000,test,249,False
initial,934b5575f01f438b5091d639b1871f24c8d5566bfb9ec7d7338671a56959202b,0.36756375432014465,delay,16,d9a4d2c50eb0f21abeccefc6a7650336254b214898a034afc0630cae77885a15,-1,False,0,200000,test,249,False
initial,934b5575f01f438b5091d639b1871f24c8d5566bfb9ec7d7338671a56959202b,0.266522079706192,delay,17,e80da798aac25ec71c9549ed57244a29ddbef463df51d81b5657abeaaf277cec,-1,False,0,200000,test,249,False
initial,934b5575f01f438b5091d639b1871f24c8d5566bfb9ec7d7338671a56959202b,0.3362674415111542,delay,18,3a3408357fc2d01619fd8c3ed07f7ba90de43ff8cba31e4bd811450d9283c03e,-1,False,0,200000,test,249,False
initial,934b5575f01f438b5091d639b1871f24c8d5566bfb9ec7d7338671a56959202b,0.345954567193985,delay,19,466efe0e3ec20c227fe0d24dd343855524ade7e2f603010a4b7b774374a6cfcb,-1,False,0,200000,test,249,False
initial,934b5575f01f438b5091d639b1871f24c8d5566bfb9ec7d7338671a56959202b,0.5220325589179993,delay,20,a41f67c545627cc3633a4f8b01351858f03c4ac8df8b18412db799f7af47b098,-1,False,0,200000,test,249,False
initial,934b5575f01f438b5091d639b1871f24c8d5566bfb9ec7d7338671a56959202b,0.26844310760498047,delay,21,154671fae8a6ed40c4df9ba29a97c10f325bf85a2433de091361974955ac9838,-1,False,0,200000,test,249,False
initial,934b5575f01f438b5091d639b1871f24c8d5566bfb9ec7d7338671a56959202b,0.33489176630973816,delay,22,dcb1b868d423c85ae2eabcbd624e14f11fde46d5d564487f665a978e12f3fa39,-1,False,0,200000,test,249,False
initial,934b5575f01f438b5091d639b1871f24c8d5566bfb9ec7d7338671a56959202b,0.5136358737945557,delay,23,28309eb0cad85fd2186cc9308f83f91e1af688aacf3fe0015b80d75062e26f26,-1,False,0,200000,test,249,False
initial,934b5575f01f438b5091d639b1871f24c8d5566bfb9ec7d7338671a56959202b,0.22685885429382324,delay,24,9b499542707aaec72301ff294d44ff2f3d8a011addc421f9257f8aefa0c11640,-1,False,0,200000,test,249,False
initial,934b5575f01f438b5091d639b1871f24c8d5566bfb9ec7d7338671a56959202b,0.6091908812522888,delay,25,a61543bd631c5e45ed4bab1a99926aced18e04c0ce41fdc5a78d36fdd255a14e,-1,False,0,200000,test,249,False
initial,934b5575f01f438b5091d639b1871f24c8d5566bfb9ec7d7338671a56959202b,0.27157267928123474,delay,26,7bc846ae43b5cbcf0891bfc04b9e5a6a972cdc6a5423c0ac36d1470b3c936b96,-1,False,0,200000,test,249,False
initial,934b5575f01f438b5091d639b1871f24c8d5566bfb9ec7d7338671a56959202b,0.43033266067504883,delay,27,5c45ae94d4f9b11183715d0b4edd62025055f19da0e8593a9d156e6013403ce2,-1,False,0,200000,test,249,False
initial,934b5575f01f438b5091d639b1871f24c8d5566bfb9ec7d7338671a56959202b,0.34539103507995605,delay,28,9e15cde33dbf7f54942180b5b22353b12b112ec17a20d73c5c8d8e75728ce772,-1,False,0,200000,test,249,False
initial,934b5575f01f438b5091d639b1871f24c8d5566bfb9ec7d7338671a56959202b,0.48903244733810425,delay,29,11d62c1256d4c6da7059892a327ce1154900fd8aa0ea7c39991fce0764a00ec3,-1,False,0,200000,test,249,False
initial,934b5575f01f438b5091d639b1871f24c8d5566bfb9ec7d7338671a56959202b,0.43361690640449524,delay,30,0e10457a7f3e547a85007dcc28e602d274bbbc5badf7405a696742cdebfee3c2,-1,False,0,200000,test,249,False
initial,934b5575f01f438b5091d639b1871f24c8d5566bfb9ec7d7338671a56959202b,0.33604902029037476,delay,31,1c238bfac4aca4f2f8ee416c6ef99e62aca9ed5f8bbf832f1d15f742d2002460,-1,False,0,200000,test,249,False
initial,934b5575f01f438b5091d639b1871f24c8d5566bfb9ec7d7338671a56959202b,0.4367046654224396,delay,32,e509a766c3f40f8d2f63f3fda33390b771d8423385254e931ddaffb4db985712,-1,False,0,200000,test,249,False
initial,934b5575f01f438b5091d639b1871f24c8d5566bfb9ec7d7338671a56959202b,0.5219456553459167,delay,33,f2930f3a766816f70bdd184269c16945ecaa245aac4bacca8ddbb6b97812ab95,-1,False,0,200000,test,249,False
initial,934b5575f01f438b5091d639b1871f24c8d5566bfb9ec7d7338671a56959202b,0.3280859589576721,delay,34,3fb4578d39e7ddb3577ff33251ede8e62931db0d38f70b07dcde57b5d88a198a,-1,False,0,200000,test,249,False
initial,934b5575f01f438b5091d639b1871f24c8d5566bfb9ec7d7338671a56959202b,0.4863607883453369,delay,35,53612294420ed663f849f37dbd33fe4755782ba369daa40575ec9cbad47afdf1,-1,False,0,200000,test,249,False
initial,934b5575f01f438b5091d639b1871f24c8d5566bfb9ec7d7338671a56959202b,0.27949967980384827,delay,36,720361ee52be951f5aefde8c073bb8fd9770c73ef3c06a0cd2ccf37f699f0885,-1,False,0,200000,test,249,False
initial,934b5575f01f438b5091d639b1871f24c8d5566bfb9ec7d7338671a56959202b,0.47429201006889343,delay,37,76488ce6a6c1c520f19fbaffc611c8bfb22b448d446774452fd589fa1822ad10,-1,False,0,200000,test,249,False
initial,934b5575f01f438b5091d639b1871f24c8d5566bfb9ec7d7338671a56959202b,0.364657998085022,delay,38,719bdc2b5150f5a70c89843eceeb269fd2b1c3ebcc41a7bbef501eef20f3bf22,-1,False,0,200000,test,249,False
initial,934b5575f01f438b5091d639b1871f24c8d5566bfb9ec7d7338671a56959202b,0.24874499440193176,delay,39,f7aa7ae9186d7663db3cc2424e63c06de69bb2c4976fd66eaf8fea5f71892149,-1,False,0,200000,test,249,False
initial,934b5575f01f438b5091d639b1871f24c8d5566bfb9ec7d7338671a56959202b,0.4200812876224518,delay,40,beb1997c7a8766f83d216a45b17cd418c009429dab21b25cc1dc1f0e2e3d3859,-1,False,0,200000,test,249,False
initial,934b5575f01f438b5091d639b1871f24c8d5566bfb9ec7d7338671a56959202b,0.4212871491909027,delay,41,fa993d146333431150f436728262ec9eb359182e1f57a8f1506f40be6b0f8ae4,-1,False,0,200000,test,249,False
initial,934b5575f01f438b5091d639b1871f24c8d5566bfb9ec7d7338671a56959202b,0.2407333254814148,delay,42,8ed80f3752349f6c9c518720859b8dc8a87347e8cf3b25f272c8ee661aa9e1f5,-1,False,0,200000,test,249,False
initial,934b5575f01f438b5091d639b1871f24c8d5566bfb9ec7d7338671a56959202b,0.29051896929740906,delay,43,3238e31a810c8c68c31f98381cc82f7a253f031052b77799daebe39110714e57,-1,False,0,200000,test,249,False
initial,934b5575f01f438b5091d639b1871f24c8d5566bfb9ec7d7338671a56959202b,0.4631820619106293,delay,44,3fc05f66ad8cbc89df6e761c99565add28915f4fec8331e0f95d072bca634451,-1,False,0,200000,test,249,False
initial,934b5575f01f438b5091d639b1871f24c8d5566bfb9ec7d7338671a56959202b,0.5283924341201782,delay,45,6975082383198d4e72859e029bf9a0c1d2d883243daf54f0524033c45908d390,-1,False,0,200000,test,249,False
initial,934b5575f01f438b5091d639b1871f24c8d5566bfb9ec7d7338671a56959202b,0.426204115152359,delay,46,8a5fba441c0e9249bf5f70d7e8d2f21d53f688db2074b0207ddf8a070a847d1a,-1,False,0,200000,test,249,False
initial,934b5575f01f438b5091d639b1871f24c8d5566bfb9ec7d7338671a56959202b,0.43645042181015015,delay,47,86c702398cf9c83c765d3061b41bda5da976271f9f595b1b2a618b76f59d36b5,-1,False,0,200000,test,249,False
initial,934b5575f01f438b5091d639b1871f24c8d5566bfb9ec7d7338671a56959202b,0.480234831571579,delay,48,7af3d925fae0c3c751cc1218deac7fa3819409a968c312ab7e76a4f78278c6c5,-1,False,0,200000,test,249,False
initial,934b5575f01f438b5091d639b1871f24c8d5566bfb9ec7d7338671a56959202b,0.5038239359855652,delay,49,a143d7774578772618880f396a605b63614255bdbfb7e73c7c27baa6b2dab068,-1,False,0,200000,test,249,False
initial,934b5575f01f438b5091d639b1871f24c8d5566bfb9ec7d7338671a56959202b,0.26578494906425476,delay,50,f518f5d8a9af7448386787e6208b320a572486bb07fb9e82a17c32a67a8c6e29,-1,False,0,200000,test,249,False
initial,934b5575f01f438b5091d639b1871f24c8d5566bfb9ec7d7338671a56959202b,0.26241540908813477,delay,51,8167e1105624e5c3e76f4562fd0cc239d7b8b2b43897133a32604c50974b0bad,-1,False,0,200000,test,249,False
initial,934b5575f01f438b5091d639b1871f24c8d5566bfb9ec7d7338671a56959202b,0.34792280197143555,delay,52,68914e3446a0eedb9db819521cb9bd1c1b6022c01eb53b41c4f81e1a0caade6f,-1,False,0,200000,test,249,False
initial,934b5575f01f438b5091d639b1871f24c8d5566bfb9ec7d7338671a56959202b,0.37424415349960327,delay,53,cb7cc07d7d10bad7fbf8139238534d0c3c5d7ee1cba0c9b47ec950175e462b52,-1,False,0,200000,test,249,False
initial,934b5575f01f438b5091d639b1871f24c8d5566bfb9ec7d7338671a56959202b,0.5215061902999878,delay,54,3ef899140e78357fa148940bbc451d6521117c175c62a86d7d8853b15c1db267,-1,False,0,200000,test,249,False
initial,934b5575f01f438b5091d639b1871f24c8d5566bfb9ec7d7338671a56959202b,0.3783981502056122,delay,55,c1714e8d391f50c92daf041f380ef0351fe5fec22c4fa903699d884bc7906fe2,-1,False,0,200000,test,249,False
initial,934b5575f01f438b5091d639b1871f24c8d5566bfb9ec7d7338671a56959202b,0.45887601375579834,delay,56,20f2202fa1332d161f40574ee265310606d026cdd1a1463955da4b67a22ceb5f,-1,False,0,200000,test,249,False
initial,934b5575f01f438b5091d639b1871f24c8d5566bfb9ec7d7338671a56959202b,0.3473263382911682,delay,57,d1adde525b52543389b2893d6f70f5e04ff9b55c235dc30d7a1a7c2c17a8e9ca,-1,False,0,200000,test,249,False
initial,934b5575f01f438b5091d639b1871f24c8d5566bfb9ec7d7338671a56959202b,0.442397803068161,delay,58,c1a1da15715bc452e74f8132f8e075f5199608e314324788ba883d7d8f66474e,-1,False,0,200000,test,249,False
initial,934b5575f01f438b5091d639b1871f24c8d5566bfb9ec7d7338671a56959202b,0.3722318708896637,delay,59,d7175c1cf9d66fbc03c9af040cfdfce84a56134d60c607754277f7d9a44053a7,-1,False,0,200000,test,249,False
initial,934b5575f01f438b5091d639b1871f24c8d5566bfb9ec7d7338671a56959202b,0.4046974778175354,delay,60,c7ea1d672fb377c531b1ce319750b7eda4f5b12fed04000c9fc936039c67f1ea,-1,False,0,200000,test,249,False
initial,934b5575f01f438b5091d639b1871f24c8d5566bfb9ec7d7338671a56959202b,0.36760133504867554,delay,61,210699a25e429d7817d4743456d34be8b6dfc161fb80435938378fa29b3e451e,-1,False,0,200000,test,249,False
initial,934b5575f01f438b5091d639b1871f24c8d5566bfb9ec7d7338671a56959202b,0.27960142493247986,delay,62,9e5c3a669783f4c24f406042fd7ad3005f8396c6b0302e470b4e8ffd5df03655,-1,False,0,200000,test,249,False
initial,934b5575f01f438b5091d639b1871f24c8d5566bfb9ec7d7338671a56959202b,0.4668577015399933,delay,63,1943fbc8ee86a753fe36ec17d5559e8c4412c7fc66dc3a497fdf101f575181a2,-1,False,0,200000,test,249,False
initial,934b5575f01f438b5091d639b1871f24c8d5566bfb9ec7d7338671a56959202b,0.3664209246635437,delay,64,d47ccd7dbca953081c48b3ed3143d6b0a80fcf2cdcd170a0dbc633c7608a0886,-1,False,0,200000,test,249,False
initial,934b5575f01f438b5091d639b1871f24c8d5566bfb9ec7d7338671a56959202b,0.2759148180484772,delay,65,38f998a161f86bc5e351ec4a8d0c448d84af5742bfe9dbc86573ef073a06e80d,-1,False,0,200000,test,249,False
initial,934b5575f01f438b5091d639b1871f24c8d5566bfb9ec7d7338671a56959202b,0.5148142576217651,delay,66,afce72db834e1b9f5595ead1ecb6027a712678c2d9b0f3da010a6b3cf644aa9f,-1,False,0,200000,test,249,False
initial,934b5575f01f438b5091d639b1871f24c8d5566bfb9ec7d7338671a56959202b,0.3404257893562317,delay,67,91a57c9faecc15833c92e04acdf09535fae208aacb93f68aa20f574883cad8fa,-1,False,0,200000,test,249,False
initial,934b5575f01f438b5091d639b1871f24c8d5566bfb9ec7d7338671a56959202b,0.4271341860294342,delay,68,48b45ff817dc56db16b184dd88f26a376d460f69093e237f24a4d6d7744bdea9,-1,False,0,200000,test,249,False
initial,934b5575f01f438b5091d639b1871f24c8d5566bfb9ec7d7338671a56959202b,0.2526403069496155,delay,69,1ff6fa05c5d2a3044de00bd98d8803f2ad5ddb13f97201d468110bba89f8f095,-1,False,0,200000,test,249,False
initial,934b5575f01f438b5091d639b1871f24c8d5566bfb9ec7d7338671a56959202b,0.3763953447341919,delay,70,68f84e890ee756fb375bafd3a10dee54284210dfba712e8a3367249e145ac701,-1,False,0,200000,test,249,False
initial,934b5575f01f438b5091d639b1871f24c8d5566bfb9ec7d7338671a56959202b,0.3704914152622223,delay,71,a2ce5abb873866ad8b5f79398586bd073fad3e68148978388a6d2a99bfabc9dc,-1,False,0,200000,test,249,False
initial,934b5575f01f438b5091d639b1871f24c8d5566bfb9ec7d7338671a56959202b,0.37665432691574097,delay,72,95c60544869e809da3ca8d21dbab8d5da96c20d9fa401fdf1af352b4ad037c71,-1,False,0,200000,test,249,False
initial,934b5575f01f438b5091d639b1871f24c8d5566bfb9ec7d7338671a56959202b,0.4787905812263489,delay,73,86b37d5efd76d46cade13612868ca6671988d786c61b4fb132d6a2da467aa063,-1,False,0,200000,test,249,False
initial,934b5575f01f438b5091d639b1871f24c8d5566bfb9ec7d7338671a56959202b,0.4065781235694885,delay,74,a6cb53189d8a0fcde26b0cc4d7f65ca6fa4e103cf1c438a53cb7a4596b32251a,-1,False,0,200000,test,249,False
initial,934b5575f01f438b5091d639b1871f24c8d5566bfb9ec7d7338671a56959202b,0.25071054697036743,delay,75,e7f0d69e6a3b00c166322ecad23a03296ad2fd3a64cdc461ca2280b2abd16b63,-1,False,0,200000,test,249,False
initial,934b5575f01f438b5091d639b1871f24c8d5566bfb9ec7d7338671a56959202b,0.5346502661705017,delay,76,4304e5b04fea123e106f828325673692bb247132e3e404e05a6dbca4bc0df9df,-1,False,0,200000,test,249,False
initial,934b5575f01f438b5091d639b1871f24c8d5566bfb9ec7d7338671a56959202b,0.25079289078712463,delay,77,1b9bf2129f999c669e0425e2409918837e474896cfed98cef362b5be87588769,-1,False,0,200000,test,249,False
initial,934b5575f01f438b5091d639b1871f24c8d5566bfb9ec7d7338671a56959202b,0.46137312054634094,delay,78,6d22199e7b130fef9473eac3e79ec6a3ed0dbc730b4d083c8b5c72f5b39cdeb7,-1,False,0,200000,test,249,False
initial,934b5575f01f438b5091d639b1871f24c8d5566bfb9ec7d7338671a56959202b,0.5079280734062195,delay,79,99f26d6cb00d9aa1160b35f509beab9262ff8a632328e3c60f48afec288e408c,-1,False,0,200000,test,249,False
initial,934b5575f01f438b5091d639b1871f24c8d5566bfb9ec7d7338671a56959202b,0.5607602000236511,delay,80,4797fb72f166ae23e949f8d11577ec7cc4b0614fedf638d17e6660e17c6d13c7,-1,False,0,200000,test,249,False
initial,934b5575f01f438b5091d639b1871f24c8d5566bfb9ec7d7338671a56959202b,0.30532708764076233,delay,81,1ff366fecd976db6ff3a241e2145633a75b4efbb3a1853679cc678d4b95c9f7b,-1,False,0,200000,test,249,False
initial,934b5575f01f438b5091d639b1871f24c8d5566bfb9ec7d7338671a56959202b,0.2384931892156601,delay,82,1ace284355e86edac562c13137e747bd8249132cdad005cec9ac11bf6643c9fe,-1,False,0,200000,test,249,False
initial,934b5575f01f438b5091d639b1871f24c8d5566bfb9ec7d7338671a56959202b,0.22767774760723114,delay,83,a2058059d1d163ec4b01d18c5a56f44bada279b5ebd5a1ac9e885aed7c49a6f6,-1,False,0,200000,test,249,False
initial,934b5575f01f438b5091d639b1871f24c8d5566bfb9ec7d7338671a56959202b,0.43479835987091064,delay,84,e372d694ade33ddfe45b4d8d081c749c2d7e6cc56208457bb98eccd23e9d7590,-1,False,0,200000,test,249,False
initial,934b5575f01f438b5091d639b1871f24c8d5566bfb9ec7d7338671a56959202b,0.32791903614997864,delay,85,81ebfc8d82e39804d11c7a30e022d7e9f33dff61009eb1decab78c1c9853bd0a,-1,False,0,200000,test,249,False
initial,934b5575f01f438b5091d639b1871f24c8d5566bfb9ec7d7338671a56959202b,0.37888413667678833,delay,86,2ec7d5d48492dbbb6de2cb23a5982f3faf0f2caac56d6646194e06025ffd118a,-1,False,0,200000,test,249,False
initial,934b5575f01f438b5091d639b1871f24c8d5566bfb9ec7d7338671a56959202b,0.5395696759223938,delay,87,cc490f6f3a60e2257b5c08db1f281be41b1e61669e2920bbbf915951b1f9dd09,-1,False,0,200000,test,249,False
initial,934b5575f01f438b5091d639b1871f24c8d5566bfb9ec7d7338671a56959202b,0.3339294493198395,delay,88,a1873710ede77fb581b50bd45afbcdb8e2216a7bac73d8ffdf30cda2847b2fb6,-1,False,0,200000,test,249,False
initial,934b5575f01f438b5091d639b1871f24c8d5566bfb9ec7d7338671a56959202b,0.30656373500823975,delay,89,8cd07364c6977efdcbeab7ea8afe7d342b2fa0b001454a94f36729313b5d3206,-1,False,0,200000,test,249,False
initial,934b5575f01f438b5091d639b1871f24c8d5566bfb9ec7d7338671a56959202b,0.38267698884010315,delay,90,4aff7910bb302aeb728a0676a77ce4ed79066eb4c2c2672d07f42a2e4859cb1e,-1,False,0,200000,test,249,False
initial,934b5575f01f438b5091d639b1871f24c8d5566bfb9ec7d7338671a56959202b,0.3318375051021576,delay,91,0f43e8358ba9b96380db8ef1085b5a979dcb8edacfe1df4135c5197a9ca140ad,-1,False,0,200000,test,249,False
initial,934b5575f01f438b5091d639b1871f24c8d5566bfb9ec7d7338671a56959202b,0.440966933965683,delay,92,c7fbf06eb9f7a3ff449891278c75371a05bbeda44a3a78c0629ee5536c25fd29,-1,False,0,200000,test,249,False
initial,934b5575f01f438b5091d639b1871f24c8d5566bfb9ec7d7338671a56959202b,0.2165585607290268,delay,93,eeef6dbd599f4dab6f6ab2b5a46e4fd4ff7ad737a50a998ccfa0b344aa633647,-1,False,0,200000,test,249,False
initial,934b5575f01f438b5091d639b1871f24c8d5566bfb9ec7d7338671a56959202b,0.3549533784389496,delay,94,ab37c57c123156fde8e6b86b5f0a777a7fd18f6042f6b0d169cb66db6026a6be,-1,False,0,200000,test,249,False
initial,934b5575f01f438b5091d639b1871f24c8d5566bfb9ec7d7338671a56959202b,0.38667821884155273,delay,95,bdec9935f649d9202a5bb541d402d99b3054f2e13735af5c27c645c7720ec6a6,-1,False,0,200000,test,249,False
initial,934b5575f01f438b5091d639b1871f24c8d5566bfb9ec7d7338671a56959202b,0.5550370812416077,delay,96,77a4cb4293f6536253aa3b66162bc929474a5fdda41df92aafa1ce2fb2b54f2f,-1,False,0,200000,test,249,False
initial,934b5575f01f438b5091d639b1871f24c8d5566bfb9ec7d7338671a56959202b,0.3332008421421051,delay,97,05dc74adcf4c2c331cd6976dbc6e523a478ec2bb46b0a059bf409e2b6ab8380d,-1,False,0,200000,test,249,False
initial,934b5575f01f438b5091d639b1871f24c8d5566bfb9ec7d7338671a56959202b,0.5360350012779236,delay,98,9614a090a384d03c1ba35ed51c8a761be752edb2c656aa96e536442b4623fbb4,-1,False,0,200000,test,249,False
initial,934b5575f01f438b5091d639b1871f24c8d5566bfb9ec7d7338671a56959202b,0.3861216902732849,delay,99,3ebcb8b16e457dee44285c20766d816a9270123bfc42336c2ad468f1648e826a,-1,False,0,200000,test,249,False
initial,934b5575f01f438b5091d639b1871f24c8d5566bfb9ec7d7338671a56959202b,0.44528728723526,delay,100,d728faeae13a0dfb8614d6ec5fa83d9d01926528230d1e4a7515dd991253d44e,-1,False,0,200000,test,249,False
initial,934b5575f01f438b5091d639b1871f24c8d5566bfb9ec7d7338671a56959202b,0.44722840189933777,delay,101,b3aaaf7fb53fe114bd0f4f914ec6f63604a4dea9ef1d10a6f5f38a414c506e23,-1,False,0,200000,test,249,False
initial,934b5575f01f438b5091d639b1871f24c8d5566bfb9ec7d7338671a56959202b,0.344473272562027,delay,102,d6db2e91ecde8bce14994a00eceb6fa355862d95b278a48d9c674733b6a11a93,-1,False,0,200000,test,249,False
initial,934b5575f01f438b5091d639b1871f24c8d5566bfb9ec7d7338671a56959202b,0.4158565104007721,delay,103,ad6e487c79125208299f08c8928735d89b232ce06ab0c9f172e1700257dec3ba,-1,False,0,200000,test,249,False
initial,934b5575f01f438b5091d639b1871f24c8d5566bfb9ec7d7338671a56959202b,0.26864370703697205,delay,104,171f1e8fd988107483be3198d6169967413aa437441cb2af38aad4e6c0c29d2b,-1,False,0,200000,test,249,False
initial,934b5575f01f438b5091d639b1871f24c8d5566bfb9ec7d7338671a56959202b,0.3751735985279083,delay,105,d4fbe59ca1b5e23829a2ca0a390942ce8c43359e645fcf61a496b0bde1b8b242,-1,False,0,200000,test,249,False
initial,934b5575f01f438b5091d639b1871f24c8d5566bfb9ec7d7338671a56959202b,0.420968234539032,delay,106,16bda64c3ed4b2a7125ea60381352cdd9795eb598a2e41f9a0c90472667b9049,-1,False,0,200000,test,249,False
initial,934b5575f01f438b5091d639b1871f24c8d5566bfb9ec7d7338671a56959202b,0.35247430205345154,delay,107,abda65d3f8967994841853f88cd921111e3fbcf69daa542cc27e8d12a27b78ff,-1,False,0,200000,test,249,False
initial,934b5575f01f438b5091d639b1871f24c8d5566bfb9ec7d7338671a56959202b,0.29883772134780884,delay,108,5bf0c262a762fff765bad21aa5ff21a650118083af7b57a0c8e5a107486f8502,-1,False,0,200000,test,249,False
initial,934b5575f01f438b5091d639b1871f24c8d5566bfb9ec7d7338671a56959202b,0.4130270481109619,delay,109,5f3fa1ec1db3997ad3c80179949f22956b2a3eabd56590eed2201753ad0b8785,-1,False,0,200000,test,249,False
initial,934b5575f01f438b5091d639b1871f24c8d5566bfb9ec7d7338671a56959202b,0.30002734065055847,delay,110,043178d9c2e751ba923dc4246946ce8cd9085b9cd92fe45e70317d48179bce16,-1,False,0,200000,test,249,False
initial,934b5575f01f438b5091d639b1871f24c8d5566bfb9ec7d7338671a56959202b,0.33910369873046875,delay,111,4155b638520a37687a7decb0e0ac3fc027a3c905cfc1c4b5a95d92c95feed3fb,-1,False,0,200000,test,249,False
initial,934b5575f01f438b5091d639b1871f24c8d5566bfb9ec7d7338671a56959202b,0.3436262309551239,delay,112,69e62f621f40d6b6316746f9e28263ae9a9e3f68871fa02d9246df8190593f15,-1,False,0,200000,test,249,False
initial,934b5575f01f438b5091d639b1871f24c8d5566bfb9ec7d7338671a56959202b,0.4278947710990906,delay,113,8d61bebf893886b35fc9822c412ba22c1e1f20cc359d68cb7e1ccec8e1880490,-1,False,0,200000,test,249,False
initial,934b5575f01f438b5091d639b1871f24c8d5566bfb9ec7d7338671a56959202b,0.459807813167572,delay,114,af01fd6e11d268d4fcfc223731a2518813a51b9e6320c707f262dbddfa6a06b6,-1,False,0,200000,test,249,False
initial,934b5575f01f438b5091d639b1871f24c8d5566bfb9ec7d7338671a56959202b,0.32311615347862244,delay,115,687e231d91f53a4978947b46d60667357734722c526fa2a816df4dc5dcea3922,-1,False,0,200000,test,249,False
initial,934b5575f01f438b5091d639b1871f24c8d5566bfb9ec7d7338671a56959202b,0.342756062746048,delay,116,a687b62d73d62361cb77a82d90533f46dbbd3b507e0c449919cbc12c0671c15e,-1,False,0,200000,test,249,False
initial,934b5575f01f438b5091d639b1871f24c8d5566bfb9ec7d7338671a56959202b,0.37080681324005127,delay,117,c1371f77a2e4a3dff1a6b2e0e8731c6be4ec3849db9ea1f8eccb80beba24f770,-1,False,0,200000,test,249,False
initial,934b5575f01f438b5091d639b1871f24c8d5566bfb9ec7d7338671a56959202b,0.3229905068874359,delay,118,f416e408f0959d1c3540326f2aeb627b0dee0dcab8baa666562435161570aed5,-1,False,0,200000,test,249,False
initial,934b5575f01f438b5091d639b1871f24c8d5566bfb9ec7d7338671a56959202b,0.29962268471717834,delay,119,782d6ff695cff66ddd1ce6bbdb72609507e294e056b608688a830bfc77a80928,-1,False,0,200000,test,249,False
initial,934b5575f01f438b5091d639b1871f24c8d5566bfb9ec7d7338671a56959202b,0.47831425070762634,delay,120,d4c3ce95cf2bfbdc65b9285b985120a5914f8e6d31c88c56305fe55926b589ba,-1,False,0,200000,test,249,False
initial,934b5575f01f438b5091d639b1871f24c8d5566bfb9ec7d7338671a56959202b,0.20494315028190613,delay,121,873fdf34e0ba5ce490935cbc65b233569f73dad143f2bee12f7081b792648119,-1,False,0,200000,test,249,False
initial,934b5575f01f438b5091d639b1871f24c8d5566bfb9ec7d7338671a56959202b,0.3811432719230652,delay,122,3413699e394218a7a9f1b5077a6fbb87a8ce22c8505e03469888cd7de521bf38,-1,False,0,200000,test,249,False
initial,934b5575f01f438b5091d639b1871f24c8d5566bfb9ec7d7338671a56959202b,0.45890700817108154,delay,123,c8ae1be88e9046dae3b49b993352b4965163dade87926f37fc8684682ddbf175,-1,False,0,200000,test,249,False
initial,934b5575f01f438b5091d639b1871f24c8d5566bfb9ec7d7338671a56959202b,0.3867407441139221,delay,124,63cfeca31fe99cb8c7f2a42e8e020136d4a9814d579258b61934dd4b8d0c3e3b,-1,False,0,200000,test,249,False
initial,934b5575f01f438b5091d639b1871f24c8d5566bfb9ec7d7338671a56959202b,0.5708930492401123,delay,125,a61f5ff0e9fa1133de9c0c75f1c2fb95baaa172b0d1da1561259cd14a90ac00f,-1,False,0,200000,test,249,False
initial,934b5575f01f438b5091d639b1871f24c8d5566bfb9ec7d7338671a56959202b,0.5950915217399597,delay,126,1b7d8544bfc1139c6bfb56c53bb05cab7a8abd517fe3480928cee8888874c1b2,-1,False,0,200000,test,249,False
initial,934b5575f01f438b5091d639b1871f24c8d5566bfb9ec7d7338671a56959202b,0.41691845655441284,delay,127,7f890b90f22e11a29f4dfc80b0c9794493d87146b921f15111b45bfca8308814,-1,False,0,200000,test,249,False
initial,934b5575f01f438b5091d639b1871f24c8d5566bfb9ec7d7338671a56959202b,0.5268933176994324,heavy,0,1006ac46f569c93f68480b650fdbf31326934d9305af5f9a0df24078570f38b4,-1,False,0,200000,test,249,False
initial,934b5575f01f438b5091d639b1871f24c8d5566bfb9ec7d7338671a56959202b,0.48653626441955566,heavy,1,6c6e91fb7d31ec5639a5e7f3834dfd0ea25b9f6d3215307f533aff9a778fa121,-1,False,0,200000,test,249,False
initial,934b5575f01f438b5091d639b1871f24c8d5566bfb9ec7d7338671a56959202b,0.3305014371871948,heavy,2,b383541d51cce864de8398bfa13b3ae106f704c54ad15f30693ec0879b66318f,-1,False,0,200000,test,249,False
initial,934b5575f01f438b5091d639b1871f24c8d5566bfb9ec7d7338671a56959202b,0.37520137429237366,heavy,3,92891ab106526cb96c087f32e7ee7093ec0f07c2c0f186409f4bd78980947027,-1,False,0,200000,test,249,False
initial,934b5575f01f438b5091d639b1871f24c8d5566bfb9ec7d7338671a56959202b,0.26559773087501526,heavy,4,0ce50e71de153a5a7dc52462f997c430406adff475f515b64e009f36ba7ecd60,-1,False,0,200000,test,249,False
initial,934b5575f01f438b5091d639b1871f24c8d5566bfb9ec7d7338671a56959202b,0.5261349678039551,heavy,5,23bbe389b02e67f3f18d7a172c7b1041d81fa4819f6384e628774d262df83a08,-1,False,0,200000,test,249,False
initial,934b5575f01f438b5091d639b1871f24c8d5566bfb9ec7d7338671a56959202b,0.3189770579338074,heavy,6,4c8d93f7b7dd25fa691c3c40ce968aa541e217eb214d9b6f721d1b6eabe6db82,-1,False,0,200000,test,249,False
initial,934b5575f01f438b5091d639b1871f24c8d5566bfb9ec7d7338671a56959202b,0.24856476485729218,heavy,7,d3b0361ac339d60c525726af499d4de1d2336a907a38302198501d75d64e5031,-1,False,0,200000,test,249,False
initial,934b5575f01f438b5091d639b1871f24c8d5566bfb9ec7d7338671a56959202b,0.3568238914012909,heavy,8,0fe94752beba95d6adc57053c4d6e911a6f658fc33452a2bc0452b7d198bec8d,-1,False,0,200000,test,249,False
initial,934b5575f01f438b5091d639b1871f24c8d5566bfb9ec7d7338671a56959202b,0.5765707492828369,heavy,9,020d42e18a81b2aa1688f5098e4987f612d4a38265f1cd871b15d807654d811b,-1,False,0,200000,test,249,False
initial,934b5575f01f438b5091d639b1871f24c8d5566bfb9ec7d7338671a56959202b,0.25057753920555115,heavy,10,fbbe93bb96a241421c543d45b53abf9787cbdc9eefcde2a0e83009f091e9c696,-1,False,0,200000,test,249,False
initial,934b5575f01f438b5091d639b1871f24c8d5566bfb9ec7d7338671a56959202b,0.4908672273159027,heavy,11,e7201a7cd4729dd5922ab715a15a85e026f02fde03acce04b948f8047cb07f36,-1,False,0,200000,test,249,False
initial,934b5575f01f438b5091d639b1871f24c8d5566bfb9ec7d7338671a56959202b,0.5299474000930786,heavy,12,17b00f472054d86e12dd4e2a148f60ff5b212d53529b292fe0c89e89ce32b921,-1,False,0,200000,test,249,False
initial,934b5575f01f438b5091d639b1871f24c8d5566bfb9ec7d7338671a56959202b,0.3380330502986908,heavy,13,d8763f997b16fda62370f05b3eac4f14116fe1a12a5355172468728f9659dc66,-1,False,0,200000,test,249,False
initial,934b5575f01f438b5091d639b1871f24c8d5566bfb9ec7d7338671a56959202b,0.3464921712875366,heavy,14,3e6330a9ae4cdd172643670198e572139c46d592018d86168cd8e94e5b914faf,-1,False,0,200000,test,249,False
initial,934b5575f01f438b5091d639b1871f24c8d5566bfb9ec7d7338671a56959202b,0.35648301243782043,heavy,15,b07878a684715e8a43f249daf8f0ec8a42903960bbd8cc16e38a5677c5ecba02,-1,False,0,200000,test,249,False
initial,934b5575f01f438b5091d639b1871f24c8d5566bfb9ec7d7338671a56959202b,0.36756375432014465,heavy,16,d9a4d2c50eb0f21abeccefc6a7650336254b214898a034afc0630cae77885a15,-1,False,0,200000,test,249,False
initial,934b5575f01f438b5091d639b1871f24c8d5566bfb9ec7d7338671a56959202b,0.266522079706192,heavy,17,e80da798aac25ec71c9549ed57244a29ddbef463df51d81b5657abeaaf277cec,-1,False,0,200000,test,249,False
initial,934b5575f01f438b5091d639b1871f24c8d5566bfb9ec7d7338671a56959202b,0.3362674415111542,heavy,18,3a3408357fc2d01619fd8c3ed07f7ba90de43ff8cba31e4bd811450d9283c03e,-1,False,0,200000,test,249,False
initial,934b5575f01f438b5091d639b1871f24c8d5566bfb9ec7d7338671a56959202b,0.345954567193985,heavy,19,466efe0e3ec20c227fe0d24dd343855524ade7e2f603010a4b7b774374a6cfcb,-1,False,0,200000,test,249,False
initial,934b5575f01f438b5091d639b1871f24c8d5566bfb9ec7d7338671a56959202b,0.5220325589179993,heavy,20,a41f67c545627cc3633a4f8b01351858f03c4ac8df8b18412db799f7af47b098,-1,False,0,200000,test,249,False
initial,934b5575f01f438b5091d639b1871f24c8d5566bfb9ec7d7338671a56959202b,0.26844310760498047,heavy,21,154671fae8a6ed40c4df9ba29a97c10f325bf85a2433de091361974955ac9838,-1,False,0,200000,test,249,False
initial,934b5575f01f438b5091d639b1871f24c8d5566bfb9ec7d7338671a56959202b,0.33489176630973816,heavy,22,dcb1b868d423c85ae2eabcbd624e14f11fde46d5d564487f665a978e12f3fa39,-1,False,0,200000,test,249,False
initial,934b5575f01f438b5091d639b1871f24c8d5566bfb9ec7d7338671a56959202b,0.5136358737945557,heavy,23,28309eb0cad85fd2186cc9308f83f91e1af688aacf3fe0015b80d75062e26f26,-1,False,0,200000,test,249,False
initial,934b5575f01f438b5091d639b1871f24c8d5566bfb9ec7d7338671a56959202b,0.22685885429382324,heavy,24,9b499542707aaec72301ff294d44ff2f3d8a011addc421f9257f8aefa0c11640,-1,False,0,200000,test,249,False
initial,934b5575f01f438b5091d639b1871f24c8d5566bfb9ec7d7338671a56959202b,0.6091908812522888,heavy,25,a61543bd631c5e45ed4bab1a99926aced18e04c0ce41fdc5a78d36fdd255a14e,-1,False,0,200000,test,249,False
initial,934b5575f01f438b5091d639b1871f24c8d5566bfb9ec7d7338671a56959202b,0.27157267928123474,heavy,26,7bc846ae43b5cbcf0891bfc04b9e5a6a972cdc6a5423c0ac36d1470b3c936b96,-1,False,0,200000,test,249,False
initial,934b5575f01f438b5091d639b1871f24c8d5566bfb9ec7d7338671a56959202b,0.43033266067504883,heavy,27,5c45ae94d4f9b11183715d0b4edd62025055f19da0e8593a9d156e6013403ce2,-1,False,0,200000,test,249,False
initial,934b5575f01f438b5091d639b1871f24c8d5566bfb9ec7d7338671a56959202b,0.34539103507995605,heavy,28,9e15cde33dbf7f54942180b5b22353b12b112ec17a20d73c5c8d8e75728ce772,-1,False,0,200000,test,249,False
initial,934b5575f01f438b5091d639b1871f24c8d5566bfb9ec7d7338671a56959202b,0.48903244733810425,heavy,29,11d62c1256d4c6da7059892a327ce1154900fd8aa0ea7c39991fce0764a00ec3,-1,False,0,200000,test,249,False
initial,934b5575f01f438b5091d639b1871f24c8d5566bfb9ec7d7338671a56959202b,0.43361690640449524,heavy,30,0e10457a7f3e547a85007dcc28e602d274bbbc5badf7405a696742cdebfee3c2,-1,False,0,200000,test,249,False
initial,934b5575f01f438b5091d639b1871f24c8d5566bfb9ec7d7338671a56959202b,0.33604902029037476,heavy,31,1c238bfac4aca4f2f8ee416c6ef99e62aca9ed5f8bbf832f1d15f742d2002460,-1,False,0,200000,test,249,False
initial,934b5575f01f438b5091d639b1871f24c8d5566bfb9ec7d7338671a56959202b,0.4367046654224396,heavy,32,e509a766c3f40f8d2f63f3fda33390b771d8423385254e931ddaffb4db985712,-1,False,0,200000,test,249,False
initial,934b5575f01f438b5091d639b1871f24c8d5566bfb9ec7d7338671a56959202b,0.5219456553459167,heavy,33,f2930f3a766816f70bdd184269c16945ecaa245aac4bacca8ddbb6b97812ab95,-1,False,0,200000,test,249,False
initial,934b5575f01f438b5091d639b1871f24c8d5566bfb9ec7d7338671a56959202b,0.3280859589576721,heavy,34,3fb4578d39e7ddb3577ff33251ede8e62931db0d38f70b07dcde57b5d88a198a,-1,False,0,200000,test,249,False
initial,934b5575f01f438b5091d639b1871f24c8d5566bfb9ec7d7338671a56959202b,0.4863607883453369,heavy,35,53612294420ed663f849f37dbd33fe4755782ba369daa40575ec9cbad47afdf1,-1,False,0,200000,test,249,False
initial,934b5575f01f438b5091d639b1871f24c8d5566bfb9ec7d7338671a56959202b,0.27949967980384827,heavy,36,720361ee52be951f5aefde8c073bb8fd9770c73ef3c06a0cd2ccf37f699f0885,-1,False,0,200000,test,249,False
initial,934b5575f01f438b5091d639b1871f24c8d5566bfb9ec7d7338671a56959202b,0.47429201006889343,heavy,37,76488ce6a6c1c520f19fbaffc611c8bfb22b448d446774452fd589fa1822ad10,-1,False,0,200000,test,249,False
initial,934b5575f01f438b5091d639b1871f24c8d5566bfb9ec7d7338671a56959202b,0.364657998085022,heavy,38,719bdc2b5150f5a70c89843eceeb269fd2b1c3ebcc41a7bbef501eef20f3bf22,-1,False,0,200000,test,249,False
initial,934b5575f01f438b5091d639b1871f24c8d5566bfb9ec7d7338671a56959202b,0.24874499440193176,heavy,39,f7aa7ae9186d7663db3cc2424e63c06de69bb2c4976fd66eaf8fea5f71892149,-1,False,0,200000,test,249,False
initial,934b5575f01f438b5091d639b1871f24c8d5566bfb9ec7d7338671a56959202b,0.4200812876224518,heavy,40,beb1997c7a8766f83d216a45b17cd418c009429dab21b25cc1dc1f0e2e3d3859,-1,False,0,200000,test,249,False
initial,934b5575f01f438b5091d639b1871f24c8d5566bfb9ec7d7338671a56959202b,0.4212871491909027,heavy,41,fa993d146333431150f436728262ec9eb359182e1f57a8f1506f40be6b0f8ae4,-1,False,0,200000,test,249,False
initial,934b5575f01f438b5091d639b1871f24c8d5566bfb9ec7d7338671a56959202b,0.2407333254814148,heavy,42,8ed80f3752349f6c9c518720859b8dc8a87347e8cf3b25f272c8ee661aa9e1f5,-1,False,0,200000,test,249,False
initial,934b5575f01f438b5091d639b1871f24c8d5566bfb9ec7d7338671a56959202b,0.29051896929740906,heavy,43,3238e31a810c8c68c31f98381cc82f7a253f031052b77799daebe39110714e57,-1,False,0,200000,test,249,False
initial,934b5575f01f438b5091d639b1871f24c8d5566bfb9ec7d7338671a56959202b,0.4631820619106293,heavy,44,3fc05f66ad8cbc89df6e761c99565add28915f4fec8331e0f95d072bca634451,-1,False,0,200000,test,249,False
initial,934b5575f01f438b5091d639b1871f24c8d5566bfb9ec7d7338671a56959202b,0.5283924341201782,heavy,45,6975082383198d4e72859e029bf9a0c1d2d883243daf54f0524033c45908d390,-1,False,0,200000,test,249,False
initial,934b5575f01f438b5091d639b1871f24c8d5566bfb9ec7d7338671a56959202b,0.426204115152359,heavy,46,8a5fba441c0e9249bf5f70d7e8d2f21d53f688db2074b0207ddf8a070a847d1a,-1,False,0,200000,test,249,False
initial,934b5575f01f438b5091d639b1871f24c8d5566bfb9ec7d7338671a56959202b,0.43645042181015015,heavy,47,86c702398cf9c83c765d3061b41bda5da976271f9f595b1b2a618b76f59d36b5,-1,False,0,200000,test,249,False
initial,934b5575f01f438b5091d639b1871f24c8d5566bfb9ec7d7338671a56959202b,0.480234831571579,heavy,48,7af3d925fae0c3c751cc1218deac7fa3819409a968c312ab7e76a4f78278c6c5,-1,False,0,200000,test,249,False
initial,934b5575f01f438b5091d639b1871f24c8d5566bfb9ec7d7338671a56959202b,0.5038239359855652,heavy,49,a143d7774578772618880f396a605b63614255bdbfb7e73c7c27baa6b2dab068,-1,False,0,200000,test,249,False
initial,934b5575f01f438b5091d639b1871f24c8d5566bfb9ec7d7338671a56959202b,0.26578494906425476,heavy,50,f518f5d8a9af7448386787e6208b320a572486bb07fb9e82a17c32a67a8c6e29,-1,False,0,200000,test,249,False
initial,934b5575f01f438b5091d639b1871f24c8d5566bfb9ec7d7338671a56959202b,0.26241540908813477,heavy,51,8167e1105624e5c3e76f4562fd0cc239d7b8b2b43897133a32604c50974b0bad,-1,False,0,200000,test,249,False
initial,934b5575f01f438b5091d639b1871f24c8d5566bfb9ec7d7338671a56959202b,0.34792280197143555,heavy,52,68914e3446a0eedb9db819521cb9bd1c1b6022c01eb53b41c4f81e1a0caade6f,-1,False,0,200000,test,249,False
initial,934b5575f01f438b5091d639b1871f24c8d5566bfb9ec7d7338671a56959202b,0.37424415349960327,heavy,53,cb7cc07d7d10bad7fbf8139238534d0c3c5d7ee1cba0c9b47ec950175e462b52,-1,False,0,200000,test,249,False
initial,934b5575f01f438b5091d639b1871f24c8d5566bfb9ec7d7338671a56959202b,0.5215061902999878,heavy,54,3ef899140e78357fa148940bbc451d6521117c175c62a86d7d8853b15c1db267,-1,False,0,200000,test,249,False
initial,934b5575f01f438b5091d639b1871f24c8d5566bfb9ec7d7338671a56959202b,0.3783981502056122,heavy,55,c1714e8d391f50c92daf041f380ef0351fe5fec22c4fa903699d884bc7906fe2,-1,False,0,200000,test,249,False
initial,934b5575f01f438b5091d639b1871f24c8d5566bfb9ec7d7338671a56959202b,0.45887601375579834,heavy,56,20f2202fa1332d161f40574ee265310606d026cdd1a1463955da4b67a22ceb5f,-1,False,0,200000,test,249,False
initial,934b5575f01f438b5091d639b1871f24c8d5566bfb9ec7d7338671a56959202b,0.3473263382911682,heavy,57,d1adde525b52543389b2893d6f70f5e04ff9b55c235dc30d7a1a7c2c17a8e9ca,-1,False,0,200000,test,249,False
initial,934b5575f01f438b5091d639b1871f24c8d5566bfb9ec7d7338671a56959202b,0.442397803068161,heavy,58,c1a1da15715bc452e74f8132f8e075f5199608e314324788ba883d7d8f66474e,-1,False,0,200000,test,249,False
initial,934b5575f01f438b5091d639b1871f24c8d5566bfb9ec7d7338671a56959202b,0.3722318708896637,heavy,59,d7175c1cf9d66fbc03c9af040cfdfce84a56134d60c607754277f7d9a44053a7,-1,False,0,200000,test,249,False
initial,934b5575f01f438b5091d639b1871f24c8d5566bfb9ec7d7338671a56959202b,0.4046974778175354,heavy,60,c7ea1d672fb377c531b1ce319750b7eda4f5b12fed04000c9fc936039c67f1ea,-1,False,0,200000,test,249,False
initial,934b5575f01f438b5091d639b1871f24c8d5566bfb9ec7d7338671a56959202b,0.36760133504867554,heavy,61,210699a25e429d7817d4743456d34be8b6dfc161fb80435938378fa29b3e451e,-1,False,0,200000,test,249,False
initial,934b5575f01f438b5091d639b1871f24c8d5566bfb9ec7d7338671a56959202b,0.27960142493247986,heavy,62,9e5c3a669783f4c24f406042fd7ad3005f8396c6b0302e470b4e8ffd5df03655,-1,False,0,200000,test,249,False
initial,934b5575f01f438b5091d639b1871f24c8d5566bfb9ec7d7338671a56959202b,0.4668577015399933,heavy,63,1943fbc8ee86a753fe36ec17d5559e8c4412c7fc66dc3a497fdf101f575181a2,-1,False,0,200000,test,249,False
initial,934b5575f01f438b5091d639b1871f24c8d5566bfb9ec7d7338671a56959202b,0.3664209246635437,heavy,64,d47ccd7dbca953081c48b3ed3143d6b0a80fcf2cdcd170a0dbc633c7608a0886,-1,False,0,200000,test,249,False
initial,934b5575f01f438b5091d639b1871f24c8d5566bfb9ec7d7338671a56959202b,0.2759148180484772,heavy,65,38f998a161f86bc5e351ec4a8d0c448d84af5742bfe9dbc86573ef073a06e80d,-1,False,0,200000,test,249,False
initial,934b5575f01f438b5091d639b1871f24c8d5566bfb9ec7d7338671a56959202b,0.5148142576217651,heavy,66,afce72db834e1b9f5595ead1ecb6027a712678c2d9b0f3da010a6b3cf644aa9f,-1,False,0,200000,test,249,False
initial,934b5575f01f438b5091d639b1871f24c8d5566bfb9ec7d7338671a56959202b,0.3404257893562317,heavy,67,91a57c9faecc15833c92e04acdf09535fae208aacb93f68aa20f574883cad8fa,-1,False,0,200000,test,249,False
initial,934b5575f01f438b5091d639b1871f24c8d5566bfb9ec7d7338671a56959202b,0.4271341860294342,heavy,68,48b45ff817dc56db16b184dd88f26a376d460f69093e237f24a4d6d7744bdea9,-1,False,0,200000,test,249,False
initial,934b5575f01f438b5091d639b1871f24c8d5566bfb9ec7d7338671a56959202b,0.2526403069496155,heavy,69,1ff6fa05c5d2a3044de00bd98d8803f2ad5ddb13f97201d468110bba89f8f095,-1,False,0,200000,test,249,False
initial,934b5575f01f438b5091d639b1871f24c8d5566bfb9ec7d7338671a56959202b,0.3763953447341919,heavy,70,68f84e890ee756fb375bafd3a10dee54284210dfba712e8a3367249e145ac701,-1,False,0,200000,test,249,False
initial,934b5575f01f438b5091d639b1871f24c8d5566bfb9ec7d7338671a56959202b,0.3704914152622223,heavy,71,a2ce5abb873866ad8b5f79398586bd073fad3e68148978388a6d2a99bfabc9dc,-1,False,0,200000,test,249,False
initial,934b5575f01f438b5091d639b1871f24c8d5566bfb9ec7d7338671a56959202b,0.37665432691574097,heavy,72,95c60544869e809da3ca8d21dbab8d5da96c20d9fa401fdf1af352b4ad037c71,-1,False,0,200000,test,249,False
initial,934b5575f01f438b5091d639b1871f24c8d5566bfb9ec7d7338671a56959202b,0.4787905812263489,heavy,73,86b37d5efd76d46cade13612868ca6671988d786c61b4fb132d6a2da467aa063,-1,False,0,200000,test,249,False
initial,934b5575f01f438b5091d639b1871f24c8d5566bfb9ec7d7338671a56959202b,0.4065781235694885,heavy,74,a6cb53189d8a0fcde26b0cc4d7f65ca6fa4e103cf1c438a53cb7a4596b32251a,-1,False,0,200000,test,249,False
initial,934b5575f01f438b5091d639b1871f24c8d5566bfb9ec7d7338671a56959202b,0.25071054697036743,heavy,75,e7f0d69e6a3b00c166322ecad23a03296ad2fd3a64cdc461ca2280b2abd16b63,-1,False,0,200000,test,249,False
initial,934b5575f01f438b5091d639b1871f24c8d5566bfb9ec7d7338671a56959202b,0.5346502661705017,heavy,76,4304e5b04fea123e106f828325673692bb247132e3e404e05a6dbca4bc0df9df,-1,False,0,200000,test,249,False
initial,934b5575f01f438b5091d639b1871f24c8d5566bfb9ec7d7338671a56959202b,0.25079289078712463,heavy,77,1b9bf2129f999c669e0425e2409918837e474896cfed98cef362b5be87588769,-1,False,0,200000,test,249,False
initial,934b5575f01f438b5091d639b1871f24c8d5566bfb9ec7d7338671a56959202b,0.46137312054634094,heavy,78,6d22199e7b130fef9473eac3e79ec6a3ed0dbc730b4d083c8b5c72f5b39cdeb7,-1,False,0,200000,test,249,False
initial,934b5575f01f438b5091d639b1871f24c8d5566bfb9ec7d7338671a56959202b,0.5079280734062195,heavy,79,99f26d6cb00d9aa1160b35f509beab9262ff8a632328e3c60f48afec288e408c,-1,False,0,200000,test,249,False
initial,934b5575f01f438b5091d639b1871f24c8d5566bfb9ec7d7338671a56959202b,0.5607602000236511,heavy,80,4797fb72f166ae23e949f8d11577ec7cc4b0614fedf638d17e6660e17c6d13c7,-1,False,0,200000,test,249,False
initial,934b5575f01f438b5091d639b1871f24c8d5566bfb9ec7d7338671a56959202b,0.30532708764076233,heavy,81,1ff366fecd976db6ff3a241e2145633a75b4efbb3a1853679cc678d4b95c9f7b,-1,False,0,200000,test,249,False
initial,934b5575f01f438b5091d639b1871f24c8d5566bfb9ec7d7338671a56959202b,0.2384931892156601,heavy,82,1ace284355e86edac562c13137e747bd8249132cdad005cec9ac11bf6643c9fe,-1,False,0,200000,test,249,False
initial,934b5575f01f438b5091d639b1871f24c8d5566bfb9ec7d7338671a56959202b,0.22767774760723114,heavy,83,a2058059d1d163ec4b01d18c5a56f44bada279b5ebd5a1ac9e885aed7c49a6f6,-1,False,0,200000,test,249,False
initial,934b5575f01f438b5091d639b1871f24c8d5566bfb9ec7d7338671a56959202b,0.43479835987091064,heavy,84,e372d694ade33ddfe45b4d8d081c749c2d7e6cc56208457bb98eccd23e9d7590,-1,False,0,200000,test,249,False
initial,934b5575f01f438b5091d639b1871f24c8d5566bfb9ec7d7338671a56959202b,0.32791903614997864,heavy,85,81ebfc8d82e39804d11c7a30e022d7e9f33dff61009eb1decab78c1c9853bd0a,-1,False,0,200000,test,249,False
initial,934b5575f01f438b5091d639b1871f24c8d5566bfb9ec7d7338671a56959202b,0.37888413667678833,heavy,86,2ec7d5d48492dbbb6de2cb23a5982f3faf0f2caac56d6646194e06025ffd118a,-1,False,0,200000,test,249,False
initial,934b5575f01f438b5091d639b1871f24c8d5566bfb9ec7d7338671a56959202b,0.5395696759223938,heavy,87,cc490f6f3a60e2257b5c08db1f281be41b1e61669e2920bbbf915951b1f9dd09,-1,False,0,200000,test,249,False
initial,934b5575f01f438b5091d639b1871f24c8d5566bfb9ec7d7338671a56959202b,0.3339294493198395,heavy,88,a1873710ede77fb581b50bd45afbcdb8e2216a7bac73d8ffdf30cda2847b2fb6,-1,False,0,200000,test,249,False
initial,934b5575f01f438b5091d639b1871f24c8d5566bfb9ec7d7338671a56959202b,0.30656373500823975,heavy,89,8cd07364c6977efdcbeab7ea8afe7d342b2fa0b001454a94f36729313b5d3206,-1,False,0,200000,test,249,False
initial,934b5575f01f438b5091d639b1871f24c8d5566bfb9ec7d7338671a56959202b,0.38267698884010315,heavy,90,4aff7910bb302aeb728a0676a77ce4ed79066eb4c2c2672d07f42a2e4859cb1e,-1,False,0,200000,test,249,False
initial,934b5575f01f438b5091d639b1871f24c8d5566bfb9ec7d7338671a56959202b,0.3318375051021576,heavy,91,0f43e8358ba9b96380db8ef1085b5a979dcb8edacfe1df4135c5197a9ca140ad,-1,False,0,200000,test,249,False
initial,934b5575f01f438b5091d639b1871f24c8d5566bfb9ec7d7338671a56959202b,0.440966933965683,heavy,92,c7fbf06eb9f7a3ff449891278c75371a05bbeda44a3a78c0629ee5536c25fd29,-1,False,0,200000,test,249,False
initial,934b5575f01f438b5091d639b1871f24c8d5566bfb9ec7d7338671a56959202b,0.2165585607290268,heavy,93,eeef6dbd599f4dab6f6ab2b5a46e4fd4ff7ad737a50a998ccfa0b344aa633647,-1,False,0,200000,test,249,False
initial,934b5575f01f438b5091d639b1871f24c8d5566bfb9ec7d7338671a56959202b,0.3549533784389496,heavy,94,ab37c57c123156fde8e6b86b5f0a777a7fd18f6042f6b0d169cb66db6026a6be,-1,False,0,200000,test,249,False
initial,934b5575f01f438b5091d639b1871f24c8d5566bfb9ec7d7338671a56959202b,0.38667821884155273,heavy,95,bdec9935f649d9202a5bb541d402d99b3054f2e13735af5c27c645c7720ec6a6,-1,False,0,200000,test,249,False
initial,934b5575f01f438b5091d639b1871f24c8d5566bfb9ec7d7338671a56959202b,0.5550370812416077,heavy,96,77a4cb4293f6536253aa3b66162bc929474a5fdda41df92aafa1ce2fb2b54f2f,-1,False,0,200000,test,249,False
initial,934b5575f01f438b5091d639b1871f24c8d5566bfb9ec7d7338671a56959202b,0.3332008421421051,heavy,97,05dc74adcf4c2c331cd6976dbc6e523a478ec2bb46b0a059bf409e2b6ab8380d,-1,False,0,200000,test,249,False
initial,934b5575f01f438b5091d639b1871f24c8d5566bfb9ec7d7338671a56959202b,0.5360350012779236,heavy,98,9614a090a384d03c1ba35ed51c8a761be752edb2c656aa96e536442b4623fbb4,-1,False,0,200000,test,249,False
initial,934b5575f01f438b5091d639b1871f24c8d5566bfb9ec7d7338671a56959202b,0.3861216902732849,heavy,99,3ebcb8b16e457dee44285c20766d816a9270123bfc42336c2ad468f1648e826a,-1,False,0,200000,test,249,False
initial,934b5575f01f438b5091d639b1871f24c8d5566bfb9ec7d7338671a56959202b,0.44528728723526,heavy,100,d728faeae13a0dfb8614d6ec5fa83d9d01926528230d1e4a7515dd991253d44e,-1,False,0,200000,test,249,False
initial,934b5575f01f438b5091d639b1871f24c8d5566bfb9ec7d7338671a56959202b,0.44722840189933777,heavy,101,b3aaaf7fb53fe114bd0f4f914ec6f63604a4dea9ef1d10a6f5f38a414c506e23,-1,False,0,200000,test,249,False
initial,934b5575f01f438b5091d639b1871f24c8d5566bfb9ec7d7338671a56959202b,0.344473272562027,heavy,102,d6db2e91ecde8bce14994a00eceb6fa355862d95b278a48d9c674733b6a11a93,-1,False,0,200000,test,249,False
initial,934b5575f01f438b5091d639b1871f24c8d5566bfb9ec7d7338671a56959202b,0.4158565104007721,heavy,103,ad6e487c79125208299f08c8928735d89b232ce06ab0c9f172e1700257dec3ba,-1,False,0,200000,test,249,False
initial,934b5575f01f438b5091d639b1871f24c8d5566bfb9ec7d7338671a56959202b,0.26864370703697205,heavy,104,171f1e8fd988107483be3198d6169967413aa437441cb2af38aad4e6c0c29d2b,-1,False,0,200000,test,249,False
initial,934b5575f01f438b5091d639b1871f24c8d5566bfb9ec7d7338671a56959202b,0.3751735985279083,heavy,105,d4fbe59ca1b5e23829a2ca0a390942ce8c43359e645fcf61a496b0bde1b8b242,-1,False,0,200000,test,249,False
initial,934b5575f01f438b5091d639b1871f24c8d5566bfb9ec7d7338671a56959202b,0.420968234539032,heavy,106,16bda64c3ed4b2a7125ea60381352cdd9795eb598a2e41f9a0c90472667b9049,-1,False,0,200000,test,249,False
initial,934b5575f01f438b5091d639b1871f24c8d5566bfb9ec7d7338671a56959202b,0.35247430205345154,heavy,107,abda65d3f8967994841853f88cd921111e3fbcf69daa542cc27e8d12a27b78ff,-1,False,0,200000,test,249,False
initial,934b5575f01f438b5091d639b1871f24c8d5566bfb9ec7d7338671a56959202b,0.29883772134780884,heavy,108,5bf0c262a762fff765bad21aa5ff21a650118083af7b57a0c8e5a107486f8502,-1,False,0,200000,test,249,False
initial,934b5575f01f438b5091d639b1871f24c8d5566bfb9ec7d7338671a56959202b,0.4130270481109619,heavy,109,5f3fa1ec1db3997ad3c80179949f22956b2a3eabd56590eed2201753ad0b8785,-1,False,0,200000,test,249,False
initial,934b5575f01f438b5091d639b1871f24c8d5566bfb9ec7d7338671a56959202b,0.30002734065055847,heavy,110,043178d9c2e751ba923dc4246946ce8cd9085b9cd92fe45e70317d48179bce16,-1,False,0,200000,test,249,False
initial,934b5575f01f438b5091d639b1871f24c8d5566bfb9ec7d7338671a56959202b,0.33910369873046875,heavy,111,4155b638520a37687a7decb0e0ac3fc027a3c905cfc1c4b5a95d92c95feed3fb,-1,False,0,200000,test,249,False
initial,934b5575f01f438b5091d639b1871f24c8d5566bfb9ec7d7338671a56959202b,0.3436262309551239,heavy,112,69e62f621f40d6b6316746f9e28263ae9a9e3f68871fa02d9246df8190593f15,-1,False,0,200000,test,249,False
initial,934b5575f01f438b5091d639b1871f24c8d5566bfb9ec7d7338671a56959202b,0.4278947710990906,heavy,113,8d61bebf893886b35fc9822c412ba22c1e1f20cc359d68cb7e1ccec8e1880490,-1,False,0,200000,test,249,False
initial,934b5575f01f438b5091d639b1871f24c8d5566bfb9ec7d7338671a56959202b,0.459807813167572,heavy,114,af01fd6e11d268d4fcfc223731a2518813a51b9e6320c707f262dbddfa6a06b6,-1,False,0,200000,test,249,False
initial,934b5575f01f438b5091d639b1871f24c8d5566bfb9ec7d7338671a56959202b,0.32311615347862244,heavy,115,687e231d91f53a4978947b46d60667357734722c526fa2a816df4dc5dcea3922,-1,False,0,200000,test,249,False
initial,934b5575f01f438b5091d639b1871f24c8d5566bfb9ec7d7338671a56959202b,0.342756062746048,heavy,116,a687b62d73d62361cb77a82d90533f46dbbd3b507e0c449919cbc12c0671c15e,-1,False,0,200000,test,249,False
initial,934b5575f01f438b5091d639b1871f24c8d5566bfb9ec7d7338671a56959202b,0.37080681324005127,heavy,117,c1371f77a2e4a3dff1a6b2e0e8731c6be4ec3849db9ea1f8eccb80beba24f770,-1,False,0,200000,test,249,False
initial,934b5575f01f438b5091d639b1871f24c8d5566bfb9ec7d7338671a56959202b,0.3229905068874359,heavy,118,f416e408f0959d1c3540326f2aeb627b0dee0dcab8baa666562435161570aed5,-1,False,0,200000,test,249,False
initial,934b5575f01f438b5091d639b1871f24c8d5566bfb9ec7d7338671a56959202b,0.29962268471717834,heavy,119,782d6ff695cff66ddd1ce6bbdb72609507e294e056b608688a830bfc77a80928,-1,False,0,200000,test,249,False
initial,934b5575f01f438b5091d639b1871f24c8d5566bfb9ec7d7338671a56959202b,0.47831425070762634,heavy,120,d4c3ce95cf2bfbdc65b9285b985120a5914f8e6d31c88c56305fe55926b589ba,-1,False,0,200000,test,249,False
initial,934b5575f01f438b5091d639b1871f24c8d5566bfb9ec7d7338671a56959202b,0.20494315028190613,heavy,121,873fdf34e0ba5ce490935cbc65b233569f73dad143f2bee12f7081b792648119,-1,False,0,200000,test,249,False
initial,934b5575f01f438b5091d639b1871f24c8d5566bfb9ec7d7338671a56959202b,0.3811432719230652,heavy,122,3413699e394218a7a9f1b5077a6fbb87a8ce22c8505e03469888cd7de521bf38,-1,False,0,200000,test,249,False
initial,934b5575f01f438b5091d639b1871f24c8d5566bfb9ec7d7338671a56959202b,0.45890700817108154,heavy,123,c8ae1be88e9046dae3b49b993352b4965163dade87926f37fc8684682ddbf175,-1,False,0,200000,test,249,False
initial,934b5575f01f438b5091d639b1871f24c8d5566bfb9ec7d7338671a56959202b,0.3867407441139221,heavy,124,63cfeca31fe99cb8c7f2a42e8e020136d4a9814d579258b61934dd4b8d0c3e3b,-1,False,0,200000,test,249,False
initial,934b5575f01f438b5091d639b1871f24c8d5566bfb9ec7d7338671a56959202b,0.5708930492401123,heavy,125,a61f5ff0e9fa1133de9c0c75f1c2fb95baaa172b0d1da1561259cd14a90ac00f,-1,False,0,200000,test,249,False
initial,934b5575f01f438b5091d639b1871f24c8d5566bfb9ec7d7338671a56959202b,0.5950915217399597,heavy,126,1b7d8544bfc1139c6bfb56c53bb05cab7a8abd517fe3480928cee8888874c1b2,-1,False,0,200000,test,249,False
initial,934b5575f01f438b5091d639b1871f24c8d5566bfb9ec7d7338671a56959202b,0.41691845655441284,heavy,127,7f890b90f22e11a29f4dfc80b0c9794493d87146b921f15111b45bfca8308814,-1,False,0,200000,test,249,False
initial,934b5575f01f438b5091d639b1871f24c8d5566bfb9ec7d7338671a56959202b,0.5268933176994324,nominal,0,1006ac46f569c93f68480b650fdbf31326934d9305af5f9a0df24078570f38b4,-1,False,0,200000,test,249,False
initial,934b5575f01f438b5091d639b1871f24c8d5566bfb9ec7d7338671a56959202b,0.48653626441955566,nominal,1,6c6e91fb7d31ec5639a5e7f3834dfd0ea25b9f6d3215307f533aff9a778fa121,-1,False,0,200000,test,249,False
initial,934b5575f01f438b5091d639b1871f24c8d5566bfb9ec7d7338671a56959202b,0.3305014371871948,nominal,2,b383541d51cce864de8398bfa13b3ae106f704c54ad15f30693ec0879b66318f,-1,False,0,200000,test,249,False
initial,934b5575f01f438b5091d639b1871f24c8d5566bfb9ec7d7338671a56959202b,0.37520137429237366,nominal,3,92891ab106526cb96c087f32e7ee7093ec0f07c2c0f186409f4bd78980947027,-1,False,0,200000,test,249,False
initial,934b5575f01f438b5091d639b1871f24c8d5566bfb9ec7d7338671a56959202b,0.26559773087501526,nominal,4,0ce50e71de153a5a7dc52462f997c430406adff475f515b64e009f36ba7ecd60,-1,False,0,200000,test,249,False
initial,934b5575f01f438b5091d639b1871f24c8d5566bfb9ec7d7338671a56959202b,0.5261349678039551,nominal,5,23bbe389b02e67f3f18d7a172c7b1041d81fa4819f6384e628774d262df83a08,-1,False,0,200000,test,249,False
initial,934b5575f01f438b5091d639b1871f24c8d5566bfb9ec7d7338671a56959202b,0.3189770579338074,nominal,6,4c8d93f7b7dd25fa691c3c40ce968aa541e217eb214d9b6f721d1b6eabe6db82,-1,False,0,200000,test,249,False
initial,934b5575f01f438b5091d639b1871f24c8d5566bfb9ec7d7338671a56959202b,0.24856476485729218,nominal,7,d3b0361ac339d60c525726af499d4de1d2336a907a38302198501d75d64e5031,-1,False,0,200000,test,249,False
initial,934b5575f01f438b5091d639b1871f24c8d5566bfb9ec7d7338671a56959202b,0.3568238914012909,nominal,8,0fe94752beba95d6adc57053c4d6e911a6f658fc33452a2bc0452b7d198bec8d,-1,False,0,200000,test,249,False
initial,934b5575f01f438b5091d639b1871f24c8d5566bfb9ec7d7338671a56959202b,0.5765707492828369,nominal,9,020d42e18a81b2aa1688f5098e4987f612d4a38265f1cd871b15d807654d811b,-1,False,0,200000,test,249,False
initial,934b5575f01f438b5091d639b1871f24c8d5566bfb9ec7d7338671a56959202b,0.25057753920555115,nominal,10,fbbe93bb96a241421c543d45b53abf9787cbdc9eefcde2a0e83009f091e9c696,-1,False,0,200000,test,249,False
initial,934b5575f01f438b5091d639b1871f24c8d5566bfb9ec7d7338671a56959202b,0.4908672273159027,nominal,11,e7201a7cd4729dd5922ab715a15a85e026f02fde03acce04b948f8047cb07f36,-1,False,0,200000,test,249,False
initial,934b5575f01f438b5091d639b1871f24c8d5566bfb9ec7d7338671a56959202b,0.5299474000930786,nominal,12,17b00f472054d86e12dd4e2a148f60ff5b212d53529b292fe0c89e89ce32b921,-1,False,0,200000,test,249,False
initial,934b5575f01f438b5091d639b1871f24c8d5566bfb9ec7d7338671a56959202b,0.3380330502986908,nominal,13,d8763f997b16fda62370f05b3eac4f14116fe1a12a5355172468728f9659dc66,-1,False,0,200000,test,249,False
initial,934b5575f01f438b5091d639b1871f24c8d5566bfb9ec7d7338671a56959202b,0.3464921712875366,nominal,14,3e6330a9ae4cdd172643670198e572139c46d592018d86168cd8e94e5b914faf,-1,False,0,200000,test,249,False
initial,934b5575f01f438b5091d639b1871f24c8d5566bfb9ec7d7338671a56959202b,0.35648301243782043,nominal,15,b07878a684715e8a43f249daf8f0ec8a42903960bbd8cc16e38a5677c5ecba02,-1,False,0,200000,test,249,False
initial,934b5575f01f438b5091d639b1871f24c8d5566bfb9ec7d7338671a56959202b,0.36756375432014465,nominal,16,d9a4d2c50eb0f21abeccefc6a7650336254b214898a034afc0630cae77885a15,-1,False,0,200000,test,249,False
initial,934b5575f01f438b5091d639b1871f24c8d5566bfb9ec7d7338671a56959202b,0.266522079706192,nominal,17,e80da798aac25ec71c9549ed57244a29ddbef463df51d81b5657abeaaf277cec,-1,False,0,200000,test,249,False
initial,934b5575f01f438b5091d639b1871f24c8d5566bfb9ec7d7338671a56959202b,0.3362674415111542,nominal,18,3a3408357fc2d01619fd8c3ed07f7ba90de43ff8cba31e4bd811450d9283c03e,-1,False,0,200000,test,249,False
initial,934b5575f01f438b5091d639b1871f24c8d5566bfb9ec7d7338671a56959202b,0.345954567193985,nominal,19,466efe0e3ec20c227fe0d24dd343855524ade7e2f603010a4b7b774374a6cfcb,-1,False,0,200000,test,249,False
initial,934b5575f01f438b5091d639b1871f24c8d5566bfb9ec7d7338671a56959202b,0.5220325589179993,nominal,20,a41f67c545627cc3633a4f8b01351858f03c4ac8df8b18412db799f7af47b098,-1,False,0,200000,test,249,False
initial,934b5575f01f438b5091d639b1871f24c8d5566bfb9ec7d7338671a56959202b,0.26844310760498047,nominal,21,154671fae8a6ed40c4df9ba29a97c10f325bf85a2433de091361974955ac9838,-1,False,0,200000,test,249,False
initial,934b5575f01f438b5091d639b1871f24c8d5566bfb9ec7d7338671a56959202b,0.33489176630973816,nominal,22,dcb1b868d423c85ae2eabcbd624e14f11fde46d5d564487f665a978e12f3fa39,-1,False,0,200000,test,249,False
initial,934b5575f01f438b5091d639b1871f24c8d5566bfb9ec7d7338671a56959202b,0.5136358737945557,nominal,23,28309eb0cad85fd2186cc9308f83f91e1af688aacf3fe0015b80d75062e26f26,-1,False,0,200000,test,249,False
initial,934b5575f01f438b5091d639b1871f24c8d5566bfb9ec7d7338671a56959202b,0.22685885429382324,nominal,24,9b499542707aaec72301ff294d44ff2f3d8a011addc421f9257f8aefa0c11640,-1,False,0,200000,test,249,False
initial,934b5575f01f438b5091d639b1871f24c8d5566bfb9ec7d7338671a56959202b,0.6091908812522888,nominal,25,a61543bd631c5e45ed4bab1a99926aced18e04c0ce41fdc5a78d36fdd255a14e,-1,False,0,200000,test,249,False
initial,934b5575f01f438b5091d639b1871f24c8d5566bfb9ec7d7338671a56959202b,0.27157267928123474,nominal,26,7bc846ae43b5cbcf0891bfc04b9e5a6a972cdc6a5423c0ac36d1470b3c936b96,-1,False,0,200000,test,249,False
initial,934b5575f01f438b5091d639b1871f24c8d5566bfb9ec7d7338671a56959202b,0.43033266067504883,nominal,27,5c45ae94d4f9b11183715d0b4edd62025055f19da0e8593a9d156e6013403ce2,-1,False,0,200000,test,249,False
initial,934b5575f01f438b5091d639b1871f24c8d5566bfb9ec7d7338671a56959202b,0.34539103507995605,nominal,28,9e15cde33dbf7f54942180b5b22353b12b112ec17a20d73c5c8d8e75728ce772,-1,False,0,200000,test,249,False
initial,934b5575f01f438b5091d639b1871f24c8d5566bfb9ec7d7338671a56959202b,0.48903244733810425,nominal,29,11d62c1256d4c6da7059892a327ce1154900fd8aa0ea7c39991fce0764a00ec3,-1,False,0,200000,test,249,False
initial,934b5575f01f438b5091d639b1871f24c8d5566bfb9ec7d7338671a56959202b,0.43361690640449524,nominal,30,0e10457a7f3e547a85007dcc28e602d274bbbc5badf7405a696742cdebfee3c2,-1,False,0,200000,test,249,False
initial,934b5575f01f438b5091d639b1871f24c8d5566bfb9ec7d7338671a56959202b,0.33604902029037476,nominal,31,1c238bfac4aca4f2f8ee416c6ef99e62aca9ed5f8bbf832f1d15f742d2002460,-1,False,0,200000,test,249,False
initial,934b5575f01f438b5091d639b1871f24c8d5566bfb9ec7d7338671a56959202b,0.4367046654224396,nominal,32,e509a766c3f40f8d2f63f3fda33390b771d8423385254e931ddaffb4db985712,-1,False,0,200000,test,249,False
initial,934b5575f01f438b5091d639b1871f24c8d5566bfb9ec7d7338671a56959202b,0.5219456553459167,nominal,33,f2930f3a766816f70bdd184269c16945ecaa245aac4bacca8ddbb6b97812ab95,-1,False,0,200000,test,249,False
initial,934b5575f01f438b5091d639b1871f24c8d5566bfb9ec7d7338671a56959202b,0.3280859589576721,nominal,34,3fb4578d39e7ddb3577ff33251ede8e62931db0d38f70b07dcde57b5d88a198a,-1,False,0,200000,test,249,False
initial,934b5575f01f438b5091d639b1871f24c8d5566bfb9ec7d7338671a56959202b,0.4863607883453369,nominal,35,53612294420ed663f849f37dbd33fe4755782ba369daa40575ec9cbad47afdf1,-1,False,0,200000,test,249,False
initial,934b5575f01f438b5091d639b1871f24c8d5566bfb9ec7d7338671a56959202b,0.27949967980384827,nominal,36,720361ee52be951f5aefde8c073bb8fd9770c73ef3c06a0cd2ccf37f699f0885,-1,False,0,200000,test,249,False
initial,934b5575f01f438b5091d639b1871f24c8d5566bfb9ec7d7338671a56959202b,0.47429201006889343,nominal,37,76488ce6a6c1c520f19fbaffc611c8bfb22b448d446774452fd589fa1822ad10,-1,False,0,200000,test,249,False
initial,934b5575f01f438b5091d639b1871f24c8d5566bfb9ec7d7338671a56959202b,0.364657998085022,nominal,38,719bdc2b5150f5a70c89843eceeb269fd2b1c3ebcc41a7bbef501eef20f3bf22,-1,False,0,200000,test,249,False
initial,934b5575f01f438b5091d639b1871f24c8d5566bfb9ec7d7338671a56959202b,0.24874499440193176,nominal,39,f7aa7ae9186d7663db3cc2424e63c06de69bb2c4976fd66eaf8fea5f71892149,-1,False,0,200000,test,249,False
initial,934b5575f01f438b5091d639b1871f24c8d5566bfb9ec7d7338671a56959202b,0.4200812876224518,nominal,40,beb1997c7a8766f83d216a45b17cd418c009429dab21b25cc1dc1f0e2e3d3859,-1,False,0,200000,test,249,False
initial,934b5575f01f438b5091d639b1871f24c8d5566bfb9ec7d7338671a56959202b,0.4212871491909027,nominal,41,fa993d146333431150f436728262ec9eb359182e1f57a8f1506f40be6b0f8ae4,-1,False,0,200000,test,249,False
initial,934b5575f01f438b5091d639b1871f24c8d5566bfb9ec7d7338671a56959202b,0.2407333254814148,nominal,42,8ed80f3752349f6c9c518720859b8dc8a87347e8cf3b25f272c8ee661aa9e1f5,-1,False,0,200000,test,249,False
initial,934b5575f01f438b5091d639b1871f24c8d5566bfb9ec7d7338671a56959202b,0.29051896929740906,nominal,43,3238e31a810c8c68c31f98381cc82f7a253f031052b77799daebe39110714e57,-1,False,0,200000,test,249,False
initial,934b5575f01f438b5091d639b1871f24c8d5566bfb9ec7d7338671a56959202b,0.4631820619106293,nominal,44,3fc05f66ad8cbc89df6e761c99565add28915f4fec8331e0f95d072bca634451,-1,False,0,200000,test,249,False
initial,934b5575f01f438b5091d639b1871f24c8d5566bfb9ec7d7338671a56959202b,0.5283924341201782,nominal,45,6975082383198d4e72859e029bf9a0c1d2d883243daf54f0524033c45908d390,-1,False,0,200000,test,249,False
initial,934b5575f01f438b5091d639b1871f24c8d5566bfb9ec7d7338671a56959202b,0.426204115152359,nominal,46,8a5fba441c0e9249bf5f70d7e8d2f21d53f688db2074b0207ddf8a070a847d1a,-1,False,0,200000,test,249,False
initial,934b5575f01f438b5091d639b1871f24c8d5566bfb9ec7d7338671a56959202b,0.43645042181015015,nominal,47,86c702398cf9c83c765d3061b41bda5da976271f9f595b1b2a618b76f59d36b5,-1,False,0,200000,test,249,False
initial,934b5575f01f438b5091d639b1871f24c8d5566bfb9ec7d7338671a56959202b,0.480234831571579,nominal,48,7af3d925fae0c3c751cc1218deac7fa3819409a968c312ab7e76a4f78278c6c5,-1,False,0,200000,test,249,False
initial,934b5575f01f438b5091d639b1871f24c8d5566bfb9ec7d7338671a56959202b,0.5038239359855652,nominal,49,a143d7774578772618880f396a605b63614255bdbfb7e73c7c27baa6b2dab068,-1,False,0,200000,test,249,False
initial,934b5575f01f438b5091d639b1871f24c8d5566bfb9ec7d7338671a56959202b,0.26578494906425476,nominal,50,f518f5d8a9af7448386787e6208b320a572486bb07fb9e82a17c32a67a8c6e29,-1,False,0,200000,test,249,False
initial,934b5575f01f438b5091d639b1871f24c8d5566bfb9ec7d7338671a56959202b,0.26241540908813477,nominal,51,8167e1105624e5c3e76f4562fd0cc239d7b8b2b43897133a32604c50974b0bad,-1,False,0,200000,test,249,False
initial,934b5575f01f438b5091d639b1871f24c8d5566bfb9ec7d7338671a56959202b,0.34792280197143555,nominal,52,68914e3446a0eedb9db819521cb9bd1c1b6022c01eb53b41c4f81e1a0caade6f,-1,False,0,200000,test,249,False
initial,934b5575f01f438b5091d639b1871f24c8d5566bfb9ec7d7338671a56959202b,0.37424415349960327,nominal,53,cb7cc07d7d10bad7fbf8139238534d0c3c5d7ee1cba0c9b47ec950175e462b52,-1,False,0,200000,test,249,False
initial,934b5575f01f438b5091d639b1871f24c8d5566bfb9ec7d7338671a56959202b,0.5215061902999878,nominal,54,3ef899140e78357fa148940bbc451d6521117c175c62a86d7d8853b15c1db267,-1,False,0,200000,test,249,False
initial,934b5575f01f438b5091d639b1871f24c8d5566bfb9ec7d7338671a56959202b,0.3783981502056122,nominal,55,c1714e8d391f50c92daf041f380ef0351fe5fec22c4fa903699d884bc7906fe2,-1,False,0,200000,test,249,False
initial,934b5575f01f438b5091d639b1871f24c8d5566bfb9ec7d7338671a56959202b,0.45887601375579834,nominal,56,20f2202fa1332d161f40574ee265310606d026cdd1a1463955da4b67a22ceb5f,-1,False,0,200000,test,249,False
initial,934b5575f01f438b5091d639b1871f24c8d5566bfb9ec7d7338671a56959202b,0.3473263382911682,nominal,57,d1adde525b52543389b2893d6f70f5e04ff9b55c235dc30d7a1a7c2c17a8e9ca,-1,False,0,200000,test,249,False
initial,934b5575f01f438b5091d639b1871f24c8d5566bfb9ec7d7338671a56959202b,0.442397803068161,nominal,58,c1a1da15715bc452e74f8132f8e075f5199608e314324788ba883d7d8f66474e,-1,False,0,200000,test,249,False
initial,934b5575f01f438b5091d639b1871f24c8d5566bfb9ec7d7338671a56959202b,0.3722318708896637,nominal,59,d7175c1cf9d66fbc03c9af040cfdfce84a56134d60c607754277f7d9a44053a7,-1,False,0,200000,test,249,False
initial,934b5575f01f438b5091d639b1871f24c8d5566bfb9ec7d7338671a56959202b,0.4046974778175354,nominal,60,c7ea1d672fb377c531b1ce319750b7eda4f5b12fed04000c9fc936039c67f1ea,-1,False,0,200000,test,249,False
initial,934b5575f01f438b5091d639b1871f24c8d5566bfb9ec7d7338671a56959202b,0.36760133504867554,nominal,61,210699a25e429d7817d4743456d34be8b6dfc161fb80435938378fa29b3e451e,-1,False,0,200000,test,249,False
initial,934b5575f01f438b5091d639b1871f24c8d5566bfb9ec7d7338671a56959202b,0.27960142493247986,nominal,62,9e5c3a669783f4c24f406042fd7ad3005f8396c6b0302e470b4e8ffd5df03655,-1,False,0,200000,test,249,False
initial,934b5575f01f438b5091d639b1871f24c8d5566bfb9ec7d7338671a56959202b,0.4668577015399933,nominal,63,1943fbc8ee86a753fe36ec17d5559e8c4412c7fc66dc3a497fdf101f575181a2,-1,False,0,200000,test,249,False
initial,934b5575f01f438b5091d639b1871f24c8d5566bfb9ec7d7338671a56959202b,0.3664209246635437,nominal,64,d47ccd7dbca953081c48b3ed3143d6b0a80fcf2cdcd170a0dbc633c7608a0886,-1,False,0,200000,test,249,False
initial,934b5575f01f438b5091d639b1871f24c8d5566bfb9ec7d7338671a56959202b,0.2759148180484772,nominal,65,38f998a161f86bc5e351ec4a8d0c448d84af5742bfe9dbc86573ef073a06e80d,-1,False,0,200000,test,249,False
initial,934b5575f01f438b5091d639b1871f24c8d5566bfb9ec7d7338671a56959202b,0.5148142576217651,nominal,66,afce72db834e1b9f5595ead1ecb6027a712678c2d9b0f3da010a6b3cf644aa9f,-1,False,0,200000,test,249,False
initial,934b5575f01f438b5091d639b1871f24c8d5566bfb9ec7d7338671a56959202b,0.3404257893562317,nominal,67,91a57c9faecc15833c92e04acdf09535fae208aacb93f68aa20f574883cad8fa,-1,False,0,200000,test,249,False
initial,934b5575f01f438b5091d639b1871f24c8d5566bfb9ec7d7338671a56959202b,0.4271341860294342,nominal,68,48b45ff817dc56db16b184dd88f26a376d460f69093e237f24a4d6d7744bdea9,-1,False,0,200000,test,249,False
initial,934b5575f01f438b5091d639b1871f24c8d5566bfb9ec7d7338671a56959202b,0.2526403069496155,nominal,69,1ff6fa05c5d2a3044de00bd98d8803f2ad5ddb13f97201d468110bba89f8f095,-1,False,0,200000,test,249,False
initial,934b5575f01f438b5091d639b1871f24c8d5566bfb9ec7d7338671a56959202b,0.3763953447341919,nominal,70,68f84e890ee756fb375bafd3a10dee54284210dfba712e8a3367249e145ac701,-1,False,0,200000,test,249,False
initial,934b5575f01f438b5091d639b1871f24c8d5566bfb9ec7d7338671a56959202b,0.3704914152622223,nominal,71,a2ce5abb873866ad8b5f79398586bd073fad3e68148978388a6d2a99bfabc9dc,-1,False,0,200000,test,249,False
initial,934b5575f01f438b5091d639b1871f24c8d5566bfb9ec7d7338671a56959202b,0.37665432691574097,nominal,72,95c60544869e809da3ca8d21dbab8d5da96c20d9fa401fdf1af352b4ad037c71,-1,False,0,200000,test,249,False
initial,934b5575f01f438b5091d639b1871f24c8d5566bfb9ec7d7338671a56959202b,0.4787905812263489,nominal,73,86b37d5efd76d46cade13612868ca6671988d786c61b4fb132d6a2da467aa063,-1,False,0,200000,test,249,False
initial,934b5575f01f438b5091d639b1871f24c8d5566bfb9ec7d7338671a56959202b,0.4065781235694885,nominal,74,a6cb53189d8a0fcde26b0cc4d7f65ca6fa4e103cf1c438a53cb7a4596b32251a,-1,False,0,200000,test,249,False
initial,934b5575f01f438b5091d639b1871f24c8d5566bfb9ec7d7338671a56959202b,0.25071054697036743,nominal,75,e7f0d69e6a3b00c166322ecad23a03296ad2fd3a64cdc461ca2280b2abd16b63,-1,False,0,200000,test,249,False
initial,934b5575f01f438b5091d639b1871f24c8d5566bfb9ec7d7338671a56959202b,0.5346502661705017,nominal,76,4304e5b04fea123e106f828325673692bb247132e3e404e05a6dbca4bc0df9df,-1,False,0,200000,test,249,False
initial,934b5575f01f438b5091d639b1871f24c8d5566bfb9ec7d7338671a56959202b,0.25079289078712463,nominal,77,1b9bf2129f999c669e0425e2409918837e474896cfed98cef362b5be87588769,-1,False,0,200000,test,249,False
initial,934b5575f01f438b5091d639b1871f24c8d5566bfb9ec7d7338671a56959202b,0.46137312054634094,nominal,78,6d22199e7b130fef9473eac3e79ec6a3ed0dbc730b4d083c8b5c72f5b39cdeb7,-1,False,0,200000,test,249,False
initial,934b5575f01f438b5091d639b1871f24c8d5566bfb9ec7d7338671a56959202b,0.5079280734062195,nominal,79,99f26d6cb00d9aa1160b35f509beab9262ff8a632328e3c60f48afec288e408c,-1,False,0,200000,test,249,False
initial,934b5575f01f438b5091d639b1871f24c8d5566bfb9ec7d7338671a56959202b,0.5607602000236511,nominal,80,4797fb72f166ae23e949f8d11577ec7cc4b0614fedf638d17e6660e17c6d13c7,-1,False,0,200000,test,249,False
initial,934b5575f01f438b5091d639b1871f24c8d5566bfb9ec7d7338671a56959202b,0.30532708764076233,nominal,81,1ff366fecd976db6ff3a241e2145633a75b4efbb3a1853679cc678d4b95c9f7b,-1,False,0,200000,test,249,False
initial,934b5575f01f438b5091d639b1871f24c8d5566bfb9ec7d7338671a56959202b,0.2384931892156601,nominal,82,1ace284355e86edac562c13137e747bd8249132cdad005cec9ac11bf6643c9fe,-1,False,0,200000,test,249,False
initial,934b5575f01f438b5091d639b1871f24c8d5566bfb9ec7d7338671a56959202b,0.22767774760723114,nominal,83,a2058059d1d163ec4b01d18c5a56f44bada279b5ebd5a1ac9e885aed7c49a6f6,-1,False,0,200000,test,249,False
initial,934b5575f01f438b5091d639b1871f24c8d5566bfb9ec7d7338671a56959202b,0.43479835987091064,nominal,84,e372d694ade33ddfe45b4d8d081c749c2d7e6cc56208457bb98eccd23e9d7590,-1,False,0,200000,test,249,False
initial,934b5575f01f438b5091d639b1871f24c8d5566bfb9ec7d7338671a56959202b,0.32791903614997864,nominal,85,81ebfc8d82e39804d11c7a30e022d7e9f33dff61009eb1decab78c1c9853bd0a,-1,False,0,200000,test,249,False
initial,934b5575f01f438b5091d639b1871f24c8d5566bfb9ec7d7338671a56959202b,0.37888413667678833,nominal,86,2ec7d5d48492dbbb6de2cb23a5982f3faf0f2caac56d6646194e06025ffd118a,-1,False,0,200000,test,249,False
initial,934b5575f01f438b5091d639b1871f24c8d5566bfb9ec7d7338671a56959202b,0.5395696759223938,nominal,87,cc490f6f3a60e2257b5c08db1f281be41b1e61669e2920bbbf915951b1f9dd09,-1,False,0,200000,test,249,False
initial,934b5575f01f438b5091d639b1871f24c8d5566bfb9ec7d7338671a56959202b,0.3339294493198395,nominal,88,a1873710ede77fb581b50bd45afbcdb8e2216a7bac73d8ffdf30cda2847b2fb6,-1,False,0,200000,test,249,False
initial,934b5575f01f438b5091d639b1871f24c8d5566bfb9ec7d7338671a56959202b,0.30656373500823975,nominal,89,8cd07364c6977efdcbeab7ea8afe7d342b2fa0b001454a94f36729313b5d3206,-1,False,0,200000,test,249,False
initial,934b5575f01f438b5091d639b1871f24c8d5566bfb9ec7d7338671a56959202b,0.38267698884010315,nominal,90,4aff7910bb302aeb728a0676a77ce4ed79066eb4c2c2672d07f42a2e4859cb1e,-1,False,0,200000,test,249,False
initial,934b5575f01f438b5091d639b1871f24c8d5566bfb9ec7d7338671a56959202b,0.3318375051021576,nominal,91,0f43e8358ba9b96380db8ef1085b5a979dcb8edacfe1df4135c5197a9ca140ad,-1,False,0,200000,test,249,False
initial,934b5575f01f438b5091d639b1871f24c8d5566bfb9ec7d7338671a56959202b,0.440966933965683,nominal,92,c7fbf06eb9f7a3ff449891278c75371a05bbeda44a3a78c0629ee5536c25fd29,-1,False,0,200000,test,249,False
initial,934b5575f01f438b5091d639b1871f24c8d5566bfb9ec7d7338671a56959202b,0.2165585607290268,nominal,93,eeef6dbd599f4dab6f6ab2b5a46e4fd4ff7ad737a50a998ccfa0b344aa633647,-1,False,0,200000,test,249,False
initial,934b5575f01f438b5091d639b1871f24c8d5566bfb9ec7d7338671a56959202b,0.3549533784389496,nominal,94,ab37c57c123156fde8e6b86b5f0a777a7fd18f6042f6b0d169cb66db6026a6be,-1,False,0,200000,test,249,False
initial,934b5575f01f438b5091d639b1871f24c8d5566bfb9ec7d7338671a56959202b,0.38667821884155273,nominal,95,bdec9935f649d9202a5bb541d402d99b3054f2e13735af5c27c645c7720ec6a6,-1,False,0,200000,test,249,False
initial,934b5575f01f438b5091d639b1871f24c8d5566bfb9ec7d7338671a56959202b,0.5550370812416077,nominal,96,77a4cb4293f6536253aa3b66162bc929474a5fdda41df92aafa1ce2fb2b54f2f,-1,False,0,200000,test,249,False
initial,934b5575f01f438b5091d639b1871f24c8d5566bfb9ec7d7338671a56959202b,0.3332008421421051,nominal,97,05dc74adcf4c2c331cd6976dbc6e523a478ec2bb46b0a059bf409e2b6ab8380d,-1,False,0,200000,test,249,False
initial,934b5575f01f438b5091d639b1871f24c8d5566bfb9ec7d7338671a56959202b,0.5360350012779236,nominal,98,9614a090a384d03c1ba35ed51c8a761be752edb2c656aa96e536442b4623fbb4,-1,False,0,200000,test,249,False
initial,934b5575f01f438b5091d639b1871f24c8d5566bfb9ec7d7338671a56959202b,0.3861216902732849,nominal,99,3ebcb8b16e457dee44285c20766d816a9270123bfc42336c2ad468f1648e826a,-1,False,0,200000,test,249,False
initial,934b5575f01f438b5091d639b1871f24c8d5566bfb9ec7d7338671a56959202b,0.44528728723526,nominal,100,d728faeae13a0dfb8614d6ec5fa83d9d01926528230d1e4a7515dd991253d44e,-1,False,0,200000,test,249,False
initial,934b5575f01f438b5091d639b1871f24c8d5566bfb9ec7d7338671a56959202b,0.44722840189933777,nominal,101,b3aaaf7fb53fe114bd0f4f914ec6f63604a4dea9ef1d10a6f5f38a414c506e23,-1,False,0,200000,test,249,False
initial,934b5575f01f438b5091d639b1871f24c8d5566bfb9ec7d7338671a56959202b,0.344473272562027,nominal,102,d6db2e91ecde8bce14994a00eceb6fa355862d95b278a48d9c674733b6a11a93,-1,False,0,200000,test,249,False
initial,934b5575f01f438b5091d639b1871f24c8d5566bfb9ec7d7338671a56959202b,0.4158565104007721,nominal,103,ad6e487c79125208299f08c8928735d89b232ce06ab0c9f172e1700257dec3ba,-1,False,0,200000,test,249,False
initial,934b5575f01f438b5091d639b1871f24c8d5566bfb9ec7d7338671a56959202b,0.26864370703697205,nominal,104,171f1e8fd988107483be3198d6169967413aa437441cb2af38aad4e6c0c29d2b,-1,False,0,200000,test,249,False
initial,934b5575f01f438b5091d639b1871f24c8d5566bfb9ec7d7338671a56959202b,0.3751735985279083,nominal,105,d4fbe59ca1b5e23829a2ca0a390942ce8c43359e645fcf61a496b0bde1b8b242,-1,False,0,200000,test,249,False
initial,934b5575f01f438b5091d639b1871f24c8d5566bfb9ec7d7338671a56959202b,0.420968234539032,nominal,106,16bda64c3ed4b2a7125ea60381352cdd9795eb598a2e41f9a0c90472667b9049,-1,False,0,200000,test,249,False
initial,934b5575f01f438b5091d639b1871f24c8d5566bfb9ec7d7338671a56959202b,0.35247430205345154,nominal,107,abda65d3f8967994841853f88cd921111e3fbcf69daa542cc27e8d12a27b78ff,-1,False,0,200000,test,249,False
initial,934b5575f01f438b5091d639b1871f24c8d5566bfb9ec7d7338671a56959202b,0.29883772134780884,nominal,108,5bf0c262a762fff765bad21aa5ff21a650118083af7b57a0c8e5a107486f8502,-1,False,0,200000,test,249,False
initial,934b5575f01f438b5091d639b1871f24c8d5566bfb9ec7d7338671a56959202b,0.4130270481109619,nominal,109,5f3fa1ec1db3997ad3c80179949f22956b2a3eabd56590eed2201753ad0b8785,-1,False,0,200000,test,249,False
initial,934b5575f01f438b5091d639b1871f24c8d5566bfb9ec7d7338671a56959202b,0.30002734065055847,nominal,110,043178d9c2e751ba923dc4246946ce8cd9085b9cd92fe45e70317d48179bce16,-1,False,0,200000,test,249,False
initial,934b5575f01f438b5091d639b1871f24c8d5566bfb9ec7d7338671a56959202b,0.33910369873046875,nominal,111,4155b638520a37687a7decb0e0ac3fc027a3c905cfc1c4b5a95d92c95feed3fb,-1,False,0,200000,test,249,False
initial,934b5575f01f438b5091d639b1871f24c8d5566bfb9ec7d7338671a56959202b,0.3436262309551239,nominal,112,69e62f621f40d6b6316746f9e28263ae9a9e3f68871fa02d9246df8190593f15,-1,False,0,200000,test,249,False
initial,934b5575f01f438b5091d639b1871f24c8d5566bfb9ec7d7338671a56959202b,0.4278947710990906,nominal,113,8d61bebf893886b35fc9822c412ba22c1e1f20cc359d68cb7e1ccec8e1880490,-1,False,0,200000,test,249,False
initial,934b5575f01f438b5091d639b1871f24c8d5566bfb9ec7d7338671a56959202b,0.459807813167572,nominal,114,af01fd6e11d268d4fcfc223731a2518813a51b9e6320c707f262dbddfa6a06b6,-1,False,0,200000,test,249,False
initial,934b5575f01f438b5091d639b1871f24c8d5566bfb9ec7d7338671a56959202b,0.32311615347862244,nominal,115,687e231d91f53a4978947b46d60667357734722c526fa2a816df4dc5dcea3922,-1,False,0,200000,test,249,False
initial,934b5575f01f438b5091d639b1871f24c8d5566bfb9ec7d7338671a56959202b,0.342756062746048,nominal,116,a687b62d73d62361cb77a82d90533f46dbbd3b507e0c449919cbc12c0671c15e,-1,False,0,200000,test,249,False
initial,934b5575f01f438b5091d639b1871f24c8d5566bfb9ec7d7338671a56959202b,0.37080681324005127,nominal,117,c1371f77a2e4a3dff1a6b2e0e8731c6be4ec3849db9ea1f8eccb80beba24f770,-1,False,0,200000,test,249,False
initial,934b5575f01f438b5091d639b1871f24c8d5566bfb9ec7d7338671a56959202b,0.3229905068874359,nominal,118,f416e408f0959d1c3540326f2aeb627b0dee0dcab8baa666562435161570aed5,-1,False,0,200000,test,249,False
initial,934b5575f01f438b5091d639b1871f24c8d5566bfb9ec7d7338671a56959202b,0.29962268471717834,nominal,119,782d6ff695cff66ddd1ce6bbdb72609507e294e056b608688a830bfc77a80928,-1,False,0,200000,test,249,False
initial,934b5575f01f438b5091d639b1871f24c8d5566bfb9ec7d7338671a56959202b,0.47831425070762634,nominal,120,d4c3ce95cf2bfbdc65b9285b985120a5914f8e6d31c88c56305fe55926b589ba,-1,False,0,200000,test,249,False
initial,934b5575f01f438b5091d639b1871f24c8d5566bfb9ec7d7338671a56959202b,0.20494315028190613,nominal,121,873fdf34e0ba5ce490935cbc65b233569f73dad143f2bee12f7081b792648119,-1,False,0,200000,test,249,False
initial,934b5575f01f438b5091d639b1871f24c8d5566bfb9ec7d7338671a56959202b,0.3811432719230652,nominal,122,3413699e394218a7a9f1b5077a6fbb87a8ce22c8505e03469888cd7de521bf38,-1,False,0,200000,test,249,False
initial,934b5575f01f438b5091d639b1871f24c8d5566bfb9ec7d7338671a56959202b,0.45890700817108154,nominal,123,c8ae1be88e9046dae3b49b993352b4965163dade87926f37fc8684682ddbf175,-1,False,0,200000,test,249,False
initial,934b5575f01f438b5091d639b1871f24c8d5566bfb9ec7d7338671a56959202b,0.3867407441139221,nominal,124,63cfeca31fe99cb8c7f2a42e8e020136d4a9814d579258b61934dd4b8d0c3e3b,-1,False,0,200000,test,249,False
initial,934b5575f01f438b5091d639b1871f24c8d5566bfb9ec7d7338671a56959202b,0.5708930492401123,nominal,125,a61f5ff0e9fa1133de9c0c75f1c2fb95baaa172b0d1da1561259cd14a90ac00f,-1,False,0,200000,test,249,False
initial,934b5575f01f438b5091d639b1871f24c8d5566bfb9ec7d7338671a56959202b,0.5950915217399597,nominal,126,1b7d8544bfc1139c6bfb56c53bb05cab7a8abd517fe3480928cee8888874c1b2,-1,False,0,200000,test,249,False
initial,934b5575f01f438b5091d639b1871f24c8d5566bfb9ec7d7338671a56959202b,0.41691845655441284,nominal,127,7f890b90f22e11a29f4dfc80b0c9794493d87146b921f15111b45bfca8308814,-1,False,0,200000,test,249,False
initial,934b5575f01f438b5091d639b1871f24c8d5566bfb9ec7d7338671a56959202b,0.5268933176994324,slippery,0,1006ac46f569c93f68480b650fdbf31326934d9305af5f9a0df24078570f38b4,-1,False,0,200000,test,249,False
initial,934b5575f01f438b5091d639b1871f24c8d5566bfb9ec7d7338671a56959202b,0.48653626441955566,slippery,1,6c6e91fb7d31ec5639a5e7f3834dfd0ea25b9f6d3215307f533aff9a778fa121,-1,False,0,200000,test,249,False
initial,934b5575f01f438b5091d639b1871f24c8d5566bfb9ec7d7338671a56959202b,0.3305014371871948,slippery,2,b383541d51cce864de8398bfa13b3ae106f704c54ad15f30693ec0879b66318f,-1,False,0,200000,test,249,False
initial,934b5575f01f438b5091d639b1871f24c8d5566bfb9ec7d7338671a56959202b,0.37520137429237366,slippery,3,92891ab106526cb96c087f32e7ee7093ec0f07c2c0f186409f4bd78980947027,-1,False,0,200000,test,249,False
initial,934b5575f01f438b5091d639b1871f24c8d5566bfb9ec7d7338671a56959202b,0.26559773087501526,slippery,4,0ce50e71de153a5a7dc52462f997c430406adff475f515b64e009f36ba7ecd60,-1,False,0,200000,test,249,False
initial,934b5575f01f438b5091d639b1871f24c8d5566bfb9ec7d7338671a56959202b,0.5261349678039551,slippery,5,23bbe389b02e67f3f18d7a172c7b1041d81fa4819f6384e628774d262df83a08,-1,False,0,200000,test,249,False
initial,934b5575f01f438b5091d639b1871f24c8d5566bfb9ec7d7338671a56959202b,0.3189770579338074,slippery,6,4c8d93f7b7dd25fa691c3c40ce968aa541e217eb214d9b6f721d1b6eabe6db82,-1,False,0,200000,test,249,False
initial,934b5575f01f438b5091d639b1871f24c8d5566bfb9ec7d7338671a56959202b,0.24856476485729218,slippery,7,d3b0361ac339d60c525726af499d4de1d2336a907a38302198501d75d64e5031,-1,False,0,200000,test,249,False
initial,934b5575f01f438b5091d639b1871f24c8d5566bfb9ec7d7338671a56959202b,0.3568238914012909,slippery,8,0fe94752beba95d6adc57053c4d6e911a6f658fc33452a2bc0452b7d198bec8d,-1,False,0,200000,test,249,False
initial,934b5575f01f438b5091d639b1871f24c8d5566bfb9ec7d7338671a56959202b,0.5765707492828369,slippery,9,020d42e18a81b2aa1688f5098e4987f612d4a38265f1cd871b15d807654d811b,-1,False,0,200000,test,249,False
initial,934b5575f01f438b5091d639b1871f24c8d5566bfb9ec7d7338671a56959202b,0.25057753920555115,slippery,10,fbbe93bb96a241421c543d45b53abf9787cbdc9eefcde2a0e83009f091e9c696,-1,False,0,200000,test,249,False
initial,934b5575f01f438b5091d639b1871f24c8d5566bfb9ec7d7338671a56959202b,0.4908672273159027,slippery,11,e7201a7cd4729dd5922ab715a15a85e026f02fde03acce04b948f8047cb07f36,-1,False,0,200000,test,249,False
initial,934b5575f01f438b5091d639b1871f24c8d5566bfb9ec7d7338671a56959202b,0.5299474000930786,slippery,12,17b00f472054d86e12dd4e2a148f60ff5b212d53529b292fe0c89e89ce32b921,-1,False,0,200000,test,249,False
initial,934b5575f01f438b5091d639b1871f24c8d5566bfb9ec7d7338671a56959202b,0.3380330502986908,slippery,13,d8763f997b16fda62370f05b3eac4f14116fe1a12a5355172468728f9659dc66,-1,False,0,200000,test,249,False
initial,934b5575f01f438b5091d639b1871f24c8d5566bfb9ec7d7338671a56959202b,0.3464921712875366,slippery,14,3e6330a9ae4cdd172643670198e572139c46d592018d86168cd8e94e5b914faf,-1,False,0,200000,test,249,False
initial,934b5575f01f438b5091d639b1871f24c8d5566bfb9ec7d7338671a56959202b,0.35648301243782043,slippery,15,b07878a684715e8a43f249daf8f0ec8a42903960bbd8cc16e38a5677c5ecba02,-1,False,0,200000,test,249,False
initial,934b5575f01f438b5091d639b1871f24c8d5566bfb9ec7d7338671a56959202b,0.36756375432014465,slippery,16,d9a4d2c50eb0f21abeccefc6a7650336254b214898a034afc0630cae77885a15,-1,False,0,200000,test,249,False
initial,934b5575f01f438b5091d639b1871f24c8d5566bfb9ec7d7338671a56959202b,0.266522079706192,slippery,17,e80da798aac25ec71c9549ed57244a29ddbef463df51d81b5657abeaaf277cec,-1,False,0,200000,test,249,False
initial,934b5575f01f438b5091d639b1871f24c8d5566bfb9ec7d7338671a56959202b,0.3362674415111542,slippery,18,3a3408357fc2d01619fd8c3ed07f7ba90de43ff8cba31e4bd811450d9283c03e,-1,False,0,200000,test,249,False
initial,934b5575f01f438b5091d639b1871f24c8d5566bfb9ec7d7338671a56959202b,0.345954567193985,slippery,19,466efe0e3ec20c227fe0d24dd343855524ade7e2f603010a4b7b774374a6cfcb,-1,False,0,200000,test,249,False
initial,934b5575f01f438b5091d639b1871f24c8d5566bfb9ec7d7338671a56959202b,0.5220325589179993,slippery,20,a41f67c545627cc3633a4f8b01351858f03c4ac8df8b18412db799f7af47b098,-1,False,0,200000,test,249,False
initial,934b5575f01f438b5091d639b1871f24c8d5566bfb9ec7d7338671a56959202b,0.26844310760498047,slippery,21,154671fae8a6ed40c4df9ba29a97c10f325bf85a2433de091361974955ac9838,-1,False,0,200000,test,249,False
initial,934b5575f01f438b5091d639b1871f24c8d5566bfb9ec7d7338671a56959202b,0.33489176630973816,slippery,22,dcb1b868d423c85ae2eabcbd624e14f11fde46d5d564487f665a978e12f3fa39,-1,False,0,200000,test,249,False
initial,934b5575f01f438b5091d639b1871f24c8d5566bfb9ec7d7338671a56959202b,0.5136358737945557,slippery,23,28309eb0cad85fd2186cc9308f83f91e1af688aacf3fe0015b80d75062e26f26,-1,False,0,200000,test,249,False
initial,934b5575f01f438b5091d639b1871f24c8d5566bfb9ec7d7338671a56959202b,0.22685885429382324,slippery,24,9b499542707aaec72301ff294d44ff2f3d8a011addc421f9257f8aefa0c11640,-1,False,0,200000,test,249,False
initial,934b5575f01f438b5091d639b1871f24c8d5566bfb9ec7d7338671a56959202b,0.6091908812522888,slippery,25,a61543bd631c5e45ed4bab1a99926aced18e04c0ce41fdc5a78d36fdd255a14e,-1,False,0,200000,test,249,False
initial,934b5575f01f438b5091d639b1871f24c8d5566bfb9ec7d7338671a56959202b,0.27157267928123474,slippery,26,7bc846ae43b5cbcf0891bfc04b9e5a6a972cdc6a5423c0ac36d1470b3c936b96,-1,False,0,200000,test,249,False
initial,934b5575f01f438b5091d639b1871f24c8d5566bfb9ec7d7338671a56959202b,0.43033266067504883,slippery,27,5c45ae94d4f9b11183715d0b4edd62025055f19da0e8593a9d156e6013403ce2,-1,False,0,200000,test,249,False
initial,934b5575f01f438b5091d639b1871f24c8d5566bfb9ec7d7338671a56959202b,0.34539103507995605,slippery,28,9e15cde33dbf7f54942180b5b22353b12b112ec17a20d73c5c8d8e75728ce772,-1,False,0,200000,test,249,False
initial,934b5575f01f438b5091d639b1871f24c8d5566bfb9ec7d7338671a56959202b,0.48903244733810425,slippery,29,11d62c1256d4c6da7059892a327ce1154900fd8aa0ea7c39991fce0764a00ec3,-1,False,0,200000,test,249,False
initial,934b5575f01f438b5091d639b1871f24c8d5566bfb9ec7d7338671a56959202b,0.43361690640449524,slippery,30,0e10457a7f3e547a85007dcc28e602d274bbbc5badf7405a696742cdebfee3c2,-1,False,0,200000,test,249,False
initial,934b5575f01f438b5091d639b1871f24c8d5566bfb9ec7d7338671a56959202b,0.33604902029037476,slippery,31,1c238bfac4aca4f2f8ee416c6ef99e62aca9ed5f8bbf832f1d15f742d2002460,-1,False,0,200000,test,249,False
initial,934b5575f01f438b5091d639b1871f24c8d5566bfb9ec7d7338671a56959202b,0.4367046654224396,slippery,32,e509a766c3f40f8d2f63f3fda33390b771d8423385254e931ddaffb4db985712,-1,False,0,200000,test,249,False
initial,934b5575f01f438b5091d639b1871f24c8d5566bfb9ec7d7338671a56959202b,0.5219456553459167,slippery,33,f2930f3a766816f70bdd184269c16945ecaa245aac4bacca8ddbb6b97812ab95,-1,False,0,200000,test,249,False
initial,934b5575f01f438b5091d639b1871f24c8d5566bfb9ec7d7338671a56959202b,0.3280859589576721,slippery,34,3fb4578d39e7ddb3577ff33251ede8e62931db0d38f70b07dcde57b5d88a198a,-1,False,0,200000,test,249,False
initial,934b5575f01f438b5091d639b1871f24c8d5566bfb9ec7d7338671a56959202b,0.4863607883453369,slippery,35,53612294420ed663f849f37dbd33fe4755782ba369daa40575ec9cbad47afdf1,-1,False,0,200000,test,249,False
initial,934b5575f01f438b5091d639b1871f24c8d5566bfb9ec7d7338671a56959202b,0.27949967980384827,slippery,36,720361ee52be951f5aefde8c073bb8fd9770c73ef3c06a0cd2ccf37f699f0885,-1,False,0,200000,test,249,False
initial,934b5575f01f438b5091d639b1871f24c8d5566bfb9ec7d7338671a56959202b,0.47429201006889343,slippery,37,76488ce6a6c1c520f19fbaffc611c8bfb22b448d446774452fd589fa1822ad10,-1,False,0,200000,test,249,False
initial,934b5575f01f438b5091d639b1871f24c8d5566bfb9ec7d7338671a56959202b,0.364657998085022,slippery,38,719bdc2b5150f5a70c89843eceeb269fd2b1c3ebcc41a7bbef501eef20f3bf22,-1,False,0,200000,test,249,False
initial,934b5575f01f438b5091d639b1871f24c8d5566bfb9ec7d7338671a56959202b,0.24874499440193176,slippery,39,f7aa7ae9186d7663db3cc2424e63c06de69bb2c4976fd66eaf8fea5f71892149,-1,False,0,200000,test,249,False
initial,934b5575f01f438b5091d639b1871f24c8d5566bfb9ec7d7338671a56959202b,0.4200812876224518,slippery,40,beb1997c7a8766f83d216a45b17cd418c009429dab21b25cc1dc1f0e2e3d3859,-1,False,0,200000,test,249,False
initial,934b5575f01f438b5091d639b1871f24c8d5566bfb9ec7d7338671a56959202b,0.4212871491909027,slippery,41,fa993d146333431150f436728262ec9eb359182e1f57a8f1506f40be6b0f8ae4,-1,False,0,200000,test,249,False
initial,934b5575f01f438b5091d639b1871f24c8d5566bfb9ec7d7338671a56959202b,0.2407333254814148,slippery,42,8ed80f3752349f6c9c518720859b8dc8a87347e8cf3b25f272c8ee661aa9e1f5,-1,False,0,200000,test,249,False
initial,934b5575f01f438b5091d639b1871f24c8d5566bfb9ec7d7338671a56959202b,0.29051896929740906,slippery,43,3238e31a810c8c68c31f98381cc82f7a253f031052b77799daebe39110714e57,-1,False,0,200000,test,249,False
initial,934b5575f01f438b5091d639b1871f24c8d5566bfb9ec7d7338671a56959202b,0.4631820619106293,slippery,44,3fc05f66ad8cbc89df6e761c99565add28915f4fec8331e0f95d072bca634451,-1,False,0,200000,test,249,False
initial,934b5575f01f438b5091d639b1871f24c8d5566bfb9ec7d7338671a56959202b,0.5283924341201782,slippery,45,6975082383198d4e72859e029bf9a0c1d2d883243daf54f0524033c45908d390,-1,False,0,200000,test,249,False
initial,934b5575f01f438b5091d639b1871f24c8d5566bfb9ec7d7338671a56959202b,0.426204115152359,slippery,46,8a5fba441c0e9249bf5f70d7e8d2f21d53f688db2074b0207ddf8a070a847d1a,-1,False,0,200000,test,249,False
initial,934b5575f01f438b5091d639b1871f24c8d5566bfb9ec7d7338671a56959202b,0.43645042181015015,slippery,47,86c702398cf9c83c765d3061b41bda5da976271f9f595b1b2a618b76f59d36b5,-1,False,0,200000,test,249,False
initial,934b5575f01f438b5091d639b1871f24c8d5566bfb9ec7d7338671a56959202b,0.480234831571579,slippery,48,7af3d925fae0c3c751cc1218deac7fa3819409a968c312ab7e76a4f78278c6c5,-1,False,0,200000,test,249,False
initial,934b5575f01f438b5091d639b1871f24c8d5566bfb9ec7d7338671a56959202b,0.5038239359855652,slippery,49,a143d7774578772618880f396a605b63614255bdbfb7e73c7c27baa6b2dab068,-1,False,0,200000,test,249,False
initial,934b5575f01f438b5091d639b1871f24c8d5566bfb9ec7d7338671a56959202b,0.26578494906425476,slippery,50,f518f5d8a9af7448386787e6208b320a572486bb07fb9e82a17c32a67a8c6e29,-1,False,0,200000,test,249,False
initial,934b5575f01f438b5091d639b1871f24c8d5566bfb9ec7d7338671a56959202b,0.26241540908813477,slippery,51,8167e1105624e5c3e76f4562fd0cc239d7b8b2b43897133a32604c50974b0bad,-1,False,0,200000,test,249,False
initial,934b5575f01f438b5091d639b1871f24c8d5566bfb9ec7d7338671a56959202b,0.34792280197143555,slippery,52,68914e3446a0eedb9db819521cb9bd1c1b6022c01eb53b41c4f81e1a0caade6f,-1,False,0,200000,test,249,False
initial,934b5575f01f438b5091d639b1871f24c8d5566bfb9ec7d7338671a56959202b,0.37424415349960327,slippery,53,cb7cc07d7d10bad7fbf8139238534d0c3c5d7ee1cba0c9b47ec950175e462b52,-1,False,0,200000,test,249,False
initial,934b5575f01f438b5091d639b1871f24c8d5566bfb9ec7d7338671a56959202b,0.5215061902999878,slippery,54,3ef899140e78357fa148940bbc451d6521117c175c62a86d7d8853b15c1db267,-1,False,0,200000,test,249,False
initial,934b5575f01f438b5091d639b1871f24c8d5566bfb9ec7d7338671a56959202b,0.3783981502056122,slippery,55,c1714e8d391f50c92daf041f380ef0351fe5fec22c4fa903699d884bc7906fe2,-1,False,0,200000,test,249,False
initial,934b5575f01f438b5091d639b1871f24c8d5566bfb9ec7d7338671a56959202b,0.45887601375579834,slippery,56,20f2202fa1332d161f40574ee265310606d026cdd1a1463955da4b67a22ceb5f,-1,False,0,200000,test,249,False
initial,934b5575f01f438b5091d639b1871f24c8d5566bfb9ec7d7338671a56959202b,0.3473263382911682,slippery,57,d1adde525b52543389b2893d6f70f5e04ff9b55c235dc30d7a1a7c2c17a8e9ca,-1,False,0,200000,test,249,False
initial,934b5575f01f438b5091d639b1871f24c8d5566bfb9ec7d7338671a56959202b,0.442397803068161,slippery,58,c1a1da15715bc452e74f8132f8e075f5199608e314324788ba883d7d8f66474e,-1,False,0,200000,test,249,False
initial,934b5575f01f438b5091d639b1871f24c8d5566bfb9ec7d7338671a56959202b,0.3722318708896637,slippery,59,d7175c1cf9d66fbc03c9af040cfdfce84a56134d60c607754277f7d9a44053a7,-1,False,0,200000,test,249,False
initial,934b5575f01f438b5091d639b1871f24c8d5566bfb9ec7d7338671a56959202b,0.4046974778175354,slippery,60,c7ea1d672fb377c531b1ce319750b7eda4f5b12fed04000c9fc936039c67f1ea,-1,False,0,200000,test,249,False
initial,934b5575f01f438b5091d639b1871f24c8d5566bfb9ec7d7338671a56959202b,0.36760133504867554,slippery,61,210699a25e429d7817d4743456d34be8b6dfc161fb80435938378fa29b3e451e,-1,False,0,200000,test,249,False
initial,934b5575f01f438b5091d639b1871f24c8d5566bfb9ec7d7338671a56959202b,0.27960142493247986,slippery,62,9e5c3a669783f4c24f406042fd7ad3005f8396c6b0302e470b4e8ffd5df03655,-1,False,0,200000,test,249,False
initial,934b5575f01f438b5091d639b1871f24c8d5566bfb9ec7d7338671a56959202b,0.4668577015399933,slippery,63,1943fbc8ee86a753fe36ec17d5559e8c4412c7fc66dc3a497fdf101f575181a2,-1,False,0,200000,test,249,False
initial,934b5575f01f438b5091d639b1871f24c8d5566bfb9ec7d7338671a56959202b,0.3664209246635437,slippery,64,d47ccd7dbca953081c48b3ed3143d6b0a80fcf2cdcd170a0dbc633c7608a0886,-1,False,0,200000,test,249,False
initial,934b5575f01f438b5091d639b1871f24c8d5566bfb9ec7d7338671a56959202b,0.2759148180484772,slippery,65,38f998a161f86bc5e351ec4a8d0c448d84af5742bfe9dbc86573ef073a06e80d,-1,False,0,200000,test,249,False
initial,934b5575f01f438b5091d639b1871f24c8d5566bfb9ec7d7338671a56959202b,0.5148142576217651,slippery,66,afce72db834e1b9f5595ead1ecb6027a712678c2d9b0f3da010a6b3cf644aa9f,-1,False,0,200000,test,249,False
initial,934b5575f01f438b5091d639b1871f24c8d5566bfb9ec7d7338671a56959202b,0.3404257893562317,slippery,67,91a57c9faecc15833c92e04acdf09535fae208aacb93f68aa20f574883cad8fa,-1,False,0,200000,test,249,False
initial,934b5575f01f438b5091d639b1871f24c8d5566bfb9ec7d7338671a56959202b,0.4271341860294342,slippery,68,48b45ff817dc56db16b184dd88f26a376d460f69093e237f24a4d6d7744bdea9,-1,False,0,200000,test,249,False
initial,934b5575f01f438b5091d639b1871f24c8d5566bfb9ec7d7338671a56959202b,0.2526403069496155,slippery,69,1ff6fa05c5d2a3044de00bd98d8803f2ad5ddb13f97201d468110bba89f8f095,-1,False,0,200000,test,249,False
initial,934b5575f01f438b5091d639b1871f24c8d5566bfb9ec7d7338671a56959202b,0.3763953447341919,slippery,70,68f84e890ee756fb375bafd3a10dee54284210dfba712e8a3367249e145ac701,-1,False,0,200000,test,249,False
initial,934b5575f01f438b5091d639b1871f24c8d5566bfb9ec7d7338671a56959202b,0.3704914152622223,slippery,71,a2ce5abb873866ad8b5f79398586bd073fad3e68148978388a6d2a99bfabc9dc,-1,False,0,200000,test,249,False
initial,934b5575f01f438b5091d639b1871f24c8d5566bfb9ec7d7338671a56959202b,0.37665432691574097,slippery,72,95c60544869e809da3ca8d21dbab8d5da96c20d9fa401fdf1af352b4ad037c71,-1,False,0,200000,test,249,False
initial,934b5575f01f438b5091d639b1871f24c8d5566bfb9ec7d7338671a56959202b,0.4787905812263489,slippery,73,86b37d5efd76d46cade13612868ca6671988d786c61b4fb132d6a2da467aa063,-1,False,0,200000,test,249,False
initial,934b5575f01f438b5091d639b1871f24c8d5566bfb9ec7d7338671a56959202b,0.4065781235694885,slippery,74,a6cb53189d8a0fcde26b0cc4d7f65ca6fa4e103cf1c438a53cb7a4596b32251a,-1,False,0,200000,test,249,False
initial,934b5575f01f438b5091d639b1871f24c8d5566bfb9ec7d7338671a56959202b,0.25071054697036743,slippery,75,e7f0d69e6a3b00c166322ecad23a03296ad2fd3a64cdc461ca2280b2abd16b63,-1,False,0,200000,test,249,False
initial,934b5575f01f438b5091d639b1871f24c8d5566bfb9ec7d7338671a56959202b,0.5346502661705017,slippery,76,4304e5b04fea123e106f828325673692bb247132e3e404e05a6dbca4bc0df9df,-1,False,0,200000,test,249,False
initial,934b5575f01f438b5091d639b1871f24c8d5566bfb9ec7d7338671a56959202b,0.25079289078712463,slippery,77,1b9bf2129f999c669e0425e2409918837e474896cfed98cef362b5be87588769,-1,False,0,200000,test,249,False
initial,934b5575f01f438b5091d639b1871f24c8d5566bfb9ec7d7338671a56959202b,0.46137312054634094,slippery,78,6d22199e7b130fef9473eac3e79ec6a3ed0dbc730b4d083c8b5c72f5b39cdeb7,-1,False,0,200000,test,249,False
initial,934b5575f01f438b5091d639b1871f24c8d5566bfb9ec7d7338671a56959202b,0.5079280734062195,slippery,79,99f26d6cb00d9aa1160b35f509beab9262ff8a632328e3c60f48afec288e408c,-1,False,0,200000,test,249,False
initial,934b5575f01f438b5091d639b1871f24c8d5566bfb9ec7d7338671a56959202b,0.5607602000236511,slippery,80,4797fb72f166ae23e949f8d11577ec7cc4b0614fedf638d17e6660e17c6d13c7,-1,False,0,200000,test,249,False
initial,934b5575f01f438b5091d639b1871f24c8d5566bfb9ec7d7338671a56959202b,0.30532708764076233,slippery,81,1ff366fecd976db6ff3a241e2145633a75b4efbb3a1853679cc678d4b95c9f7b,-1,False,0,200000,test,249,False
initial,934b5575f01f438b5091d639b1871f24c8d5566bfb9ec7d7338671a56959202b,0.2384931892156601,slippery,82,1ace284355e86edac562c13137e747bd8249132cdad005cec9ac11bf6643c9fe,-1,False,0,200000,test,249,False
initial,934b5575f01f438b5091d639b1871f24c8d5566bfb9ec7d7338671a56959202b,0.22767774760723114,slippery,83,a2058059d1d163ec4b01d18c5a56f44bada279b5ebd5a1ac9e885aed7c49a6f6,-1,False,0,200000,test,249,False
initial,934b5575f01f438b5091d639b1871f24c8d5566bfb9ec7d7338671a56959202b,0.43479835987091064,slippery,84,e372d694ade33ddfe45b4d8d081c749c2d7e6cc56208457bb98eccd23e9d7590,-1,False,0,200000,test,249,False
initial,934b5575f01f438b5091d639b1871f24c8d5566bfb9ec7d7338671a56959202b,0.32791903614997864,slippery,85,81ebfc8d82e39804d11c7a30e022d7e9f33dff61009eb1decab78c1c9853bd0a,-1,False,0,200000,test,249,False
initial,934b5575f01f438b5091d639b1871f24c8d5566bfb9ec7d7338671a56959202b,0.37888413667678833,slippery,86,2ec7d5d48492dbbb6de2cb23a5982f3faf0f2caac56d6646194e06025ffd118a,-1,False,0,200000,test,249,False
initial,934b5575f01f438b5091d639b1871f24c8d5566bfb9ec7d7338671a56959202b,0.5395696759223938,slippery,87,cc490f6f3a60e2257b5c08db1f281be41b1e61669e2920bbbf915951b1f9dd09,-1,False,0,200000,test,249,False
initial,934b5575f01f438b5091d639b1871f24c8d5566bfb9ec7d7338671a56959202b,0.3339294493198395,slippery,88,a1873710ede77fb581b50bd45afbcdb8e2216a7bac73d8ffdf30cda2847b2fb6,-1,False,0,200000,test,249,False
initial,934b5575f01f438b5091d639b1871f24c8d5566bfb9ec7d7338671a56959202b,0.30656373500823975,slippery,89,8cd07364c6977efdcbeab7ea8afe7d342b2fa0b001454a94f36729313b5d3206,-1,False,0,200000,test,249,False
initial,934b5575f01f438b5091d639b1871f24c8d5566bfb9ec7d7338671a56959202b,0.38267698884010315,slippery,90,4aff7910bb302aeb728a0676a77ce4ed79066eb4c2c2672d07f42a2e4859cb1e,-1,False,0,200000,test,249,False
initial,934b5575f01f438b5091d639b1871f24c8d5566bfb9ec7d7338671a56959202b,0.3318375051021576,slippery,91,0f43e8358ba9b96380db8ef1085b5a979dcb8edacfe1df4135c5197a9ca140ad,-1,False,0,200000,test,249,False
initial,934b5575f01f438b5091d639b1871f24c8d5566bfb9ec7d7338671a56959202b,0.440966933965683,slippery,92,c7fbf06eb9f7a3ff449891278c75371a05bbeda44a3a78c0629ee5536c25fd29,-1,False,0,200000,test,249,False
initial,934b5575f01f438b5091d639b1871f24c8d5566bfb9ec7d7338671a56959202b,0.2165585607290268,slippery,93,eeef6dbd599f4dab6f6ab2b5a46e4fd4ff7ad737a50a998ccfa0b344aa633647,-1,False,0,200000,test,249,False
initial,934b5575f01f438b5091d639b1871f24c8d5566bfb9ec7d7338671a56959202b,0.3549533784389496,slippery,94,ab37c57c123156fde8e6b86b5f0a777a7fd18f6042f6b0d169cb66db6026a6be,-1,False,0,200000,test,249,False
initial,934b5575f01f438b5091d639b1871f24c8d5566bfb9ec7d7338671a56959202b,0.38667821884155273,slippery,95,bdec9935f649d9202a5bb541d402d99b3054f2e13735af5c27c645c7720ec6a6,-1,False,0,200000,test,249,False
initial,934b5575f01f438b5091d639b1871f24c8d5566bfb9ec7d7338671a56959202b,0.5550370812416077,slippery,96,77a4cb4293f6536253aa3b66162bc929474a5fdda41df92aafa1ce2fb2b54f2f,-1,False,0,200000,test,249,False
initial,934b5575f01f438b5091d639b1871f24c8d5566bfb9ec7d7338671a56959202b,0.3332008421421051,slippery,97,05dc74adcf4c2c331cd6976dbc6e523a478ec2bb46b0a059bf409e2b6ab8380d,-1,False,0,200000,test,249,False
initial,934b5575f01f438b5091d639b1871f24c8d5566bfb9ec7d7338671a56959202b,0.5360350012779236,slippery,98,9614a090a384d03c1ba35ed51c8a761be752edb2c656aa96e536442b4623fbb4,-1,False,0,200000,test,249,False
initial,934b5575f01f438b5091d639b1871f24c8d5566bfb9ec7d7338671a56959202b,0.3861216902732849,slippery,99,3ebcb8b16e457dee44285c20766d816a9270123bfc42336c2ad468f1648e826a,-1,False,0,200000,test,249,False
initial,934b5575f01f438b5091d639b1871f24c8d5566bfb9ec7d7338671a56959202b,0.44528728723526,slippery,100,d728faeae13a0dfb8614d6ec5fa83d9d01926528230d1e4a7515dd991253d44e,-1,False,0,200000,test,249,False
initial,934b5575f01f438b5091d639b1871f24c8d5566bfb9ec7d7338671a56959202b,0.44722840189933777,slippery,101,b3aaaf7fb53fe114bd0f4f914ec6f63604a4dea9ef1d10a6f5f38a414c506e23,-1,False,0,200000,test,249,False
initial,934b5575f01f438b5091d639b1871f24c8d5566bfb9ec7d7338671a56959202b,0.344473272562027,slippery,102,d6db2e91ecde8bce14994a00eceb6fa355862d95b278a48d9c674733b6a11a93,-1,False,0,200000,test,249,False
initial,934b5575f01f438b5091d639b1871f24c8d5566bfb9ec7d7338671a56959202b,0.4158565104007721,slippery,103,ad6e487c79125208299f08c8928735d89b232ce06ab0c9f172e1700257dec3ba,-1,False,0,200000,test,249,False
initial,934b5575f01f438b5091d639b1871f24c8d5566bfb9ec7d7338671a56959202b,0.26864370703697205,slippery,104,171f1e8fd988107483be3198d6169967413aa437441cb2af38aad4e6c0c29d2b,-1,False,0,200000,test,249,False
initial,934b5575f01f438b5091d639b1871f24c8d5566bfb9ec7d7338671a56959202b,0.3751735985279083,slippery,105,d4fbe59ca1b5e23829a2ca0a390942ce8c43359e645fcf61a496b0bde1b8b242,-1,False,0,200000,test,249,False
initial,934b5575f01f438b5091d639b1871f24c8d5566bfb9ec7d7338671a56959202b,0.420968234539032,slippery,106,16bda64c3ed4b2a7125ea60381352cdd9795eb598a2e41f9a0c90472667b9049,-1,False,0,200000,test,249,False
initial,934b5575f01f438b5091d639b1871f24c8d5566bfb9ec7d7338671a56959202b,0.35247430205345154,slippery,107,abda65d3f8967994841853f88cd921111e3fbcf69daa542cc27e8d12a27b78ff,-1,False,0,200000,test,249,False
initial,934b5575f01f438b5091d639b1871f24c8d5566bfb9ec7d7338671a56959202b,0.29883772134780884,slippery,108,5bf0c262a762fff765bad21aa5ff21a650118083af7b57a0c8e5a107486f8502,-1,False,0,200000,test,249,False
initial,934b5575f01f438b5091d639b1871f24c8d5566bfb9ec7d7338671a56959202b,0.4130270481109619,slippery,109,5f3fa1ec1db3997ad3c80179949f22956b2a3eabd56590eed2201753ad0b8785,-1,False,0,200000,test,249,False
initial,934b5575f01f438b5091d639b1871f24c8d5566bfb9ec7d7338671a56959202b,0.30002734065055847,slippery,110,043178d9c2e751ba923dc4246946ce8cd9085b9cd92fe45e70317d48179bce16,-1,False,0,200000,test,249,False
initial,934b5575f01f438b5091d639b1871f24c8d5566bfb9ec7d7338671a56959202b,0.33910369873046875,slippery,111,4155b638520a37687a7decb0e0ac3fc027a3c905cfc1c4b5a95d92c95feed3fb,-1,False,0,200000,test,249,False
initial,934b5575f01f438b5091d639b1871f24c8d5566bfb9ec7d7338671a56959202b,0.3436262309551239,slippery,112,69e62f621f40d6b6316746f9e28263ae9a9e3f68871fa02d9246df8190593f15,-1,False,0,200000,test,249,False
initial,934b5575f01f438b5091d639b1871f24c8d5566bfb9ec7d7338671a56959202b,0.4278947710990906,slippery,113,8d61bebf893886b35fc9822c412ba22c1e1f20cc359d68cb7e1ccec8e1880490,-1,False,0,200000,test,249,False
initial,934b5575f01f438b5091d639b1871f24c8d5566bfb9ec7d7338671a56959202b,0.459807813167572,slippery,114,af01fd6e11d268d4fcfc223731a2518813a51b9e6320c707f262dbddfa6a06b6,-1,False,0,200000,test,249,False
initial,934b5575f01f438b5091d639b1871f24c8d5566bfb9ec7d7338671a56959202b,0.32311615347862244,slippery,115,687e231d91f53a4978947b46d60667357734722c526fa2a816df4dc5dcea3922,-1,False,0,200000,test,249,False
initial,934b5575f01f438b5091d639b1871f24c8d5566bfb9ec7d7338671a56959202b,0.342756062746048,slippery,116,a687b62d73d62361cb77a82d90533f46dbbd3b507e0c449919cbc12c0671c15e,-1,False,0,200000,test,249,False
initial,934b5575f01f438b5091d639b1871f24c8d5566bfb9ec7d7338671a56959202b,0.37080681324005127,slippery,117,c1371f77a2e4a3dff1a6b2e0e8731c6be4ec3849db9ea1f8eccb80beba24f770,-1,False,0,200000,test,249,False
initial,934b5575f01f438b5091d639b1871f24c8d5566bfb9ec7d7338671a56959202b,0.3229905068874359,slippery,118,f416e408f0959d1c3540326f2aeb627b0dee0dcab8baa666562435161570aed5,-1,False,0,200000,test,249,False
initial,934b5575f01f438b5091d639b1871f24c8d5566bfb9ec7d7338671a56959202b,0.29962268471717834,slippery,119,782d6ff695cff66ddd1ce6bbdb72609507e294e056b608688a830bfc77a80928,-1,False,0,200000,test,249,False
initial,934b5575f01f438b5091d639b1871f24c8d5566bfb9ec7d7338671a56959202b,0.47831425070762634,slippery,120,d4c3ce95cf2bfbdc65b9285b985120a5914f8e6d31c88c56305fe55926b589ba,-1,False,0,200000,test,249,False
initial,934b5575f01f438b5091d639b1871f24c8d5566bfb9ec7d7338671a56959202b,0.20494315028190613,slippery,121,873fdf34e0ba5ce490935cbc65b233569f73dad143f2bee12f7081b792648119,-1,False,0,200000,test,249,False
initial,934b5575f01f438b5091d639b1871f24c8d5566bfb9ec7d7338671a56959202b,0.3811432719230652,slippery,122,3413699e394218a7a9f1b5077a6fbb87a8ce22c8505e03469888cd7de521bf38,-1,False,0,200000,test,249,False
initial,934b5575f01f438b5091d639b1871f24c8d5566bfb9ec7d7338671a56959202b,0.45890700817108154,slippery,123,c8ae1be88e9046dae3b49b993352b4965163dade87926f37fc8684682ddbf175,-1,False,0,200000,test,249,False
initial,934b5575f01f438b5091d639b1871f24c8d5566bfb9ec7d7338671a56959202b,0.3867407441139221,slippery,124,63cfeca31fe99cb8c7f2a42e8e020136d4a9814d579258b61934dd4b8d0c3e3b,-1,False,0,200000,test,249,False
initial,934b5575f01f438b5091d639b1871f24c8d5566bfb9ec7d7338671a56959202b,0.5708930492401123,slippery,125,a61f5ff0e9fa1133de9c0c75f1c2fb95baaa172b0d1da1561259cd14a90ac00f,-1,False,0,200000,test,249,False
initial,934b5575f01f438b5091d639b1871f24c8d5566bfb9ec7d7338671a56959202b,0.5950915217399597,slippery,126,1b7d8544bfc1139c6bfb56c53bb05cab7a8abd517fe3480928cee8888874c1b2,-1,False,0,200000,test,249,False
initial,934b5575f01f438b5091d639b1871f24c8d5566bfb9ec7d7338671a56959202b,0.41691845655441284,slippery,127,7f890b90f22e11a29f4dfc80b0c9794493d87146b921f15111b45bfca8308814,-1,False,0,200000,test,249,False
trained,91cd7e7f32276b5dd56d59c9a113e07e9da5d9b8191629cec0d3bfa7901dac08,0.499380886554718,delay,0,1006ac46f569c93f68480b650fdbf31326934d9305af5f9a0df24078570f38b4,1499,False,0,200000,test,247,False
trained,91cd7e7f32276b5dd56d59c9a113e07e9da5d9b8191629cec0d3bfa7901dac08,0.3665190041065216,delay,1,6c6e91fb7d31ec5639a5e7f3834dfd0ea25b9f6d3215307f533aff9a778fa121,1499,False,0,200000,test,249,False
trained,91cd7e7f32276b5dd56d59c9a113e07e9da5d9b8191629cec0d3bfa7901dac08,0.3305014371871948,delay,2,b383541d51cce864de8398bfa13b3ae106f704c54ad15f30693ec0879b66318f,1499,False,0,200000,test,249,False
trained,91cd7e7f32276b5dd56d59c9a113e07e9da5d9b8191629cec0d3bfa7901dac08,0.37520137429237366,delay,3,92891ab106526cb96c087f32e7ee7093ec0f07c2c0f186409f4bd78980947027,1499,False,0,200000,test,249,False
trained,91cd7e7f32276b5dd56d59c9a113e07e9da5d9b8191629cec0d3bfa7901dac08,0.26559773087501526,delay,4,0ce50e71de153a5a7dc52462f997c430406adff475f515b64e009f36ba7ecd60,1499,False,0,200000,test,249,False
trained,91cd7e7f32276b5dd56d59c9a113e07e9da5d9b8191629cec0d3bfa7901dac08,0.5261349678039551,delay,5,23bbe389b02e67f3f18d7a172c7b1041d81fa4819f6384e628774d262df83a08,1499,False,0,200000,test,249,False
trained,91cd7e7f32276b5dd56d59c9a113e07e9da5d9b8191629cec0d3bfa7901dac08,0.2466287612915039,delay,6,4c8d93f7b7dd25fa691c3c40ce968aa541e217eb214d9b6f721d1b6eabe6db82,1499,False,0,200000,test,182,False
trained,91cd7e7f32276b5dd56d59c9a113e07e9da5d9b8191629cec0d3bfa7901dac08,0.24856476485729218,delay,7,d3b0361ac339d60c525726af499d4de1d2336a907a38302198501d75d64e5031,1499,False,0,200000,test,249,False
trained,91cd7e7f32276b5dd56d59c9a113e07e9da5d9b8191629cec0d3bfa7901dac08,0.30230364203453064,delay,8,0fe94752beba95d6adc57053c4d6e911a6f658fc33452a2bc0452b7d198bec8d,1499,False,0,200000,test,235,False
trained,91cd7e7f32276b5dd56d59c9a113e07e9da5d9b8191629cec0d3bfa7901dac08,0.4848180413246155,delay,9,020d42e18a81b2aa1688f5098e4987f612d4a38265f1cd871b15d807654d811b,1499,False,0,200000,test,249,False
trained,91cd7e7f32276b5dd56d59c9a113e07e9da5d9b8191629cec0d3bfa7901dac08,0.25057753920555115,delay,10,fbbe93bb96a241421c543d45b53abf9787cbdc9eefcde2a0e83009f091e9c696,1499,False,0,200000,test,249,False
trained,91cd7e7f32276b5dd56d59c9a113e07e9da5d9b8191629cec0d3bfa7901dac08,0.4908672273159027,delay,11,e7201a7cd4729dd5922ab715a15a85e026f02fde03acce04b948f8047cb07f36,1499,False,0,200000,test,249,False
trained,91cd7e7f32276b5dd56d59c9a113e07e9da5d9b8191629cec0d3bfa7901dac08,0.5299474000930786,delay,12,17b00f472054d86e12dd4e2a148f60ff5b212d53529b292fe0c89e89ce32b921,1499,False,0,200000,test,249,False
trained,91cd7e7f32276b5dd56d59c9a113e07e9da5d9b8191629cec0d3bfa7901dac08,0.3380330502986908,delay,13,d8763f997b16fda62370f05b3eac4f14116fe1a12a5355172468728f9659dc66,1499,False,0,200000,test,188,False
trained,91cd7e7f32276b5dd56d59c9a113e07e9da5d9b8191629cec0d3bfa7901dac08,0.3464921712875366,delay,14,3e6330a9ae4cdd172643670198e572139c46d592018d86168cd8e94e5b914faf,1499,False,0,200000,test,249,False
trained,91cd7e7f32276b5dd56d59c9a113e07e9da5d9b8191629cec0d3bfa7901dac08,0.35648301243782043,delay,15,b07878a684715e8a43f249daf8f0ec8a42903960bbd8cc16e38a5677c5ecba02,1499,False,0,200000,test,249,False
trained,91cd7e7f32276b5dd56d59c9a113e07e9da5d9b8191629cec0d3bfa7901dac08,0.36756375432014465,delay,16,d9a4d2c50eb0f21abeccefc6a7650336254b214898a034afc0630cae77885a15,1499,False,0,200000,test,249,False
trained,91cd7e7f32276b5dd56d59c9a113e07e9da5d9b8191629cec0d3bfa7901dac08,0.266522079706192,delay,17,e80da798aac25ec71c9549ed57244a29ddbef463df51d81b5657abeaaf277cec,1499,False,0,200000,test,249,False
trained,91cd7e7f32276b5dd56d59c9a113e07e9da5d9b8191629cec0d3bfa7901dac08,0.3362674415111542,delay,18,3a3408357fc2d01619fd8c3ed07f7ba90de43ff8cba31e4bd811450d9283c03e,1499,False,0,200000,test,249,False
trained,91cd7e7f32276b5dd56d59c9a113e07e9da5d9b8191629cec0d3bfa7901dac08,0.345954567193985,delay,19,466efe0e3ec20c227fe0d24dd343855524ade7e2f603010a4b7b774374a6cfcb,1499,False,0,200000,test,249,False
trained,91cd7e7f32276b5dd56d59c9a113e07e9da5d9b8191629cec0d3bfa7901dac08,0.5220325589179993,delay,20,a41f67c545627cc3633a4f8b01351858f03c4ac8df8b18412db799f7af47b098,1499,False,0,200000,test,249,False
trained,91cd7e7f32276b5dd56d59c9a113e07e9da5d9b8191629cec0d3bfa7901dac08,0.26844310760498047,delay,21,154671fae8a6ed40c4df9ba29a97c10f325bf85a2433de091361974955ac9838,1499,False,0,200000,test,249,False
trained,91cd7e7f32276b5dd56d59c9a113e07e9da5d9b8191629cec0d3bfa7901dac08,0.33489176630973816,delay,22,dcb1b868d423c85ae2eabcbd624e14f11fde46d5d564487f665a978e12f3fa39,1499,False,0,200000,test,249,False
trained,91cd7e7f32276b5dd56d59c9a113e07e9da5d9b8191629cec0d3bfa7901dac08,0.4710293710231781,delay,23,28309eb0cad85fd2186cc9308f83f91e1af688aacf3fe0015b80d75062e26f26,1499,False,0,200000,test,143,False
trained,91cd7e7f32276b5dd56d59c9a113e07e9da5d9b8191629cec0d3bfa7901dac08,0.22685885429382324,delay,24,9b499542707aaec72301ff294d44ff2f3d8a011addc421f9257f8aefa0c11640,1499,False,0,200000,test,249,False
trained,91cd7e7f32276b5dd56d59c9a113e07e9da5d9b8191629cec0d3bfa7901dac08,0.5270642042160034,delay,25,a61543bd631c5e45ed4bab1a99926aced18e04c0ce41fdc5a78d36fdd255a14e,1499,False,0,200000,test,249,False
trained,91cd7e7f32276b5dd56d59c9a113e07e9da5d9b8191629cec0d3bfa7901dac08,0.27157267928123474,delay,26,7bc846ae43b5cbcf0891bfc04b9e5a6a972cdc6a5423c0ac36d1470b3c936b96,1499,False,0,200000,test,249,False
trained,91cd7e7f32276b5dd56d59c9a113e07e9da5d9b8191629cec0d3bfa7901dac08,0.43033266067504883,delay,27,5c45ae94d4f9b11183715d0b4edd62025055f19da0e8593a9d156e6013403ce2,1499,False,0,200000,test,211,False
trained,91cd7e7f32276b5dd56d59c9a113e07e9da5d9b8191629cec0d3bfa7901dac08,0.34539103507995605,delay,28,9e15cde33dbf7f54942180b5b22353b12b112ec17a20d73c5c8d8e75728ce772,1499,False,0,200000,test,249,False
trained,91cd7e7f32276b5dd56d59c9a113e07e9da5d9b8191629cec0d3bfa7901dac08,0.48903244733810425,delay,29,11d62c1256d4c6da7059892a327ce1154900fd8aa0ea7c39991fce0764a00ec3,1499,False,0,200000,test,249,False
trained,91cd7e7f32276b5dd56d59c9a113e07e9da5d9b8191629cec0d3bfa7901dac08,0.43361690640449524,delay,30,0e10457a7f3e547a85007dcc28e602d274bbbc5badf7405a696742cdebfee3c2,1499,False,0,200000,test,249,False
trained,91cd7e7f32276b5dd56d59c9a113e07e9da5d9b8191629cec0d3bfa7901dac08,0.33604902029037476,delay,31,1c238bfac4aca4f2f8ee416c6ef99e62aca9ed5f8bbf832f1d15f742d2002460,1499,False,0,200000,test,249,False
trained,91cd7e7f32276b5dd56d59c9a113e07e9da5d9b8191629cec0d3bfa7901dac08,0.4367046654224396,delay,32,e509a766c3f40f8d2f63f3fda33390b771d8423385254e931ddaffb4db985712,1499,False,0,200000,test,249,False
trained,91cd7e7f32276b5dd56d59c9a113e07e9da5d9b8191629cec0d3bfa7901dac08,0.45798635482788086,delay,33,f2930f3a766816f70bdd184269c16945ecaa245aac4bacca8ddbb6b97812ab95,1499,False,0,200000,test,249,False
trained,91cd7e7f32276b5dd56d59c9a113e07e9da5d9b8191629cec0d3bfa7901dac08,0.3280859589576721,delay,34,3fb4578d39e7ddb3577ff33251ede8e62931db0d38f70b07dcde57b5d88a198a,1499,False,0,200000,test,249,False
trained,91cd7e7f32276b5dd56d59c9a113e07e9da5d9b8191629cec0d3bfa7901dac08,0.4863607883453369,delay,35,53612294420ed663f849f37dbd33fe4755782ba369daa40575ec9cbad47afdf1,1499,False,0,200000,test,249,False
trained,91cd7e7f32276b5dd56d59c9a113e07e9da5d9b8191629cec0d3bfa7901dac08,0.27949967980384827,delay,36,720361ee52be951f5aefde8c073bb8fd9770c73ef3c06a0cd2ccf37f699f0885,1499,False,0,200000,test,230,False
trained,91cd7e7f32276b5dd56d59c9a113e07e9da5d9b8191629cec0d3bfa7901dac08,0.47429201006889343,delay,37,76488ce6a6c1c520f19fbaffc611c8bfb22b448d446774452fd589fa1822ad10,1499,False,0,200000,test,249,False
trained,91cd7e7f32276b5dd56d59c9a113e07e9da5d9b8191629cec0d3bfa7901dac08,0.3613831698894501,delay,38,719bdc2b5150f5a70c89843eceeb269fd2b1c3ebcc41a7bbef501eef20f3bf22,1499,False,0,200000,test,249,False
trained,91cd7e7f32276b5dd56d59c9a113e07e9da5d9b8191629cec0d3bfa7901dac08,0.2448892593383789,delay,39,f7aa7ae9186d7663db3cc2424e63c06de69bb2c4976fd66eaf8fea5f71892149,1499,False,0,200000,test,249,False
trained,91cd7e7f32276b5dd56d59c9a113e07e9da5d9b8191629cec0d3bfa7901dac08,0.4200812876224518,delay,40,beb1997c7a8766f83d216a45b17cd418c009429dab21b25cc1dc1f0e2e3d3859,1499,False,0,200000,test,249,False
trained,91cd7e7f32276b5dd56d59c9a113e07e9da5d9b8191629cec0d3bfa7901dac08,0.4212871491909027,delay,41,fa993d146333431150f436728262ec9eb359182e1f57a8f1506f40be6b0f8ae4,1499,False,0,200000,test,249,False
trained,91cd7e7f32276b5dd56d59c9a113e07e9da5d9b8191629cec0d3bfa7901dac08,0.2407333254814148,delay,42,8ed80f3752349f6c9c518720859b8dc8a87347e8cf3b25f272c8ee661aa9e1f5,1499,False,0,200000,test,249,False
trained,91cd7e7f32276b5dd56d59c9a113e07e9da5d9b8191629cec0d3bfa7901dac08,0.29051896929740906,delay,43,3238e31a810c8c68c31f98381cc82f7a253f031052b77799daebe39110714e57,1499,False,0,200000,test,249,False
trained,91cd7e7f32276b5dd56d59c9a113e07e9da5d9b8191629cec0d3bfa7901dac08,0.4631820619106293,delay,44,3fc05f66ad8cbc89df6e761c99565add28915f4fec8331e0f95d072bca634451,1499,False,0,200000,test,249,False
trained,91cd7e7f32276b5dd56d59c9a113e07e9da5d9b8191629cec0d3bfa7901dac08,0.5283924341201782,delay,45,6975082383198d4e72859e029bf9a0c1d2d883243daf54f0524033c45908d390,1499,False,0,200000,test,196,False
trained,91cd7e7f32276b5dd56d59c9a113e07e9da5d9b8191629cec0d3bfa7901dac08,0.426204115152359,delay,46,8a5fba441c0e9249bf5f70d7e8d2f21d53f688db2074b0207ddf8a070a847d1a,1499,False,0,200000,test,249,False
trained,91cd7e7f32276b5dd56d59c9a113e07e9da5d9b8191629cec0d3bfa7901dac08,0.43627798557281494,delay,47,86c702398cf9c83c765d3061b41bda5da976271f9f595b1b2a618b76f59d36b5,1499,False,0,200000,test,249,False
trained,91cd7e7f32276b5dd56d59c9a113e07e9da5d9b8191629cec0d3bfa7901dac08,0.480234831571579,delay,48,7af3d925fae0c3c751cc1218deac7fa3819409a968c312ab7e76a4f78278c6c5,1499,False,0,200000,test,109,False
trained,91cd7e7f32276b5dd56d59c9a113e07e9da5d9b8191629cec0d3bfa7901dac08,0.5038239359855652,delay,49,a143d7774578772618880f396a605b63614255bdbfb7e73c7c27baa6b2dab068,1499,False,0,200000,test,77,False
trained,91cd7e7f32276b5dd56d59c9a113e07e9da5d9b8191629cec0d3bfa7901dac08,0.26578494906425476,delay,50,f518f5d8a9af7448386787e6208b320a572486bb07fb9e82a17c32a67a8c6e29,1499,False,0,200000,test,249,False
trained,91cd7e7f32276b5dd56d59c9a113e07e9da5d9b8191629cec0d3bfa7901dac08,0.22333897650241852,delay,51,8167e1105624e5c3e76f4562fd0cc239d7b8b2b43897133a32604c50974b0bad,1499,False,0,200000,test,249,False
trained,91cd7e7f32276b5dd56d59c9a113e07e9da5d9b8191629cec0d3bfa7901dac08,0.2778841257095337,delay,52,68914e3446a0eedb9db819521cb9bd1c1b6022c01eb53b41c4f81e1a0caade6f,1499,False,0,200000,test,112,False
trained,91cd7e7f32276b5dd56d59c9a113e07e9da5d9b8191629cec0d3bfa7901dac08,0.2548470199108124,delay,53,cb7cc07d7d10bad7fbf8139238534d0c3c5d7ee1cba0c9b47ec950175e462b52,1499,False,0,200000,test,249,False
trained,91cd7e7f32276b5dd56d59c9a113e07e9da5d9b8191629cec0d3bfa7901dac08,0.45408788323402405,delay,54,3ef899140e78357fa148940bbc451d6521117c175c62a86d7d8853b15c1db267,1499,False,0,200000,test,181,False
trained,91cd7e7f32276b5dd56d59c9a113e07e9da5d9b8191629cec0d3bfa7901dac08,0.3783981502056122,delay,55,c1714e8d391f50c92daf041f380ef0351fe5fec22c4fa903699d884bc7906fe2,1499,False,0,200000,test,249,False
trained,91cd7e7f32276b5dd56d59c9a113e07e9da5d9b8191629cec0d3bfa7901dac08,0.45887601375579834,delay,56,20f2202fa1332d161f40574ee265310606d026cdd1a1463955da4b67a22ceb5f,1499,False,0,200000,test,249,False
trained,91cd7e7f32276b5dd56d59c9a113e07e9da5d9b8191629cec0d3bfa7901dac08,0.3473263382911682,delay,57,d1adde525b52543389b2893d6f70f5e04ff9b55c235dc30d7a1a7c2c17a8e9ca,1499,False,0,200000,test,249,False
trained,91cd7e7f32276b5dd56d59c9a113e07e9da5d9b8191629cec0d3bfa7901dac08,0.442397803068161,delay,58,c1a1da15715bc452e74f8132f8e075f5199608e314324788ba883d7d8f66474e,1499,False,0,200000,test,228,False
trained,91cd7e7f32276b5dd56d59c9a113e07e9da5d9b8191629cec0d3bfa7901dac08,0.30822235345840454,delay,59,d7175c1cf9d66fbc03c9af040cfdfce84a56134d60c607754277f7d9a44053a7,1499,False,0,200000,test,249,False
trained,91cd7e7f32276b5dd56d59c9a113e07e9da5d9b8191629cec0d3bfa7901dac08,0.38857489824295044,delay,60,c7ea1d672fb377c531b1ce319750b7eda4f5b12fed04000c9fc936039c67f1ea,1499,False,0,200000,test,152,False
trained,91cd7e7f32276b5dd56d59c9a113e07e9da5d9b8191629cec0d3bfa7901dac08,0.36760133504867554,delay,61,210699a25e429d7817d4743456d34be8b6dfc161fb80435938378fa29b3e451e,1499,False,0,200000,test,249,False
trained,91cd7e7f32276b5dd56d59c9a113e07e9da5d9b8191629cec0d3bfa7901dac08,0.27960142493247986,delay,62,9e5c3a669783f4c24f406042fd7ad3005f8396c6b0302e470b4e8ffd5df03655,1499,False,0,200000,test,249,False
trained,91cd7e7f32276b5dd56d59c9a113e07e9da5d9b8191629cec0d3bfa7901dac08,0.4600279927253723,delay,63,1943fbc8ee86a753fe36ec17d5559e8c4412c7fc66dc3a497fdf101f575181a2,1499,False,0,200000,test,249,False
trained,91cd7e7f32276b5dd56d59c9a113e07e9da5d9b8191629cec0d3bfa7901dac08,0.3515242040157318,delay,64,d47ccd7dbca953081c48b3ed3143d6b0a80fcf2cdcd170a0dbc633c7608a0886,1499,False,0,200000,test,249,False
trained,91cd7e7f32276b5dd56d59c9a113e07e9da5d9b8191629cec0d3bfa7901dac08,0.2759148180484772,delay,65,38f998a161f86bc5e351ec4a8d0c448d84af5742bfe9dbc86573ef073a06e80d,1499,False,0,200000,test,249,False
trained,91cd7e7f32276b5dd56d59c9a113e07e9da5d9b8191629cec0d3bfa7901dac08,0.38247746229171753,delay,66,afce72db834e1b9f5595ead1ecb6027a712678c2d9b0f3da010a6b3cf644aa9f,1499,False,0,200000,test,144,False
trained,91cd7e7f32276b5dd56d59c9a113e07e9da5d9b8191629cec0d3bfa7901dac08,0.3357519805431366,delay,67,91a57c9faecc15833c92e04acdf09535fae208aacb93f68aa20f574883cad8fa,1499,False,0,200000,test,249,False
trained,91cd7e7f32276b5dd56d59c9a113e07e9da5d9b8191629cec0d3bfa7901dac08,0.4271341860294342,delay,68,48b45ff817dc56db16b184dd88f26a376d460f69093e237f24a4d6d7744bdea9,1499,False,0,200000,test,249,False
trained,91cd7e7f32276b5dd56d59c9a113e07e9da5d9b8191629cec0d3bfa7901dac08,0.2526403069496155,delay,69,1ff6fa05c5d2a3044de00bd98d8803f2ad5ddb13f97201d468110bba89f8f095,1499,False,0,200000,test,249,False
trained,91cd7e7f32276b5dd56d59c9a113e07e9da5d9b8191629cec0d3bfa7901dac08,0.3763953447341919,delay,70,68f84e890ee756fb375bafd3a10dee54284210dfba712e8a3367249e145ac701,1499,False,0,200000,test,249,False
trained,91cd7e7f32276b5dd56d59c9a113e07e9da5d9b8191629cec0d3bfa7901dac08,0.3704914152622223,delay,71,a2ce5abb873866ad8b5f79398586bd073fad3e68148978388a6d2a99bfabc9dc,1499,False,0,200000,test,249,False
trained,91cd7e7f32276b5dd56d59c9a113e07e9da5d9b8191629cec0d3bfa7901dac08,0.37665432691574097,delay,72,95c60544869e809da3ca8d21dbab8d5da96c20d9fa401fdf1af352b4ad037c71,1499,False,0,200000,test,249,False
trained,91cd7e7f32276b5dd56d59c9a113e07e9da5d9b8191629cec0d3bfa7901dac08,0.38938450813293457,delay,73,86b37d5efd76d46cade13612868ca6671988d786c61b4fb132d6a2da467aa063,1499,False,0,200000,test,249,False
trained,91cd7e7f32276b5dd56d59c9a113e07e9da5d9b8191629cec0d3bfa7901dac08,0.4065781235694885,delay,74,a6cb53189d8a0fcde26b0cc4d7f65ca6fa4e103cf1c438a53cb7a4596b32251a,1499,False,0,200000,test,169,False
trained,91cd7e7f32276b5dd56d59c9a113e07e9da5d9b8191629cec0d3bfa7901dac08,0.25071054697036743,delay,75,e7f0d69e6a3b00c166322ecad23a03296ad2fd3a64cdc461ca2280b2abd16b63,1499,False,0,200000,test,249,False
trained,91cd7e7f32276b5dd56d59c9a113e07e9da5d9b8191629cec0d3bfa7901dac08,0.46016550064086914,delay,76,4304e5b04fea123e106f828325673692bb247132e3e404e05a6dbca4bc0df9df,1499,False,0,200000,test,249,False
trained,91cd7e7f32276b5dd56d59c9a113e07e9da5d9b8191629cec0d3bfa7901dac08,0.25079289078712463,delay,77,1b9bf2129f999c669e0425e2409918837e474896cfed98cef362b5be87588769,1499,False,0,200000,test,249,False
trained,91cd7e7f32276b5dd56d59c9a113e07e9da5d9b8191629cec0d3bfa7901dac08,0.3157986104488373,delay,78,6d22199e7b130fef9473eac3e79ec6a3ed0dbc730b4d083c8b5c72f5b39cdeb7,1499,False,0,200000,test,249,False
trained,91cd7e7f32276b5dd56d59c9a113e07e9da5d9b8191629cec0d3bfa7901dac08,0.395624577999115,delay,79,99f26d6cb00d9aa1160b35f509beab9262ff8a632328e3c60f48afec288e408c,1499,False,0,200000,test,249,False
trained,91cd7e7f32276b5dd56d59c9a113e07e9da5d9b8191629cec0d3bfa7901dac08,0.5607602000236511,delay,80,4797fb72f166ae23e949f8d11577ec7cc4b0614fedf638d17e6660e17c6d13c7,1499,False,0,200000,test,249,False
trained,91cd7e7f32276b5dd56d59c9a113e07e9da5d9b8191629cec0d3bfa7901dac08,0.30468887090682983,delay,81,1ff366fecd976db6ff3a241e2145633a75b4efbb3a1853679cc678d4b95c9f7b,1499,False,0,200000,test,126,False
trained,91cd7e7f32276b5dd56d59c9a113e07e9da5d9b8191629cec0d3bfa7901dac08,0.2384931892156601,delay,82,1ace284355e86edac562c13137e747bd8249132cdad005cec9ac11bf6643c9fe,1499,False,0,200000,test,249,False
trained,91cd7e7f32276b5dd56d59c9a113e07e9da5d9b8191629cec0d3bfa7901dac08,0.22767774760723114,delay,83,a2058059d1d163ec4b01d18c5a56f44bada279b5ebd5a1ac9e885aed7c49a6f6,1499,False,0,200000,test,249,False
trained,91cd7e7f32276b5dd56d59c9a113e07e9da5d9b8191629cec0d3bfa7901dac08,0.4313894510269165,delay,84,e372d694ade33ddfe45b4d8d081c749c2d7e6cc56208457bb98eccd23e9d7590,1499,False,0,200000,test,167,False
trained,91cd7e7f32276b5dd56d59c9a113e07e9da5d9b8191629cec0d3bfa7901dac08,0.32791903614997864,delay,85,81ebfc8d82e39804d11c7a30e022d7e9f33dff61009eb1decab78c1c9853bd0a,1499,False,0,200000,test,249,False
trained,91cd7e7f32276b5dd56d59c9a113e07e9da5d9b8191629cec0d3bfa7901dac08,0.3616426885128021,delay,86,2ec7d5d48492dbbb6de2cb23a5982f3faf0f2caac56d6646194e06025ffd118a,1499,False,0,200000,test,186,False
trained,91cd7e7f32276b5dd56d59c9a113e07e9da5d9b8191629cec0d3bfa7901dac08,0.5395696759223938,delay,87,cc490f6f3a60e2257b5c08db1f281be41b1e61669e2920bbbf915951b1f9dd09,1499,False,0,200000,test,249,False
trained,91cd7e7f32276b5dd56d59c9a113e07e9da5d9b8191629cec0d3bfa7901dac08,0.3339294493198395,delay,88,a1873710ede77fb581b50bd45afbcdb8e2216a7bac73d8ffdf30cda2847b2fb6,1499,False,0,200000,test,249,False
trained,91cd7e7f32276b5dd56d59c9a113e07e9da5d9b8191629cec0d3bfa7901dac08,0.30656373500823975,delay,89,8cd07364c6977efdcbeab7ea8afe7d342b2fa0b001454a94f36729313b5d3206,1499,False,0,200000,test,249,False
trained,91cd7e7f32276b5dd56d59c9a113e07e9da5d9b8191629cec0d3bfa7901dac08,0.38267698884010315,delay,90,4aff7910bb302aeb728a0676a77ce4ed79066eb4c2c2672d07f42a2e4859cb1e,1499,False,0,200000,test,249,False
trained,91cd7e7f32276b5dd56d59c9a113e07e9da5d9b8191629cec0d3bfa7901dac08,0.24945110082626343,delay,91,0f43e8358ba9b96380db8ef1085b5a979dcb8edacfe1df4135c5197a9ca140ad,1499,False,0,200000,test,249,False
trained,91cd7e7f32276b5dd56d59c9a113e07e9da5d9b8191629cec0d3bfa7901dac08,0.440966933965683,delay,92,c7fbf06eb9f7a3ff449891278c75371a05bbeda44a3a78c0629ee5536c25fd29,1499,False,0,200000,test,249,False
trained,91cd7e7f32276b5dd56d59c9a113e07e9da5d9b8191629cec0d3bfa7901dac08,0.2165585607290268,delay,93,eeef6dbd599f4dab6f6ab2b5a46e4fd4ff7ad737a50a998ccfa0b344aa633647,1499,False,0,200000,test,249,False
trained,91cd7e7f32276b5dd56d59c9a113e07e9da5d9b8191629cec0d3bfa7901dac08,0.3549533784389496,delay,94,ab37c57c123156fde8e6b86b5f0a777a7fd18f6042f6b0d169cb66db6026a6be,1499,False,0,200000,test,249,False
trained,91cd7e7f32276b5dd56d59c9a113e07e9da5d9b8191629cec0d3bfa7901dac08,0.38667821884155273,delay,95,bdec9935f649d9202a5bb541d402d99b3054f2e13735af5c27c645c7720ec6a6,1499,False,0,200000,test,249,False
trained,91cd7e7f32276b5dd56d59c9a113e07e9da5d9b8191629cec0d3bfa7901dac08,0.5550370812416077,delay,96,77a4cb4293f6536253aa3b66162bc929474a5fdda41df92aafa1ce2fb2b54f2f,1499,False,0,200000,test,249,False
trained,91cd7e7f32276b5dd56d59c9a113e07e9da5d9b8191629cec0d3bfa7901dac08,0.3332008421421051,delay,97,05dc74adcf4c2c331cd6976dbc6e523a478ec2bb46b0a059bf409e2b6ab8380d,1499,False,0,200000,test,249,False
trained,91cd7e7f32276b5dd56d59c9a113e07e9da5d9b8191629cec0d3bfa7901dac08,0.5360350012779236,delay,98,9614a090a384d03c1ba35ed51c8a761be752edb2c656aa96e536442b4623fbb4,1499,False,0,200000,test,249,False
trained,91cd7e7f32276b5dd56d59c9a113e07e9da5d9b8191629cec0d3bfa7901dac08,0.3861216902732849,delay,99,3ebcb8b16e457dee44285c20766d816a9270123bfc42336c2ad468f1648e826a,1499,False,0,200000,test,249,False
trained,91cd7e7f32276b5dd56d59c9a113e07e9da5d9b8191629cec0d3bfa7901dac08,0.44528728723526,delay,100,d728faeae13a0dfb8614d6ec5fa83d9d01926528230d1e4a7515dd991253d44e,1499,False,0,200000,test,249,False
trained,91cd7e7f32276b5dd56d59c9a113e07e9da5d9b8191629cec0d3bfa7901dac08,0.35643506050109863,delay,101,b3aaaf7fb53fe114bd0f4f914ec6f63604a4dea9ef1d10a6f5f38a414c506e23,1499,False,0,200000,test,249,False
trained,91cd7e7f32276b5dd56d59c9a113e07e9da5d9b8191629cec0d3bfa7901dac08,0.344473272562027,delay,102,d6db2e91ecde8bce14994a00eceb6fa355862d95b278a48d9c674733b6a11a93,1499,False,0,200000,test,249,False
trained,91cd7e7f32276b5dd56d59c9a113e07e9da5d9b8191629cec0d3bfa7901dac08,0.4158565104007721,delay,103,ad6e487c79125208299f08c8928735d89b232ce06ab0c9f172e1700257dec3ba,1499,False,0,200000,test,249,False
trained,91cd7e7f32276b5dd56d59c9a113e07e9da5d9b8191629cec0d3bfa7901dac08,0.25868645310401917,delay,104,171f1e8fd988107483be3198d6169967413aa437441cb2af38aad4e6c0c29d2b,1499,False,0,200000,test,198,False
trained,91cd7e7f32276b5dd56d59c9a113e07e9da5d9b8191629cec0d3bfa7901dac08,0.3751735985279083,delay,105,d4fbe59ca1b5e23829a2ca0a390942ce8c43359e645fcf61a496b0bde1b8b242,1499,False,0,200000,test,249,False
trained,91cd7e7f32276b5dd56d59c9a113e07e9da5d9b8191629cec0d3bfa7901dac08,0.420968234539032,delay,106,16bda64c3ed4b2a7125ea60381352cdd9795eb598a2e41f9a0c90472667b9049,1499,False,0,200000,test,249,False
trained,91cd7e7f32276b5dd56d59c9a113e07e9da5d9b8191629cec0d3bfa7901dac08,0.35247430205345154,delay,107,abda65d3f8967994841853f88cd921111e3fbcf69daa542cc27e8d12a27b78ff,1499,False,0,200000,test,120,False
trained,91cd7e7f32276b5dd56d59c9a113e07e9da5d9b8191629cec0d3bfa7901dac08,0.29883772134780884,delay,108,5bf0c262a762fff765bad21aa5ff21a650118083af7b57a0c8e5a107486f8502,1499,False,0,200000,test,249,False
trained,91cd7e7f32276b5dd56d59c9a113e07e9da5d9b8191629cec0d3bfa7901dac08,0.4130270481109619,delay,109,5f3fa1ec1db3997ad3c80179949f22956b2a3eabd56590eed2201753ad0b8785,1499,False,0,200000,test,249,False
trained,91cd7e7f32276b5dd56d59c9a113e07e9da5d9b8191629cec0d3bfa7901dac08,0.2838647961616516,delay,110,043178d9c2e751ba923dc4246946ce8cd9085b9cd92fe45e70317d48179bce16,1499,False,0,200000,test,168,False
trained,91cd7e7f32276b5dd56d59c9a113e07e9da5d9b8191629cec0d3bfa7901dac08,0.33910369873046875,delay,111,4155b638520a37687a7decb0e0ac3fc027a3c905cfc1c4b5a95d92c95feed3fb,1499,False,0,200000,test,148,False
trained,91cd7e7f32276b5dd56d59c9a113e07e9da5d9b8191629cec0d3bfa7901dac08,0.3436262309551239,delay,112,69e62f621f40d6b6316746f9e28263ae9a9e3f68871fa02d9246df8190593f15,1499,False,0,200000,test,249,False
trained,91cd7e7f32276b5dd56d59c9a113e07e9da5d9b8191629cec0d3bfa7901dac08,0.4278947710990906,delay,113,8d61bebf893886b35fc9822c412ba22c1e1f20cc359d68cb7e1ccec8e1880490,1499,False,0,200000,test,140,False
trained,91cd7e7f32276b5dd56d59c9a113e07e9da5d9b8191629cec0d3bfa7901dac08,0.2557326853275299,delay,114,af01fd6e11d268d4fcfc223731a2518813a51b9e6320c707f262dbddfa6a06b6,1499,False,0,200000,test,124,False
trained,91cd7e7f32276b5dd56d59c9a113e07e9da5d9b8191629cec0d3bfa7901dac08,0.32311615347862244,delay,115,687e231d91f53a4978947b46d60667357734722c526fa2a816df4dc5dcea3922,1499,False,0,200000,test,161,False
trained,91cd7e7f32276b5dd56d59c9a113e07e9da5d9b8191629cec0d3bfa7901dac08,0.342756062746048,delay,116,a687b62d73d62361cb77a82d90533f46dbbd3b507e0c449919cbc12c0671c15e,1499,False,0,200000,test,249,False
trained,91cd7e7f32276b5dd56d59c9a113e07e9da5d9b8191629cec0d3bfa7901dac08,0.37080681324005127,delay,117,c1371f77a2e4a3dff1a6b2e0e8731c6be4ec3849db9ea1f8eccb80beba24f770,1499,False,0,200000,test,139,False
trained,91cd7e7f32276b5dd56d59c9a113e07e9da5d9b8191629cec0d3bfa7901dac08,0.3229905068874359,delay,118,f416e408f0959d1c3540326f2aeb627b0dee0dcab8baa666562435161570aed5,1499,False,0,200000,test,249,False
trained,91cd7e7f32276b5dd56d59c9a113e07e9da5d9b8191629cec0d3bfa7901dac08,0.2777021825313568,delay,119,782d6ff695cff66ddd1ce6bbdb72609507e294e056b608688a830bfc77a80928,1499,False,0,200000,test,249,False
trained,91cd7e7f32276b5dd56d59c9a113e07e9da5d9b8191629cec0d3bfa7901dac08,0.47831425070762634,delay,120,d4c3ce95cf2bfbdc65b9285b985120a5914f8e6d31c88c56305fe55926b589ba,1499,False,0,200000,test,249,False
trained,91cd7e7f32276b5dd56d59c9a113e07e9da5d9b8191629cec0d3bfa7901dac08,0.20494315028190613,delay,121,873fdf34e0ba5ce490935cbc65b233569f73dad143f2bee12f7081b792648119,1499,False,0,200000,test,249,False
trained,91cd7e7f32276b5dd56d59c9a113e07e9da5d9b8191629cec0d3bfa7901dac08,0.32717835903167725,delay,122,3413699e394218a7a9f1b5077a6fbb87a8ce22c8505e03469888cd7de521bf38,1499,False,0,200000,test,249,False
trained,91cd7e7f32276b5dd56d59c9a113e07e9da5d9b8191629cec0d3bfa7901dac08,0.39593198895454407,delay,123,c8ae1be88e9046dae3b49b993352b4965163dade87926f37fc8684682ddbf175,1499,False,0,200000,test,249,False
trained,91cd7e7f32276b5dd56d59c9a113e07e9da5d9b8191629cec0d3bfa7901dac08,0.3867407441139221,delay,124,63cfeca31fe99cb8c7f2a42e8e020136d4a9814d579258b61934dd4b8d0c3e3b,1499,False,0,200000,test,249,False
trained,91cd7e7f32276b5dd56d59c9a113e07e9da5d9b8191629cec0d3bfa7901dac08,0.4822092056274414,delay,125,a61f5ff0e9fa1133de9c0c75f1c2fb95baaa172b0d1da1561259cd14a90ac00f,1499,False,0,200000,test,249,False
trained,91cd7e7f32276b5dd56d59c9a113e07e9da5d9b8191629cec0d3bfa7901dac08,0.5950915217399597,delay,126,1b7d8544bfc1139c6bfb56c53bb05cab7a8abd517fe3480928cee8888874c1b2,1499,False,0,200000,test,249,False
trained,91cd7e7f32276b5dd56d59c9a113e07e9da5d9b8191629cec0d3bfa7901dac08,0.41691845655441284,delay,127,7f890b90f22e11a29f4dfc80b0c9794493d87146b921f15111b45bfca8308814,1499,False,0,200000,test,249,False
trained,91cd7e7f32276b5dd56d59c9a113e07e9da5d9b8191629cec0d3bfa7901dac08,0.5268933176994324,heavy,0,1006ac46f569c93f68480b650fdbf31326934d9305af5f9a0df24078570f38b4,1499,False,0,200000,test,249,False
trained,91cd7e7f32276b5dd56d59c9a113e07e9da5d9b8191629cec0d3bfa7901dac08,0.4196995198726654,heavy,1,6c6e91fb7d31ec5639a5e7f3834dfd0ea25b9f6d3215307f533aff9a778fa121,1499,False,0,200000,test,249,False
trained,91cd7e7f32276b5dd56d59c9a113e07e9da5d9b8191629cec0d3bfa7901dac08,0.3305014371871948,heavy,2,b383541d51cce864de8398bfa13b3ae106f704c54ad15f30693ec0879b66318f,1499,False,0,200000,test,99,False
trained,91cd7e7f32276b5dd56d59c9a113e07e9da5d9b8191629cec0d3bfa7901dac08,0.37520137429237366,heavy,3,92891ab106526cb96c087f32e7ee7093ec0f07c2c0f186409f4bd78980947027,1499,False,0,200000,test,249,False
trained,91cd7e7f32276b5dd56d59c9a113e07e9da5d9b8191629cec0d3bfa7901dac08,0.26559773087501526,heavy,4,0ce50e71de153a5a7dc52462f997c430406adff475f515b64e009f36ba7ecd60,1499,False,0,200000,test,249,False
trained,91cd7e7f32276b5dd56d59c9a113e07e9da5d9b8191629cec0d3bfa7901dac08,0.5261349678039551,heavy,5,23bbe389b02e67f3f18d7a172c7b1041d81fa4819f6384e628774d262df83a08,1499,False,0,200000,test,249,False
trained,91cd7e7f32276b5dd56d59c9a113e07e9da5d9b8191629cec0d3bfa7901dac08,0.3189770579338074,heavy,6,4c8d93f7b7dd25fa691c3c40ce968aa541e217eb214d9b6f721d1b6eabe6db82,1499,False,0,200000,test,91,False
trained,91cd7e7f32276b5dd56d59c9a113e07e9da5d9b8191629cec0d3bfa7901dac08,0.24856476485729218,heavy,7,d3b0361ac339d60c525726af499d4de1d2336a907a38302198501d75d64e5031,1499,False,0,200000,test,249,False
trained,91cd7e7f32276b5dd56d59c9a113e07e9da5d9b8191629cec0d3bfa7901dac08,0.3568238914012909,heavy,8,0fe94752beba95d6adc57053c4d6e911a6f658fc33452a2bc0452b7d198bec8d,1499,False,0,200000,test,249,False
trained,91cd7e7f32276b5dd56d59c9a113e07e9da5d9b8191629cec0d3bfa7901dac08,0.5765707492828369,heavy,9,020d42e18a81b2aa1688f5098e4987f612d4a38265f1cd871b15d807654d811b,1499,False,0,200000,test,249,False
trained,91cd7e7f32276b5dd56d59c9a113e07e9da5d9b8191629cec0d3bfa7901dac08,0.25057753920555115,heavy,10,fbbe93bb96a241421c543d45b53abf9787cbdc9eefcde2a0e83009f091e9c696,1499,False,0,200000,test,249,False
trained,91cd7e7f32276b5dd56d59c9a113e07e9da5d9b8191629cec0d3bfa7901dac08,0.4908672273159027,heavy,11,e7201a7cd4729dd5922ab715a15a85e026f02fde03acce04b948f8047cb07f36,1499,False,0,200000,test,249,False
trained,91cd7e7f32276b5dd56d59c9a113e07e9da5d9b8191629cec0d3bfa7901dac08,0.5299474000930786,heavy,12,17b00f472054d86e12dd4e2a148f60ff5b212d53529b292fe0c89e89ce32b921,1499,False,0,200000,test,249,False
trained,91cd7e7f32276b5dd56d59c9a113e07e9da5d9b8191629cec0d3bfa7901dac08,0.29629725217819214,heavy,13,d8763f997b16fda62370f05b3eac4f14116fe1a12a5355172468728f9659dc66,1499,False,0,200000,test,241,False
trained,91cd7e7f32276b5dd56d59c9a113e07e9da5d9b8191629cec0d3bfa7901dac08,0.3464921712875366,heavy,14,3e6330a9ae4cdd172643670198e572139c46d592018d86168cd8e94e5b914faf,1499,False,0,200000,test,249,False
trained,91cd7e7f32276b5dd56d59c9a113e07e9da5d9b8191629cec0d3bfa7901dac08,0.35648301243782043,heavy,15,b07878a684715e8a43f249daf8f0ec8a42903960bbd8cc16e38a5677c5ecba02,1499,False,0,200000,test,227,False
trained,91cd7e7f32276b5dd56d59c9a113e07e9da5d9b8191629cec0d3bfa7901dac08,0.36756375432014465,heavy,16,d9a4d2c50eb0f21abeccefc6a7650336254b214898a034afc0630cae77885a15,1499,False,0,200000,test,249,False
trained,91cd7e7f32276b5dd56d59c9a113e07e9da5d9b8191629cec0d3bfa7901dac08,0.266522079706192,heavy,17,e80da798aac25ec71c9549ed57244a29ddbef463df51d81b5657abeaaf277cec,1499,False,0,200000,test,249,False
trained,91cd7e7f32276b5dd56d59c9a113e07e9da5d9b8191629cec0d3bfa7901dac08,0.3362674415111542,heavy,18,3a3408357fc2d01619fd8c3ed07f7ba90de43ff8cba31e4bd811450d9283c03e,1499,False,0,200000,test,249,False
trained,91cd7e7f32276b5dd56d59c9a113e07e9da5d9b8191629cec0d3bfa7901dac08,0.345954567193985,heavy,19,466efe0e3ec20c227fe0d24dd343855524ade7e2f603010a4b7b774374a6cfcb,1499,False,0,200000,test,249,False
trained,91cd7e7f32276b5dd56d59c9a113e07e9da5d9b8191629cec0d3bfa7901dac08,0.3699234127998352,heavy,20,a41f67c545627cc3633a4f8b01351858f03c4ac8df8b18412db799f7af47b098,1499,False,0,200000,test,194,False
trained,91cd7e7f32276b5dd56d59c9a113e07e9da5d9b8191629cec0d3bfa7901dac08,0.26844310760498047,heavy,21,154671fae8a6ed40c4df9ba29a97c10f325bf85a2433de091361974955ac9838,1499,False,0,200000,test,249,False
trained,91cd7e7f32276b5dd56d59c9a113e07e9da5d9b8191629cec0d3bfa7901dac08,0.33489176630973816,heavy,22,dcb1b868d423c85ae2eabcbd624e14f11fde46d5d564487f665a978e12f3fa39,1499,False,0,200000,test,194,False
trained,91cd7e7f32276b5dd56d59c9a113e07e9da5d9b8191629cec0d3bfa7901dac08,0.4944152235984802,heavy,23,28309eb0cad85fd2186cc9308f83f91e1af688aacf3fe0015b80d75062e26f26,1499,False,0,200000,test,249,False
trained,91cd7e7f32276b5dd56d59c9a113e07e9da5d9b8191629cec0d3bfa7901dac08,0.22685885429382324,heavy,24,9b499542707aaec72301ff294d44ff2f3d8a011addc421f9257f8aefa0c11640,1499,False,0,200000,test,249,False
trained,91cd7e7f32276b5dd56d59c9a113e07e9da5d9b8191629cec0d3bfa7901dac08,0.4468924403190613,heavy,25,a61543bd631c5e45ed4bab1a99926aced18e04c0ce41fdc5a78d36fdd255a14e,1499,False,0,200000,test,249,False
trained,91cd7e7f32276b5dd56d59c9a113e07e9da5d9b8191629cec0d3bfa7901dac08,0.27157267928123474,heavy,26,7bc846ae43b5cbcf0891bfc04b9e5a6a972cdc6a5423c0ac36d1470b3c936b96,1499,False,0,200000,test,249,False
trained,91cd7e7f32276b5dd56d59c9a113e07e9da5d9b8191629cec0d3bfa7901dac08,0.43033266067504883,heavy,27,5c45ae94d4f9b11183715d0b4edd62025055f19da0e8593a9d156e6013403ce2,1499,False,0,200000,test,249,False
trained,91cd7e7f32276b5dd56d59c9a113e07e9da5d9b8191629cec0d3bfa7901dac08,0.34539103507995605,heavy,28,9e15cde33dbf7f54942180b5b22353b12b112ec17a20d73c5c8d8e75728ce772,1499,False,0,200000,test,249,False
trained,91cd7e7f32276b5dd56d59c9a113e07e9da5d9b8191629cec0d3bfa7901dac08,0.48903244733810425,heavy,29,11d62c1256d4c6da7059892a327ce1154900fd8aa0ea7c39991fce0764a00ec3,1499,False,0,200000,test,164,False
trained,91cd7e7f32276b5dd56d59c9a113e07e9da5d9b8191629cec0d3bfa7901dac08,0.43361690640449524,heavy,30,0e10457a7f3e547a85007dcc28e602d274bbbc5badf7405a696742cdebfee3c2,1499,False,0,200000,test,249,False
trained,91cd7e7f32276b5dd56d59c9a113e07e9da5d9b8191629cec0d3bfa7901dac08,0.33604902029037476,heavy,31,1c238bfac4aca4f2f8ee416c6ef99e62aca9ed5f8bbf832f1d15f742d2002460,1499,False,0,200000,test,249,False
trained,91cd7e7f32276b5dd56d59c9a113e07e9da5d9b8191629cec0d3bfa7901dac08,0.4367046654224396,heavy,32,e509a766c3f40f8d2f63f3fda33390b771d8423385254e931ddaffb4db985712,1499,False,0,200000,test,110,False
trained,91cd7e7f32276b5dd56d59c9a113e07e9da5d9b8191629cec0d3bfa7901dac08,0.4451075494289398,heavy,33,f2930f3a766816f70bdd184269c16945ecaa245aac4bacca8ddbb6b97812ab95,1499,False,0,200000,test,249,False
trained,91cd7e7f32276b5dd56d59c9a113e07e9da5d9b8191629cec0d3bfa7901dac08,0.3280859589576721,heavy,34,3fb4578d39e7ddb3577ff33251ede8e62931db0d38f70b07dcde57b5d88a198a,1499,False,0,200000,test,249,False
trained,91cd7e7f32276b5dd56d59c9a113e07e9da5d9b8191629cec0d3bfa7901dac08,0.4863607883453369,heavy,35,53612294420ed663f849f37dbd33fe4755782ba369daa40575ec9cbad47afdf1,1499,False,0,200000,test,249,False
trained,91cd7e7f32276b5dd56d59c9a113e07e9da5d9b8191629cec0d3bfa7901dac08,0.27949967980384827,heavy,36,720361ee52be951f5aefde8c073bb8fd9770c73ef3c06a0cd2ccf37f699f0885,1499,False,0,200000,test,249,False
trained,91cd7e7f32276b5dd56d59c9a113e07e9da5d9b8191629cec0d3bfa7901dac08,0.47429201006889343,heavy,37,76488ce6a6c1c520f19fbaffc611c8bfb22b448d446774452fd589fa1822ad10,1499,False,0,200000,test,249,False
trained,91cd7e7f32276b5dd56d59c9a113e07e9da5d9b8191629cec0d3bfa7901dac08,0.364657998085022,heavy,38,719bdc2b5150f5a70c89843eceeb269fd2b1c3ebcc41a7bbef501eef20f3bf22,1499,False,0,200000,test,249,False
trained,91cd7e7f32276b5dd56d59c9a113e07e9da5d9b8191629cec0d3bfa7901dac08,0.24874499440193176,heavy,39,f7aa7ae9186d7663db3cc2424e63c06de69bb2c4976fd66eaf8fea5f71892149,1499,False,0,200000,test,249,False
trained,91cd7e7f32276b5dd56d59c9a113e07e9da5d9b8191629cec0d3bfa7901dac08,0.4200812876224518,heavy,40,beb1997c7a8766f83d216a45b17cd418c009429dab21b25cc1dc1f0e2e3d3859,1499,False,0,200000,test,249,False
trained,91cd7e7f32276b5dd56d59c9a113e07e9da5d9b8191629cec0d3bfa7901dac08,0.4212871491909027,heavy,41,fa993d146333431150f436728262ec9eb359182e1f57a8f1506f40be6b0f8ae4,1499,False,0,200000,test,249,False
trained,91cd7e7f32276b5dd56d59c9a113e07e9da5d9b8191629cec0d3bfa7901dac08,0.2407333254814148,heavy,42,8ed80f3752349f6c9c518720859b8dc8a87347e8cf3b25f272c8ee661aa9e1f5,1499,False,0,200000,test,249,False
trained,91cd7e7f32276b5dd56d59c9a113e07e9da5d9b8191629cec0d3bfa7901dac08,0.29051896929740906,heavy,43,3238e31a810c8c68c31f98381cc82f7a253f031052b77799daebe39110714e57,1499,False,0,200000,test,249,False
trained,91cd7e7f32276b5dd56d59c9a113e07e9da5d9b8191629cec0d3bfa7901dac08,0.4631820619106293,heavy,44,3fc05f66ad8cbc89df6e761c99565add28915f4fec8331e0f95d072bca634451,1499,False,0,200000,test,249,False
trained,91cd7e7f32276b5dd56d59c9a113e07e9da5d9b8191629cec0d3bfa7901dac08,0.5283924341201782,heavy,45,6975082383198d4e72859e029bf9a0c1d2d883243daf54f0524033c45908d390,1499,False,0,200000,test,249,False
trained,91cd7e7f32276b5dd56d59c9a113e07e9da5d9b8191629cec0d3bfa7901dac08,0.426204115152359,heavy,46,8a5fba441c0e9249bf5f70d7e8d2f21d53f688db2074b0207ddf8a070a847d1a,1499,False,0,200000,test,195,False
trained,91cd7e7f32276b5dd56d59c9a113e07e9da5d9b8191629cec0d3bfa7901dac08,0.43645042181015015,heavy,47,86c702398cf9c83c765d3061b41bda5da976271f9f595b1b2a618b76f59d36b5,1499,False,0,200000,test,249,False
trained,91cd7e7f32276b5dd56d59c9a113e07e9da5d9b8191629cec0d3bfa7901dac08,0.4543968737125397,heavy,48,7af3d925fae0c3c751cc1218deac7fa3819409a968c312ab7e76a4f78278c6c5,1499,False,0,200000,test,249,False
trained,91cd7e7f32276b5dd56d59c9a113e07e9da5d9b8191629cec0d3bfa7901dac08,0.4296203553676605,heavy,49,a143d7774578772618880f396a605b63614255bdbfb7e73c7c27baa6b2dab068,1499,False,0,200000,test,249,False
trained,91cd7e7f32276b5dd56d59c9a113e07e9da5d9b8191629cec0d3bfa7901dac08,0.26578494906425476,heavy,50,f518f5d8a9af7448386787e6208b320a572486bb07fb9e82a17c32a67a8c6e29,1499,False,0,200000,test,249,False
trained,91cd7e7f32276b5dd56d59c9a113e07e9da5d9b8191629cec0d3bfa7901dac08,0.2588671147823334,heavy,51,8167e1105624e5c3e76f4562fd0cc239d7b8b2b43897133a32604c50974b0bad,1499,False,0,200000,test,249,False
trained,91cd7e7f32276b5dd56d59c9a113e07e9da5d9b8191629cec0d3bfa7901dac08,0.2744276225566864,heavy,52,68914e3446a0eedb9db819521cb9bd1c1b6022c01eb53b41c4f81e1a0caade6f,1499,False,0,200000,test,249,False
trained,91cd7e7f32276b5dd56d59c9a113e07e9da5d9b8191629cec0d3bfa7901dac08,0.2789464592933655,heavy,53,cb7cc07d7d10bad7fbf8139238534d0c3c5d7ee1cba0c9b47ec950175e462b52,1499,False,0,200000,test,249,False
trained,91cd7e7f32276b5dd56d59c9a113e07e9da5d9b8191629cec0d3bfa7901dac08,0.439380019903183,heavy,54,3ef899140e78357fa148940bbc451d6521117c175c62a86d7d8853b15c1db267,1499,False,0,200000,test,249,False
trained,91cd7e7f32276b5dd56d59c9a113e07e9da5d9b8191629cec0d3bfa7901dac08,0.3783981502056122,heavy,55,c1714e8d391f50c92daf041f380ef0351fe5fec22c4fa903699d884bc7906fe2,1499,False,0,200000,test,249,False
trained,91cd7e7f32276b5dd56d59c9a113e07e9da5d9b8191629cec0d3bfa7901dac08,0.45887601375579834,heavy,56,20f2202fa1332d161f40574ee265310606d026cdd1a1463955da4b67a22ceb5f,1499,False,0,200000,test,249,False
trained,91cd7e7f32276b5dd56d59c9a113e07e9da5d9b8191629cec0d3bfa7901dac08,0.3473263382911682,heavy,57,d1adde525b52543389b2893d6f70f5e04ff9b55c235dc30d7a1a7c2c17a8e9ca,1499,False,0,200000,test,249,False
trained,91cd7e7f32276b5dd56d59c9a113e07e9da5d9b8191629cec0d3bfa7901dac08,0.442397803068161,heavy,58,c1a1da15715bc452e74f8132f8e075f5199608e314324788ba883d7d8f66474e,1499,False,0,200000,test,249,False
trained,91cd7e7f32276b5dd56d59c9a113e07e9da5d9b8191629cec0d3bfa7901dac08,0.2920173704624176,heavy,59,d7175c1cf9d66fbc03c9af040cfdfce84a56134d60c607754277f7d9a44053a7,1499,False,0,200000,test,249,False
trained,91cd7e7f32276b5dd56d59c9a113e07e9da5d9b8191629cec0d3bfa7901dac08,0.38573023676872253,heavy,60,c7ea1d672fb377c531b1ce319750b7eda4f5b12fed04000c9fc936039c67f1ea,1499,False,0,200000,test,249,False
trained,91cd7e7f32276b5dd56d59c9a113e07e9da5d9b8191629cec0d3bfa7901dac08,0.34779247641563416,heavy,61,210699a25e429d7817d4743456d34be8b6dfc161fb80435938378fa29b3e451e,1499,False,0,200000,test,249,False
trained,91cd7e7f32276b5dd56d59c9a113e07e9da5d9b8191629cec0d3bfa7901dac08,0.27960142493247986,heavy,62,9e5c3a669783f4c24f406042fd7ad3005f8396c6b0302e470b4e8ffd5df03655,1499,False,0,200000,test,249,False
trained,91cd7e7f32276b5dd56d59c9a113e07e9da5d9b8191629cec0d3bfa7901dac08,0.46193739771842957,heavy,63,1943fbc8ee86a753fe36ec17d5559e8c4412c7fc66dc3a497fdf101f575181a2,1499,False,0,200000,test,230,False
trained,91cd7e7f32276b5dd56d59c9a113e07e9da5d9b8191629cec0d3bfa7901dac08,0.35565894842147827,heavy,64,d47ccd7dbca953081c48b3ed3143d6b0a80fcf2cdcd170a0dbc633c7608a0886,1499,False,0,200000,test,249,False
trained,91cd7e7f32276b5dd56d59c9a113e07e9da5d9b8191629cec0d3bfa7901dac08,0.2759148180484772,heavy,65,38f998a161f86bc5e351ec4a8d0c448d84af5742bfe9dbc86573ef073a06e80d,1499,False,0,200000,test,249,False
trained,91cd7e7f32276b5dd56d59c9a113e07e9da5d9b8191629cec0d3bfa7901dac08,0.4127243757247925,heavy,66,afce72db834e1b9f5595ead1ecb6027a712678c2d9b0f3da010a6b3cf644aa9f,1499,False,0,200000,test,249,False
trained,91cd7e7f32276b5dd56d59c9a113e07e9da5d9b8191629cec0d3bfa7901dac08,0.33992868661880493,heavy,67,91a57c9faecc15833c92e04acdf09535fae208aacb93f68aa20f574883cad8fa,1499,False,0,200000,test,249,False
trained,91cd7e7f32276b5dd56d59c9a113e07e9da5d9b8191629cec0d3bfa7901dac08,0.4271341860294342,heavy,68,48b45ff817dc56db16b184dd88f26a376d460f69093e237f24a4d6d7744bdea9,1499,False,0,200000,test,249,False
trained,91cd7e7f32276b5dd56d59c9a113e07e9da5d9b8191629cec0d3bfa7901dac08,0.2526403069496155,heavy,69,1ff6fa05c5d2a3044de00bd98d8803f2ad5ddb13f97201d468110bba89f8f095,1499,False,0,200000,test,249,False
trained,91cd7e7f32276b5dd56d59c9a113e07e9da5d9b8191629cec0d3bfa7901dac08,0.3763953447341919,heavy,70,68f84e890ee756fb375bafd3a10dee54284210dfba712e8a3367249e145ac701,1499,False,0,200000,test,236,False
trained,91cd7e7f32276b5dd56d59c9a113e07e9da5d9b8191629cec0d3bfa7901dac08,0.3704914152622223,heavy,71,a2ce5abb873866ad8b5f79398586bd073fad3e68148978388a6d2a99bfabc9dc,1499,False,0,200000,test,249,False
trained,91cd7e7f32276b5dd56d59c9a113e07e9da5d9b8191629cec0d3bfa7901dac08,0.37665432691574097,heavy,72,95c60544869e809da3ca8d21dbab8d5da96c20d9fa401fdf1af352b4ad037c71,1499,False,0,200000,test,249,False
trained,91cd7e7f32276b5dd56d59c9a113e07e9da5d9b8191629cec0d3bfa7901dac08,0.4787905812263489,heavy,73,86b37d5efd76d46cade13612868ca6671988d786c61b4fb132d6a2da467aa063,1499,False,0,200000,test,136,False
trained,91cd7e7f32276b5dd56d59c9a113e07e9da5d9b8191629cec0d3bfa7901dac08,0.4065781235694885,heavy,74,a6cb53189d8a0fcde26b0cc4d7f65ca6fa4e103cf1c438a53cb7a4596b32251a,1499,False,0,200000,test,249,False
trained,91cd7e7f32276b5dd56d59c9a113e07e9da5d9b8191629cec0d3bfa7901dac08,0.25071054697036743,heavy,75,e7f0d69e6a3b00c166322ecad23a03296ad2fd3a64cdc461ca2280b2abd16b63,1499,False,0,200000,test,249,False
trained,91cd7e7f32276b5dd56d59c9a113e07e9da5d9b8191629cec0d3bfa7901dac08,0.44665005803108215,heavy,76,4304e5b04fea123e106f828325673692bb247132e3e404e05a6dbca4bc0df9df,1499,False,0,200000,test,249,False
trained,91cd7e7f32276b5dd56d59c9a113e07e9da5d9b8191629cec0d3bfa7901dac08,0.25079289078712463,heavy,77,1b9bf2129f999c669e0425e2409918837e474896cfed98cef362b5be87588769,1499,False,0,200000,test,249,False
trained,91cd7e7f32276b5dd56d59c9a113e07e9da5d9b8191629cec0d3bfa7901dac08,0.2670295238494873,heavy,78,6d22199e7b130fef9473eac3e79ec6a3ed0dbc730b4d083c8b5c72f5b39cdeb7,1499,False,0,200000,test,160,False
trained,91cd7e7f32276b5dd56d59c9a113e07e9da5d9b8191629cec0d3bfa7901dac08,0.4316858947277069,heavy,79,99f26d6cb00d9aa1160b35f509beab9262ff8a632328e3c60f48afec288e408c,1499,False,0,200000,test,217,False
trained,91cd7e7f32276b5dd56d59c9a113e07e9da5d9b8191629cec0d3bfa7901dac08,0.5607602000236511,heavy,80,4797fb72f166ae23e949f8d11577ec7cc4b0614fedf638d17e6660e17c6d13c7,1499,False,0,200000,test,249,False
trained,91cd7e7f32276b5dd56d59c9a113e07e9da5d9b8191629cec0d3bfa7901dac08,0.30532708764076233,heavy,81,1ff366fecd976db6ff3a241e2145633a75b4efbb3a1853679cc678d4b95c9f7b,1499,False,0,200000,test,249,False
trained,91cd7e7f32276b5dd56d59c9a113e07e9da5d9b8191629cec0d3bfa7901dac08,0.2384931892156601,heavy,82,1ace284355e86edac562c13137e747bd8249132cdad005cec9ac11bf6643c9fe,1499,False,0,200000,test,249,False
trained,91cd7e7f32276b5dd56d59c9a113e07e9da5d9b8191629cec0d3bfa7901dac08,0.22767774760723114,heavy,83,a2058059d1d163ec4b01d18c5a56f44bada279b5ebd5a1ac9e885aed7c49a6f6,1499,False,0,200000,test,249,False
trained,91cd7e7f32276b5dd56d59c9a113e07e9da5d9b8191629cec0d3bfa7901dac08,0.42748215794563293,heavy,84,e372d694ade33ddfe45b4d8d081c749c2d7e6cc56208457bb98eccd23e9d7590,1499,False,0,200000,test,232,False
trained,91cd7e7f32276b5dd56d59c9a113e07e9da5d9b8191629cec0d3bfa7901dac08,0.2893911302089691,heavy,85,81ebfc8d82e39804d11c7a30e022d7e9f33dff61009eb1decab78c1c9853bd0a,1499,False,0,200000,test,249,False
trained,91cd7e7f32276b5dd56d59c9a113e07e9da5d9b8191629cec0d3bfa7901dac08,0.3530896008014679,heavy,86,2ec7d5d48492dbbb6de2cb23a5982f3faf0f2caac56d6646194e06025ffd118a,1499,False,0,200000,test,249,False
trained,91cd7e7f32276b5dd56d59c9a113e07e9da5d9b8191629cec0d3bfa7901dac08,0.5395696759223938,heavy,87,cc490f6f3a60e2257b5c08db1f281be41b1e61669e2920bbbf915951b1f9dd09,1499,False,0,200000,test,249,False
trained,91cd7e7f32276b5dd56d59c9a113e07e9da5d9b8191629cec0d3bfa7901dac08,0.3339294493198395,heavy,88,a1873710ede77fb581b50bd45afbcdb8e2216a7bac73d8ffdf30cda2847b2fb6,1499,False,0,200000,test,249,False
trained,91cd7e7f32276b5dd56d59c9a113e07e9da5d9b8191629cec0d3bfa7901dac08,0.2866514027118683,heavy,89,8cd07364c6977efdcbeab7ea8afe7d342b2fa0b001454a94f36729313b5d3206,1499,False,0,200000,test,249,False
trained,91cd7e7f32276b5dd56d59c9a113e07e9da5d9b8191629cec0d3bfa7901dac08,0.38267698884010315,heavy,90,4aff7910bb302aeb728a0676a77ce4ed79066eb4c2c2672d07f42a2e4859cb1e,1499,False,0,200000,test,191,False
trained,91cd7e7f32276b5dd56d59c9a113e07e9da5d9b8191629cec0d3bfa7901dac08,0.25561878085136414,heavy,91,0f43e8358ba9b96380db8ef1085b5a979dcb8edacfe1df4135c5197a9ca140ad,1499,False,0,200000,test,249,False
trained,91cd7e7f32276b5dd56d59c9a113e07e9da5d9b8191629cec0d3bfa7901dac08,0.440966933965683,heavy,92,c7fbf06eb9f7a3ff449891278c75371a05bbeda44a3a78c0629ee5536c25fd29,1499,False,0,200000,test,249,False
trained,91cd7e7f32276b5dd56d59c9a113e07e9da5d9b8191629cec0d3bfa7901dac08,0.2165585607290268,heavy,93,eeef6dbd599f4dab6f6ab2b5a46e4fd4ff7ad737a50a998ccfa0b344aa633647,1499,False,0,200000,test,249,False
trained,91cd7e7f32276b5dd56d59c9a113e07e9da5d9b8191629cec0d3bfa7901dac08,0.3549533784389496,heavy,94,ab37c57c123156fde8e6b86b5f0a777a7fd18f6042f6b0d169cb66db6026a6be,1499,False,0,200000,test,249,False
trained,91cd7e7f32276b5dd56d59c9a113e07e9da5d9b8191629cec0d3bfa7901dac08,0.38667821884155273,heavy,95,bdec9935f649d9202a5bb541d402d99b3054f2e13735af5c27c645c7720ec6a6,1499,False,0,200000,test,249,False
trained,91cd7e7f32276b5dd56d59c9a113e07e9da5d9b8191629cec0d3bfa7901dac08,0.5550370812416077,heavy,96,77a4cb4293f6536253aa3b66162bc929474a5fdda41df92aafa1ce2fb2b54f2f,1499,False,0,200000,test,249,False
trained,91cd7e7f32276b5dd56d59c9a113e07e9da5d9b8191629cec0d3bfa7901dac08,0.3332008421421051,heavy,97,05dc74adcf4c2c331cd6976dbc6e523a478ec2bb46b0a059bf409e2b6ab8380d,1499,False,0,200000,test,249,False
trained,91cd7e7f32276b5dd56d59c9a113e07e9da5d9b8191629cec0d3bfa7901dac08,0.5360350012779236,heavy,98,9614a090a384d03c1ba35ed51c8a761be752edb2c656aa96e536442b4623fbb4,1499,False,0,200000,test,249,False
trained,91cd7e7f32276b5dd56d59c9a113e07e9da5d9b8191629cec0d3bfa7901dac08,0.3861216902732849,heavy,99,3ebcb8b16e457dee44285c20766d816a9270123bfc42336c2ad468f1648e826a,1499,False,0,200000,test,249,False
trained,91cd7e7f32276b5dd56d59c9a113e07e9da5d9b8191629cec0d3bfa7901dac08,0.44528728723526,heavy,100,d728faeae13a0dfb8614d6ec5fa83d9d01926528230d1e4a7515dd991253d44e,1499,False,0,200000,test,249,False
trained,91cd7e7f32276b5dd56d59c9a113e07e9da5d9b8191629cec0d3bfa7901dac08,0.42528247833251953,heavy,101,b3aaaf7fb53fe114bd0f4f914ec6f63604a4dea9ef1d10a6f5f38a414c506e23,1499,False,0,200000,test,249,False
trained,91cd7e7f32276b5dd56d59c9a113e07e9da5d9b8191629cec0d3bfa7901dac08,0.31431689858436584,heavy,102,d6db2e91ecde8bce14994a00eceb6fa355862d95b278a48d9c674733b6a11a93,1499,False,0,200000,test,249,False
trained,91cd7e7f32276b5dd56d59c9a113e07e9da5d9b8191629cec0d3bfa7901dac08,0.4158565104007721,heavy,103,ad6e487c79125208299f08c8928735d89b232ce06ab0c9f172e1700257dec3ba,1499,False,0,200000,test,249,False
trained,91cd7e7f32276b5dd56d59c9a113e07e9da5d9b8191629cec0d3bfa7901dac08,0.25953391194343567,heavy,104,171f1e8fd988107483be3198d6169967413aa437441cb2af38aad4e6c0c29d2b,1499,False,0,200000,test,249,False
trained,91cd7e7f32276b5dd56d59c9a113e07e9da5d9b8191629cec0d3bfa7901dac08,0.3751735985279083,heavy,105,d4fbe59ca1b5e23829a2ca0a390942ce8c43359e645fcf61a496b0bde1b8b242,1499,False,0,200000,test,249,False
trained,91cd7e7f32276b5dd56d59c9a113e07e9da5d9b8191629cec0d3bfa7901dac08,0.420968234539032,heavy,106,16bda64c3ed4b2a7125ea60381352cdd9795eb598a2e41f9a0c90472667b9049,1499,False,0,200000,test,249,False
trained,91cd7e7f32276b5dd56d59c9a113e07e9da5d9b8191629cec0d3bfa7901dac08,0.35247430205345154,heavy,107,abda65d3f8967994841853f88cd921111e3fbcf69daa542cc27e8d12a27b78ff,1499,False,0,200000,test,149,False
trained,91cd7e7f32276b5dd56d59c9a113e07e9da5d9b8191629cec0d3bfa7901dac08,0.29883772134780884,heavy,108,5bf0c262a762fff765bad21aa5ff21a650118083af7b57a0c8e5a107486f8502,1499,False,0,200000,test,249,False
trained,91cd7e7f32276b5dd56d59c9a113e07e9da5d9b8191629cec0d3bfa7901dac08,0.4130270481109619,heavy,109,5f3fa1ec1db3997ad3c80179949f22956b2a3eabd56590eed2201753ad0b8785,1499,False,0,200000,test,249,False
trained,91cd7e7f32276b5dd56d59c9a113e07e9da5d9b8191629cec0d3bfa7901dac08,0.30002734065055847,heavy,110,043178d9c2e751ba923dc4246946ce8cd9085b9cd92fe45e70317d48179bce16,1499,False,0,200000,test,196,False
trained,91cd7e7f32276b5dd56d59c9a113e07e9da5d9b8191629cec0d3bfa7901dac08,0.33910369873046875,heavy,111,4155b638520a37687a7decb0e0ac3fc027a3c905cfc1c4b5a95d92c95feed3fb,1499,False,0,200000,test,249,False
trained,91cd7e7f32276b5dd56d59c9a113e07e9da5d9b8191629cec0d3bfa7901dac08,0.3436262309551239,heavy,112,69e62f621f40d6b6316746f9e28263ae9a9e3f68871fa02d9246df8190593f15,1499,False,0,200000,test,249,False
trained,91cd7e7f32276b5dd56d59c9a113e07e9da5d9b8191629cec0d3bfa7901dac08,0.4021739065647125,heavy,113,8d61bebf893886b35fc9822c412ba22c1e1f20cc359d68cb7e1ccec8e1880490,1499,False,0,200000,test,249,False
trained,91cd7e7f32276b5dd56d59c9a113e07e9da5d9b8191629cec0d3bfa7901dac08,0.459807813167572,heavy,114,af01fd6e11d268d4fcfc223731a2518813a51b9e6320c707f262dbddfa6a06b6,1499,False,0,200000,test,249,False
trained,91cd7e7f32276b5dd56d59c9a113e07e9da5d9b8191629cec0d3bfa7901dac08,0.32311615347862244,heavy,115,687e231d91f53a4978947b46d60667357734722c526fa2a816df4dc5dcea3922,1499,False,0,200000,test,249,False
trained,91cd7e7f32276b5dd56d59c9a113e07e9da5d9b8191629cec0d3bfa7901dac08,0.342756062746048,heavy,116,a687b62d73d62361cb77a82d90533f46dbbd3b507e0c449919cbc12c0671c15e,1499,False,0,200000,test,249,False
trained,91cd7e7f32276b5dd56d59c9a113e07e9da5d9b8191629cec0d3bfa7901dac08,0.37080681324005127,heavy,117,c1371f77a2e4a3dff1a6b2e0e8731c6be4ec3849db9ea1f8eccb80beba24f770,1499,False,0,200000,test,249,False
trained,91cd7e7f32276b5dd56d59c9a113e07e9da5d9b8191629cec0d3bfa7901dac08,0.3229905068874359,heavy,118,f416e408f0959d1c3540326f2aeb627b0dee0dcab8baa666562435161570aed5,1499,False,0,200000,test,249,False
trained,91cd7e7f32276b5dd56d59c9a113e07e9da5d9b8191629cec0d3bfa7901dac08,0.29962268471717834,heavy,119,782d6ff695cff66ddd1ce6bbdb72609507e294e056b608688a830bfc77a80928,1499,False,0,200000,test,231,False
trained,91cd7e7f32276b5dd56d59c9a113e07e9da5d9b8191629cec0d3bfa7901dac08,0.4740853011608124,heavy,120,d4c3ce95cf2bfbdc65b9285b985120a5914f8e6d31c88c56305fe55926b589ba,1499,False,0,200000,test,249,False
trained,91cd7e7f32276b5dd56d59c9a113e07e9da5d9b8191629cec0d3bfa7901dac08,0.20494315028190613,heavy,121,873fdf34e0ba5ce490935cbc65b233569f73dad143f2bee12f7081b792648119,1499,False,0,200000,test,249,False
trained,91cd7e7f32276b5dd56d59c9a113e07e9da5d9b8191629cec0d3bfa7901dac08,0.33628353476524353,heavy,122,3413699e394218a7a9f1b5077a6fbb87a8ce22c8505e03469888cd7de521bf38,1499,False,0,200000,test,249,False
trained,91cd7e7f32276b5dd56d59c9a113e07e9da5d9b8191629cec0d3bfa7901dac08,0.4157704710960388,heavy,123,c8ae1be88e9046dae3b49b993352b4965163dade87926f37fc8684682ddbf175,1499,False,0,200000,test,249,False
trained,91cd7e7f32276b5dd56d59c9a113e07e9da5d9b8191629cec0d3bfa7901dac08,0.3867407441139221,heavy,124,63cfeca31fe99cb8c7f2a42e8e020136d4a9814d579258b61934dd4b8d0c3e3b,1499,False,0,200000,test,217,False
trained,91cd7e7f32276b5dd56d59c9a113e07e9da5d9b8191629cec0d3bfa7901dac08,0.4229990243911743,heavy,125,a61f5ff0e9fa1133de9c0c75f1c2fb95baaa172b0d1da1561259cd14a90ac00f,1499,False,0,200000,test,249,False
trained,91cd7e7f32276b5dd56d59c9a113e07e9da5d9b8191629cec0d3bfa7901dac08,0.5950915217399597,heavy,126,1b7d8544bfc1139c6bfb56c53bb05cab7a8abd517fe3480928cee8888874c1b2,1499,False,0,200000,test,249,False
trained,91cd7e7f32276b5dd56d59c9a113e07e9da5d9b8191629cec0d3bfa7901dac08,0.41691845655441284,heavy,127,7f890b90f22e11a29f4dfc80b0c9794493d87146b921f15111b45bfca8308814,1499,False,0,200000,test,249,False
trained,91cd7e7f32276b5dd56d59c9a113e07e9da5d9b8191629cec0d3bfa7901dac08,0.46071821451187134,nominal,0,1006ac46f569c93f68480b650fdbf31326934d9305af5f9a0df24078570f38b4,1499,False,0,200000,test,223,False
trained,91cd7e7f32276b5dd56d59c9a113e07e9da5d9b8191629cec0d3bfa7901dac08,0.4052090048789978,nominal,1,6c6e91fb7d31ec5639a5e7f3834dfd0ea25b9f6d3215307f533aff9a778fa121,1499,False,0,200000,test,249,False
trained,91cd7e7f32276b5dd56d59c9a113e07e9da5d9b8191629cec0d3bfa7901dac08,0.3305014371871948,nominal,2,b383541d51cce864de8398bfa13b3ae106f704c54ad15f30693ec0879b66318f,1499,False,0,200000,test,249,False
trained,91cd7e7f32276b5dd56d59c9a113e07e9da5d9b8191629cec0d3bfa7901dac08,0.37520137429237366,nominal,3,92891ab106526cb96c087f32e7ee7093ec0f07c2c0f186409f4bd78980947027,1499,False,0,200000,test,249,False
trained,91cd7e7f32276b5dd56d59c9a113e07e9da5d9b8191629cec0d3bfa7901dac08,0.26559773087501526,nominal,4,0ce50e71de153a5a7dc52462f997c430406adff475f515b64e009f36ba7ecd60,1499,False,0,200000,test,249,False
trained,91cd7e7f32276b5dd56d59c9a113e07e9da5d9b8191629cec0d3bfa7901dac08,0.5261349678039551,nominal,5,23bbe389b02e67f3f18d7a172c7b1041d81fa4819f6384e628774d262df83a08,1499,False,0,200000,test,249,False
trained,91cd7e7f32276b5dd56d59c9a113e07e9da5d9b8191629cec0d3bfa7901dac08,0.3189770579338074,nominal,6,4c8d93f7b7dd25fa691c3c40ce968aa541e217eb214d9b6f721d1b6eabe6db82,1499,False,0,200000,test,89,False
trained,91cd7e7f32276b5dd56d59c9a113e07e9da5d9b8191629cec0d3bfa7901dac08,0.24856476485729218,nominal,7,d3b0361ac339d60c525726af499d4de1d2336a907a38302198501d75d64e5031,1499,False,0,200000,test,249,False
trained,91cd7e7f32276b5dd56d59c9a113e07e9da5d9b8191629cec0d3bfa7901dac08,0.33816105127334595,nominal,8,0fe94752beba95d6adc57053c4d6e911a6f658fc33452a2bc0452b7d198bec8d,1499,False,0,200000,test,249,False
trained,91cd7e7f32276b5dd56d59c9a113e07e9da5d9b8191629cec0d3bfa7901dac08,0.43480393290519714,nominal,9,020d42e18a81b2aa1688f5098e4987f612d4a38265f1cd871b15d807654d811b,1499,False,0,200000,test,152,False
trained,91cd7e7f32276b5dd56d59c9a113e07e9da5d9b8191629cec0d3bfa7901dac08,0.25057753920555115,nominal,10,fbbe93bb96a241421c543d45b53abf9787cbdc9eefcde2a0e83009f091e9c696,1499,False,0,200000,test,249,False
trained,91cd7e7f32276b5dd56d59c9a113e07e9da5d9b8191629cec0d3bfa7901dac08,0.4908672273159027,nominal,11,e7201a7cd4729dd5922ab715a15a85e026f02fde03acce04b948f8047cb07f36,1499,False,0,200000,test,249,False
trained,91cd7e7f32276b5dd56d59c9a113e07e9da5d9b8191629cec0d3bfa7901dac08,0.5299474000930786,nominal,12,17b00f472054d86e12dd4e2a148f60ff5b212d53529b292fe0c89e89ce32b921,1499,False,0,200000,test,249,False
trained,91cd7e7f32276b5dd56d59c9a113e07e9da5d9b8191629cec0d3bfa7901dac08,0.3380330502986908,nominal,13,d8763f997b16fda62370f05b3eac4f14116fe1a12a5355172468728f9659dc66,1499,False,0,200000,test,184,False
trained,91cd7e7f32276b5dd56d59c9a113e07e9da5d9b8191629cec0d3bfa7901dac08,0.3464921712875366,nominal,14,3e6330a9ae4cdd172643670198e572139c46d592018d86168cd8e94e5b914faf,1499,False,0,200000,test,249,False
trained,91cd7e7f32276b5dd56d59c9a113e07e9da5d9b8191629cec0d3bfa7901dac08,0.35648301243782043,nominal,15,b07878a684715e8a43f249daf8f0ec8a42903960bbd8cc16e38a5677c5ecba02,1499,False,0,200000,test,249,False
trained,91cd7e7f32276b5dd56d59c9a113e07e9da5d9b8191629cec0d3bfa7901dac08,0.36756375432014465,nominal,16,d9a4d2c50eb0f21abeccefc6a7650336254b214898a034afc0630cae77885a15,1499,False,0,200000,test,249,False
trained,91cd7e7f32276b5dd56d59c9a113e07e9da5d9b8191629cec0d3bfa7901dac08,0.266522079706192,nominal,17,e80da798aac25ec71c9549ed57244a29ddbef463df51d81b5657abeaaf277cec,1499,False,0,200000,test,249,False
trained,91cd7e7f32276b5dd56d59c9a113e07e9da5d9b8191629cec0d3bfa7901dac08,0.3362674415111542,nominal,18,3a3408357fc2d01619fd8c3ed07f7ba90de43ff8cba31e4bd811450d9283c03e,1499,False,0,200000,test,249,False
trained,91cd7e7f32276b5dd56d59c9a113e07e9da5d9b8191629cec0d3bfa7901dac08,0.345954567193985,nominal,19,466efe0e3ec20c227fe0d24dd343855524ade7e2f603010a4b7b774374a6cfcb,1499,False,0,200000,test,249,False
trained,91cd7e7f32276b5dd56d59c9a113e07e9da5d9b8191629cec0d3bfa7901dac08,0.4284634292125702,nominal,20,a41f67c545627cc3633a4f8b01351858f03c4ac8df8b18412db799f7af47b098,1499,False,0,200000,test,249,False
trained,91cd7e7f32276b5dd56d59c9a113e07e9da5d9b8191629cec0d3bfa7901dac08,0.26844310760498047,nominal,21,154671fae8a6ed40c4df9ba29a97c10f325bf85a2433de091361974955ac9838,1499,False,0,200000,test,249,False
trained,91cd7e7f32276b5dd56d59c9a113e07e9da5d9b8191629cec0d3bfa7901dac08,0.33489176630973816,nominal,22,dcb1b868d423c85ae2eabcbd624e14f11fde46d5d564487f665a978e12f3fa39,1499,False,0,200000,test,249,False
trained,91cd7e7f32276b5dd56d59c9a113e07e9da5d9b8191629cec0d3bfa7901dac08,0.49080294370651245,nominal,23,28309eb0cad85fd2186cc9308f83f91e1af688aacf3fe0015b80d75062e26f26,1499,False,0,200000,test,249,False
trained,91cd7e7f32276b5dd56d59c9a113e07e9da5d9b8191629cec0d3bfa7901dac08,0.22685885429382324,nominal,24,9b499542707aaec72301ff294d44ff2f3d8a011addc421f9257f8aefa0c11640,1499,False,0,200000,test,249,False
trained,91cd7e7f32276b5dd56d59c9a113e07e9da5d9b8191629cec0d3bfa7901dac08,0.6091908812522888,nominal,25,a61543bd631c5e45ed4bab1a99926aced18e04c0ce41fdc5a78d36fdd255a14e,1499,False,0,200000,test,249,False
trained,91cd7e7f32276b5dd56d59c9a113e07e9da5d9b8191629cec0d3bfa7901dac08,0.27157267928123474,nominal,26,7bc846ae43b5cbcf0891bfc04b9e5a6a972cdc6a5423c0ac36d1470b3c936b96,1499,False,0,200000,test,249,False
trained,91cd7e7f32276b5dd56d59c9a113e07e9da5d9b8191629cec0d3bfa7901dac08,0.43033266067504883,nominal,27,5c45ae94d4f9b11183715d0b4edd62025055f19da0e8593a9d156e6013403ce2,1499,False,0,200000,test,249,False
trained,91cd7e7f32276b5dd56d59c9a113e07e9da5d9b8191629cec0d3bfa7901dac08,0.34539103507995605,nominal,28,9e15cde33dbf7f54942180b5b22353b12b112ec17a20d73c5c8d8e75728ce772,1499,False,0,200000,test,249,False
trained,91cd7e7f32276b5dd56d59c9a113e07e9da5d9b8191629cec0d3bfa7901dac08,0.48903244733810425,nominal,29,11d62c1256d4c6da7059892a327ce1154900fd8aa0ea7c39991fce0764a00ec3,1499,False,0,200000,test,249,False
trained,91cd7e7f32276b5dd56d59c9a113e07e9da5d9b8191629cec0d3bfa7901dac08,0.43361690640449524,nominal,30,0e10457a7f3e547a85007dcc28e602d274bbbc5badf7405a696742cdebfee3c2,1499,False,0,200000,test,249,False
trained,91cd7e7f32276b5dd56d59c9a113e07e9da5d9b8191629cec0d3bfa7901dac08,0.33604902029037476,nominal,31,1c238bfac4aca4f2f8ee416c6ef99e62aca9ed5f8bbf832f1d15f742d2002460,1499,False,0,200000,test,249,False
trained,91cd7e7f32276b5dd56d59c9a113e07e9da5d9b8191629cec0d3bfa7901dac08,0.4367046654224396,nominal,32,e509a766c3f40f8d2f63f3fda33390b771d8423385254e931ddaffb4db985712,1499,False,0,200000,test,248,False
trained,91cd7e7f32276b5dd56d59c9a113e07e9da5d9b8191629cec0d3bfa7901dac08,0.5219456553459167,nominal,33,f2930f3a766816f70bdd184269c16945ecaa245aac4bacca8ddbb6b97812ab95,1499,False,0,200000,test,249,False
trained,91cd7e7f32276b5dd56d59c9a113e07e9da5d9b8191629cec0d3bfa7901dac08,0.3280859589576721,nominal,34,3fb4578d39e7ddb3577ff33251ede8e62931db0d38f70b07dcde57b5d88a198a,1499,False,0,200000,test,249,False
trained,91cd7e7f32276b5dd56d59c9a113e07e9da5d9b8191629cec0d3bfa7901dac08,0.4863607883453369,nominal,35,53612294420ed663f849f37dbd33fe4755782ba369daa40575ec9cbad47afdf1,1499,False,0,200000,test,249,False
trained,91cd7e7f32276b5dd56d59c9a113e07e9da5d9b8191629cec0d3bfa7901dac08,0.27949967980384827,nominal,36,720361ee52be951f5aefde8c073bb8fd9770c73ef3c06a0cd2ccf37f699f0885,1499,False,0,200000,test,249,False
trained,91cd7e7f32276b5dd56d59c9a113e07e9da5d9b8191629cec0d3bfa7901dac08,0.47429201006889343,nominal,37,76488ce6a6c1c520f19fbaffc611c8bfb22b448d446774452fd589fa1822ad10,1499,False,0,200000,test,249,False
trained,91cd7e7f32276b5dd56d59c9a113e07e9da5d9b8191629cec0d3bfa7901dac08,0.364657998085022,nominal,38,719bdc2b5150f5a70c89843eceeb269fd2b1c3ebcc41a7bbef501eef20f3bf22,1499,False,0,200000,test,249,False
trained,91cd7e7f32276b5dd56d59c9a113e07e9da5d9b8191629cec0d3bfa7901dac08,0.24874499440193176,nominal,39,f7aa7ae9186d7663db3cc2424e63c06de69bb2c4976fd66eaf8fea5f71892149,1499,False,0,200000,test,249,False
trained,91cd7e7f32276b5dd56d59c9a113e07e9da5d9b8191629cec0d3bfa7901dac08,0.4200812876224518,nominal,40,beb1997c7a8766f83d216a45b17cd418c009429dab21b25cc1dc1f0e2e3d3859,1499,False,0,200000,test,99,False
trained,91cd7e7f32276b5dd56d59c9a113e07e9da5d9b8191629cec0d3bfa7901dac08,0.4212871491909027,nominal,41,fa993d146333431150f436728262ec9eb359182e1f57a8f1506f40be6b0f8ae4,1499,False,0,200000,test,249,False
trained,91cd7e7f32276b5dd56d59c9a113e07e9da5d9b8191629cec0d3bfa7901dac08,0.2407333254814148,nominal,42,8ed80f3752349f6c9c518720859b8dc8a87347e8cf3b25f272c8ee661aa9e1f5,1499,False,0,200000,test,249,False
trained,91cd7e7f32276b5dd56d59c9a113e07e9da5d9b8191629cec0d3bfa7901dac08,0.29051896929740906,nominal,43,3238e31a810c8c68c31f98381cc82f7a253f031052b77799daebe39110714e57,1499,False,0,200000,test,249,False
trained,91cd7e7f32276b5dd56d59c9a113e07e9da5d9b8191629cec0d3bfa7901dac08,0.4631820619106293,nominal,44,3fc05f66ad8cbc89df6e761c99565add28915f4fec8331e0f95d072bca634451,1499,False,0,200000,test,249,False
trained,91cd7e7f32276b5dd56d59c9a113e07e9da5d9b8191629cec0d3bfa7901dac08,0.5283924341201782,nominal,45,6975082383198d4e72859e029bf9a0c1d2d883243daf54f0524033c45908d390,1499,False,0,200000,test,249,False
trained,91cd7e7f32276b5dd56d59c9a113e07e9da5d9b8191629cec0d3bfa7901dac08,0.426204115152359,nominal,46,8a5fba441c0e9249bf5f70d7e8d2f21d53f688db2074b0207ddf8a070a847d1a,1499,False,0,200000,test,249,False
trained,91cd7e7f32276b5dd56d59c9a113e07e9da5d9b8191629cec0d3bfa7901dac08,0.42482423782348633,nominal,47,86c702398cf9c83c765d3061b41bda5da976271f9f595b1b2a618b76f59d36b5,1499,False,0,200000,test,249,False
trained,91cd7e7f32276b5dd56d59c9a113e07e9da5d9b8191629cec0d3bfa7901dac08,0.47570762038230896,nominal,48,7af3d925fae0c3c751cc1218deac7fa3819409a968c312ab7e76a4f78278c6c5,1499,False,0,200000,test,249,False
trained,91cd7e7f32276b5dd56d59c9a113e07e9da5d9b8191629cec0d3bfa7901dac08,0.5038239359855652,nominal,49,a143d7774578772618880f396a605b63614255bdbfb7e73c7c27baa6b2dab068,1499,False,0,200000,test,249,False
trained,91cd7e7f32276b5dd56d59c9a113e07e9da5d9b8191629cec0d3bfa7901dac08,0.26578494906425476,nominal,50,f518f5d8a9af7448386787e6208b320a572486bb07fb9e82a17c32a67a8c6e29,1499,False,0,200000,test,249,False
trained,91cd7e7f32276b5dd56d59c9a113e07e9da5d9b8191629cec0d3bfa7901dac08,0.22366739809513092,nominal,51,8167e1105624e5c3e76f4562fd0cc239d7b8b2b43897133a32604c50974b0bad,1499,False,0,200000,test,164,False
trained,91cd7e7f32276b5dd56d59c9a113e07e9da5d9b8191629cec0d3bfa7901dac08,0.2943613529205322,nominal,52,68914e3446a0eedb9db819521cb9bd1c1b6022c01eb53b41c4f81e1a0caade6f,1499,False,0,200000,test,249,False
trained,91cd7e7f32276b5dd56d59c9a113e07e9da5d9b8191629cec0d3bfa7901dac08,0.2757757008075714,nominal,53,cb7cc07d7d10bad7fbf8139238534d0c3c5d7ee1cba0c9b47ec950175e462b52,1499,False,0,200000,test,249,False
trained,91cd7e7f32276b5dd56d59c9a113e07e9da5d9b8191629cec0d3bfa7901dac08,0.43012917041778564,nominal,54,3ef899140e78357fa148940bbc451d6521117c175c62a86d7d8853b15c1db267,1499,False,0,200000,test,249,False
trained,91cd7e7f32276b5dd56d59c9a113e07e9da5d9b8191629cec0d3bfa7901dac08,0.33973023295402527,nominal,55,c1714e8d391f50c92daf041f380ef0351fe5fec22c4fa903699d884bc7906fe2,1499,False,0,200000,test,249,False
trained,91cd7e7f32276b5dd56d59c9a113e07e9da5d9b8191629cec0d3bfa7901dac08,0.45887601375579834,nominal,56,20f2202fa1332d161f40574ee265310606d026cdd1a1463955da4b67a22ceb5f,1499,False,0,200000,test,249,False
trained,91cd7e7f32276b5dd56d59c9a113e07e9da5d9b8191629cec0d3bfa7901dac08,0.3473263382911682,nominal,57,d1adde525b52543389b2893d6f70f5e04ff9b55c235dc30d7a1a7c2c17a8e9ca,1499,False,0,200000,test,249,False
trained,91cd7e7f32276b5dd56d59c9a113e07e9da5d9b8191629cec0d3bfa7901dac08,0.442397803068161,nominal,58,c1a1da15715bc452e74f8132f8e075f5199608e314324788ba883d7d8f66474e,1499,False,0,200000,test,249,False
trained,91cd7e7f32276b5dd56d59c9a113e07e9da5d9b8191629cec0d3bfa7901dac08,0.30013328790664673,nominal,59,d7175c1cf9d66fbc03c9af040cfdfce84a56134d60c607754277f7d9a44053a7,1499,False,0,200000,test,114,False
trained,91cd7e7f32276b5dd56d59c9a113e07e9da5d9b8191629cec0d3bfa7901dac08,0.4046974778175354,nominal,60,c7ea1d672fb377c531b1ce319750b7eda4f5b12fed04000c9fc936039c67f1ea,1499,False,0,200000,test,249,False
trained,91cd7e7f32276b5dd56d59c9a113e07e9da5d9b8191629cec0d3bfa7901dac08,0.36760133504867554,nominal,61,210699a25e429d7817d4743456d34be8b6dfc161fb80435938378fa29b3e451e,1499,False,0,200000,test,249,False
trained,91cd7e7f32276b5dd56d59c9a113e07e9da5d9b8191629cec0d3bfa7901dac08,0.27960142493247986,nominal,62,9e5c3a669783f4c24f406042fd7ad3005f8396c6b0302e470b4e8ffd5df03655,1499,False,0,200000,test,249,False
trained,91cd7e7f32276b5dd56d59c9a113e07e9da5d9b8191629cec0d3bfa7901dac08,0.451910138130188,nominal,63,1943fbc8ee86a753fe36ec17d5559e8c4412c7fc66dc3a497fdf101f575181a2,1499,False,0,200000,test,249,False
trained,91cd7e7f32276b5dd56d59c9a113e07e9da5d9b8191629cec0d3bfa7901dac08,0.35687342286109924,nominal,64,d47ccd7dbca953081c48b3ed3143d6b0a80fcf2cdcd170a0dbc633c7608a0886,1499,False,0,200000,test,249,False
trained,91cd7e7f32276b5dd56d59c9a113e07e9da5d9b8191629cec0d3bfa7901dac08,0.2759148180484772,nominal,65,38f998a161f86bc5e351ec4a8d0c448d84af5742bfe9dbc86573ef073a06e80d,1499,False,0,200000,test,249,False
trained,91cd7e7f32276b5dd56d59c9a113e07e9da5d9b8191629cec0d3bfa7901dac08,0.39295563101768494,nominal,66,afce72db834e1b9f5595ead1ecb6027a712678c2d9b0f3da010a6b3cf644aa9f,1499,False,0,200000,test,249,False
trained,91cd7e7f32276b5dd56d59c9a113e07e9da5d9b8191629cec0d3bfa7901dac08,0.3404257893562317,nominal,67,91a57c9faecc15833c92e04acdf09535fae208aacb93f68aa20f574883cad8fa,1499,False,0,200000,test,162,False
trained,91cd7e7f32276b5dd56d59c9a113e07e9da5d9b8191629cec0d3bfa7901dac08,0.4271341860294342,nominal,68,48b45ff817dc56db16b184dd88f26a376d460f69093e237f24a4d6d7744bdea9,1499,False,0,200000,test,249,False
trained,91cd7e7f32276b5dd56d59c9a113e07e9da5d9b8191629cec0d3bfa7901dac08,0.2526403069496155,nominal,69,1ff6fa05c5d2a3044de00bd98d8803f2ad5ddb13f97201d468110bba89f8f095,1499,False,0,200000,test,249,False
trained,91cd7e7f32276b5dd56d59c9a113e07e9da5d9b8191629cec0d3bfa7901dac08,0.3763953447341919,nominal,70,68f84e890ee756fb375bafd3a10dee54284210dfba712e8a3367249e145ac701,1499,False,0,200000,test,249,False
trained,91cd7e7f32276b5dd56d59c9a113e07e9da5d9b8191629cec0d3bfa7901dac08,0.3704914152622223,nominal,71,a2ce5abb873866ad8b5f79398586bd073fad3e68148978388a6d2a99bfabc9dc,1499,False,0,200000,test,249,False
trained,91cd7e7f32276b5dd56d59c9a113e07e9da5d9b8191629cec0d3bfa7901dac08,0.37665432691574097,nominal,72,95c60544869e809da3ca8d21dbab8d5da96c20d9fa401fdf1af352b4ad037c71,1499,False,0,200000,test,249,False
trained,91cd7e7f32276b5dd56d59c9a113e07e9da5d9b8191629cec0d3bfa7901dac08,0.4787905812263489,nominal,73,86b37d5efd76d46cade13612868ca6671988d786c61b4fb132d6a2da467aa063,1499,False,0,200000,test,168,False
trained,91cd7e7f32276b5dd56d59c9a113e07e9da5d9b8191629cec0d3bfa7901dac08,0.4065781235694885,nominal,74,a6cb53189d8a0fcde26b0cc4d7f65ca6fa4e103cf1c438a53cb7a4596b32251a,1499,False,0,200000,test,249,False
trained,91cd7e7f32276b5dd56d59c9a113e07e9da5d9b8191629cec0d3bfa7901dac08,0.25071054697036743,nominal,75,e7f0d69e6a3b00c166322ecad23a03296ad2fd3a64cdc461ca2280b2abd16b63,1499,False,0,200000,test,249,False
trained,91cd7e7f32276b5dd56d59c9a113e07e9da5d9b8191629cec0d3bfa7901dac08,0.433077335357666,nominal,76,4304e5b04fea123e106f828325673692bb247132e3e404e05a6dbca4bc0df9df,1499,False,0,200000,test,249,False
trained,91cd7e7f32276b5dd56d59c9a113e07e9da5d9b8191629cec0d3bfa7901dac08,0.25079289078712463,nominal,77,1b9bf2129f999c669e0425e2409918837e474896cfed98cef362b5be87588769,1499,False,0,200000,test,249,False
trained,91cd7e7f32276b5dd56d59c9a113e07e9da5d9b8191629cec0d3bfa7901dac08,0.34118467569351196,nominal,78,6d22199e7b130fef9473eac3e79ec6a3ed0dbc730b4d083c8b5c72f5b39cdeb7,1499,False,0,200000,test,249,False
trained,91cd7e7f32276b5dd56d59c9a113e07e9da5d9b8191629cec0d3bfa7901dac08,0.36906203627586365,nominal,79,99f26d6cb00d9aa1160b35f509beab9262ff8a632328e3c60f48afec288e408c,1499,False,0,200000,test,249,False
trained,91cd7e7f32276b5dd56d59c9a113e07e9da5d9b8191629cec0d3bfa7901dac08,0.5607602000236511,nominal,80,4797fb72f166ae23e949f8d11577ec7cc4b0614fedf638d17e6660e17c6d13c7,1499,False,0,200000,test,249,False
trained,91cd7e7f32276b5dd56d59c9a113e07e9da5d9b8191629cec0d3bfa7901dac08,0.30532708764076233,nominal,81,1ff366fecd976db6ff3a241e2145633a75b4efbb3a1853679cc678d4b95c9f7b,1499,False,0,200000,test,249,False
trained,91cd7e7f32276b5dd56d59c9a113e07e9da5d9b8191629cec0d3bfa7901dac08,0.2384931892156601,nominal,82,1ace284355e86edac562c13137e747bd8249132cdad005cec9ac11bf6643c9fe,1499,False,0,200000,test,249,False
trained,91cd7e7f32276b5dd56d59c9a113e07e9da5d9b8191629cec0d3bfa7901dac08,0.22767774760723114,nominal,83,a2058059d1d163ec4b01d18c5a56f44bada279b5ebd5a1ac9e885aed7c49a6f6,1499,False,0,200000,test,249,False
trained,91cd7e7f32276b5dd56d59c9a113e07e9da5d9b8191629cec0d3bfa7901dac08,0.43479835987091064,nominal,84,e372d694ade33ddfe45b4d8d081c749c2d7e6cc56208457bb98eccd23e9d7590,1499,False,0,200000,test,249,False
trained,91cd7e7f32276b5dd56d59c9a113e07e9da5d9b8191629cec0d3bfa7901dac08,0.32251933217048645,nominal,85,81ebfc8d82e39804d11c7a30e022d7e9f33dff61009eb1decab78c1c9853bd0a,1499,False,0,200000,test,249,False
trained,91cd7e7f32276b5dd56d59c9a113e07e9da5d9b8191629cec0d3bfa7901dac08,0.37888413667678833,nominal,86,2ec7d5d48492dbbb6de2cb23a5982f3faf0f2caac56d6646194e06025ffd118a,1499,False,0,200000,test,249,False
trained,91cd7e7f32276b5dd56d59c9a113e07e9da5d9b8191629cec0d3bfa7901dac08,0.5395696759223938,nominal,87,cc490f6f3a60e2257b5c08db1f281be41b1e61669e2920bbbf915951b1f9dd09,1499,False,0,200000,test,149,False
trained,91cd7e7f32276b5dd56d59c9a113e07e9da5d9b8191629cec0d3bfa7901dac08,0.3339294493198395,nominal,88,a1873710ede77fb581b50bd45afbcdb8e2216a7bac73d8ffdf30cda2847b2fb6,1499,False,0,200000,test,249,False
trained,91cd7e7f32276b5dd56d59c9a113e07e9da5d9b8191629cec0d3bfa7901dac08,0.29010146856307983,nominal,89,8cd07364c6977efdcbeab7ea8afe7d342b2fa0b001454a94f36729313b5d3206,1499,False,0,200000,test,249,False
trained,91cd7e7f32276b5dd56d59c9a113e07e9da5d9b8191629cec0d3bfa7901dac08,0.38267698884010315,nominal,90,4aff7910bb302aeb728a0676a77ce4ed79066eb4c2c2672d07f42a2e4859cb1e,1499,False,0,200000,test,249,False
trained,91cd7e7f32276b5dd56d59c9a113e07e9da5d9b8191629cec0d3bfa7901dac08,0.2504894435405731,nominal,91,0f43e8358ba9b96380db8ef1085b5a979dcb8edacfe1df4135c5197a9ca140ad,1499,False,0,200000,test,249,False
trained,91cd7e7f32276b5dd56d59c9a113e07e9da5d9b8191629cec0d3bfa7901dac08,0.440966933965683,nominal,92,c7fbf06eb9f7a3ff449891278c75371a05bbeda44a3a78c0629ee5536c25fd29,1499,False,0,200000,test,249,False
trained,91cd7e7f32276b5dd56d59c9a113e07e9da5d9b8191629cec0d3bfa7901dac08,0.2165585607290268,nominal,93,eeef6dbd599f4dab6f6ab2b5a46e4fd4ff7ad737a50a998ccfa0b344aa633647,1499,False,0,200000,test,249,False
trained,91cd7e7f32276b5dd56d59c9a113e07e9da5d9b8191629cec0d3bfa7901dac08,0.3549533784389496,nominal,94,ab37c57c123156fde8e6b86b5f0a777a7fd18f6042f6b0d169cb66db6026a6be,1499,False,0,200000,test,249,False
trained,91cd7e7f32276b5dd56d59c9a113e07e9da5d9b8191629cec0d3bfa7901dac08,0.38667821884155273,nominal,95,bdec9935f649d9202a5bb541d402d99b3054f2e13735af5c27c645c7720ec6a6,1499,False,0,200000,test,232,False
trained,91cd7e7f32276b5dd56d59c9a113e07e9da5d9b8191629cec0d3bfa7901dac08,0.5550370812416077,nominal,96,77a4cb4293f6536253aa3b66162bc929474a5fdda41df92aafa1ce2fb2b54f2f,1499,False,0,200000,test,249,False
trained,91cd7e7f32276b5dd56d59c9a113e07e9da5d9b8191629cec0d3bfa7901dac08,0.3332008421421051,nominal,97,05dc74adcf4c2c331cd6976dbc6e523a478ec2bb46b0a059bf409e2b6ab8380d,1499,False,0,200000,test,249,False
trained,91cd7e7f32276b5dd56d59c9a113e07e9da5d9b8191629cec0d3bfa7901dac08,0.5360350012779236,nominal,98,9614a090a384d03c1ba35ed51c8a761be752edb2c656aa96e536442b4623fbb4,1499,False,0,200000,test,125,False
trained,91cd7e7f32276b5dd56d59c9a113e07e9da5d9b8191629cec0d3bfa7901dac08,0.3861216902732849,nominal,99,3ebcb8b16e457dee44285c20766d816a9270123bfc42336c2ad468f1648e826a,1499,False,0,200000,test,249,False
trained,91cd7e7f32276b5dd56d59c9a113e07e9da5d9b8191629cec0d3bfa7901dac08,0.44528728723526,nominal,100,d728faeae13a0dfb8614d6ec5fa83d9d01926528230d1e4a7515dd991253d44e,1499,False,0,200000,test,249,False
trained,91cd7e7f32276b5dd56d59c9a113e07e9da5d9b8191629cec0d3bfa7901dac08,0.4314500093460083,nominal,101,b3aaaf7fb53fe114bd0f4f914ec6f63604a4dea9ef1d10a6f5f38a414c506e23,1499,False,0,200000,test,249,False
trained,91cd7e7f32276b5dd56d59c9a113e07e9da5d9b8191629cec0d3bfa7901dac08,0.3285446763038635,nominal,102,d6db2e91ecde8bce14994a00eceb6fa355862d95b278a48d9c674733b6a11a93,1499,False,0,200000,test,249,False
trained,91cd7e7f32276b5dd56d59c9a113e07e9da5d9b8191629cec0d3bfa7901dac08,0.4158565104007721,nominal,103,ad6e487c79125208299f08c8928735d89b232ce06ab0c9f172e1700257dec3ba,1499,False,0,200000,test,249,False
trained,91cd7e7f32276b5dd56d59c9a113e07e9da5d9b8191629cec0d3bfa7901dac08,0.2604540288448334,nominal,104,171f1e8fd988107483be3198d6169967413aa437441cb2af38aad4e6c0c29d2b,1499,False,0,200000,test,249,False
trained,91cd7e7f32276b5dd56d59c9a113e07e9da5d9b8191629cec0d3bfa7901dac08,0.3751735985279083,nominal,105,d4fbe59ca1b5e23829a2ca0a390942ce8c43359e645fcf61a496b0bde1b8b242,1499,False,0,200000,test,249,False
trained,91cd7e7f32276b5dd56d59c9a113e07e9da5d9b8191629cec0d3bfa7901dac08,0.420968234539032,nominal,106,16bda64c3ed4b2a7125ea60381352cdd9795eb598a2e41f9a0c90472667b9049,1499,False,0,200000,test,249,False
trained,91cd7e7f32276b5dd56d59c9a113e07e9da5d9b8191629cec0d3bfa7901dac08,0.35247430205345154,nominal,107,abda65d3f8967994841853f88cd921111e3fbcf69daa542cc27e8d12a27b78ff,1499,False,0,200000,test,249,False
trained,91cd7e7f32276b5dd56d59c9a113e07e9da5d9b8191629cec0d3bfa7901dac08,0.29883772134780884,nominal,108,5bf0c262a762fff765bad21aa5ff21a650118083af7b57a0c8e5a107486f8502,1499,False,0,200000,test,249,False
trained,91cd7e7f32276b5dd56d59c9a113e07e9da5d9b8191629cec0d3bfa7901dac08,0.4082637429237366,nominal,109,5f3fa1ec1db3997ad3c80179949f22956b2a3eabd56590eed2201753ad0b8785,1499,False,0,200000,test,249,False
trained,91cd7e7f32276b5dd56d59c9a113e07e9da5d9b8191629cec0d3bfa7901dac08,0.30002734065055847,nominal,110,043178d9c2e751ba923dc4246946ce8cd9085b9cd92fe45e70317d48179bce16,1499,False,0,200000,test,171,False
trained,91cd7e7f32276b5dd56d59c9a113e07e9da5d9b8191629cec0d3bfa7901dac08,0.33910369873046875,nominal,111,4155b638520a37687a7decb0e0ac3fc027a3c905cfc1c4b5a95d92c95feed3fb,1499,False,0,200000,test,249,False
trained,91cd7e7f32276b5dd56d59c9a113e07e9da5d9b8191629cec0d3bfa7901dac08,0.29437339305877686,nominal,112,69e62f621f40d6b6316746f9e28263ae9a9e3f68871fa02d9246df8190593f15,1499,False,0,200000,test,249,False
trained,91cd7e7f32276b5dd56d59c9a113e07e9da5d9b8191629cec0d3bfa7901dac08,0.4278947710990906,nominal,113,8d61bebf893886b35fc9822c412ba22c1e1f20cc359d68cb7e1ccec8e1880490,1499,False,0,200000,test,249,False
trained,91cd7e7f32276b5dd56d59c9a113e07e9da5d9b8191629cec0d3bfa7901dac08,0.459807813167572,nominal,114,af01fd6e11d268d4fcfc223731a2518813a51b9e6320c707f262dbddfa6a06b6,1499,False,0,200000,test,249,False
trained,91cd7e7f32276b5dd56d59c9a113e07e9da5d9b8191629cec0d3bfa7901dac08,0.32311615347862244,nominal,115,687e231d91f53a4978947b46d60667357734722c526fa2a816df4dc5dcea3922,1499,False,0,200000,test,249,False
trained,91cd7e7f32276b5dd56d59c9a113e07e9da5d9b8191629cec0d3bfa7901dac08,0.342756062746048,nominal,116,a687b62d73d62361cb77a82d90533f46dbbd3b507e0c449919cbc12c0671c15e,1499,False,0,200000,test,249,False
trained,91cd7e7f32276b5dd56d59c9a113e07e9da5d9b8191629cec0d3bfa7901dac08,0.37080681324005127,nominal,117,c1371f77a2e4a3dff1a6b2e0e8731c6be4ec3849db9ea1f8eccb80beba24f770,1499,False,0,200000,test,249,False
trained,91cd7e7f32276b5dd56d59c9a113e07e9da5d9b8191629cec0d3bfa7901dac08,0.3229905068874359,nominal,118,f416e408f0959d1c3540326f2aeb627b0dee0dcab8baa666562435161570aed5,1499,False,0,200000,test,249,False
trained,91cd7e7f32276b5dd56d59c9a113e07e9da5d9b8191629cec0d3bfa7901dac08,0.2989973723888397,nominal,119,782d6ff695cff66ddd1ce6bbdb72609507e294e056b608688a830bfc77a80928,1499,False,0,200000,test,249,False
trained,91cd7e7f32276b5dd56d59c9a113e07e9da5d9b8191629cec0d3bfa7901dac08,0.47831425070762634,nominal,120,d4c3ce95cf2bfbdc65b9285b985120a5914f8e6d31c88c56305fe55926b589ba,1499,False,0,200000,test,249,False
trained,91cd7e7f32276b5dd56d59c9a113e07e9da5d9b8191629cec0d3bfa7901dac08,0.20494315028190613,nominal,121,873fdf34e0ba5ce490935cbc65b233569f73dad143f2bee12f7081b792648119,1499,False,0,200000,test,249,False
trained,91cd7e7f32276b5dd56d59c9a113e07e9da5d9b8191629cec0d3bfa7901dac08,0.338871031999588,nominal,122,3413699e394218a7a9f1b5077a6fbb87a8ce22c8505e03469888cd7de521bf38,1499,False,0,200000,test,249,False
trained,91cd7e7f32276b5dd56d59c9a113e07e9da5d9b8191629cec0d3bfa7901dac08,0.37943509221076965,nominal,123,c8ae1be88e9046dae3b49b993352b4965163dade87926f37fc8684682ddbf175,1499,False,0,200000,test,121,False
trained,91cd7e7f32276b5dd56d59c9a113e07e9da5d9b8191629cec0d3bfa7901dac08,0.3867407441139221,nominal,124,63cfeca31fe99cb8c7f2a42e8e020136d4a9814d579258b61934dd4b8d0c3e3b,1499,False,0,200000,test,249,False
trained,91cd7e7f32276b5dd56d59c9a113e07e9da5d9b8191629cec0d3bfa7901dac08,0.38831210136413574,nominal,125,a61f5ff0e9fa1133de9c0c75f1c2fb95baaa172b0d1da1561259cd14a90ac00f,1499,False,0,200000,test,249,False
trained,91cd7e7f32276b5dd56d59c9a113e07e9da5d9b8191629cec0d3bfa7901dac08,0.5950915217399597,nominal,126,1b7d8544bfc1139c6bfb56c53bb05cab7a8abd517fe3480928cee8888874c1b2,1499,False,0,200000,test,249,False
trained,91cd7e7f32276b5dd56d59c9a113e07e9da5d9b8191629cec0d3bfa7901dac08,0.41691845655441284,nominal,127,7f890b90f22e11a29f4dfc80b0c9794493d87146b921f15111b45bfca8308814,1499,False,0,200000,test,249,False
trained,91cd7e7f32276b5dd56d59c9a113e07e9da5d9b8191629cec0d3bfa7901dac08,0.4925910532474518,slippery,0,1006ac46f569c93f68480b650fdbf31326934d9305af5f9a0df24078570f38b4,1499,False,0,200000,test,209,False
trained,91cd7e7f32276b5dd56d59c9a113e07e9da5d9b8191629cec0d3bfa7901dac08,0.41783320903778076,slippery,1,6c6e91fb7d31ec5639a5e7f3834dfd0ea25b9f6d3215307f533aff9a778fa121,1499,False,0,200000,test,249,False
trained,91cd7e7f32276b5dd56d59c9a113e07e9da5d9b8191629cec0d3bfa7901dac08,0.3305014371871948,slippery,2,b383541d51cce864de8398bfa13b3ae106f704c54ad15f30693ec0879b66318f,1499,False,0,200000,test,249,False
trained,91cd7e7f32276b5dd56d59c9a113e07e9da5d9b8191629cec0d3bfa7901dac08,0.37520137429237366,slippery,3,92891ab106526cb96c087f32e7ee7093ec0f07c2c0f186409f4bd78980947027,1499,False,0,200000,test,222,False
trained,91cd7e7f32276b5dd56d59c9a113e07e9da5d9b8191629cec0d3bfa7901dac08,0.26559773087501526,slippery,4,0ce50e71de153a5a7dc52462f997c430406adff475f515b64e009f36ba7ecd60,1499,False,0,200000,test,249,False
trained,91cd7e7f32276b5dd56d59c9a113e07e9da5d9b8191629cec0d3bfa7901dac08,0.5261349678039551,slippery,5,23bbe389b02e67f3f18d7a172c7b1041d81fa4819f6384e628774d262df83a08,1499,False,0,200000,test,181,False
trained,91cd7e7f32276b5dd56d59c9a113e07e9da5d9b8191629cec0d3bfa7901dac08,0.3189770579338074,slippery,6,4c8d93f7b7dd25fa691c3c40ce968aa541e217eb214d9b6f721d1b6eabe6db82,1499,False,0,200000,test,66,False
trained,91cd7e7f32276b5dd56d59c9a113e07e9da5d9b8191629cec0d3bfa7901dac08,0.24856476485729218,slippery,7,d3b0361ac339d60c525726af499d4de1d2336a907a38302198501d75d64e5031,1499,False,0,200000,test,249,False
trained,91cd7e7f32276b5dd56d59c9a113e07e9da5d9b8191629cec0d3bfa7901dac08,0.3568238914012909,slippery,8,0fe94752beba95d6adc57053c4d6e911a6f658fc33452a2bc0452b7d198bec8d,1499,False,0,200000,test,111,False
trained,91cd7e7f32276b5dd56d59c9a113e07e9da5d9b8191629cec0d3bfa7901dac08,0.5765707492828369,slippery,9,020d42e18a81b2aa1688f5098e4987f612d4a38265f1cd871b15d807654d811b,1499,False,0,200000,test,249,False
trained,91cd7e7f32276b5dd56d59c9a113e07e9da5d9b8191629cec0d3bfa7901dac08,0.25057753920555115,slippery,10,fbbe93bb96a241421c543d45b53abf9787cbdc9eefcde2a0e83009f091e9c696,1499,False,0,200000,test,249,False
trained,91cd7e7f32276b5dd56d59c9a113e07e9da5d9b8191629cec0d3bfa7901dac08,0.4908672273159027,slippery,11,e7201a7cd4729dd5922ab715a15a85e026f02fde03acce04b948f8047cb07f36,1499,False,0,200000,test,249,False
trained,91cd7e7f32276b5dd56d59c9a113e07e9da5d9b8191629cec0d3bfa7901dac08,0.5299474000930786,slippery,12,17b00f472054d86e12dd4e2a148f60ff5b212d53529b292fe0c89e89ce32b921,1499,False,0,200000,test,249,False
trained,91cd7e7f32276b5dd56d59c9a113e07e9da5d9b8191629cec0d3bfa7901dac08,0.2911250591278076,slippery,13,d8763f997b16fda62370f05b3eac4f14116fe1a12a5355172468728f9659dc66,1499,False,0,200000,test,249,False
trained,91cd7e7f32276b5dd56d59c9a113e07e9da5d9b8191629cec0d3bfa7901dac08,0.3464921712875366,slippery,14,3e6330a9ae4cdd172643670198e572139c46d592018d86168cd8e94e5b914faf,1499,False,0,200000,test,249,False
trained,91cd7e7f32276b5dd56d59c9a113e07e9da5d9b8191629cec0d3bfa7901dac08,0.35648301243782043,slippery,15,b07878a684715e8a43f249daf8f0ec8a42903960bbd8cc16e38a5677c5ecba02,1499,False,0,200000,test,245,False
trained,91cd7e7f32276b5dd56d59c9a113e07e9da5d9b8191629cec0d3bfa7901dac08,0.36756375432014465,slippery,16,d9a4d2c50eb0f21abeccefc6a7650336254b214898a034afc0630cae77885a15,1499,False,0,200000,test,249,False
trained,91cd7e7f32276b5dd56d59c9a113e07e9da5d9b8191629cec0d3bfa7901dac08,0.266522079706192,slippery,17,e80da798aac25ec71c9549ed57244a29ddbef463df51d81b5657abeaaf277cec,1499,False,0,200000,test,249,False
trained,91cd7e7f32276b5dd56d59c9a113e07e9da5d9b8191629cec0d3bfa7901dac08,0.3362674415111542,slippery,18,3a3408357fc2d01619fd8c3ed07f7ba90de43ff8cba31e4bd811450d9283c03e,1499,False,0,200000,test,249,False
trained,91cd7e7f32276b5dd56d59c9a113e07e9da5d9b8191629cec0d3bfa7901dac08,0.345954567193985,slippery,19,466efe0e3ec20c227fe0d24dd343855524ade7e2f603010a4b7b774374a6cfcb,1499,False,0,200000,test,249,False
trained,91cd7e7f32276b5dd56d59c9a113e07e9da5d9b8191629cec0d3bfa7901dac08,0.4654819965362549,slippery,20,a41f67c545627cc3633a4f8b01351858f03c4ac8df8b18412db799f7af47b098,1499,False,0,200000,test,249,False
trained,91cd7e7f32276b5dd56d59c9a113e07e9da5d9b8191629cec0d3bfa7901dac08,0.26844310760498047,slippery,21,154671fae8a6ed40c4df9ba29a97c10f325bf85a2433de091361974955ac9838,1499,False,0,200000,test,249,False
trained,91cd7e7f32276b5dd56d59c9a113e07e9da5d9b8191629cec0d3bfa7901dac08,0.33489176630973816,slippery,22,dcb1b868d423c85ae2eabcbd624e14f11fde46d5d564487f665a978e12f3fa39,1499,False,0,200000,test,249,False
trained,91cd7e7f32276b5dd56d59c9a113e07e9da5d9b8191629cec0d3bfa7901dac08,0.4992850124835968,slippery,23,28309eb0cad85fd2186cc9308f83f91e1af688aacf3fe0015b80d75062e26f26,1499,False,0,200000,test,249,False
trained,91cd7e7f32276b5dd56d59c9a113e07e9da5d9b8191629cec0d3bfa7901dac08,0.22685885429382324,slippery,24,9b499542707aaec72301ff294d44ff2f3d8a011addc421f9257f8aefa0c11640,1499,False,0,200000,test,249,False
trained,91cd7e7f32276b5dd56d59c9a113e07e9da5d9b8191629cec0d3bfa7901dac08,0.6091908812522888,slippery,25,a61543bd631c5e45ed4bab1a99926aced18e04c0ce41fdc5a78d36fdd255a14e,1499,False,0,200000,test,249,False
trained,91cd7e7f32276b5dd56d59c9a113e07e9da5d9b8191629cec0d3bfa7901dac08,0.27157267928123474,slippery,26,7bc846ae43b5cbcf0891bfc04b9e5a6a972cdc6a5423c0ac36d1470b3c936b96,1499,False,0,200000,test,249,False
trained,91cd7e7f32276b5dd56d59c9a113e07e9da5d9b8191629cec0d3bfa7901dac08,0.43033266067504883,slippery,27,5c45ae94d4f9b11183715d0b4edd62025055f19da0e8593a9d156e6013403ce2,1499,False,0,200000,test,113,False
trained,91cd7e7f32276b5dd56d59c9a113e07e9da5d9b8191629cec0d3bfa7901dac08,0.34539103507995605,slippery,28,9e15cde33dbf7f54942180b5b22353b12b112ec17a20d73c5c8d8e75728ce772,1499,False,0,200000,test,249,False
trained,91cd7e7f32276b5dd56d59c9a113e07e9da5d9b8191629cec0d3bfa7901dac08,0.48903244733810425,slippery,29,11d62c1256d4c6da7059892a327ce1154900fd8aa0ea7c39991fce0764a00ec3,1499,False,0,200000,test,249,False
trained,91cd7e7f32276b5dd56d59c9a113e07e9da5d9b8191629cec0d3bfa7901dac08,0.43361690640449524,slippery,30,0e10457a7f3e547a85007dcc28e602d274bbbc5badf7405a696742cdebfee3c2,1499,False,0,200000,test,187,False
trained,91cd7e7f32276b5dd56d59c9a113e07e9da5d9b8191629cec0d3bfa7901dac08,0.33604902029037476,slippery,31,1c238bfac4aca4f2f8ee416c6ef99e62aca9ed5f8bbf832f1d15f742d2002460,1499,False,0,200000,test,249,False
trained,91cd7e7f32276b5dd56d59c9a113e07e9da5d9b8191629cec0d3bfa7901dac08,0.4367046654224396,slippery,32,e509a766c3f40f8d2f63f3fda33390b771d8423385254e931ddaffb4db985712,1499,False,0,200000,test,249,False
trained,91cd7e7f32276b5dd56d59c9a113e07e9da5d9b8191629cec0d3bfa7901dac08,0.44890302419662476,slippery,33,f2930f3a766816f70bdd184269c16945ecaa245aac4bacca8ddbb6b97812ab95,1499,False,0,200000,test,249,False
trained,91cd7e7f32276b5dd56d59c9a113e07e9da5d9b8191629cec0d3bfa7901dac08,0.3280859589576721,slippery,34,3fb4578d39e7ddb3577ff33251ede8e62931db0d38f70b07dcde57b5d88a198a,1499,False,0,200000,test,249,False
trained,91cd7e7f32276b5dd56d59c9a113e07e9da5d9b8191629cec0d3bfa7901dac08,0.4863607883453369,slippery,35,53612294420ed663f849f37dbd33fe4755782ba369daa40575ec9cbad47afdf1,1499,False,0,200000,test,110,False
trained,91cd7e7f32276b5dd56d59c9a113e07e9da5d9b8191629cec0d3bfa7901dac08,0.27949967980384827,slippery,36,720361ee52be951f5aefde8c073bb8fd9770c73ef3c06a0cd2ccf37f699f0885,1499,False,0,200000,test,249,False
trained,91cd7e7f32276b5dd56d59c9a113e07e9da5d9b8191629cec0d3bfa7901dac08,0.47429201006889343,slippery,37,76488ce6a6c1c520f19fbaffc611c8bfb22b448d446774452fd589fa1822ad10,1499,False,0,200000,test,249,False
trained,91cd7e7f32276b5dd56d59c9a113e07e9da5d9b8191629cec0d3bfa7901dac08,0.3593302071094513,slippery,38,719bdc2b5150f5a70c89843eceeb269fd2b1c3ebcc41a7bbef501eef20f3bf22,1499,False,0,200000,test,249,False
trained,91cd7e7f32276b5dd56d59c9a113e07e9da5d9b8191629cec0d3bfa7901dac08,0.24874499440193176,slippery,39,f7aa7ae9186d7663db3cc2424e63c06de69bb2c4976fd66eaf8fea5f71892149,1499,False,0,200000,test,249,False
trained,91cd7e7f32276b5dd56d59c9a113e07e9da5d9b8191629cec0d3bfa7901dac08,0.4200812876224518,slippery,40,beb1997c7a8766f83d216a45b17cd418c009429dab21b25cc1dc1f0e2e3d3859,1499,False,0,200000,test,249,False
trained,91cd7e7f32276b5dd56d59c9a113e07e9da5d9b8191629cec0d3bfa7901dac08,0.4212871491909027,slippery,41,fa993d146333431150f436728262ec9eb359182e1f57a8f1506f40be6b0f8ae4,1499,False,0,200000,test,162,False
trained,91cd7e7f32276b5dd56d59c9a113e07e9da5d9b8191629cec0d3bfa7901dac08,0.2407333254814148,slippery,42,8ed80f3752349f6c9c518720859b8dc8a87347e8cf3b25f272c8ee661aa9e1f5,1499,False,0,200000,test,249,False
trained,91cd7e7f32276b5dd56d59c9a113e07e9da5d9b8191629cec0d3bfa7901dac08,0.29051896929740906,slippery,43,3238e31a810c8c68c31f98381cc82f7a253f031052b77799daebe39110714e57,1499,False,0,200000,test,249,False
trained,91cd7e7f32276b5dd56d59c9a113e07e9da5d9b8191629cec0d3bfa7901dac08,0.4631820619106293,slippery,44,3fc05f66ad8cbc89df6e761c99565add28915f4fec8331e0f95d072bca634451,1499,False,0,200000,test,249,False
trained,91cd7e7f32276b5dd56d59c9a113e07e9da5d9b8191629cec0d3bfa7901dac08,0.5283924341201782,slippery,45,6975082383198d4e72859e029bf9a0c1d2d883243daf54f0524033c45908d390,1499,False,0,200000,test,249,False
trained,91cd7e7f32276b5dd56d59c9a113e07e9da5d9b8191629cec0d3bfa7901dac08,0.426204115152359,slippery,46,8a5fba441c0e9249bf5f70d7e8d2f21d53f688db2074b0207ddf8a070a847d1a,1499,False,0,200000,test,249,False
trained,91cd7e7f32276b5dd56d59c9a113e07e9da5d9b8191629cec0d3bfa7901dac08,0.43645042181015015,slippery,47,86c702398cf9c83c765d3061b41bda5da976271f9f595b1b2a618b76f59d36b5,1499,False,0,200000,test,236,False
trained,91cd7e7f32276b5dd56d59c9a113e07e9da5d9b8191629cec0d3bfa7901dac08,0.480234831571579,slippery,48,7af3d925fae0c3c751cc1218deac7fa3819409a968c312ab7e76a4f78278c6c5,1499,False,0,200000,test,249,False
trained,91cd7e7f32276b5dd56d59c9a113e07e9da5d9b8191629cec0d3bfa7901dac08,0.5038239359855652,slippery,49,a143d7774578772618880f396a605b63614255bdbfb7e73c7c27baa6b2dab068,1499,False,0,200000,test,249,False
trained,91cd7e7f32276b5dd56d59c9a113e07e9da5d9b8191629cec0d3bfa7901dac08,0.26578494906425476,slippery,50,f518f5d8a9af7448386787e6208b320a572486bb07fb9e82a17c32a67a8c6e29,1499,False,0,200000,test,249,False
trained,91cd7e7f32276b5dd56d59c9a113e07e9da5d9b8191629cec0d3bfa7901dac08,0.22647492587566376,slippery,51,8167e1105624e5c3e76f4562fd0cc239d7b8b2b43897133a32604c50974b0bad,1499,False,0,200000,test,217,False
trained,91cd7e7f32276b5dd56d59c9a113e07e9da5d9b8191629cec0d3bfa7901dac08,0.29346778988838196,slippery,52,68914e3446a0eedb9db819521cb9bd1c1b6022c01eb53b41c4f81e1a0caade6f,1499,False,0,200000,test,249,False
trained,91cd7e7f32276b5dd56d59c9a113e07e9da5d9b8191629cec0d3bfa7901dac08,0.277914822101593,slippery,53,cb7cc07d7d10bad7fbf8139238534d0c3c5d7ee1cba0c9b47ec950175e462b52,1499,False,0,200000,test,160,False
trained,91cd7e7f32276b5dd56d59c9a113e07e9da5d9b8191629cec0d3bfa7901dac08,0.43757280707359314,slippery,54,3ef899140e78357fa148940bbc451d6521117c175c62a86d7d8853b15c1db267,1499,False,0,200000,test,249,False
trained,91cd7e7f32276b5dd56d59c9a113e07e9da5d9b8191629cec0d3bfa7901dac08,0.3783981502056122,slippery,55,c1714e8d391f50c92daf041f380ef0351fe5fec22c4fa903699d884bc7906fe2,1499,False,0,200000,test,249,False
trained,91cd7e7f32276b5dd56d59c9a113e07e9da5d9b8191629cec0d3bfa7901dac08,0.45887601375579834,slippery,56,20f2202fa1332d161f40574ee265310606d026cdd1a1463955da4b67a22ceb5f,1499,False,0,200000,test,249,False
trained,91cd7e7f32276b5dd56d59c9a113e07e9da5d9b8191629cec0d3bfa7901dac08,0.3473263382911682,slippery,57,d1adde525b52543389b2893d6f70f5e04ff9b55c235dc30d7a1a7c2c17a8e9ca,1499,False,0,200000,test,249,False
trained,91cd7e7f32276b5dd56d59c9a113e07e9da5d9b8191629cec0d3bfa7901dac08,0.442397803068161,slippery,58,c1a1da15715bc452e74f8132f8e075f5199608e314324788ba883d7d8f66474e,1499,False,0,200000,test,249,False
trained,91cd7e7f32276b5dd56d59c9a113e07e9da5d9b8191629cec0d3bfa7901dac08,0.30765798687934875,slippery,59,d7175c1cf9d66fbc03c9af040cfdfce84a56134d60c607754277f7d9a44053a7,1499,False,0,200000,test,249,False
trained,91cd7e7f32276b5dd56d59c9a113e07e9da5d9b8191629cec0d3bfa7901dac08,0.39934587478637695,slippery,60,c7ea1d672fb377c531b1ce319750b7eda4f5b12fed04000c9fc936039c67f1ea,1499,False,0,200000,test,249,False
trained,91cd7e7f32276b5dd56d59c9a113e07e9da5d9b8191629cec0d3bfa7901dac08,0.36760133504867554,slippery,61,210699a25e429d7817d4743456d34be8b6dfc161fb80435938378fa29b3e451e,1499,False,0,200000,test,249,False
trained,91cd7e7f32276b5dd56d59c9a113e07e9da5d9b8191629cec0d3bfa7901dac08,0.27960142493247986,slippery,62,9e5c3a669783f4c24f406042fd7ad3005f8396c6b0302e470b4e8ffd5df03655,1499,False,0,200000,test,249,False
trained,91cd7e7f32276b5dd56d59c9a113e07e9da5d9b8191629cec0d3bfa7901dac08,0.4132760465145111,slippery,63,1943fbc8ee86a753fe36ec17d5559e8c4412c7fc66dc3a497fdf101f575181a2,1499,False,0,200000,test,181,False
trained,91cd7e7f32276b5dd56d59c9a113e07e9da5d9b8191629cec0d3bfa7901dac08,0.35040488839149475,slippery,64,d47ccd7dbca953081c48b3ed3143d6b0a80fcf2cdcd170a0dbc633c7608a0886,1499,False,0,200000,test,249,False
trained,91cd7e7f32276b5dd56d59c9a113e07e9da5d9b8191629cec0d3bfa7901dac08,0.2759148180484772,slippery,65,38f998a161f86bc5e351ec4a8d0c448d84af5742bfe9dbc86573ef073a06e80d,1499,False,0,200000,test,249,False
trained,91cd7e7f32276b5dd56d59c9a113e07e9da5d9b8191629cec0d3bfa7901dac08,0.4209153652191162,slippery,66,afce72db834e1b9f5595ead1ecb6027a712678c2d9b0f3da010a6b3cf644aa9f,1499,False,0,200000,test,208,False
trained,91cd7e7f32276b5dd56d59c9a113e07e9da5d9b8191629cec0d3bfa7901dac08,0.3404257893562317,slippery,67,91a57c9faecc15833c92e04acdf09535fae208aacb93f68aa20f574883cad8fa,1499,False,0,200000,test,249,False
trained,91cd7e7f32276b5dd56d59c9a113e07e9da5d9b8191629cec0d3bfa7901dac08,0.4271341860294342,slippery,68,48b45ff817dc56db16b184dd88f26a376d460f69093e237f24a4d6d7744bdea9,1499,False,0,200000,test,176,False
trained,91cd7e7f32276b5dd56d59c9a113e07e9da5d9b8191629cec0d3bfa7901dac08,0.2526403069496155,slippery,69,1ff6fa05c5d2a3044de00bd98d8803f2ad5ddb13f97201d468110bba89f8f095,1499,False,0,200000,test,249,False
trained,91cd7e7f32276b5dd56d59c9a113e07e9da5d9b8191629cec0d3bfa7901dac08,0.3763953447341919,slippery,70,68f84e890ee756fb375bafd3a10dee54284210dfba712e8a3367249e145ac701,1499,False,0,200000,test,249,False
trained,91cd7e7f32276b5dd56d59c9a113e07e9da5d9b8191629cec0d3bfa7901dac08,0.3704914152622223,slippery,71,a2ce5abb873866ad8b5f79398586bd073fad3e68148978388a6d2a99bfabc9dc,1499,False,0,200000,test,249,False
trained,91cd7e7f32276b5dd56d59c9a113e07e9da5d9b8191629cec0d3bfa7901dac08,0.37665432691574097,slippery,72,95c60544869e809da3ca8d21dbab8d5da96c20d9fa401fdf1af352b4ad037c71,1499,False,0,200000,test,223,False
trained,91cd7e7f32276b5dd56d59c9a113e07e9da5d9b8191629cec0d3bfa7901dac08,0.47856950759887695,slippery,73,86b37d5efd76d46cade13612868ca6671988d786c61b4fb132d6a2da467aa063,1499,False,0,200000,test,249,False
trained,91cd7e7f32276b5dd56d59c9a113e07e9da5d9b8191629cec0d3bfa7901dac08,0.4065781235694885,slippery,74,a6cb53189d8a0fcde26b0cc4d7f65ca6fa4e103cf1c438a53cb7a4596b32251a,1499,False,0,200000,test,249,False
trained,91cd7e7f32276b5dd56d59c9a113e07e9da5d9b8191629cec0d3bfa7901dac08,0.25071054697036743,slippery,75,e7f0d69e6a3b00c166322ecad23a03296ad2fd3a64cdc461ca2280b2abd16b63,1499,False,0,200000,test,249,False
trained,91cd7e7f32276b5dd56d59c9a113e07e9da5d9b8191629cec0d3bfa7901dac08,0.4655986428260803,slippery,76,4304e5b04fea123e106f828325673692bb247132e3e404e05a6dbca4bc0df9df,1499,False,0,200000,test,249,False
trained,91cd7e7f32276b5dd56d59c9a113e07e9da5d9b8191629cec0d3bfa7901dac08,0.25079289078712463,slippery,77,1b9bf2129f999c669e0425e2409918837e474896cfed98cef362b5be87588769,1499,False,0,200000,test,249,False
trained,91cd7e7f32276b5dd56d59c9a113e07e9da5d9b8191629cec0d3bfa7901dac08,0.2817668914794922,slippery,78,6d22199e7b130fef9473eac3e79ec6a3ed0dbc730b4d083c8b5c72f5b39cdeb7,1499,False,0,200000,test,99,False
trained,91cd7e7f32276b5dd56d59c9a113e07e9da5d9b8191629cec0d3bfa7901dac08,0.38340193033218384,slippery,79,99f26d6cb00d9aa1160b35f509beab9262ff8a632328e3c60f48afec288e408c,1499,False,0,200000,test,249,False
trained,91cd7e7f32276b5dd56d59c9a113e07e9da5d9b8191629cec0d3bfa7901dac08,0.5607602000236511,slippery,80,4797fb72f166ae23e949f8d11577ec7cc4b0614fedf638d17e6660e17c6d13c7,1499,False,0,200000,test,249,False
trained,91cd7e7f32276b5dd56d59c9a113e07e9da5d9b8191629cec0d3bfa7901dac08,0.30532708764076233,slippery,81,1ff366fecd976db6ff3a241e2145633a75b4efbb3a1853679cc678d4b95c9f7b,1499,False,0,200000,test,249,False
trained,91cd7e7f32276b5dd56d59c9a113e07e9da5d9b8191629cec0d3bfa7901dac08,0.2384931892156601,slippery,82,1ace284355e86edac562c13137e747bd8249132cdad005cec9ac11bf6643c9fe,1499,False,0,200000,test,249,False
trained,91cd7e7f32276b5dd56d59c9a113e07e9da5d9b8191629cec0d3bfa7901dac08,0.22767774760723114,slippery,83,a2058059d1d163ec4b01d18c5a56f44bada279b5ebd5a1ac9e885aed7c49a6f6,1499,False,0,200000,test,249,False
trained,91cd7e7f32276b5dd56d59c9a113e07e9da5d9b8191629cec0d3bfa7901dac08,0.43354418873786926,slippery,84,e372d694ade33ddfe45b4d8d081c749c2d7e6cc56208457bb98eccd23e9d7590,1499,False,0,200000,test,249,False
trained,91cd7e7f32276b5dd56d59c9a113e07e9da5d9b8191629cec0d3bfa7901dac08,0.32791903614997864,slippery,85,81ebfc8d82e39804d11c7a30e022d7e9f33dff61009eb1decab78c1c9853bd0a,1499,False,0,200000,test,249,False
trained,91cd7e7f32276b5dd56d59c9a113e07e9da5d9b8191629cec0d3bfa7901dac08,0.3474764823913574,slippery,86,2ec7d5d48492dbbb6de2cb23a5982f3faf0f2caac56d6646194e06025ffd118a,1499,False,0,200000,test,249,False
trained,91cd7e7f32276b5dd56d59c9a113e07e9da5d9b8191629cec0d3bfa7901dac08,0.5395696759223938,slippery,87,cc490f6f3a60e2257b5c08db1f281be41b1e61669e2920bbbf915951b1f9dd09,1499,False,0,200000,test,249,False
trained,91cd7e7f32276b5dd56d59c9a113e07e9da5d9b8191629cec0d3bfa7901dac08,0.3339294493198395,slippery,88,a1873710ede77fb581b50bd45afbcdb8e2216a7bac73d8ffdf30cda2847b2fb6,1499,False,0,200000,test,249,False
trained,91cd7e7f32276b5dd56d59c9a113e07e9da5d9b8191629cec0d3bfa7901dac08,0.29059314727783203,slippery,89,8cd07364c6977efdcbeab7ea8afe7d342b2fa0b001454a94f36729313b5d3206,1499,False,0,200000,test,249,False
trained,91cd7e7f32276b5dd56d59c9a113e07e9da5d9b8191629cec0d3bfa7901dac08,0.38267698884010315,slippery,90,4aff7910bb302aeb728a0676a77ce4ed79066eb4c2c2672d07f42a2e4859cb1e,1499,False,0,200000,test,249,False
trained,91cd7e7f32276b5dd56d59c9a113e07e9da5d9b8191629cec0d3bfa7901dac08,0.3318375051021576,slippery,91,0f43e8358ba9b96380db8ef1085b5a979dcb8edacfe1df4135c5197a9ca140ad,1499,False,0,200000,test,249,False
trained,91cd7e7f32276b5dd56d59c9a113e07e9da5d9b8191629cec0d3bfa7901dac08,0.440966933965683,slippery,92,c7fbf06eb9f7a3ff449891278c75371a05bbeda44a3a78c0629ee5536c25fd29,1499,False,0,200000,test,249,False
trained,91cd7e7f32276b5dd56d59c9a113e07e9da5d9b8191629cec0d3bfa7901dac08,0.2165585607290268,slippery,93,eeef6dbd599f4dab6f6ab2b5a46e4fd4ff7ad737a50a998ccfa0b344aa633647,1499,False,0,200000,test,249,False
trained,91cd7e7f32276b5dd56d59c9a113e07e9da5d9b8191629cec0d3bfa7901dac08,0.325721800327301,slippery,94,ab37c57c123156fde8e6b86b5f0a777a7fd18f6042f6b0d169cb66db6026a6be,1499,False,0,200000,test,89,False
trained,91cd7e7f32276b5dd56d59c9a113e07e9da5d9b8191629cec0d3bfa7901dac08,0.38667821884155273,slippery,95,bdec9935f649d9202a5bb541d402d99b3054f2e13735af5c27c645c7720ec6a6,1499,False,0,200000,test,249,False
trained,91cd7e7f32276b5dd56d59c9a113e07e9da5d9b8191629cec0d3bfa7901dac08,0.5550370812416077,slippery,96,77a4cb4293f6536253aa3b66162bc929474a5fdda41df92aafa1ce2fb2b54f2f,1499,False,0,200000,test,249,False
trained,91cd7e7f32276b5dd56d59c9a113e07e9da5d9b8191629cec0d3bfa7901dac08,0.3332008421421051,slippery,97,05dc74adcf4c2c331cd6976dbc6e523a478ec2bb46b0a059bf409e2b6ab8380d,1499,False,0,200000,test,249,False
trained,91cd7e7f32276b5dd56d59c9a113e07e9da5d9b8191629cec0d3bfa7901dac08,0.5360350012779236,slippery,98,9614a090a384d03c1ba35ed51c8a761be752edb2c656aa96e536442b4623fbb4,1499,False,0,200000,test,134,False
trained,91cd7e7f32276b5dd56d59c9a113e07e9da5d9b8191629cec0d3bfa7901dac08,0.3861216902732849,slippery,99,3ebcb8b16e457dee44285c20766d816a9270123bfc42336c2ad468f1648e826a,1499,False,0,200000,test,146,False
trained,91cd7e7f32276b5dd56d59c9a113e07e9da5d9b8191629cec0d3bfa7901dac08,0.44528728723526,slippery,100,d728faeae13a0dfb8614d6ec5fa83d9d01926528230d1e4a7515dd991253d44e,1499,False,0,200000,test,249,False
trained,91cd7e7f32276b5dd56d59c9a113e07e9da5d9b8191629cec0d3bfa7901dac08,0.4069894850254059,slippery,101,b3aaaf7fb53fe114bd0f4f914ec6f63604a4dea9ef1d10a6f5f38a414c506e23,1499,False,0,200000,test,249,False
trained,91cd7e7f32276b5dd56d59c9a113e07e9da5d9b8191629cec0d3bfa7901dac08,0.344473272562027,slippery,102,d6db2e91ecde8bce14994a00eceb6fa355862d95b278a48d9c674733b6a11a93,1499,False,0,200000,test,185,False
trained,91cd7e7f32276b5dd56d59c9a113e07e9da5d9b8191629cec0d3bfa7901dac08,0.4158565104007721,slippery,103,ad6e487c79125208299f08c8928735d89b232ce06ab0c9f172e1700257dec3ba,1499,False,0,200000,test,249,False
trained,91cd7e7f32276b5dd56d59c9a113e07e9da5d9b8191629cec0d3bfa7901dac08,0.25175631046295166,slippery,104,171f1e8fd988107483be3198d6169967413aa437441cb2af38aad4e6c0c29d2b,1499,False,0,200000,test,249,False
trained,91cd7e7f32276b5dd56d59c9a113e07e9da5d9b8191629cec0d3bfa7901dac08,0.3751735985279083,slippery,105,d4fbe59ca1b5e23829a2ca0a390942ce8c43359e645fcf61a496b0bde1b8b242,1499,False,0,200000,test,249,False
trained,91cd7e7f32276b5dd56d59c9a113e07e9da5d9b8191629cec0d3bfa7901dac08,0.420968234539032,slippery,106,16bda64c3ed4b2a7125ea60381352cdd9795eb598a2e41f9a0c90472667b9049,1499,False,0,200000,test,249,False
trained,91cd7e7f32276b5dd56d59c9a113e07e9da5d9b8191629cec0d3bfa7901dac08,0.35247430205345154,slippery,107,abda65d3f8967994841853f88cd921111e3fbcf69daa542cc27e8d12a27b78ff,1499,False,0,200000,test,236,False
trained,91cd7e7f32276b5dd56d59c9a113e07e9da5d9b8191629cec0d3bfa7901dac08,0.29883772134780884,slippery,108,5bf0c262a762fff765bad21aa5ff21a650118083af7b57a0c8e5a107486f8502,1499,False,0,200000,test,249,False
trained,91cd7e7f32276b5dd56d59c9a113e07e9da5d9b8191629cec0d3bfa7901dac08,0.4130270481109619,slippery,109,5f3fa1ec1db3997ad3c80179949f22956b2a3eabd56590eed2201753ad0b8785,1499,False,0,200000,test,249,False
trained,91cd7e7f32276b5dd56d59c9a113e07e9da5d9b8191629cec0d3bfa7901dac08,0.30002734065055847,slippery,110,043178d9c2e751ba923dc4246946ce8cd9085b9cd92fe45e70317d48179bce16,1499,False,0,200000,test,246,False
trained,91cd7e7f32276b5dd56d59c9a113e07e9da5d9b8191629cec0d3bfa7901dac08,0.33910369873046875,slippery,111,4155b638520a37687a7decb0e0ac3fc027a3c905cfc1c4b5a95d92c95feed3fb,1499,False,0,200000,test,249,False
trained,91cd7e7f32276b5dd56d59c9a113e07e9da5d9b8191629cec0d3bfa7901dac08,0.2689244747161865,slippery,112,69e62f621f40d6b6316746f9e28263ae9a9e3f68871fa02d9246df8190593f15,1499,False,0,200000,test,249,False
trained,91cd7e7f32276b5dd56d59c9a113e07e9da5d9b8191629cec0d3bfa7901dac08,0.4278947710990906,slippery,113,8d61bebf893886b35fc9822c412ba22c1e1f20cc359d68cb7e1ccec8e1880490,1499,False,0,200000,test,249,False
trained,91cd7e7f32276b5dd56d59c9a113e07e9da5d9b8191629cec0d3bfa7901dac08,0.459807813167572,slippery,114,af01fd6e11d268d4fcfc223731a2518813a51b9e6320c707f262dbddfa6a06b6,1499,False,0,200000,test,249,False
trained,91cd7e7f32276b5dd56d59c9a113e07e9da5d9b8191629cec0d3bfa7901dac08,0.31730934977531433,slippery,115,687e231d91f53a4978947b46d60667357734722c526fa2a816df4dc5dcea3922,1499,False,0,200000,test,249,False
trained,91cd7e7f32276b5dd56d59c9a113e07e9da5d9b8191629cec0d3bfa7901dac08,0.342756062746048,slippery,116,a687b62d73d62361cb77a82d90533f46dbbd3b507e0c449919cbc12c0671c15e,1499,False,0,200000,test,249,False
trained,91cd7e7f32276b5dd56d59c9a113e07e9da5d9b8191629cec0d3bfa7901dac08,0.37080681324005127,slippery,117,c1371f77a2e4a3dff1a6b2e0e8731c6be4ec3849db9ea1f8eccb80beba24f770,1499,False,0,200000,test,249,False
trained,91cd7e7f32276b5dd56d59c9a113e07e9da5d9b8191629cec0d3bfa7901dac08,0.3229905068874359,slippery,118,f416e408f0959d1c3540326f2aeb627b0dee0dcab8baa666562435161570aed5,1499,False,0,200000,test,249,False
trained,91cd7e7f32276b5dd56d59c9a113e07e9da5d9b8191629cec0d3bfa7901dac08,0.29962268471717834,slippery,119,782d6ff695cff66ddd1ce6bbdb72609507e294e056b608688a830bfc77a80928,1499,False,0,200000,test,82,False
trained,91cd7e7f32276b5dd56d59c9a113e07e9da5d9b8191629cec0d3bfa7901dac08,0.47831425070762634,slippery,120,d4c3ce95cf2bfbdc65b9285b985120a5914f8e6d31c88c56305fe55926b589ba,1499,False,0,200000,test,249,False
trained,91cd7e7f32276b5dd56d59c9a113e07e9da5d9b8191629cec0d3bfa7901dac08,0.20494315028190613,slippery,121,873fdf34e0ba5ce490935cbc65b233569f73dad143f2bee12f7081b792648119,1499,False,0,200000,test,249,False
trained,91cd7e7f32276b5dd56d59c9a113e07e9da5d9b8191629cec0d3bfa7901dac08,0.34144383668899536,slippery,122,3413699e394218a7a9f1b5077a6fbb87a8ce22c8505e03469888cd7de521bf38,1499,False,0,200000,test,249,False
trained,91cd7e7f32276b5dd56d59c9a113e07e9da5d9b8191629cec0d3bfa7901dac08,0.41466715931892395,slippery,123,c8ae1be88e9046dae3b49b993352b4965163dade87926f37fc8684682ddbf175,1499,False,0,200000,test,249,False
trained,91cd7e7f32276b5dd56d59c9a113e07e9da5d9b8191629cec0d3bfa7901dac08,0.3867407441139221,slippery,124,63cfeca31fe99cb8c7f2a42e8e020136d4a9814d579258b61934dd4b8d0c3e3b,1499,False,0,200000,test,249,False
trained,91cd7e7f32276b5dd56d59c9a113e07e9da5d9b8191629cec0d3bfa7901dac08,0.42392945289611816,slippery,125,a61f5ff0e9fa1133de9c0c75f1c2fb95baaa172b0d1da1561259cd14a90ac00f,1499,False,0,200000,test,249,False
trained,91cd7e7f32276b5dd56d59c9a113e07e9da5d9b8191629cec0d3bfa7901dac08,0.5950915217399597,slippery,126,1b7d8544bfc1139c6bfb56c53bb05cab7a8abd517fe3480928cee8888874c1b2,1499,False,0,200000,test,249,False
trained,91cd7e7f32276b5dd56d59c9a113e07e9da5d9b8191629cec0d3bfa7901dac08,0.41691845655441284,slippery,127,7f890b90f22e11a29f4dfc80b0c9794493d87146b921f15111b45bfca8308814,1499,False,0,200000,test,122,False
