arm,checkpoint_sha256,closest_distance_m,condition,env_index,initial_state_sha256,iteration,lifted,longest_stable_steps,reset_seed,split,steps,success
initial,075d487e455321d074661e5b8703bd01be33bafa413ef5da9880285aade5c2a7,0.5307783484458923,delay,0,b95fa809dd99f195a8b21065a1b0c004ab3e35a0dd671741ba681333796c2bde,-1,False,0,200000,test,249,False
initial,075d487e455321d074661e5b8703bd01be33bafa413ef5da9880285aade5c2a7,0.48986849188804626,delay,1,247bba64c17b3e63715e27cce5086706b2532f6ebdf49f77b7e7472271f5babf,-1,False,0,200000,test,249,False
initial,075d487e455321d074661e5b8703bd01be33bafa413ef5da9880285aade5c2a7,0.3349347710609436,delay,2,b770e4a4a5d10a2a2aac5b356c200f0ecf82b37714c2ae66a3076dddc6cb178d,-1,False,0,200000,test,249,False
initial,075d487e455321d074661e5b8703bd01be33bafa413ef5da9880285aade5c2a7,0.37984898686408997,delay,3,77ac3234e716a8f41aef905b2db2d3ba55bdc177b414bf9d8c5e013b7eb239d5,-1,False,0,200000,test,249,False
initial,075d487e455321d074661e5b8703bd01be33bafa413ef5da9880285aade5c2a7,0.2703111469745636,delay,4,6feceecdc48cfc7eef39f4dae9ac9a6aa0ce092e38b0ab18242654071173d9cd,-1,False,0,200000,test,249,False
initial,075d487e455321d074661e5b8703bd01be33bafa413ef5da9880285aade5c2a7,0.5295228958129883,delay,5,ffb6104d0344815d997b8133f1b08b5dcfa9d0c217a1cf7b9aa5876876e3857b,-1,False,0,200000,test,249,False
initial,075d487e455321d074661e5b8703bd01be33bafa413ef5da9880285aade5c2a7,0.32204073667526245,delay,6,9fae564b918f8e1d470d6f81179b13f69bf1ce5130cdcfa569a086e4ffdeb7a7,-1,False,0,200000,test,249,False
initial,075d487e455321d074661e5b8703bd01be33bafa413ef5da9880285aade5c2a7,0.2534773349761963,delay,7,816f8c87f55863c18ce29aebabca3f6febac7eeed5cc46440b7c52a7ff0af397,-1,False,0,200000,test,249,False
initial,075d487e455321d074661e5b8703bd01be33bafa413ef5da9880285aade5c2a7,0.3602607548236847,delay,8,3fad0a7ff51fd2ea2fabdda776fe7885fb315c2f2aebe05f72d71f4c464c93f5,-1,False,0,200000,test,249,False
initial,075d487e455321d074661e5b8703bd01be33bafa413ef5da9880285aade5c2a7,0.5800423622131348,delay,9,1df4303a4a631754d740e6da207851c6c09cdbc0b38d084f4d1a17d44617ffb9,-1,False,0,200000,test,249,False
initial,075d487e455321d074661e5b8703bd01be33bafa413ef5da9880285aade5c2a7,0.25519275665283203,delay,10,4a15c14d141f7841fe9ac2a018183a8a045a28f7e542bcf39f41312ed33bf33b,-1,False,0,200000,test,249,False
initial,075d487e455321d074661e5b8703bd01be33bafa413ef5da9880285aade5c2a7,0.4936111271381378,delay,11,88d0c3bffcc0d41af083f261516856b7b52217b51f87c89964c10fbd3e22edc6,-1,False,0,200000,test,249,False
initial,075d487e455321d074661e5b8703bd01be33bafa413ef5da9880285aade5c2a7,0.5329789519309998,delay,12,0fd372a7af4ee90674bec7b56dcd244d906980a942406a9dbd88d2344d1a733b,-1,False,0,200000,test,249,False
initial,075d487e455321d074661e5b8703bd01be33bafa413ef5da9880285aade5c2a7,0.3413873612880707,delay,13,01d319bd18f9cfb697c975b064470678c29ac83cfaf52e43586d719be007317c,-1,False,0,200000,test,249,False
initial,075d487e455321d074661e5b8703bd01be33bafa413ef5da9880285aade5c2a7,0.35137519240379333,delay,14,c91a8b96bd1c92af8da6a04ede439ba1c4f76b8498c39c9afe27c6e65ab2d793,-1,False,0,200000,test,249,False
initial,075d487e455321d074661e5b8703bd01be33bafa413ef5da9880285aade5c2a7,0.3609705865383148,delay,15,5c1ccc7b681c7ece6a7d3957ac1f77a0daf10a3d7f2da5d9a368532e12387183,-1,False,0,200000,test,249,False
initial,075d487e455321d074661e5b8703bd01be33bafa413ef5da9880285aade5c2a7,0.37192726135253906,delay,16,1e6bda6643755f11c47254f4eeb791dc38e7ea997744ba3099f2a138772966f3,-1,False,0,200000,test,249,False
initial,075d487e455321d074661e5b8703bd01be33bafa413ef5da9880285aade5c2a7,0.27077120542526245,delay,17,96376e8b12b04ff4968102378630283cba527c9fd21109264304a7cce084e98b,-1,False,0,200000,test,249,False
initial,075d487e455321d074661e5b8703bd01be33bafa413ef5da9880285aade5c2a7,0.34104225039482117,delay,18,58898b4858a294cf7c7ff0ce39483d2860612e1e5825d3570266b1a454a468a7,-1,False,0,200000,test,249,False
initial,075d487e455321d074661e5b8703bd01be33bafa413ef5da9880285aade5c2a7,0.3509010672569275,delay,19,8e5a2346379c74e6b96bfb38a35836079b2ffa3201069b63f9fd1cd4d06201fd,-1,False,0,200000,test,249,False
initial,075d487e455321d074661e5b8703bd01be33bafa413ef5da9880285aade5c2a7,0.5252025127410889,delay,20,f51d219238abc5313a32a7e8d7cc8cbd48a0d2f1d337df56d72e225700a1c622,-1,False,0,200000,test,249,False
initial,075d487e455321d074661e5b8703bd01be33bafa413ef5da9880285aade5c2a7,0.27243056893348694,delay,21,84a93ef0bd51a5c0f85c0a51e1c13c33ee9fb8127151c43dd1d13e078046c26e,-1,False,0,200000,test,249,False
initial,075d487e455321d074661e5b8703bd01be33bafa413ef5da9880285aade5c2a7,0.33971041440963745,delay,22,cd27f23de66e978f6ab1e23dbe5db08f96875bebedec45e81cffef531c1ac860,-1,False,0,200000,test,249,False
initial,075d487e455321d074661e5b8703bd01be33bafa413ef5da9880285aade5c2a7,0.517876923084259,delay,23,6c38145813edcfa527fd6b558359abc9f129c9356158827e0fcecf91ea55ed00,-1,False,0,200000,test,249,False
initial,075d487e455321d074661e5b8703bd01be33bafa413ef5da9880285aade5c2a7,0.23163512349128723,delay,24,4fb3692880b037edcaff3f940da73550acd8eee50b1bf64b13f776eb38cf7c73,-1,False,0,200000,test,249,False
initial,075d487e455321d074661e5b8703bd01be33bafa413ef5da9880285aade5c2a7,0.6126442551612854,delay,25,128b7d3d27b179fcd43835c497626e90cee16c13819a4c658fa096d4933cf32a,-1,False,0,200000,test,249,False
initial,075d487e455321d074661e5b8703bd01be33bafa413ef5da9880285aade5c2a7,0.276104211807251,delay,26,e3f01f6e991a26abf43d9826b9c14ec61f36879dc061f03e6ee5c7e3355f74c6,-1,False,0,200000,test,249,False
initial,075d487e455321d074661e5b8703bd01be33bafa413ef5da9880285aade5c2a7,0.4353206157684326,delay,27,eb13446d5e313ea28470cc3f170c7b729965d80c81ad52c5e2990258ae11b2f6,-1,False,0,200000,test,249,False
initial,075d487e455321d074661e5b8703bd01be33bafa413ef5da9880285aade5c2a7,0.35031700134277344,delay,28,fdf3e4bf26bc7399603afebefaf783f8a7285567bb65fe3d63f92be709a460a3,-1,False,0,200000,test,249,False
initial,075d487e455321d074661e5b8703bd01be33bafa413ef5da9880285aade5c2a7,0.4935316741466522,delay,29,8610377a78ff9282dc9592f98986f875987d41926ee56330b5a702ae963598bb,-1,False,0,200000,test,249,False
initial,075d487e455321d074661e5b8703bd01be33bafa413ef5da9880285aade5c2a7,0.4383833110332489,delay,30,f287754e29ab94bdc05fab57e6223b4a569216338ef1034500b3f93c742d1b99,-1,False,0,200000,test,249,False
initial,075d487e455321d074661e5b8703bd01be33bafa413ef5da9880285aade5c2a7,0.3407154977321625,delay,31,d4c55dd35d1e2fb554249763356d0587c1de5d9c0837194cd21dcefb8427c043,-1,False,0,200000,test,249,False
initial,075d487e455321d074661e5b8703bd01be33bafa413ef5da9880285aade5c2a7,0.44097796082496643,delay,32,fa422693337594f8176c84eea1f775d721f3b05b8ab2fbf0a40a9a172dec3d86,-1,False,0,200000,test,249,False
initial,075d487e455321d074661e5b8703bd01be33bafa413ef5da9880285aade5c2a7,0.5252940654754639,delay,33,c711174136b3f4b594af75e49fde7e73e674bc11b502e2c14a8b0c22a8677ee2,-1,False,0,200000,test,249,False
initial,075d487e455321d074661e5b8703bd01be33bafa413ef5da9880285aade5c2a7,0.3330595791339874,delay,34,69bdd6b4df7d5879807b5eeca552697347f3322d0f72ddc9f342a6f6c94b010b,-1,False,0,200000,test,249,False
initial,075d487e455321d074661e5b8703bd01be33bafa413ef5da9880285aade5c2a7,0.49067243933677673,delay,35,524e8f4eb41046b3109958550c65bb30d4f98522c712b115c6d7438414e8e1fc,-1,False,0,200000,test,249,False
initial,075d487e455321d074661e5b8703bd01be33bafa413ef5da9880285aade5c2a7,0.2844535708427429,delay,36,29cd69335c1fe21b39bb02d39b5a79a27122bd4eb818c8108f501b4caefbd5f1,-1,False,0,200000,test,249,False
initial,075d487e455321d074661e5b8703bd01be33bafa413ef5da9880285aade5c2a7,0.47659391164779663,delay,37,e9423f3b0a8066ff86952027c9c5ea6ff950bf6743ac77f077fef0452be910a5,-1,False,0,200000,test,249,False
initial,075d487e455321d074661e5b8703bd01be33bafa413ef5da9880285aade5c2a7,0.3678184449672699,delay,38,5fe680cf3b523d6fd981d22150a45cef104d02ce5377f76d21f0831eb1afc6f5,-1,False,0,200000,test,249,False
initial,075d487e455321d074661e5b8703bd01be33bafa413ef5da9880285aade5c2a7,0.25299930572509766,delay,39,0d5474f87a4963d2b5f07d6838078a953122e111f50832311b33ef933ba546be,-1,False,0,200000,test,249,False
initial,075d487e455321d074661e5b8703bd01be33bafa413ef5da9880285aade5c2a7,0.4250766336917877,delay,40,5e5832d62473c4d8bafb32c583b19b437d4d40078d424246b3287b9f769c8249,-1,False,0,200000,test,249,False
initial,075d487e455321d074661e5b8703bd01be33bafa413ef5da9880285aade5c2a7,0.426198273897171,delay,41,8723d02eaa3abf34feebba632be9fd4b9ad6df25839b0e2d15b91d78bb358797,-1,False,0,200000,test,249,False
initial,075d487e455321d074661e5b8703bd01be33bafa413ef5da9880285aade5c2a7,0.24507123231887817,delay,42,19bebb04b6b19cd96eda8a3934849506c51a241627ce191e05fbe4c904c9261b,-1,False,0,200000,test,249,False
initial,075d487e455321d074661e5b8703bd01be33bafa413ef5da9880285aade5c2a7,0.29486533999443054,delay,43,10737fcb94350a0b358e9c57750cd448b8a086f335d95373672cefb4f434f76a,-1,False,0,200000,test,249,False
initial,075d487e455321d074661e5b8703bd01be33bafa413ef5da9880285aade5c2a7,0.46780118346214294,delay,44,f519756c8f7529a2b4abff9a40ee73e5075cc1d2c16109e3f372d0ff4bd56833,-1,False,0,200000,test,249,False
initial,075d487e455321d074661e5b8703bd01be33bafa413ef5da9880285aade5c2a7,0.5324730277061462,delay,45,9ab4f7c205b7001cfe0fde36c2a76df8f94b2f985215a0ee30187d06db655054,-1,False,0,200000,test,249,False
initial,075d487e455321d074661e5b8703bd01be33bafa413ef5da9880285aade5c2a7,0.4311237037181854,delay,46,c3ee0e8b6ce27f8940c223e49eecb96136fc4e3df991d8e58c16586565c28507,-1,False,0,200000,test,249,False
initial,075d487e455321d074661e5b8703bd01be33bafa413ef5da9880285aade5c2a7,0.4390452802181244,delay,47,f11eec591f0355285f623712e60cce615d1ba1cb0d0a77b1d9d0db81e324435d,-1,False,0,200000,test,249,False
initial,075d487e455321d074661e5b8703bd01be33bafa413ef5da9880285aade5c2a7,0.48464465141296387,delay,48,2107bfc32fe11c4361aaf44234eb84314a070e06859f3ba3f175c6f287e21ad5,-1,False,0,200000,test,249,False
initial,075d487e455321d074661e5b8703bd01be33bafa413ef5da9880285aade5c2a7,0.5076456069946289,delay,49,59b30799d156376b9f088ef823f4cd5512029f117aa740b598f9ae5828bd6319,-1,False,0,200000,test,249,False
initial,075d487e455321d074661e5b8703bd01be33bafa413ef5da9880285aade5c2a7,0.27007755637168884,delay,50,6260b4333b00c79742cd31603a955465ea3e554d00a7ce6ff8cbe596272c91d3,-1,False,0,200000,test,249,False
initial,075d487e455321d074661e5b8703bd01be33bafa413ef5da9880285aade5c2a7,0.2662088871002197,delay,51,3081b34d640d456289905a0d00d6386445a87df6aea70072558028b1728a1942,-1,False,0,200000,test,249,False
initial,075d487e455321d074661e5b8703bd01be33bafa413ef5da9880285aade5c2a7,0.35080814361572266,delay,52,e11137d2fb2abf1955eb052c3ae1a892b25e59fcc39259bd4408dcdb1c3b433d,-1,False,0,200000,test,249,False
initial,075d487e455321d074661e5b8703bd01be33bafa413ef5da9880285aade5c2a7,0.377180278301239,delay,53,27f9ae99894a8a2a0abadab2aa9026f5ebcd8af3beb33544c91616678a9802d7,-1,False,0,200000,test,249,False
initial,075d487e455321d074661e5b8703bd01be33bafa413ef5da9880285aade5c2a7,0.5253873467445374,delay,54,589cf2da4ef2a1cf4bcb333e370ff02b98079c2a618debb561be273db082094f,-1,False,0,200000,test,249,False
initial,075d487e455321d074661e5b8703bd01be33bafa413ef5da9880285aade5c2a7,0.3825599253177643,delay,55,2d2b755ee0a5826c56abdd2121cacc90144a237afdad02239b1ae03fe970a1a3,-1,False,0,200000,test,249,False
initial,075d487e455321d074661e5b8703bd01be33bafa413ef5da9880285aade5c2a7,0.46339648962020874,delay,56,3fd60a804c353e99497cdaf42748465d2e8f1ce47932d1cdfb1b375c4fb3842d,-1,False,0,200000,test,249,False
initial,075d487e455321d074661e5b8703bd01be33bafa413ef5da9880285aade5c2a7,0.35196852684020996,delay,57,743b03adb5018ad4c6650fa83df9ba0a83e9c2f03955f66c9aad1cefcf509ef4,-1,False,0,200000,test,249,False
initial,075d487e455321d074661e5b8703bd01be33bafa413ef5da9880285aade5c2a7,0.44631335139274597,delay,58,12eaff6ae2700a63bb84bba72ceaa2e988cd27c04f40fb1baf0e3a2568e5e057,-1,False,0,200000,test,249,False
initial,075d487e455321d074661e5b8703bd01be33bafa413ef5da9880285aade5c2a7,0.3755730390548706,delay,59,034c0a1609fe3d2fe5cbb61867b7cd354a7bad8b9b4ba50e2f1d2b55daf9e557,-1,False,0,200000,test,249,False
initial,075d487e455321d074661e5b8703bd01be33bafa413ef5da9880285aade5c2a7,0.4090147018432617,delay,60,0868575af3e26b5999ab786cebce5a2d25962004fb7c49848c5c257f13a0dd0a,-1,False,0,200000,test,249,False
initial,075d487e455321d074661e5b8703bd01be33bafa413ef5da9880285aade5c2a7,0.37187519669532776,delay,61,1d4ae994688fe4b0285b3cf5d329b032ab7add61f575a3c0a9f1f59d58599046,-1,False,0,200000,test,249,False
initial,075d487e455321d074661e5b8703bd01be33bafa413ef5da9880285aade5c2a7,0.284446656703949,delay,62,d0cf985b2baa2671a71c8263ac17a5a2553deb3b20b5e8ef015943014f66874b,-1,False,0,200000,test,249,False
initial,075d487e455321d074661e5b8703bd01be33bafa413ef5da9880285aade5c2a7,0.46987107396125793,delay,63,6e512a357a7911f18c47f9549c6af6a6b6ff25ae506b07ff6bb5f0992d80ba85,-1,False,0,200000,test,249,False
initial,075d487e455321d074661e5b8703bd01be33bafa413ef5da9880285aade5c2a7,0.370513379573822,delay,64,f0e3bde1ce39b8d5f0b9f96b0e500ceef0f9f5dedac73b2fa630c8a28d774fba,-1,False,0,200000,test,249,False
initial,075d487e455321d074661e5b8703bd01be33bafa413ef5da9880285aade5c2a7,0.2807329595088959,delay,65,c55c7ef0bbb23da553bbe88cfd4e92c66c5cdc7679af952559d1bbb93accac93,-1,False,0,200000,test,249,False
initial,075d487e455321d074661e5b8703bd01be33bafa413ef5da9880285aade5c2a7,0.5181882381439209,delay,66,c8f91fea361e0f2231f11468f49776eb1ce93a2eb34e613853170e1c57dd5333,-1,False,0,200000,test,249,False
initial,075d487e455321d074661e5b8703bd01be33bafa413ef5da9880285aade5c2a7,0.34482380747795105,delay,67,69bdfb327765b7935b9fb35fb9c298c892502dc33f528512c3e417bfd8667cd0,-1,False,0,200000,test,249,False
initial,075d487e455321d074661e5b8703bd01be33bafa413ef5da9880285aade5c2a7,0.4318024516105652,delay,68,9fe3ab03be0239f9e5db8c906aed925d6f6e5199f7075c0dcbf4099ccbd04173,-1,False,0,200000,test,249,False
initial,075d487e455321d074661e5b8703bd01be33bafa413ef5da9880285aade5c2a7,0.2569977343082428,delay,69,56d3102ba4fd0cd6b32cab81a908a1bd257370f42247e3dd98ecce07920e4901,-1,False,0,200000,test,249,False
initial,075d487e455321d074661e5b8703bd01be33bafa413ef5da9880285aade5c2a7,0.38082200288772583,delay,70,0af7f9e62b30e8e398387ada4a4a291da586ffeed8e75beea4557d6b7a0108af,-1,False,0,200000,test,249,False
initial,075d487e455321d074661e5b8703bd01be33bafa413ef5da9880285aade5c2a7,0.37448984384536743,delay,71,3a6a5b829bac417170c98fed1bfaa1fcc162f58c7a9fc1a035f7f6c3b479fd2f,-1,False,0,200000,test,249,False
initial,075d487e455321d074661e5b8703bd01be33bafa413ef5da9880285aade5c2a7,0.38150131702423096,delay,72,0de40ebcd895e1bd6920874cb94fd3216a1c8272c0e86b8f6dad079d35a01c36,-1,False,0,200000,test,249,False
initial,075d487e455321d074661e5b8703bd01be33bafa413ef5da9880285aade5c2a7,0.48220640420913696,delay,73,25988df0c0c58bcbfe1fcabad9b10115e22930ebfa3ffed0b3f4356dc70e7d92,-1,False,0,200000,test,249,False
initial,075d487e455321d074661e5b8703bd01be33bafa413ef5da9880285aade5c2a7,0.4113520085811615,delay,74,ea8fd7d64c026ee280f275cad3db0fa8e16b490c77cfe77d3f54dbbd4c4b6d18,-1,False,0,200000,test,249,False
initial,075d487e455321d074661e5b8703bd01be33bafa413ef5da9880285aade5c2a7,0.25506889820098877,delay,75,de75c8d313f4386152e3ae756d1967a2a106dc0d2938d6c1d4f27a1b6dbfd1b3,-1,False,0,200000,test,249,False
initial,075d487e455321d074661e5b8703bd01be33bafa413ef5da9880285aade5c2a7,0.5382861495018005,delay,76,12d8e730b73a94b46db15b6ba3b60046bf6225dd5503187cb7fc094a43211fcf,-1,False,0,200000,test,249,False
initial,075d487e455321d074661e5b8703bd01be33bafa413ef5da9880285aade5c2a7,0.25488045811653137,delay,77,eb0f20b9e88041fe1bc141c534cc3012e9a9c3f69c24e6e7470a1bdc4d7a4ddf,-1,False,0,200000,test,249,False
initial,075d487e455321d074661e5b8703bd01be33bafa413ef5da9880285aade5c2a7,0.4638637602329254,delay,78,ba6f3b248d51820ab6fdd15069721c12a0ce071dc4145b82ee0a7b2fe39c3e0e,-1,False,0,200000,test,249,False
initial,075d487e455321d074661e5b8703bd01be33bafa413ef5da9880285aade5c2a7,0.5110839605331421,delay,79,9b6101208ae0bcb76d0cb5e6b0a93ec282dde61461856af4e1c960cc71ff8a15,-1,False,0,200000,test,249,False
initial,075d487e455321d074661e5b8703bd01be33bafa413ef5da9880285aade5c2a7,0.5644147396087646,delay,80,39395baadc77790a2bbcfe93908e30203293c7828641a59b99e8a43293425556,-1,False,0,200000,test,249,False
initial,075d487e455321d074661e5b8703bd01be33bafa413ef5da9880285aade5c2a7,0.3098387122154236,delay,81,a33063ed2300a844e6ca2fbe9d3056355e52d79a32bad0986c66b5665e1117e3,-1,False,0,200000,test,249,False
initial,075d487e455321d074661e5b8703bd01be33bafa413ef5da9880285aade5c2a7,0.24271364510059357,delay,82,55710e266eb759d0d00bab746b2d4bfdd4670148a49031a8c7349df3fa8ca4c1,-1,False,0,200000,test,249,False
initial,075d487e455321d074661e5b8703bd01be33bafa413ef5da9880285aade5c2a7,0.23209472000598907,delay,83,7df4e6cc032385c4c199416848dac333fd0c3b311283099ede618f5ad7393d6b,-1,False,0,200000,test,249,False
initial,075d487e455321d074661e5b8703bd01be33bafa413ef5da9880285aade5c2a7,0.43913349509239197,delay,84,d31475abd8013d4c37112a833b4076d882ccfb079ae7945426089f4cede2dc99,-1,False,0,200000,test,249,False
initial,075d487e455321d074661e5b8703bd01be33bafa413ef5da9880285aade5c2a7,0.3313426077365875,delay,85,f06c856c4c1ef56e4f3e672ab92b81c91988272b735b6590cb7d4fde85224a0b,-1,False,0,200000,test,249,False
initial,075d487e455321d074661e5b8703bd01be33bafa413ef5da9880285aade5c2a7,0.3831219971179962,delay,86,a97162259337f6017f41f7ffe2ad9247db9f96808b1ae27f4f4421d894b9e87f,-1,False,0,200000,test,249,False
initial,075d487e455321d074661e5b8703bd01be33bafa413ef5da9880285aade5c2a7,0.5430412888526917,delay,87,361fd54746ce2574392c2d84ea8e35b9de2c0d4d5088d69bc62c3a1ab6e76242,-1,False,0,200000,test,249,False
initial,075d487e455321d074661e5b8703bd01be33bafa413ef5da9880285aade5c2a7,0.3384989798069,delay,88,89a34226042b2240015a1baa665606c98327a35c3a24871af82339d85224c8f1,-1,False,0,200000,test,249,False
initial,075d487e455321d074661e5b8703bd01be33bafa413ef5da9880285aade5c2a7,0.3104335069656372,delay,89,33059fb932a59706419ca00366bcff1c9e01eb0fa607dfc3aa7b9ecb789267ba,-1,False,0,200000,test,249,False
initial,075d487e455321d074661e5b8703bd01be33bafa413ef5da9880285aade5c2a7,0.38750922679901123,delay,90,216693fd1d3dfdaa7eab1a9298920870f16c48dbaba6aa99577ef455fc6dcb77,-1,False,0,200000,test,249,False
initial,075d487e455321d074661e5b8703bd01be33bafa413ef5da9880285aade5c2a7,0.33509451150894165,delay,91,561444055a91bdd1d73028866539ab5843235f0c380c43d7e2b3e849535963be,-1,False,0,200000,test,249,False
initial,075d487e455321d074661e5b8703bd01be33bafa413ef5da9880285aade5c2a7,0.44590964913368225,delay,92,ccf82bf0552ddf77723c34cb4a515cc8f0794e94edba92e3736743c0bd6d94e9,-1,False,0,200000,test,249,False
initial,075d487e455321d074661e5b8703bd01be33bafa413ef5da9880285aade5c2a7,0.22096729278564453,delay,93,1db8aebabce41b1990763f3b990ca645710679f83de24ebae1357744998b013b,-1,False,0,200000,test,249,False
initial,075d487e455321d074661e5b8703bd01be33bafa413ef5da9880285aade5c2a7,0.35869258642196655,delay,94,3e2512fba443292eadd8ebd391bfaa79a3a51976deb77e5e373badfeb809ce67,-1,False,0,200000,test,249,False
initial,075d487e455321d074661e5b8703bd01be33bafa413ef5da9880285aade5c2a7,0.3911578059196472,delay,95,f4b872aef30db47029eba4a4d01094323a4eef5257d4c5bb0f3a6d090ac6325f,-1,False,0,200000,test,249,False
initial,075d487e455321d074661e5b8703bd01be33bafa413ef5da9880285aade5c2a7,0.5585684776306152,delay,96,dd61787338938b802af68566d23eea329fec2048f20101d606e3c6baaab354e4,-1,False,0,200000,test,249,False
initial,075d487e455321d074661e5b8703bd01be33bafa413ef5da9880285aade5c2a7,0.33803731203079224,delay,97,bf6b2ec79924fafd60e4fdf305deebdaa8b0db05356b4b51f03acec12ea09bc3,-1,False,0,200000,test,249,False
initial,075d487e455321d074661e5b8703bd01be33bafa413ef5da9880285aade5c2a7,0.5396445989608765,delay,98,efd1fc4714d0e5c7eca0f24817e1f0e302b9c741963c849932d30aa4a2176434,-1,False,0,200000,test,249,False
initial,075d487e455321d074661e5b8703bd01be33bafa413ef5da9880285aade5c2a7,0.39088794589042664,delay,99,2f8a14737b5cb1591311be5ab2b938c2f7b43a05e83fc7876774948e244b0e1a,-1,False,0,200000,test,249,False
initial,075d487e455321d074661e5b8703bd01be33bafa413ef5da9880285aade5c2a7,0.44879603385925293,delay,100,c3c26ae042dabd10dd5b1ffae93e6a4c6731eccc47926a8e2e514e00ede50ab9,-1,False,0,200000,test,249,False
initial,075d487e455321d074661e5b8703bd01be33bafa413ef5da9880285aade5c2a7,0.44966092705726624,delay,101,1f9f1c06ddd1004ef0de06e5a3c4b1e4207db028be9e03f809a15b15a9c0ed84,-1,False,0,200000,test,249,False
initial,075d487e455321d074661e5b8703bd01be33bafa413ef5da9880285aade5c2a7,0.3483235239982605,delay,102,c85af3a2c96bfd13f42d313005929365439790d5defc38f398dcb772e7b8789c,-1,False,0,200000,test,249,False
initial,075d487e455321d074661e5b8703bd01be33bafa413ef5da9880285aade5c2a7,0.4208095073699951,delay,103,f20b1bd089ed98f94809b46482fa94aebd29cfe707c4d03c4bde362236667e20,-1,False,0,200000,test,249,False
initial,075d487e455321d074661e5b8703bd01be33bafa413ef5da9880285aade5c2a7,0.27266207337379456,delay,104,35147c1f4110e2fab5b7e738151989f22b05b4d424ed28668eadde330f30d0d2,-1,False,0,200000,test,249,False
initial,075d487e455321d074661e5b8703bd01be33bafa413ef5da9880285aade5c2a7,0.3790555000305176,delay,105,1ae6b6835f0f1d8a25355a1a6d35ff0516db996068fe0cc5d954b1d26ada9c0e,-1,False,0,200000,test,249,False
initial,075d487e455321d074661e5b8703bd01be33bafa413ef5da9880285aade5c2a7,0.4245776832103729,delay,106,6e9ce697532c9e1b66404b9bdca3dfa7fb46afa0800cf2aec47f0ac36c22b099,-1,False,0,200000,test,249,False
initial,075d487e455321d074661e5b8703bd01be33bafa413ef5da9880285aade5c2a7,0.3574674129486084,delay,107,63625553f5fb3ca24e3d9130fda632b47e98a2d926dd6ea752495710ae95ae1d,-1,False,0,200000,test,249,False
initial,075d487e455321d074661e5b8703bd01be33bafa413ef5da9880285aade5c2a7,0.3032105565071106,delay,108,7916fe6697947613fe39ed88f73c031f24d55e79d9314c038f17b73734b56d30,-1,False,0,200000,test,249,False
initial,075d487e455321d074661e5b8703bd01be33bafa413ef5da9880285aade5c2a7,0.4177107810974121,delay,109,7916b4434df03586d8103b0bf85911ce7fe8a66f73c55435ee510d137fb05ddc,-1,False,0,200000,test,249,False
initial,075d487e455321d074661e5b8703bd01be33bafa413ef5da9880285aade5c2a7,0.3039134442806244,delay,110,4f0f03f60013e855f3127f49a4368108a63fe564c11c40f264e4dd7898d7f4a6,-1,False,0,200000,test,249,False
initial,075d487e455321d074661e5b8703bd01be33bafa413ef5da9880285aade5c2a7,0.3439483344554901,delay,111,51bf73926ab46ebfe1ad8caca6760656093bb22103844830cb6ec99687a23772,-1,False,0,200000,test,249,False
initial,075d487e455321d074661e5b8703bd01be33bafa413ef5da9880285aade5c2a7,0.34691277146339417,delay,112,c157d977c0f9fa39d95f1c2ec71ae32c00bddfd25585beea80b140c254bd329f,-1,False,0,200000,test,249,False
initial,075d487e455321d074661e5b8703bd01be33bafa413ef5da9880285aade5c2a7,0.43223902583122253,delay,113,c5a2200d1e3162ca08cf475af95a1cfc35afa6922782e502042966e6f4b75eb2,-1,False,0,200000,test,249,False
initial,075d487e455321d074661e5b8703bd01be33bafa413ef5da9880285aade5c2a7,0.4619635343551636,delay,114,3e39f1604ea7fdb93611a26caa589f0c289ad9d64dfee7695e049574ff89fbc2,-1,False,0,200000,test,249,False
initial,075d487e455321d074661e5b8703bd01be33bafa413ef5da9880285aade5c2a7,0.3276277482509613,delay,115,226f5afa574115421c2b353826d96a2bc4373c8d23cc62bb1661f58331cfa51f,-1,False,0,200000,test,249,False
initial,075d487e455321d074661e5b8703bd01be33bafa413ef5da9880285aade5c2a7,0.3474690318107605,delay,116,cc373e90d8d51db1404468603dba0decee0b79ab2222fb1f80bec9692fc11491,-1,False,0,200000,test,249,False
initial,075d487e455321d074661e5b8703bd01be33bafa413ef5da9880285aade5c2a7,0.37560218572616577,delay,117,d34fe38489bd00f0ced77df94d9e68bbe0cadf11bec48d9b358c524ba65fcd84,-1,False,0,200000,test,249,False
initial,075d487e455321d074661e5b8703bd01be33bafa413ef5da9880285aade5c2a7,0.32770833373069763,delay,118,f6f43da56ab0104d200263d0ccc26b54343e5cf5f1a2b85b0427aef003a18d05,-1,False,0,200000,test,249,False
initial,075d487e455321d074661e5b8703bd01be33bafa413ef5da9880285aade5c2a7,0.302876353263855,delay,119,f2193a15f75006902326daa41c8560b6af0e0b2fa3dfeee72a1657739c93ec6e,-1,False,0,200000,test,249,False
initial,075d487e455321d074661e5b8703bd01be33bafa413ef5da9880285aade5c2a7,0.4823299050331116,delay,120,eef563ad380403bb42a4e585dd28a7e2dcbbef7c4eef544bb1e7304228261ada,-1,False,0,200000,test,249,False
initial,075d487e455321d074661e5b8703bd01be33bafa413ef5da9880285aade5c2a7,0.20976272225379944,delay,121,341f5ba19f28425012123e699062b53d2bfa82b6be077dd7db1b079258e98c38,-1,False,0,200000,test,249,False
initial,075d487e455321d074661e5b8703bd01be33bafa413ef5da9880285aade5c2a7,0.38496923446655273,delay,122,26254a8b2716e730aa5d48720b7da4b4a9068e7d8e312a2844a1b06f8dbecad4,-1,False,0,200000,test,249,False
initial,075d487e455321d074661e5b8703bd01be33bafa413ef5da9880285aade5c2a7,0.4623706042766571,delay,123,399497fbcf615c9086dedb218e07c7de99bc3288b58a994d6d8d64f8218d9d3d,-1,False,0,200000,test,249,False
initial,075d487e455321d074661e5b8703bd01be33bafa413ef5da9880285aade5c2a7,0.3912820518016815,delay,124,a0137aa53fd1e96aa116c240205ca47e667e4c1166f40212990765083555952d,-1,False,0,200000,test,249,False
initial,075d487e455321d074661e5b8703bd01be33bafa413ef5da9880285aade5c2a7,0.5742543339729309,delay,125,1af06c111b26388f255d6b592b301eb32564d5b1d5095e196d11dcfd6af96e2c,-1,False,0,200000,test,249,False
initial,075d487e455321d074661e5b8703bd01be33bafa413ef5da9880285aade5c2a7,0.5981720685958862,delay,126,b2d26dafcbf01b1eb4092bcbbe4d5750bc1c079b5e3b989a0b780692268f9ee6,-1,False,0,200000,test,249,False
initial,075d487e455321d074661e5b8703bd01be33bafa413ef5da9880285aade5c2a7,0.4213641881942749,delay,127,4d854e42c5801aa99b2a2ff4494e94f46107ae40d1c4a03ee0d3547f152b6c35,-1,False,0,200000,test,249,False
initial,075d487e455321d074661e5b8703bd01be33bafa413ef5da9880285aade5c2a7,0.5307783484458923,heavy,0,b95fa809dd99f195a8b21065a1b0c004ab3e35a0dd671741ba681333796c2bde,-1,False,0,200000,test,249,False
initial,075d487e455321d074661e5b8703bd01be33bafa413ef5da9880285aade5c2a7,0.48986849188804626,heavy,1,247bba64c17b3e63715e27cce5086706b2532f6ebdf49f77b7e7472271f5babf,-1,False,0,200000,test,249,False
initial,075d487e455321d074661e5b8703bd01be33bafa413ef5da9880285aade5c2a7,0.3349347710609436,heavy,2,b770e4a4a5d10a2a2aac5b356c200f0ecf82b37714c2ae66a3076dddc6cb178d,-1,False,0,200000,test,249,False
initial,075d487e455321d074661e5b8703bd01be33bafa413ef5da9880285aade5c2a7,0.37984898686408997,heavy,3,77ac3234e716a8f41aef905b2db2d3ba55bdc177b414bf9d8c5e013b7eb239d5,-1,False,0,200000,test,249,False
initial,075d487e455321d074661e5b8703bd01be33bafa413ef5da9880285aade5c2a7,0.2703111469745636,heavy,4,6feceecdc48cfc7eef39f4dae9ac9a6aa0ce092e38b0ab18242654071173d9cd,-1,False,0,200000,test,249,False
initial,075d487e455321d074661e5b8703bd01be33bafa413ef5da9880285aade5c2a7,0.5295228958129883,heavy,5,ffb6104d0344815d997b8133f1b08b5dcfa9d0c217a1cf7b9aa5876876e3857b,-1,False,0,200000,test,249,False
initial,075d487e455321d074661e5b8703bd01be33bafa413ef5da9880285aade5c2a7,0.32204073667526245,heavy,6,9fae564b918f8e1d470d6f81179b13f69bf1ce5130cdcfa569a086e4ffdeb7a7,-1,False,0,200000,test,249,False
initial,075d487e455321d074661e5b8703bd01be33bafa413ef5da9880285aade5c2a7,0.2534773349761963,heavy,7,816f8c87f55863c18ce29aebabca3f6febac7eeed5cc46440b7c52a7ff0af397,-1,False,0,200000,test,249,False
initial,075d487e455321d074661e5b8703bd01be33bafa413ef5da9880285aade5c2a7,0.3602607548236847,heavy,8,3fad0a7ff51fd2ea2fabdda776fe7885fb315c2f2aebe05f72d71f4c464c93f5,-1,False,0,200000,test,249,False
initial,075d487e455321d074661e5b8703bd01be33bafa413ef5da9880285aade5c2a7,0.5800423622131348,heavy,9,1df4303a4a631754d740e6da207851c6c09cdbc0b38d084f4d1a17d44617ffb9,-1,False,0,200000,test,249,False
initial,075d487e455321d074661e5b8703bd01be33bafa413ef5da9880285aade5c2a7,0.25519275665283203,heavy,10,4a15c14d141f7841fe9ac2a018183a8a045a28f7e542bcf39f41312ed33bf33b,-1,False,0,200000,test,249,False
initial,075d487e455321d074661e5b8703bd01be33bafa413ef5da9880285aade5c2a7,0.4936111271381378,heavy,11,88d0c3bffcc0d41af083f261516856b7b52217b51f87c89964c10fbd3e22edc6,-1,False,0,200000,test,249,False
initial,075d487e455321d074661e5b8703bd01be33bafa413ef5da9880285aade5c2a7,0.5329789519309998,heavy,12,0fd372a7af4ee90674bec7b56dcd244d906980a942406a9dbd88d2344d1a733b,-1,False,0,200000,test,249,False
initial,075d487e455321d074661e5b8703bd01be33bafa413ef5da9880285aade5c2a7,0.3413873612880707,heavy,13,01d319bd18f9cfb697c975b064470678c29ac83cfaf52e43586d719be007317c,-1,False,0,200000,test,249,False
initial,075d487e455321d074661e5b8703bd01be33bafa413ef5da9880285aade5c2a7,0.35137519240379333,heavy,14,c91a8b96bd1c92af8da6a04ede439ba1c4f76b8498c39c9afe27c6e65ab2d793,-1,False,0,200000,test,249,False
initial,075d487e455321d074661e5b8703bd01be33bafa413ef5da9880285aade5c2a7,0.3609705865383148,heavy,15,5c1ccc7b681c7ece6a7d3957ac1f77a0daf10a3d7f2da5d9a368532e12387183,-1,False,0,200000,test,249,False
initial,075d487e455321d074661e5b8703bd01be33bafa413ef5da9880285aade5c2a7,0.37192726135253906,heavy,16,1e6bda6643755f11c47254f4eeb791dc38e7ea997744ba3099f2a138772966f3,-1,False,0,200000,test,249,False
initial,075d487e455321d074661e5b8703bd01be33bafa413ef5da9880285aade5c2a7,0.27077120542526245,heavy,17,96376e8b12b04ff4968102378630283cba527c9fd21109264304a7cce084e98b,-1,False,0,200000,test,249,False
initial,075d487e455321d074661e5b8703bd01be33bafa413ef5da9880285aade5c2a7,0.34104225039482117,heavy,18,58898b4858a294cf7c7ff0ce39483d2860612e1e5825d3570266b1a454a468a7,-1,False,0,200000,test,249,False
initial,075d487e455321d074661e5b8703bd01be33bafa413ef5da9880285aade5c2a7,0.3509010672569275,heavy,19,8e5a2346379c74e6b96bfb38a35836079b2ffa3201069b63f9fd1cd4d06201fd,-1,False,0,200000,test,249,False
initial,075d487e455321d074661e5b8703bd01be33bafa413ef5da9880285aade5c2a7,0.5252025127410889,heavy,20,f51d219238abc5313a32a7e8d7cc8cbd48a0d2f1d337df56d72e225700a1c622,-1,False,0,200000,test,249,False
initial,075d487e455321d074661e5b8703bd01be33bafa413ef5da9880285aade5c2a7,0.27243056893348694,heavy,21,84a93ef0bd51a5c0f85c0a51e1c13c33ee9fb8127151c43dd1d13e078046c26e,-1,False,0,200000,test,249,False
initial,075d487e455321d074661e5b8703bd01be33bafa413ef5da9880285aade5c2a7,0.33971041440963745,heavy,22,cd27f23de66e978f6ab1e23dbe5db08f96875bebedec45e81cffef531c1ac860,-1,False,0,200000,test,249,False
initial,075d487e455321d074661e5b8703bd01be33bafa413ef5da9880285aade5c2a7,0.517876923084259,heavy,23,6c38145813edcfa527fd6b558359abc9f129c9356158827e0fcecf91ea55ed00,-1,False,0,200000,test,249,False
initial,075d487e455321d074661e5b8703bd01be33bafa413ef5da9880285aade5c2a7,0.23163512349128723,heavy,24,4fb3692880b037edcaff3f940da73550acd8eee50b1bf64b13f776eb38cf7c73,-1,False,0,200000,test,249,False
initial,075d487e455321d074661e5b8703bd01be33bafa413ef5da9880285aade5c2a7,0.6126442551612854,heavy,25,128b7d3d27b179fcd43835c497626e90cee16c13819a4c658fa096d4933cf32a,-1,False,0,200000,test,249,False
initial,075d487e455321d074661e5b8703bd01be33bafa413ef5da9880285aade5c2a7,0.276104211807251,heavy,26,e3f01f6e991a26abf43d9826b9c14ec61f36879dc061f03e6ee5c7e3355f74c6,-1,False,0,200000,test,249,False
initial,075d487e455321d074661e5b8703bd01be33bafa413ef5da9880285aade5c2a7,0.4353206157684326,heavy,27,eb13446d5e313ea28470cc3f170c7b729965d80c81ad52c5e2990258ae11b2f6,-1,False,0,200000,test,249,False
initial,075d487e455321d074661e5b8703bd01be33bafa413ef5da9880285aade5c2a7,0.35031700134277344,heavy,28,fdf3e4bf26bc7399603afebefaf783f8a7285567bb65fe3d63f92be709a460a3,-1,False,0,200000,test,249,False
initial,075d487e455321d074661e5b8703bd01be33bafa413ef5da9880285aade5c2a7,0.4935316741466522,heavy,29,8610377a78ff9282dc9592f98986f875987d41926ee56330b5a702ae963598bb,-1,False,0,200000,test,249,False
initial,075d487e455321d074661e5b8703bd01be33bafa413ef5da9880285aade5c2a7,0.4383833110332489,heavy,30,f287754e29ab94bdc05fab57e6223b4a569216338ef1034500b3f93c742d1b99,-1,False,0,200000,test,249,False
initial,075d487e455321d074661e5b8703bd01be33bafa413ef5da9880285aade5c2a7,0.3407154977321625,heavy,31,d4c55dd35d1e2fb554249763356d0587c1de5d9c0837194cd21dcefb8427c043,-1,False,0,200000,test,249,False
initial,075d487e455321d074661e5b8703bd01be33bafa413ef5da9880285aade5c2a7,0.44097796082496643,heavy,32,fa422693337594f8176c84eea1f775d721f3b05b8ab2fbf0a40a9a172dec3d86,-1,False,0,200000,test,249,False
initial,075d487e455321d074661e5b8703bd01be33bafa413ef5da9880285aade5c2a7,0.5252940654754639,heavy,33,c711174136b3f4b594af75e49fde7e73e674bc11b502e2c14a8b0c22a8677ee2,-1,False,0,200000,test,249,False
initial,075d487e455321d074661e5b8703bd01be33bafa413ef5da9880285aade5c2a7,0.3330595791339874,heavy,34,69bdd6b4df7d5879807b5eeca552697347f3322d0f72ddc9f342a6f6c94b010b,-1,False,0,200000,test,249,False
initial,075d487e455321d074661e5b8703bd01be33bafa413ef5da9880285aade5c2a7,0.49067243933677673,heavy,35,524e8f4eb41046b3109958550c65bb30d4f98522c712b115c6d7438414e8e1fc,-1,False,0,200000,test,249,False
initial,075d487e455321d074661e5b8703bd01be33bafa413ef5da9880285aade5c2a7,0.2844535708427429,heavy,36,29cd69335c1fe21b39bb02d39b5a79a27122bd4eb818c8108f501b4caefbd5f1,-1,False,0,200000,test,249,False
initial,075d487e455321d074661e5b8703bd01be33bafa413ef5da9880285aade5c2a7,0.47659391164779663,heavy,37,e9423f3b0a8066ff86952027c9c5ea6ff950bf6743ac77f077fef0452be910a5,-1,False,0,200000,test,249,False
initial,075d487e455321d074661e5b8703bd01be33bafa413ef5da9880285aade5c2a7,0.3678184449672699,heavy,38,5fe680cf3b523d6fd981d22150a45cef104d02ce5377f76d21f0831eb1afc6f5,-1,False,0,200000,test,249,False
initial,075d487e455321d074661e5b8703bd01be33bafa413ef5da9880285aade5c2a7,0.25299930572509766,heavy,39,0d5474f87a4963d2b5f07d6838078a953122e111f50832311b33ef933ba546be,-1,False,0,200000,test,249,False
initial,075d487e455321d074661e5b8703bd01be33bafa413ef5da9880285aade5c2a7,0.4250766336917877,heavy,40,5e5832d62473c4d8bafb32c583b19b437d4d40078d424246b3287b9f769c8249,-1,False,0,200000,test,249,False
initial,075d487e455321d074661e5b8703bd01be33bafa413ef5da9880285aade5c2a7,0.426198273897171,heavy,41,8723d02eaa3abf34feebba632be9fd4b9ad6df25839b0e2d15b91d78bb358797,-1,False,0,200000,test,249,False
initial,075d487e455321d074661e5b8703bd01be33bafa413ef5da9880285aade5c2a7,0.24507123231887817,heavy,42,19bebb04b6b19cd96eda8a3934849506c51a241627ce191e05fbe4c904c9261b,-1,False,0,200000,test,249,False
initial,075d487e455321d074661e5b8703bd01be33bafa413ef5da9880285aade5c2a7,0.29486533999443054,heavy,43,10737fcb94350a0b358e9c57750cd448b8a086f335d95373672cefb4f434f76a,-1,False,0,200000,test,249,False
initial,075d487e455321d074661e5b8703bd01be33bafa413ef5da9880285aade5c2a7,0.46780118346214294,heavy,44,f519756c8f7529a2b4abff9a40ee73e5075cc1d2c16109e3f372d0ff4bd56833,-1,False,0,200000,test,249,False
initial,075d487e455321d074661e5b8703bd01be33bafa413ef5da9880285aade5c2a7,0.5324730277061462,heavy,45,9ab4f7c205b7001cfe0fde36c2a76df8f94b2f985215a0ee30187d06db655054,-1,False,0,200000,test,249,False
initial,075d487e455321d074661e5b8703bd01be33bafa413ef5da9880285aade5c2a7,0.4311237037181854,heavy,46,c3ee0e8b6ce27f8940c223e49eecb96136fc4e3df991d8e58c16586565c28507,-1,False,0,200000,test,249,False
initial,075d487e455321d074661e5b8703bd01be33bafa413ef5da9880285aade5c2a7,0.4390452802181244,heavy,47,f11eec591f0355285f623712e60cce615d1ba1cb0d0a77b1d9d0db81e324435d,-1,False,0,200000,test,249,False
initial,075d487e455321d074661e5b8703bd01be33bafa413ef5da9880285aade5c2a7,0.48464465141296387,heavy,48,2107bfc32fe11c4361aaf44234eb84314a070e06859f3ba3f175c6f287e21ad5,-1,False,0,200000,test,249,False
initial,075d487e455321d074661e5b8703bd01be33bafa413ef5da9880285aade5c2a7,0.5076456069946289,heavy,49,59b30799d156376b9f088ef823f4cd5512029f117aa740b598f9ae5828bd6319,-1,False,0,200000,test,249,False
initial,075d487e455321d074661e5b8703bd01be33bafa413ef5da9880285aade5c2a7,0.27007755637168884,heavy,50,6260b4333b00c79742cd31603a955465ea3e554d00a7ce6ff8cbe596272c91d3,-1,False,0,200000,test,249,False
initial,075d487e455321d074661e5b8703bd01be33bafa413ef5da9880285aade5c2a7,0.2662088871002197,heavy,51,3081b34d640d456289905a0d00d6386445a87df6aea70072558028b1728a1942,-1,False,0,200000,test,249,False
initial,075d487e455321d074661e5b8703bd01be33bafa413ef5da9880285aade5c2a7,0.35080814361572266,heavy,52,e11137d2fb2abf1955eb052c3ae1a892b25e59fcc39259bd4408dcdb1c3b433d,-1,False,0,200000,test,249,False
initial,075d487e455321d074661e5b8703bd01be33bafa413ef5da9880285aade5c2a7,0.377180278301239,heavy,53,27f9ae99894a8a2a0abadab2aa9026f5ebcd8af3beb33544c91616678a9802d7,-1,False,0,200000,test,249,False
initial,075d487e455321d074661e5b8703bd01be33bafa413ef5da9880285aade5c2a7,0.5253873467445374,heavy,54,589cf2da4ef2a1cf4bcb333e370ff02b98079c2a618debb561be273db082094f,-1,False,0,200000,test,249,False
initial,075d487e455321d074661e5b8703bd01be33bafa413ef5da9880285aade5c2a7,0.3825599253177643,heavy,55,2d2b755ee0a5826c56abdd2121cacc90144a237afdad02239b1ae03fe970a1a3,-1,False,0,200000,test,249,False
initial,075d487e455321d074661e5b8703bd01be33bafa413ef5da9880285aade5c2a7,0.46339648962020874,heavy,56,3fd60a804c353e99497cdaf42748465d2e8f1ce47932d1cdfb1b375c4fb3842d,-1,False,0,200000,test,249,False
initial,075d487e455321d074661e5b8703bd01be33bafa413ef5da9880285aade5c2a7,0.35196852684020996,heavy,57,743b03adb5018ad4c6650fa83df9ba0a83e9c2f03955f66c9aad1cefcf509ef4,-1,False,0,200000,test,249,False
initial,075d487e455321d074661e5b8703bd01be33bafa413ef5da9880285aade5c2a7,0.44631335139274597,heavy,58,12eaff6ae2700a63bb84bba72ceaa2e988cd27c04f40fb1baf0e3a2568e5e057,-1,False,0,200000,test,249,False
initial,075d487e455321d074661e5b8703bd01be33bafa413ef5da9880285aade5c2a7,0.3755730390548706,heavy,59,034c0a1609fe3d2fe5cbb61867b7cd354a7bad8b9b4ba50e2f1d2b55daf9e557,-1,False,0,200000,test,249,False
initial,075d487e455321d074661e5b8703bd01be33bafa413ef5da9880285aade5c2a7,0.4090147018432617,heavy,60,0868575af3e26b5999ab786cebce5a2d25962004fb7c49848c5c257f13a0dd0a,-1,False,0,200000,test,249,False
initial,075d487e455321d074661e5b8703bd01be33bafa413ef5da9880285aade5c2a7,0.37187519669532776,heavy,61,1d4ae994688fe4b0285b3cf5d329b032ab7add61f575a3c0a9f1f59d58599046,-1,False,0,200000,test,249,False
initial,075d487e455321d074661e5b8703bd01be33bafa413ef5da9880285aade5c2a7,0.284446656703949,heavy,62,d0cf985b2baa2671a71c8263ac17a5a2553deb3b20b5e8ef015943014f66874b,-1,False,0,200000,test,249,False
initial,075d487e455321d074661e5b8703bd01be33bafa413ef5da9880285aade5c2a7,0.46987107396125793,heavy,63,6e512a357a7911f18c47f9549c6af6a6b6ff25ae506b07ff6bb5f0992d80ba85,-1,False,0,200000,test,249,False
initial,075d487e455321d074661e5b8703bd01be33bafa413ef5da9880285aade5c2a7,0.370513379573822,heavy,64,f0e3bde1ce39b8d5f0b9f96b0e500ceef0f9f5dedac73b2fa630c8a28d774fba,-1,False,0,200000,test,249,False
initial,075d487e455321d074661e5b8703bd01be33bafa413ef5da9880285aade5c2a7,0.2807329595088959,heavy,65,c55c7ef0bbb23da553bbe88cfd4e92c66c5cdc7679af952559d1bbb93accac93,-1,False,0,200000,test,249,False
initial,075d487e455321d074661e5b8703bd01be33bafa413ef5da9880285aade5c2a7,0.5181882381439209,heavy,66,c8f91fea361e0f2231f11468f49776eb1ce93a2eb34e613853170e1c57dd5333,-1,False,0,200000,test,249,False
initial,075d487e455321d074661e5b8703bd01be33bafa413ef5da9880285aade5c2a7,0.34482380747795105,heavy,67,69bdfb327765b7935b9fb35fb9c298c892502dc33f528512c3e417bfd8667cd0,-1,False,0,200000,test,249,False
initial,075d487e455321d074661e5b8703bd01be33bafa413ef5da9880285aade5c2a7,0.4318024516105652,heavy,68,9fe3ab03be0239f9e5db8c906aed925d6f6e5199f7075c0dcbf4099ccbd04173,-1,False,0,200000,test,249,False
initial,075d487e455321d074661e5b8703bd01be33bafa413ef5da9880285aade5c2a7,0.2569977343082428,heavy,69,56d3102ba4fd0cd6b32cab81a908a1bd257370f42247e3dd98ecce07920e4901,-1,False,0,200000,test,249,False
initial,075d487e455321d074661e5b8703bd01be33bafa413ef5da9880285aade5c2a7,0.38082200288772583,heavy,70,0af7f9e62b30e8e398387ada4a4a291da586ffeed8e75beea4557d6b7a0108af,-1,False,0,200000,test,249,False
initial,075d487e455321d074661e5b8703bd01be33bafa413ef5da9880285aade5c2a7,0.37448984384536743,heavy,71,3a6a5b829bac417170c98fed1bfaa1fcc162f58c7a9fc1a035f7f6c3b479fd2f,-1,False,0,200000,test,249,False
initial,075d487e455321d074661e5b8703bd01be33bafa413ef5da9880285aade5c2a7,0.38150131702423096,heavy,72,0de40ebcd895e1bd6920874cb94fd3216a1c8272c0e86b8f6dad079d35a01c36,-1,False,0,200000,test,249,False
initial,075d487e455321d074661e5b8703bd01be33bafa413ef5da9880285aade5c2a7,0.48220640420913696,heavy,73,25988df0c0c58bcbfe1fcabad9b10115e22930ebfa3ffed0b3f4356dc70e7d92,-1,False,0,200000,test,249,False
initial,075d487e455321d074661e5b8703bd01be33bafa413ef5da9880285aade5c2a7,0.4113520085811615,heavy,74,ea8fd7d64c026ee280f275cad3db0fa8e16b490c77cfe77d3f54dbbd4c4b6d18,-1,False,0,200000,test,249,False
initial,075d487e455321d074661e5b8703bd01be33bafa413ef5da9880285aade5c2a7,0.25506889820098877,heavy,75,de75c8d313f4386152e3ae756d1967a2a106dc0d2938d6c1d4f27a1b6dbfd1b3,-1,False,0,200000,test,249,False
initial,075d487e455321d074661e5b8703bd01be33bafa413ef5da9880285aade5c2a7,0.5382861495018005,heavy,76,12d8e730b73a94b46db15b6ba3b60046bf6225dd5503187cb7fc094a43211fcf,-1,False,0,200000,test,249,False
initial,075d487e455321d074661e5b8703bd01be33bafa413ef5da9880285aade5c2a7,0.25488045811653137,heavy,77,eb0f20b9e88041fe1bc141c534cc3012e9a9c3f69c24e6e7470a1bdc4d7a4ddf,-1,False,0,200000,test,249,False
initial,075d487e455321d074661e5b8703bd01be33bafa413ef5da9880285aade5c2a7,0.4638637602329254,heavy,78,ba6f3b248d51820ab6fdd15069721c12a0ce071dc4145b82ee0a7b2fe39c3e0e,-1,False,0,200000,test,249,False
initial,075d487e455321d074661e5b8703bd01be33bafa413ef5da9880285aade5c2a7,0.5110839605331421,heavy,79,9b6101208ae0bcb76d0cb5e6b0a93ec282dde61461856af4e1c960cc71ff8a15,-1,False,0,200000,test,249,False
initial,075d487e455321d074661e5b8703bd01be33bafa413ef5da9880285aade5c2a7,0.5644147396087646,heavy,80,39395baadc77790a2bbcfe93908e30203293c7828641a59b99e8a43293425556,-1,False,0,200000,test,249,False
initial,075d487e455321d074661e5b8703bd01be33bafa413ef5da9880285aade5c2a7,0.3098387122154236,heavy,81,a33063ed2300a844e6ca2fbe9d3056355e52d79a32bad0986c66b5665e1117e3,-1,False,0,200000,test,249,False
initial,075d487e455321d074661e5b8703bd01be33bafa413ef5da9880285aade5c2a7,0.24271364510059357,heavy,82,55710e266eb759d0d00bab746b2d4bfdd4670148a49031a8c7349df3fa8ca4c1,-1,False,0,200000,test,249,False
initial,075d487e455321d074661e5b8703bd01be33bafa413ef5da9880285aade5c2a7,0.23209472000598907,heavy,83,7df4e6cc032385c4c199416848dac333fd0c3b311283099ede618f5ad7393d6b,-1,False,0,200000,test,249,False
initial,075d487e455321d074661e5b8703bd01be33bafa413ef5da9880285aade5c2a7,0.43913349509239197,heavy,84,d31475abd8013d4c37112a833b4076d882ccfb079ae7945426089f4cede2dc99,-1,False,0,200000,test,249,False
initial,075d487e455321d074661e5b8703bd01be33bafa413ef5da9880285aade5c2a7,0.3313426077365875,heavy,85,f06c856c4c1ef56e4f3e672ab92b81c91988272b735b6590cb7d4fde85224a0b,-1,False,0,200000,test,249,False
initial,075d487e455321d074661e5b8703bd01be33bafa413ef5da9880285aade5c2a7,0.3831219971179962,heavy,86,a97162259337f6017f41f7ffe2ad9247db9f96808b1ae27f4f4421d894b9e87f,-1,False,0,200000,test,249,False
initial,075d487e455321d074661e5b8703bd01be33bafa413ef5da9880285aade5c2a7,0.5430412888526917,heavy,87,361fd54746ce2574392c2d84ea8e35b9de2c0d4d5088d69bc62c3a1ab6e76242,-1,False,0,200000,test,249,False
initial,075d487e455321d074661e5b8703bd01be33bafa413ef5da9880285aade5c2a7,0.3384989798069,heavy,88,89a34226042b2240015a1baa665606c98327a35c3a24871af82339d85224c8f1,-1,False,0,200000,test,249,False
initial,075d487e455321d074661e5b8703bd01be33bafa413ef5da9880285aade5c2a7,0.3104335069656372,heavy,89,33059fb932a59706419ca00366bcff1c9e01eb0fa607dfc3aa7b9ecb789267ba,-1,False,0,200000,test,249,False
initial,075d487e455321d074661e5b8703bd01be33bafa413ef5da9880285aade5c2a7,0.38750922679901123,heavy,90,216693fd1d3dfdaa7eab1a9298920870f16c48dbaba6aa99577ef455fc6dcb77,-1,False,0,200000,test,249,False
initial,075d487e455321d074661e5b8703bd01be33bafa413ef5da9880285aade5c2a7,0.33509451150894165,heavy,91,561444055a91bdd1d73028866539ab5843235f0c380c43d7e2b3e849535963be,-1,False,0,200000,test,249,False
initial,075d487e455321d074661e5b8703bd01be33bafa413ef5da9880285aade5c2a7,0.44590964913368225,heavy,92,ccf82bf0552ddf77723c34cb4a515cc8f0794e94edba92e3736743c0bd6d94e9,-1,False,0,200000,test,249,False
initial,075d487e455321d074661e5b8703bd01be33bafa413ef5da9880285aade5c2a7,0.22096729278564453,heavy,93,1db8aebabce41b1990763f3b990ca645710679f83de24ebae1357744998b013b,-1,False,0,200000,test,249,False
initial,075d487e455321d074661e5b8703bd01be33bafa413ef5da9880285aade5c2a7,0.35869258642196655,heavy,94,3e2512fba443292eadd8ebd391bfaa79a3a51976deb77e5e373badfeb809ce67,-1,False,0,200000,test,249,False
initial,075d487e455321d074661e5b8703bd01be33bafa413ef5da9880285aade5c2a7,0.3911578059196472,heavy,95,f4b872aef30db47029eba4a4d01094323a4eef5257d4c5bb0f3a6d090ac6325f,-1,False,0,200000,test,249,False
initial,075d487e455321d074661e5b8703bd01be33bafa413ef5da9880285aade5c2a7,0.5585684776306152,heavy,96,dd61787338938b802af68566d23eea329fec2048f20101d606e3c6baaab354e4,-1,False,0,200000,test,249,False
initial,075d487e455321d074661e5b8703bd01be33bafa413ef5da9880285aade5c2a7,0.33803731203079224,heavy,97,bf6b2ec79924fafd60e4fdf305deebdaa8b0db05356b4b51f03acec12ea09bc3,-1,False,0,200000,test,249,False
initial,075d487e455321d074661e5b8703bd01be33bafa413ef5da9880285aade5c2a7,0.5396445989608765,heavy,98,efd1fc4714d0e5c7eca0f24817e1f0e302b9c741963c849932d30aa4a2176434,-1,False,0,200000,test,249,False
initial,075d487e455321d074661e5b8703bd01be33bafa413ef5da9880285aade5c2a7,0.39088794589042664,heavy,99,2f8a14737b5cb1591311be5ab2b938c2f7b43a05e83fc7876774948e244b0e1a,-1,False,0,200000,test,249,False
initial,075d487e455321d074661e5b8703bd01be33bafa413ef5da9880285aade5c2a7,0.44879603385925293,heavy,100,c3c26ae042dabd10dd5b1ffae93e6a4c6731eccc47926a8e2e514e00ede50ab9,-1,False,0,200000,test,249,False
initial,075d487e455321d074661e5b8703bd01be33bafa413ef5da9880285aade5c2a7,0.44966092705726624,heavy,101,1f9f1c06ddd1004ef0de06e5a3c4b1e4207db028be9e03f809a15b15a9c0ed84,-1,False,0,200000,test,249,False
initial,075d487e455321d074661e5b8703bd01be33bafa413ef5da9880285aade5c2a7,0.3483235239982605,heavy,102,c85af3a2c96bfd13f42d313005929365439790d5defc38f398dcb772e7b8789c,-1,False,0,200000,test,249,False
initial,075d487e455321d074661e5b8703bd01be33bafa413ef5da9880285aade5c2a7,0.4208095073699951,heavy,103,f20b1bd089ed98f94809b46482fa94aebd29cfe707c4d03c4bde362236667e20,-1,False,0,200000,test,249,False
initial,075d487e455321d074661e5b8703bd01be33bafa413ef5da9880285aade5c2a7,0.27266207337379456,heavy,104,35147c1f4110e2fab5b7e738151989f22b05b4d424ed28668eadde330f30d0d2,-1,False,0,200000,test,249,False
initial,075d487e455321d074661e5b8703bd01be33bafa413ef5da9880285aade5c2a7,0.3790555000305176,heavy,105,1ae6b6835f0f1d8a25355a1a6d35ff0516db996068fe0cc5d954b1d26ada9c0e,-1,False,0,200000,test,249,False
initial,075d487e455321d074661e5b8703bd01be33bafa413ef5da9880285aade5c2a7,0.4245776832103729,heavy,106,6e9ce697532c9e1b66404b9bdca3dfa7fb46afa0800cf2aec47f0ac36c22b099,-1,False,0,200000,test,249,False
initial,075d487e455321d074661e5b8703bd01be33bafa413ef5da9880285aade5c2a7,0.3574674129486084,heavy,107,63625553f5fb3ca24e3d9130fda632b47e98a2d926dd6ea752495710ae95ae1d,-1,False,0,200000,test,249,False
initial,075d487e455321d074661e5b8703bd01be33bafa413ef5da9880285aade5c2a7,0.3032105565071106,heavy,108,7916fe6697947613fe39ed88f73c031f24d55e79d9314c038f17b73734b56d30,-1,False,0,200000,test,249,False
initial,075d487e455321d074661e5b8703bd01be33bafa413ef5da9880285aade5c2a7,0.4177107810974121,heavy,109,7916b4434df03586d8103b0bf85911ce7fe8a66f73c55435ee510d137fb05ddc,-1,False,0,200000,test,249,False
initial,075d487e455321d074661e5b8703bd01be33bafa413ef5da9880285aade5c2a7,0.3039134442806244,heavy,110,4f0f03f60013e855f3127f49a4368108a63fe564c11c40f264e4dd7898d7f4a6,-1,False,0,200000,test,249,False
initial,075d487e455321d074661e5b8703bd01be33bafa413ef5da9880285aade5c2a7,0.3439483344554901,heavy,111,51bf73926ab46ebfe1ad8caca6760656093bb22103844830cb6ec99687a23772,-1,False,0,200000,test,249,False
initial,075d487e455321d074661e5b8703bd01be33bafa413ef5da9880285aade5c2a7,0.34691277146339417,heavy,112,c157d977c0f9fa39d95f1c2ec71ae32c00bddfd25585beea80b140c254bd329f,-1,False,0,200000,test,249,False
initial,075d487e455321d074661e5b8703bd01be33bafa413ef5da9880285aade5c2a7,0.43223902583122253,heavy,113,c5a2200d1e3162ca08cf475af95a1cfc35afa6922782e502042966e6f4b75eb2,-1,False,0,200000,test,249,False
initial,075d487e455321d074661e5b8703bd01be33bafa413ef5da9880285aade5c2a7,0.4619635343551636,heavy,114,3e39f1604ea7fdb93611a26caa589f0c289ad9d64dfee7695e049574ff89fbc2,-1,False,0,200000,test,249,False
initial,075d487e455321d074661e5b8703bd01be33bafa413ef5da9880285aade5c2a7,0.3276277482509613,heavy,115,226f5afa574115421c2b353826d96a2bc4373c8d23cc62bb1661f58331cfa51f,-1,False,0,200000,test,249,False
initial,075d487e455321d074661e5b8703bd01be33bafa413ef5da9880285aade5c2a7,0.3474690318107605,heavy,116,cc373e90d8d51db1404468603dba0decee0b79ab2222fb1f80bec9692fc11491,-1,False,0,200000,test,249,False
initial,075d487e455321d074661e5b8703bd01be33bafa413ef5da9880285aade5c2a7,0.37560218572616577,heavy,117,d34fe38489bd00f0ced77df94d9e68bbe0cadf11bec48d9b358c524ba65fcd84,-1,False,0,200000,test,249,False
initial,075d487e455321d074661e5b8703bd01be33bafa413ef5da9880285aade5c2a7,0.32770833373069763,heavy,118,f6f43da56ab0104d200263d0ccc26b54343e5cf5f1a2b85b0427aef003a18d05,-1,False,0,200000,test,249,False
initial,075d487e455321d074661e5b8703bd01be33bafa413ef5da9880285aade5c2a7,0.302876353263855,heavy,119,f2193a15f75006902326daa41c8560b6af0e0b2fa3dfeee72a1657739c93ec6e,-1,False,0,200000,test,249,False
initial,075d487e455321d074661e5b8703bd01be33bafa413ef5da9880285aade5c2a7,0.4823299050331116,heavy,120,eef563ad380403bb42a4e585dd28a7e2dcbbef7c4eef544bb1e7304228261ada,-1,False,0,200000,test,249,False
initial,075d487e455321d074661e5b8703bd01be33bafa413ef5da9880285aade5c2a7,0.20976272225379944,heavy,121,341f5ba19f28425012123e699062b53d2bfa82b6be077dd7db1b079258e98c38,-1,False,0,200000,test,249,False
initial,075d487e455321d074661e5b8703bd01be33bafa413ef5da9880285aade5c2a7,0.38496923446655273,heavy,122,26254a8b2716e730aa5d48720b7da4b4a9068e7d8e312a2844a1b06f8dbecad4,-1,False,0,200000,test,249,False
initial,075d487e455321d074661e5b8703bd01be33bafa413ef5da9880285aade5c2a7,0.4623706042766571,heavy,123,399497fbcf615c9086dedb218e07c7de99bc3288b58a994d6d8d64f8218d9d3d,-1,False,0,200000,test,249,False
initial,075d487e455321d074661e5b8703bd01be33bafa413ef5da9880285aade5c2a7,0.3912820518016815,heavy,124,a0137aa53fd1e96aa116c240205ca47e667e4c1166f40212990765083555952d,-1,False,0,200000,test,249,False
initial,075d487e455321d074661e5b8703bd01be33bafa413ef5da9880285aade5c2a7,0.5742543339729309,heavy,125,1af06c111b26388f255d6b592b301eb32564d5b1d5095e196d11dcfd6af96e2c,-1,False,0,200000,test,249,False
initial,075d487e455321d074661e5b8703bd01be33bafa413ef5da9880285aade5c2a7,0.5981720685958862,heavy,126,b2d26dafcbf01b1eb4092bcbbe4d5750bc1c079b5e3b989a0b780692268f9ee6,-1,False,0,200000,test,249,False
initial,075d487e455321d074661e5b8703bd01be33bafa413ef5da9880285aade5c2a7,0.4213641881942749,heavy,127,4d854e42c5801aa99b2a2ff4494e94f46107ae40d1c4a03ee0d3547f152b6c35,-1,False,0,200000,test,249,False
initial,075d487e455321d074661e5b8703bd01be33bafa413ef5da9880285aade5c2a7,0.5307783484458923,nominal,0,b95fa809dd99f195a8b21065a1b0c004ab3e35a0dd671741ba681333796c2bde,-1,False,0,200000,test,249,False
initial,075d487e455321d074661e5b8703bd01be33bafa413ef5da9880285aade5c2a7,0.48986849188804626,nominal,1,247bba64c17b3e63715e27cce5086706b2532f6ebdf49f77b7e7472271f5babf,-1,False,0,200000,test,249,False
initial,075d487e455321d074661e5b8703bd01be33bafa413ef5da9880285aade5c2a7,0.3349347710609436,nominal,2,b770e4a4a5d10a2a2aac5b356c200f0ecf82b37714c2ae66a3076dddc6cb178d,-1,False,0,200000,test,249,False
initial,075d487e455321d074661e5b8703bd01be33bafa413ef5da9880285aade5c2a7,0.37984898686408997,nominal,3,77ac3234e716a8f41aef905b2db2d3ba55bdc177b414bf9d8c5e013b7eb239d5,-1,False,0,200000,test,249,False
initial,075d487e455321d074661e5b8703bd01be33bafa413ef5da9880285aade5c2a7,0.2703111469745636,nominal,4,6feceecdc48cfc7eef39f4dae9ac9a6aa0ce092e38b0ab18242654071173d9cd,-1,False,0,200000,test,249,False
initial,075d487e455321d074661e5b8703bd01be33bafa413ef5da9880285aade5c2a7,0.5295228958129883,nominal,5,ffb6104d0344815d997b8133f1b08b5dcfa9d0c217a1cf7b9aa5876876e3857b,-1,False,0,200000,test,249,False
initial,075d487e455321d074661e5b8703bd01be33bafa413ef5da9880285aade5c2a7,0.32204073667526245,nominal,6,9fae564b918f8e1d470d6f81179b13f69bf1ce5130cdcfa569a086e4ffdeb7a7,-1,False,0,200000,test,249,False
initial,075d487e455321d074661e5b8703bd01be33bafa413ef5da9880285aade5c2a7,0.2534773349761963,nominal,7,816f8c87f55863c18ce29aebabca3f6febac7eeed5cc46440b7c52a7ff0af397,-1,False,0,200000,test,249,False
initial,075d487e455321d074661e5b8703bd01be33bafa413ef5da9880285aade5c2a7,0.3602607548236847,nominal,8,3fad0a7ff51fd2ea2fabdda776fe7885fb315c2f2aebe05f72d71f4c464c93f5,-1,False,0,200000,test,249,False
initial,075d487e455321d074661e5b8703bd01be33bafa413ef5da9880285aade5c2a7,0.5800423622131348,nominal,9,1df4303a4a631754d740e6da207851c6c09cdbc0b38d084f4d1a17d44617ffb9,-1,False,0,200000,test,249,False
initial,075d487e455321d074661e5b8703bd01be33bafa413ef5da9880285aade5c2a7,0.25519275665283203,nominal,10,4a15c14d141f7841fe9ac2a018183a8a045a28f7e542bcf39f41312ed33bf33b,-1,False,0,200000,test,249,False
initial,075d487e455321d074661e5b8703bd01be33bafa413ef5da9880285aade5c2a7,0.4936111271381378,nominal,11,88d0c3bffcc0d41af083f261516856b7b52217b51f87c89964c10fbd3e22edc6,-1,False,0,200000,test,249,False
initial,075d487e455321d074661e5b8703bd01be33bafa413ef5da9880285aade5c2a7,0.5329789519309998,nominal,12,0fd372a7af4ee90674bec7b56dcd244d906980a942406a9dbd88d2344d1a733b,-1,False,0,200000,test,249,False
initial,075d487e455321d074661e5b8703bd01be33bafa413ef5da9880285aade5c2a7,0.3413873612880707,nominal,13,01d319bd18f9cfb697c975b064470678c29ac83cfaf52e43586d719be007317c,-1,False,0,200000,test,249,False
initial,075d487e455321d074661e5b8703bd01be33bafa413ef5da9880285aade5c2a7,0.35137519240379333,nominal,14,c91a8b96bd1c92af8da6a04ede439ba1c4f76b8498c39c9afe27c6e65ab2d793,-1,False,0,200000,test,249,False
initial,075d487e455321d074661e5b8703bd01be33bafa413ef5da9880285aade5c2a7,0.3609705865383148,nominal,15,5c1ccc7b681c7ece6a7d3957ac1f77a0daf10a3d7f2da5d9a368532e12387183,-1,False,0,200000,test,249,False
initial,075d487e455321d074661e5b8703bd01be33bafa413ef5da9880285aade5c2a7,0.37192726135253906,nominal,16,1e6bda6643755f11c47254f4eeb791dc38e7ea997744ba3099f2a138772966f3,-1,False,0,200000,test,249,False
initial,075d487e455321d074661e5b8703bd01be33bafa413ef5da9880285aade5c2a7,0.27077120542526245,nominal,17,96376e8b12b04ff4968102378630283cba527c9fd21109264304a7cce084e98b,-1,False,0,200000,test,249,False
initial,075d487e455321d074661e5b8703bd01be33bafa413ef5da9880285aade5c2a7,0.34104225039482117,nominal,18,58898b4858a294cf7c7ff0ce39483d2860612e1e5825d3570266b1a454a468a7,-1,False,0,200000,test,249,False
initial,075d487e455321d074661e5b8703bd01be33bafa413ef5da9880285aade5c2a7,0.3509010672569275,nominal,19,8e5a2346379c74e6b96bfb38a35836079b2ffa3201069b63f9fd1cd4d06201fd,-1,False,0,200000,test,249,False
initial,075d487e455321d074661e5b8703bd01be33bafa413ef5da9880285aade5c2a7,0.5252025127410889,nominal,20,f51d219238abc5313a32a7e8d7cc8cbd48a0d2f1d337df56d72e225700a1c622,-1,False,0,200000,test,249,False
initial,075d487e455321d074661e5b8703bd01be33bafa413ef5da9880285aade5c2a7,0.27243056893348694,nominal,21,84a93ef0bd51a5c0f85c0a51e1c13c33ee9fb8127151c43dd1d13e078046c26e,-1,False,0,200000,test,249,False
initial,075d487e455321d074661e5b8703bd01be33bafa413ef5da9880285aade5c2a7,0.33971041440963745,nominal,22,cd27f23de66e978f6ab1e23dbe5db08f96875bebedec45e81cffef531c1ac860,-1,False,0,200000,test,249,False
initial,075d487e455321d074661e5b8703bd01be33bafa413ef5da9880285aade5c2a7,0.517876923084259,nominal,23,6c38145813edcfa527fd6b558359abc9f129c9356158827e0fcecf91ea55ed00,-1,False,0,200000,test,249,False
initial,075d487e455321d074661e5b8703bd01be33bafa413ef5da9880285aade5c2a7,0.23163512349128723,nominal,24,4fb3692880b037edcaff3f940da73550acd8eee50b1bf64b13f776eb38cf7c73,-1,False,0,200000,test,249,False
initial,075d487e455321d074661e5b8703bd01be33bafa413ef5da9880285aade5c2a7,0.6126442551612854,nominal,25,128b7d3d27b179fcd43835c497626e90cee16c13819a4c658fa096d4933cf32a,-1,False,0,200000,test,249,False
initial,075d487e455321d074661e5b8703bd01be33bafa413ef5da9880285aade5c2a7,0.276104211807251,nominal,26,e3f01f6e991a26abf43d9826b9c14ec61f36879dc061f03e6ee5c7e3355f74c6,-1,False,0,200000,test,249,False
initial,075d487e455321d074661e5b8703bd01be33bafa413ef5da9880285aade5c2a7,0.4353206157684326,nominal,27,eb13446d5e313ea28470cc3f170c7b729965d80c81ad52c5e2990258ae11b2f6,-1,False,0,200000,test,249,False
initial,075d487e455321d074661e5b8703bd01be33bafa413ef5da9880285aade5c2a7,0.35031700134277344,nominal,28,fdf3e4bf26bc7399603afebefaf783f8a7285567bb65fe3d63f92be709a460a3,-1,False,0,200000,test,249,False
initial,075d487e455321d074661e5b8703bd01be33bafa413ef5da9880285aade5c2a7,0.4935316741466522,nominal,29,8610377a78ff9282dc9592f98986f875987d41926ee56330b5a702ae963598bb,-1,False,0,200000,test,249,False
initial,075d487e455321d074661e5b8703bd01be33bafa413ef5da9880285aade5c2a7,0.4383833110332489,nominal,30,f287754e29ab94bdc05fab57e6223b4a569216338ef1034500b3f93c742d1b99,-1,False,0,200000,test,249,False
initial,075d487e455321d074661e5b8703bd01be33bafa413ef5da9880285aade5c2a7,0.3407154977321625,nominal,31,d4c55dd35d1e2fb554249763356d0587c1de5d9c0837194cd21dcefb8427c043,-1,False,0,200000,test,249,False
initial,075d487e455321d074661e5b8703bd01be33bafa413ef5da9880285aade5c2a7,0.44097796082496643,nominal,32,fa422693337594f8176c84eea1f775d721f3b05b8ab2fbf0a40a9a172dec3d86,-1,False,0,200000,test,249,False
initial,075d487e455321d074661e5b8703bd01be33bafa413ef5da9880285aade5c2a7,0.5252940654754639,nominal,33,c711174136b3f4b594af75e49fde7e73e674bc11b502e2c14a8b0c22a8677ee2,-1,False,0,200000,test,249,False
initial,075d487e455321d074661e5b8703bd01be33bafa413ef5da9880285aade5c2a7,0.3330595791339874,nominal,34,69bdd6b4df7d5879807b5eeca552697347f3322d0f72ddc9f342a6f6c94b010b,-1,False,0,200000,test,249,False
initial,075d487e455321d074661e5b8703bd01be33bafa413ef5da9880285aade5c2a7,0.49067243933677673,nominal,35,524e8f4eb41046b3109958550c65bb30d4f98522c712b115c6d7438414e8e1fc,-1,False,0,200000,test,249,False
initial,075d487e455321d074661e5b8703bd01be33bafa413ef5da9880285aade5c2a7,0.2844535708427429,nominal,36,29cd69335c1fe21b39bb02d39b5a79a27122bd4eb818c8108f501b4caefbd5f1,-1,False,0,200000,test,249,False
initial,075d487e455321d074661e5b8703bd01be33bafa413ef5da9880285aade5c2a7,0.47659391164779663,nominal,37,e9423f3b0a8066ff86952027c9c5ea6ff950bf6743ac77f077fef0452be910a5,-1,False,0,200000,test,249,False
initial,075d487e455321d074661e5b8703bd01be33bafa413ef5da9880285aade5c2a7,0.3678184449672699,nominal,38,5fe680cf3b523d6fd981d22150a45cef104d02ce5377f76d21f0831eb1afc6f5,-1,False,0,200000,test,249,False
initial,075d487e455321d074661e5b8703bd01be33bafa413ef5da9880285aade5c2a7,0.25299930572509766,nominal,39,0d5474f87a4963d2b5f07d6838078a953122e111f50832311b33ef933ba546be,-1,False,0,200000,test,249,False
initial,075d487e455321d074661e5b8703bd01be33bafa413ef5da9880285aade5c2a7,0.4250766336917877,nominal,40,5e5832d62473c4d8bafb32c583b19b437d4d40078d424246b3287b9f769c8249,-1,False,0,200000,test,249,False
initial,075d487e455321d074661e5b8703bd01be33bafa413ef5da9880285aade5c2a7,0.426198273897171,nominal,41,8723d02eaa3abf34feebba632be9fd4b9ad6df25839b0e2d15b91d78bb358797,-1,False,0,200000,test,249,False
initial,075d487e455321d074661e5b8703bd01be33bafa413ef5da9880285aade5c2a7,0.24507123231887817,nominal,42,19bebb04b6b19cd96eda8a3934849506c51a241627ce191e05fbe4c904c9261b,-1,False,0,200000,test,249,False
initial,075d487e455321d074661e5b8703bd01be33bafa413ef5da9880285aade5c2a7,0.29486533999443054,nominal,43,10737fcb94350a0b358e9c57750cd448b8a086f335d95373672cefb4f434f76a,-1,False,0,200000,test,249,False
initial,075d487e455321d074661e5b8703bd01be33bafa413ef5da9880285aade5c2a7,0.46780118346214294,nominal,44,f519756c8f7529a2b4abff9a40ee73e5075cc1d2c16109e3f372d0ff4bd56833,-1,False,0,200000,test,249,False
initial,075d487e455321d074661e5b8703bd01be33bafa413ef5da9880285aade5c2a7,0.5324730277061462,nominal,45,9ab4f7c205b7001cfe0fde36c2a76df8f94b2f985215a0ee30187d06db655054,-1,False,0,200000,test,249,False
initial,075d487e455321d074661e5b8703bd01be33bafa413ef5da9880285aade5c2a7,0.4311237037181854,nominal,46,c3ee0e8b6ce27f8940c223e49eecb96136fc4e3df991d8e58c16586565c28507,-1,False,0,200000,test,249,False
initial,075d487e455321d074661e5b8703bd01be33bafa413ef5da9880285aade5c2a7,0.4390452802181244,nominal,47,f11eec591f0355285f623712e60cce615d1ba1cb0d0a77b1d9d0db81e324435d,-1,False,0,200000,test,249,False
initial,075d487e455321d074661e5b8703bd01be33bafa413ef5da9880285aade5c2a7,0.48464465141296387,nominal,48,2107bfc32fe11c4361aaf44234eb84314a070e06859f3ba3f175c6f287e21ad5,-1,False,0,200000,test,249,False
initial,075d487e455321d074661e5b8703bd01be33bafa413ef5da9880285aade5c2a7,0.5076456069946289,nominal,49,59b30799d156376b9f088ef823f4cd5512029f117aa740b598f9ae5828bd6319,-1,False,0,200000,test,249,False
initial,075d487e455321d074661e5b8703bd01be33bafa413ef5da9880285aade5c2a7,0.27007755637168884,nominal,50,6260b4333b00c79742cd31603a955465ea3e554d00a7ce6ff8cbe596272c91d3,-1,False,0,200000,test,249,False
initial,075d487e455321d074661e5b8703bd01be33bafa413ef5da9880285aade5c2a7,0.2662088871002197,nominal,51,3081b34d640d456289905a0d00d6386445a87df6aea70072558028b1728a1942,-1,False,0,200000,test,249,False
initial,075d487e455321d074661e5b8703bd01be33bafa413ef5da9880285aade5c2a7,0.35080814361572266,nominal,52,e11137d2fb2abf1955eb052c3ae1a892b25e59fcc39259bd4408dcdb1c3b433d,-1,False,0,200000,test,249,False
initial,075d487e455321d074661e5b8703bd01be33bafa413ef5da9880285aade5c2a7,0.377180278301239,nominal,53,27f9ae99894a8a2a0abadab2aa9026f5ebcd8af3beb33544c91616678a9802d7,-1,False,0,200000,test,249,False
initial,075d487e455321d074661e5b8703bd01be33bafa413ef5da9880285aade5c2a7,0.5253873467445374,nominal,54,589cf2da4ef2a1cf4bcb333e370ff02b98079c2a618debb561be273db082094f,-1,False,0,200000,test,249,False
initial,075d487e455321d074661e5b8703bd01be33bafa413ef5da9880285aade5c2a7,0.3825599253177643,nominal,55,2d2b755ee0a5826c56abdd2121cacc90144a237afdad02239b1ae03fe970a1a3,-1,False,0,200000,test,249,False
initial,075d487e455321d074661e5b8703bd01be33bafa413ef5da9880285aade5c2a7,0.46339648962020874,nominal,56,3fd60a804c353e99497cdaf42748465d2e8f1ce47932d1cdfb1b375c4fb3842d,-1,False,0,200000,test,249,False
initial,075d487e455321d074661e5b8703bd01be33bafa413ef5da9880285aade5c2a7,0.35196852684020996,nominal,57,743b03adb5018ad4c6650fa83df9ba0a83e9c2f03955f66c9aad1cefcf509ef4,-1,False,0,200000,test,249,False
initial,075d487e455321d074661e5b8703bd01be33bafa413ef5da9880285aade5c2a7,0.44631335139274597,nominal,58,12eaff6ae2700a63bb84bba72ceaa2e988cd27c04f40fb1baf0e3a2568e5e057,-1,False,0,200000,test,249,False
initial,075d487e455321d074661e5b8703bd01be33bafa413ef5da9880285aade5c2a7,0.3755730390548706,nominal,59,034c0a1609fe3d2fe5cbb61867b7cd354a7bad8b9b4ba50e2f1d2b55daf9e557,-1,False,0,200000,test,249,False
initial,075d487e455321d074661e5b8703bd01be33bafa413ef5da9880285aade5c2a7,0.4090147018432617,nominal,60,0868575af3e26b5999ab786cebce5a2d25962004fb7c49848c5c257f13a0dd0a,-1,False,0,200000,test,249,False
initial,075d487e455321d074661e5b8703bd01be33bafa413ef5da9880285aade5c2a7,0.37187519669532776,nominal,61,1d4ae994688fe4b0285b3cf5d329b032ab7add61f575a3c0a9f1f59d58599046,-1,False,0,200000,test,249,False
initial,075d487e455321d074661e5b8703bd01be33bafa413ef5da9880285aade5c2a7,0.284446656703949,nominal,62,d0cf985b2baa2671a71c8263ac17a5a2553deb3b20b5e8ef015943014f66874b,-1,False,0,200000,test,249,False
initial,075d487e455321d074661e5b8703bd01be33bafa413ef5da9880285aade5c2a7,0.46987107396125793,nominal,63,6e512a357a7911f18c47f9549c6af6a6b6ff25ae506b07ff6bb5f0992d80ba85,-1,False,0,200000,test,249,False
initial,075d487e455321d074661e5b8703bd01be33bafa413ef5da9880285aade5c2a7,0.370513379573822,nominal,64,f0e3bde1ce39b8d5f0b9f96b0e500ceef0f9f5dedac73b2fa630c8a28d774fba,-1,False,0,200000,test,249,False
initial,075d487e455321d074661e5b8703bd01be33bafa413ef5da9880285aade5c2a7,0.2807329595088959,nominal,65,c55c7ef0bbb23da553bbe88cfd4e92c66c5cdc7679af952559d1bbb93accac93,-1,False,0,200000,test,249,False
initial,075d487e455321d074661e5b8703bd01be33bafa413ef5da9880285aade5c2a7,0.5181882381439209,nominal,66,c8f91fea361e0f2231f11468f49776eb1ce93a2eb34e613853170e1c57dd5333,-1,False,0,200000,test,249,False
initial,075d487e455321d074661e5b8703bd01be33bafa413ef5da9880285aade5c2a7,0.34482380747795105,nominal,67,69bdfb327765b7935b9fb35fb9c298c892502dc33f528512c3e417bfd8667cd0,-1,False,0,200000,test,249,False
initial,075d487e455321d074661e5b8703bd01be33bafa413ef5da9880285aade5c2a7,0.4318024516105652,nominal,68,9fe3ab03be0239f9e5db8c906aed925d6f6e5199f7075c0dcbf4099ccbd04173,-1,False,0,200000,test,249,False
initial,075d487e455321d074661e5b8703bd01be33bafa413ef5da9880285aade5c2a7,0.2569977343082428,nominal,69,56d3102ba4fd0cd6b32cab81a908a1bd257370f42247e3dd98ecce07920e4901,-1,False,0,200000,test,249,False
initial,075d487e455321d074661e5b8703bd01be33bafa413ef5da9880285aade5c2a7,0.38082200288772583,nominal,70,0af7f9e62b30e8e398387ada4a4a291da586ffeed8e75beea4557d6b7a0108af,-1,False,0,200000,test,249,False
initial,075d487e455321d074661e5b8703bd01be33bafa413ef5da9880285aade5c2a7,0.37448984384536743,nominal,71,3a6a5b829bac417170c98fed1bfaa1fcc162f58c7a9fc1a035f7f6c3b479fd2f,-1,False,0,200000,test,249,False
initial,075d487e455321d074661e5b8703bd01be33bafa413ef5da9880285aade5c2a7,0.38150131702423096,nominal,72,0de40ebcd895e1bd6920874cb94fd3216a1c8272c0e86b8f6dad079d35a01c36,-1,False,0,200000,test,249,False
initial,075d487e455321d074661e5b8703bd01be33bafa413ef5da9880285aade5c2a7,0.48220640420913696,nominal,73,25988df0c0c58bcbfe1fcabad9b10115e22930ebfa3ffed0b3f4356dc70e7d92,-1,False,0,200000,test,249,False
initial,075d487e455321d074661e5b8703bd01be33bafa413ef5da9880285aade5c2a7,0.4113520085811615,nominal,74,ea8fd7d64c026ee280f275cad3db0fa8e16b490c77cfe77d3f54dbbd4c4b6d18,-1,False,0,200000,test,249,False
initial,075d487e455321d074661e5b8703bd01be33bafa413ef5da9880285aade5c2a7,0.25506889820098877,nominal,75,de75c8d313f4386152e3ae756d1967a2a106dc0d2938d6c1d4f27a1b6dbfd1b3,-1,False,0,200000,test,249,False
initial,075d487e455321d074661e5b8703bd01be33bafa413ef5da9880285aade5c2a7,0.5382861495018005,nominal,76,12d8e730b73a94b46db15b6ba3b60046bf6225dd5503187cb7fc094a43211fcf,-1,False,0,200000,test,249,False
initial,075d487e455321d074661e5b8703bd01be33bafa413ef5da9880285aade5c2a7,0.25488045811653137,nominal,77,eb0f20b9e88041fe1bc141c534cc3012e9a9c3f69c24e6e7470a1bdc4d7a4ddf,-1,False,0,200000,test,249,False
initial,075d487e455321d074661e5b8703bd01be33bafa413ef5da9880285aade5c2a7,0.4638637602329254,nominal,78,ba6f3b248d51820ab6fdd15069721c12a0ce071dc4145b82ee0a7b2fe39c3e0e,-1,False,0,200000,test,249,False
initial,075d487e455321d074661e5b8703bd01be33bafa413ef5da9880285aade5c2a7,0.5110839605331421,nominal,79,9b6101208ae0bcb76d0cb5e6b0a93ec282dde61461856af4e1c960cc71ff8a15,-1,False,0,200000,test,249,False
initial,075d487e455321d074661e5b8703bd01be33bafa413ef5da9880285aade5c2a7,0.5644147396087646,nominal,80,39395baadc77790a2bbcfe93908e30203293c7828641a59b99e8a43293425556,-1,False,0,200000,test,249,False
initial,075d487e455321d074661e5b8703bd01be33bafa413ef5da9880285aade5c2a7,0.3098387122154236,nominal,81,a33063ed2300a844e6ca2fbe9d3056355e52d79a32bad0986c66b5665e1117e3,-1,False,0,200000,test,249,False
initial,075d487e455321d074661e5b8703bd01be33bafa413ef5da9880285aade5c2a7,0.24271364510059357,nominal,82,55710e266eb759d0d00bab746b2d4bfdd4670148a49031a8c7349df3fa8ca4c1,-1,False,0,200000,test,249,False
initial,075d487e455321d074661e5b8703bd01be33bafa413ef5da9880285aade5c2a7,0.23209472000598907,nominal,83,7df4e6cc032385c4c199416848dac333fd0c3b311283099ede618f5ad7393d6b,-1,False,0,200000,test,249,False
initial,075d487e455321d074661e5b8703bd01be33bafa413ef5da9880285aade5c2a7,0.43913349509239197,nominal,84,d31475abd8013d4c37112a833b4076d882ccfb079ae7945426089f4cede2dc99,-1,False,0,200000,test,249,False
initial,075d487e455321d074661e5b8703bd01be33bafa413ef5da9880285aade5c2a7,0.3313426077365875,nominal,85,f06c856c4c1ef56e4f3e672ab92b81c91988272b735b6590cb7d4fde85224a0b,-1,False,0,200000,test,249,False
initial,075d487e455321d074661e5b8703bd01be33bafa413ef5da9880285aade5c2a7,0.3831219971179962,nominal,86,a97162259337f6017f41f7ffe2ad9247db9f96808b1ae27f4f4421d894b9e87f,-1,False,0,200000,test,249,False
initial,075d487e455321d074661e5b8703bd01be33bafa413ef5da9880285aade5c2a7,0.5430412888526917,nominal,87,361fd54746ce2574392c2d84ea8e35b9de2c0d4d5088d69bc62c3a1ab6e76242,-1,False,0,200000,test,249,False
initial,075d487e455321d074661e5b8703bd01be33bafa413ef5da9880285aade5c2a7,0.3384989798069,nominal,88,89a34226042b2240015a1baa665606c98327a35c3a24871af82339d85224c8f1,-1,False,0,200000,test,249,False
initial,075d487e455321d074661e5b8703bd01be33bafa413ef5da9880285aade5c2a7,0.3104335069656372,nominal,89,33059fb932a59706419ca00366bcff1c9e01eb0fa607dfc3aa7b9ecb789267ba,-1,False,0,200000,test,249,False
initial,075d487e455321d074661e5b8703bd01be33bafa413ef5da9880285aade5c2a7,0.38750922679901123,nominal,90,216693fd1d3dfdaa7eab1a9298920870f16c48dbaba6aa99577ef455fc6dcb77,-1,False,0,200000,test,249,False
initial,075d487e455321d074661e5b8703bd01be33bafa413ef5da9880285aade5c2a7,0.33509451150894165,nominal,91,561444055a91bdd1d73028866539ab5843235f0c380c43d7e2b3e849535963be,-1,False,0,200000,test,249,False
initial,075d487e455321d074661e5b8703bd01be33bafa413ef5da9880285aade5c2a7,0.44590964913368225,nominal,92,ccf82bf0552ddf77723c34cb4a515cc8f0794e94edba92e3736743c0bd6d94e9,-1,False,0,200000,test,249,False
initial,075d487e455321d074661e5b8703bd01be33bafa413ef5da9880285aade5c2a7,0.22096729278564453,nominal,93,1db8aebabce41b1990763f3b990ca645710679f83de24ebae1357744998b013b,-1,False,0,200000,test,249,False
initial,075d487e455321d074661e5b8703bd01be33bafa413ef5da9880285aade5c2a7,0.35869258642196655,nominal,94,3e2512fba443292eadd8ebd391bfaa79a3a51976deb77e5e373badfeb809ce67,-1,False,0,200000,test,249,False
initial,075d487e455321d074661e5b8703bd01be33bafa413ef5da9880285aade5c2a7,0.3911578059196472,nominal,95,f4b872aef30db47029eba4a4d01094323a4eef5257d4c5bb0f3a6d090ac6325f,-1,False,0,200000,test,249,False
initial,075d487e455321d074661e5b8703bd01be33bafa413ef5da9880285aade5c2a7,0.5585684776306152,nominal,96,dd61787338938b802af68566d23eea329fec2048f20101d606e3c6baaab354e4,-1,False,0,200000,test,249,False
initial,075d487e455321d074661e5b8703bd01be33bafa413ef5da9880285aade5c2a7,0.33803731203079224,nominal,97,bf6b2ec79924fafd60e4fdf305deebdaa8b0db05356b4b51f03acec12ea09bc3,-1,False,0,200000,test,249,False
initial,075d487e455321d074661e5b8703bd01be33bafa413ef5da9880285aade5c2a7,0.5396445989608765,nominal,98,efd1fc4714d0e5c7eca0f24817e1f0e302b9c741963c849932d30aa4a2176434,-1,False,0,200000,test,249,False
initial,075d487e455321d074661e5b8703bd01be33bafa413ef5da9880285aade5c2a7,0.39088794589042664,nominal,99,2f8a14737b5cb1591311be5ab2b938c2f7b43a05e83fc7876774948e244b0e1a,-1,False,0,200000,test,249,False
initial,075d487e455321d074661e5b8703bd01be33bafa413ef5da9880285aade5c2a7,0.44879603385925293,nominal,100,c3c26ae042dabd10dd5b1ffae93e6a4c6731eccc47926a8e2e514e00ede50ab9,-1,False,0,200000,test,249,False
initial,075d487e455321d074661e5b8703bd01be33bafa413ef5da9880285aade5c2a7,0.44966092705726624,nominal,101,1f9f1c06ddd1004ef0de06e5a3c4b1e4207db028be9e03f809a15b15a9c0ed84,-1,False,0,200000,test,249,False
initial,075d487e455321d074661e5b8703bd01be33bafa413ef5da9880285aade5c2a7,0.3483235239982605,nominal,102,c85af3a2c96bfd13f42d313005929365439790d5defc38f398dcb772e7b8789c,-1,False,0,200000,test,249,False
initial,075d487e455321d074661e5b8703bd01be33bafa413ef5da9880285aade5c2a7,0.4208095073699951,nominal,103,f20b1bd089ed98f94809b46482fa94aebd29cfe707c4d03c4bde362236667e20,-1,False,0,200000,test,249,False
initial,075d487e455321d074661e5b8703bd01be33bafa413ef5da9880285aade5c2a7,0.27266207337379456,nominal,104,35147c1f4110e2fab5b7e738151989f22b05b4d424ed28668eadde330f30d0d2,-1,False,0,200000,test,249,False
initial,075d487e455321d074661e5b8703bd01be33bafa413ef5da9880285aade5c2a7,0.3790555000305176,nominal,105,1ae6b6835f0f1d8a25355a1a6d35ff0516db996068fe0cc5d954b1d26ada9c0e,-1,False,0,200000,test,249,False
initial,075d487e455321d074661e5b8703bd01be33bafa413ef5da9880285aade5c2a7,0.4245776832103729,nominal,106,6e9ce697532c9e1b66404b9bdca3dfa7fb46afa0800cf2aec47f0ac36c22b099,-1,False,0,200000,test,249,False
initial,075d487e455321d074661e5b8703bd01be33bafa413ef5da9880285aade5c2a7,0.3574674129486084,nominal,107,63625553f5fb3ca24e3d9130fda632b47e98a2d926dd6ea752495710ae95ae1d,-1,False,0,200000,test,249,False
initial,075d487e455321d074661e5b8703bd01be33bafa413ef5da9880285aade5c2a7,0.3032105565071106,nominal,108,7916fe6697947613fe39ed88f73c031f24d55e79d9314c038f17b73734b56d30,-1,False,0,200000,test,249,False
initial,075d487e455321d074661e5b8703bd01be33bafa413ef5da9880285aade5c2a7,0.4177107810974121,nominal,109,7916b4434df03586d8103b0bf85911ce7fe8a66f73c55435ee510d137fb05ddc,-1,False,0,200000,test,249,False
initial,075d487e455321d074661e5b8703bd01be33bafa413ef5da9880285aade5c2a7,0.3039134442806244,nominal,110,4f0f03f60013e855f3127f49a4368108a63fe564c11c40f264e4dd7898d7f4a6,-1,False,0,200000,test,249,False
initial,075d487e455321d074661e5b8703bd01be33bafa413ef5da9880285aade5c2a7,0.3439483344554901,nominal,111,51bf73926ab46ebfe1ad8caca6760656093bb22103844830cb6ec99687a23772,-1,False,0,200000,test,249,False
initial,075d487e455321d074661e5b8703bd01be33bafa413ef5da9880285aade5c2a7,0.34691277146339417,nominal,112,c157d977c0f9fa39d95f1c2ec71ae32c00bddfd25585beea80b140c254bd329f,-1,False,0,200000,test,249,False
initial,075d487e455321d074661e5b8703bd01be33bafa413ef5da9880285aade5c2a7,0.43223902583122253,nominal,113,c5a2200d1e3162ca08cf475af95a1cfc35afa6922782e502042966e6f4b75eb2,-1,False,0,200000,test,249,False
initial,075d487e455321d074661e5b8703bd01be33bafa413ef5da9880285aade5c2a7,0.4619635343551636,nominal,114,3e39f1604ea7fdb93611a26caa589f0c289ad9d64dfee7695e049574ff89fbc2,-1,False,0,200000,test,249,False
initial,075d487e455321d074661e5b8703bd01be33bafa413ef5da9880285aade5c2a7,0.3276277482509613,nominal,115,226f5afa574115421c2b353826d96a2bc4373c8d23cc62bb1661f58331cfa51f,-1,False,0,200000,test,249,False
initial,075d487e455321d074661e5b8703bd01be33bafa413ef5da9880285aade5c2a7,0.3474690318107605,nominal,116,cc373e90d8d51db1404468603dba0decee0b79ab2222fb1f80bec9692fc11491,-1,False,0,200000,test,249,False
initial,075d487e455321d074661e5b8703bd01be33bafa413ef5da9880285aade5c2a7,0.37560218572616577,nominal,117,d34fe38489bd00f0ced77df94d9e68bbe0cadf11bec48d9b358c524ba65fcd84,-1,False,0,200000,test,249,False
initial,075d487e455321d074661e5b8703bd01be33bafa413ef5da9880285aade5c2a7,0.32770833373069763,nominal,118,f6f43da56ab0104d200263d0ccc26b54343e5cf5f1a2b85b0427aef003a18d05,-1,False,0,200000,test,249,False
initial,075d487e455321d074661e5b8703bd01be33bafa413ef5da9880285aade5c2a7,0.302876353263855,nominal,119,f2193a15f75006902326daa41c8560b6af0e0b2fa3dfeee72a1657739c93ec6e,-1,False,0,200000,test,249,False
initial,075d487e455321d074661e5b8703bd01be33bafa413ef5da9880285aade5c2a7,0.4823299050331116,nominal,120,eef563ad380403bb42a4e585dd28a7e2dcbbef7c4eef544bb1e7304228261ada,-1,False,0,200000,test,249,False
initial,075d487e455321d074661e5b8703bd01be33bafa413ef5da9880285aade5c2a7,0.20976272225379944,nominal,121,341f5ba19f28425012123e699062b53d2bfa82b6be077dd7db1b079258e98c38,-1,False,0,200000,test,249,False
initial,075d487e455321d074661e5b8703bd01be33bafa413ef5da9880285aade5c2a7,0.38496923446655273,nominal,122,26254a8b2716e730aa5d48720b7da4b4a9068e7d8e312a2844a1b06f8dbecad4,-1,False,0,200000,test,249,False
initial,075d487e455321d074661e5b8703bd01be33bafa413ef5da9880285aade5c2a7,0.4623706042766571,nominal,123,399497fbcf615c9086dedb218e07c7de99bc3288b58a994d6d8d64f8218d9d3d,-1,False,0,200000,test,249,False
initial,075d487e455321d074661e5b8703bd01be33bafa413ef5da9880285aade5c2a7,0.3912820518016815,nominal,124,a0137aa53fd1e96aa116c240205ca47e667e4c1166f40212990765083555952d,-1,False,0,200000,test,249,False
initial,075d487e455321d074661e5b8703bd01be33bafa413ef5da9880285aade5c2a7,0.5742543339729309,nominal,125,1af06c111b26388f255d6b592b301eb32564d5b1d5095e196d11dcfd6af96e2c,-1,False,0,200000,test,249,False
initial,075d487e455321d074661e5b8703bd01be33bafa413ef5da9880285aade5c2a7,0.5981720685958862,nominal,126,b2d26dafcbf01b1eb4092bcbbe4d5750bc1c079b5e3b989a0b780692268f9ee6,-1,False,0,200000,test,249,False
initial,075d487e455321d074661e5b8703bd01be33bafa413ef5da9880285aade5c2a7,0.4213641881942749,nominal,127,4d854e42c5801aa99b2a2ff4494e94f46107ae40d1c4a03ee0d3547f152b6c35,-1,False,0,200000,test,249,False
initial,075d487e455321d074661e5b8703bd01be33bafa413ef5da9880285aade5c2a7,0.5307783484458923,slippery,0,b95fa809dd99f195a8b21065a1b0c004ab3e35a0dd671741ba681333796c2bde,-1,False,0,200000,test,249,False
initial,075d487e455321d074661e5b8703bd01be33bafa413ef5da9880285aade5c2a7,0.48986849188804626,slippery,1,247bba64c17b3e63715e27cce5086706b2532f6ebdf49f77b7e7472271f5babf,-1,False,0,200000,test,249,False
initial,075d487e455321d074661e5b8703bd01be33bafa413ef5da9880285aade5c2a7,0.3349347710609436,slippery,2,b770e4a4a5d10a2a2aac5b356c200f0ecf82b37714c2ae66a3076dddc6cb178d,-1,False,0,200000,test,249,False
initial,075d487e455321d074661e5b8703bd01be33bafa413ef5da9880285aade5c2a7,0.37984898686408997,slippery,3,77ac3234e716a8f41aef905b2db2d3ba55bdc177b414bf9d8c5e013b7eb239d5,-1,False,0,200000,test,249,False
initial,075d487e455321d074661e5b8703bd01be33bafa413ef5da9880285aade5c2a7,0.2703111469745636,slippery,4,6feceecdc48cfc7eef39f4dae9ac9a6aa0ce092e38b0ab18242654071173d9cd,-1,False,0,200000,test,249,False
initial,075d487e455321d074661e5b8703bd01be33bafa413ef5da9880285aade5c2a7,0.5295228958129883,slippery,5,ffb6104d0344815d997b8133f1b08b5dcfa9d0c217a1cf7b9aa5876876e3857b,-1,False,0,200000,test,249,False
initial,075d487e455321d074661e5b8703bd01be33bafa413ef5da9880285aade5c2a7,0.32204073667526245,slippery,6,9fae564b918f8e1d470d6f81179b13f69bf1ce5130cdcfa569a086e4ffdeb7a7,-1,False,0,200000,test,249,False
initial,075d487e455321d074661e5b8703bd01be33bafa413ef5da9880285aade5c2a7,0.2534773349761963,slippery,7,816f8c87f55863c18ce29aebabca3f6febac7eeed5cc46440b7c52a7ff0af397,-1,False,0,200000,test,249,False
initial,075d487e455321d074661e5b8703bd01be33bafa413ef5da9880285aade5c2a7,0.3602607548236847,slippery,8,3fad0a7ff51fd2ea2fabdda776fe7885fb315c2f2aebe05f72d71f4c464c93f5,-1,False,0,200000,test,249,False
initial,075d487e455321d074661e5b8703bd01be33bafa413ef5da9880285aade5c2a7,0.5800423622131348,slippery,9,1df4303a4a631754d740e6da207851c6c09cdbc0b38d084f4d1a17d44617ffb9,-1,False,0,200000,test,249,False
initial,075d487e455321d074661e5b8703bd01be33bafa413ef5da9880285aade5c2a7,0.25519275665283203,slippery,10,4a15c14d141f7841fe9ac2a018183a8a045a28f7e542bcf39f41312ed33bf33b,-1,False,0,200000,test,249,False
initial,075d487e455321d074661e5b8703bd01be33bafa413ef5da9880285aade5c2a7,0.4936111271381378,slippery,11,88d0c3bffcc0d41af083f261516856b7b52217b51f87c89964c10fbd3e22edc6,-1,False,0,200000,test,249,False
initial,075d487e455321d074661e5b8703bd01be33bafa413ef5da9880285aade5c2a7,0.5329789519309998,slippery,12,0fd372a7af4ee90674bec7b56dcd244d906980a942406a9dbd88d2344d1a733b,-1,False,0,200000,test,249,False
initial,075d487e455321d074661e5b8703bd01be33bafa413ef5da9880285aade5c2a7,0.3413873612880707,slippery,13,01d319bd18f9cfb697c975b064470678c29ac83cfaf52e43586d719be007317c,-1,False,0,200000,test,249,False
initial,075d487e455321d074661e5b8703bd01be33bafa413ef5da9880285aade5c2a7,0.35137519240379333,slippery,14,c91a8b96bd1c92af8da6a04ede439ba1c4f76b8498c39c9afe27c6e65ab2d793,-1,False,0,200000,test,249,False
initial,075d487e455321d074661e5b8703bd01be33bafa413ef5da9880285aade5c2a7,0.3609705865383148,slippery,15,5c1ccc7b681c7ece6a7d3957ac1f77a0daf10a3d7f2da5d9a368532e12387183,-1,False,0,200000,test,249,False
initial,075d487e455321d074661e5b8703bd01be33bafa413ef5da9880285aade5c2a7,0.37192726135253906,slippery,16,1e6bda6643755f11c47254f4eeb791dc38e7ea997744ba3099f2a138772966f3,-1,False,0,200000,test,249,False
initial,075d487e455321d074661e5b8703bd01be33bafa413ef5da9880285aade5c2a7,0.27077120542526245,slippery,17,96376e8b12b04ff4968102378630283cba527c9fd21109264304a7cce084e98b,-1,False,0,200000,test,249,False
initial,075d487e455321d074661e5b8703bd01be33bafa413ef5da9880285aade5c2a7,0.34104225039482117,slippery,18,58898b4858a294cf7c7ff0ce39483d2860612e1e5825d3570266b1a454a468a7,-1,False,0,200000,test,249,False
initial,075d487e455321d074661e5b8703bd01be33bafa413ef5da9880285aade5c2a7,0.3509010672569275,slippery,19,8e5a2346379c74e6b96bfb38a35836079b2ffa3201069b63f9fd1cd4d06201fd,-1,False,0,200000,test,249,False
initial,075d487e455321d074661e5b8703bd01be33bafa413ef5da9880285aade5c2a7,0.5252025127410889,slippery,20,f51d219238abc5313a32a7e8d7cc8cbd48a0d2f1d337df56d72e225700a1c622,-1,False,0,200000,test,249,False
initial,075d487e455321d074661e5b8703bd01be33bafa413ef5da9880285aade5c2a7,0.27243056893348694,slippery,21,84a93ef0bd51a5c0f85c0a51e1c13c33ee9fb8127151c43dd1d13e078046c26e,-1,False,0,200000,test,249,False
initial,075d487e455321d074661e5b8703bd01be33bafa413ef5da9880285aade5c2a7,0.33971041440963745,slippery,22,cd27f23de66e978f6ab1e23dbe5db08f96875bebedec45e81cffef531c1ac860,-1,False,0,200000,test,249,False
initial,075d487e455321d074661e5b8703bd01be33bafa413ef5da9880285aade5c2a7,0.517876923084259,slippery,23,6c38145813edcfa527fd6b558359abc9f129c9356158827e0fcecf91ea55ed00,-1,False,0,200000,test,249,False
initial,075d487e455321d074661e5b8703bd01be33bafa413ef5da9880285aade5c2a7,0.23163512349128723,slippery,24,4fb3692880b037edcaff3f940da73550acd8eee50b1bf64b13f776eb38cf7c73,-1,False,0,200000,test,249,False
initial,075d487e455321d074661e5b8703bd01be33bafa413ef5da9880285aade5c2a7,0.6126442551612854,slippery,25,128b7d3d27b179fcd43835c497626e90cee16c13819a4c658fa096d4933cf32a,-1,False,0,200000,test,249,False
initial,075d487e455321d074661e5b8703bd01be33bafa413ef5da9880285aade5c2a7,0.276104211807251,slippery,26,e3f01f6e991a26abf43d9826b9c14ec61f36879dc061f03e6ee5c7e3355f74c6,-1,False,0,200000,test,249,False
initial,075d487e455321d074661e5b8703bd01be33bafa413ef5da9880285aade5c2a7,0.4353206157684326,slippery,27,eb13446d5e313ea28470cc3f170c7b729965d80c81ad52c5e2990258ae11b2f6,-1,False,0,200000,test,249,False
initial,075d487e455321d074661e5b8703bd01be33bafa413ef5da9880285aade5c2a7,0.35031700134277344,slippery,28,fdf3e4bf26bc7399603afebefaf783f8a7285567bb65fe3d63f92be709a460a3,-1,False,0,200000,test,249,False
initial,075d487e455321d074661e5b8703bd01be33bafa413ef5da9880285aade5c2a7,0.4935316741466522,slippery,29,8610377a78ff9282dc9592f98986f875987d41926ee56330b5a702ae963598bb,-1,False,0,200000,test,249,False
initial,075d487e455321d074661e5b8703bd01be33bafa413ef5da9880285aade5c2a7,0.4383833110332489,slippery,30,f287754e29ab94bdc05fab57e6223b4a569216338ef1034500b3f93c742d1b99,-1,False,0,200000,test,249,False
initial,075d487e455321d074661e5b8703bd01be33bafa413ef5da9880285aade5c2a7,0.3407154977321625,slippery,31,d4c55dd35d1e2fb554249763356d0587c1de5d9c0837194cd21dcefb8427c043,-1,False,0,200000,test,249,False
initial,075d487e455321d074661e5b8703bd01be33bafa413ef5da9880285aade5c2a7,0.44097796082496643,slippery,32,fa422693337594f8176c84eea1f775d721f3b05b8ab2fbf0a40a9a172dec3d86,-1,False,0,200000,test,249,False
initial,075d487e455321d074661e5b8703bd01be33bafa413ef5da9880285aade5c2a7,0.5252940654754639,slippery,33,c711174136b3f4b594af75e49fde7e73e674bc11b502e2c14a8b0c22a8677ee2,-1,False,0,200000,test,249,False
initial,075d487e455321d074661e5b8703bd01be33bafa413ef5da9880285aade5c2a7,0.3330595791339874,slippery,34,69bdd6b4df7d5879807b5eeca552697347f3322d0f72ddc9f342a6f6c94b010b,-1,False,0,200000,test,249,False
initial,075d487e455321d074661e5b8703bd01be33bafa413ef5da9880285aade5c2a7,0.49067243933677673,slippery,35,524e8f4eb41046b3109958550c65bb30d4f98522c712b115c6d7438414e8e1fc,-1,False,0,200000,test,249,False
initial,075d487e455321d074661e5b8703bd01be33bafa413ef5da9880285aade5c2a7,0.2844535708427429,slippery,36,29cd69335c1fe21b39bb02d39b5a79a27122bd4eb818c8108f501b4caefbd5f1,-1,False,0,200000,test,249,False
initial,075d487e455321d074661e5b8703bd01be33bafa413ef5da9880285aade5c2a7,0.47659391164779663,slippery,37,e9423f3b0a8066ff86952027c9c5ea6ff950bf6743ac77f077fef0452be910a5,-1,False,0,200000,test,249,False
initial,075d487e455321d074661e5b8703bd01be33bafa413ef5da9880285aade5c2a7,0.3678184449672699,slippery,38,5fe680cf3b523d6fd981d22150a45cef104d02ce5377f76d21f0831eb1afc6f5,-1,False,0,200000,test,249,False
initial,075d487e455321d074661e5b8703bd01be33bafa413ef5da9880285aade5c2a7,0.25299930572509766,slippery,39,0d5474f87a4963d2b5f07d6838078a953122e111f50832311b33ef933ba546be,-1,False,0,200000,test,249,False
initial,075d487e455321d074661e5b8703bd01be33bafa413ef5da9880285aade5c2a7,0.4250766336917877,slippery,40,5e5832d62473c4d8bafb32c583b19b437d4d40078d424246b3287b9f769c8249,-1,False,0,200000,test,249,False
initial,075d487e455321d074661e5b8703bd01be33bafa413ef5da9880285aade5c2a7,0.426198273897171,slippery,41,8723d02eaa3abf34feebba632be9fd4b9ad6df25839b0e2d15b91d78bb358797,-1,False,0,200000,test,249,False
initial,075d487e455321d074661e5b8703bd01be33bafa413ef5da9880285aade5c2a7,0.24507123231887817,slippery,42,19bebb04b6b19cd96eda8a3934849506c51a241627ce191e05fbe4c904c9261b,-1,False,0,200000,test,249,False
initial,075d487e455321d074661e5b8703bd01be33bafa413ef5da9880285aade5c2a7,0.29486533999443054,slippery,43,10737fcb94350a0b358e9c57750cd448b8a086f335d95373672cefb4f434f76a,-1,False,0,200000,test,249,False
initial,075d487e455321d074661e5b8703bd01be33bafa413ef5da9880285aade5c2a7,0.46780118346214294,slippery,44,f519756c8f7529a2b4abff9a40ee73e5075cc1d2c16109e3f372d0ff4bd56833,-1,False,0,200000,test,249,False
initial,075d487e455321d074661e5b8703bd01be33bafa413ef5da9880285aade5c2a7,0.5324730277061462,slippery,45,9ab4f7c205b7001cfe0fde36c2a76df8f94b2f985215a0ee30187d06db655054,-1,False,0,200000,test,249,False
initial,075d487e455321d074661e5b8703bd01be33bafa413ef5da9880285aade5c2a7,0.4311237037181854,slippery,46,c3ee0e8b6ce27f8940c223e49eecb96136fc4e3df991d8e58c16586565c28507,-1,False,0,200000,test,249,False
initial,075d487e455321d074661e5b8703bd01be33bafa413ef5da9880285aade5c2a7,0.4390452802181244,slippery,47,f11eec591f0355285f623712e60cce615d1ba1cb0d0a77b1d9d0db81e324435d,-1,False,0,200000,test,249,False
initial,075d487e455321d074661e5b8703bd01be33bafa413ef5da9880285aade5c2a7,0.48464465141296387,slippery,48,2107bfc32fe11c4361aaf44234eb84314a070e06859f3ba3f175c6f287e21ad5,-1,False,0,200000,test,249,False
initial,075d487e455321d074661e5b8703bd01be33bafa413ef5da9880285aade5c2a7,0.5076456069946289,slippery,49,59b30799d156376b9f088ef823f4cd5512029f117aa740b598f9ae5828bd6319,-1,False,0,200000,test,249,False
initial,075d487e455321d074661e5b8703bd01be33bafa413ef5da9880285aade5c2a7,0.27007755637168884,slippery,50,6260b4333b00c79742cd31603a955465ea3e554d00a7ce6ff8cbe596272c91d3,-1,False,0,200000,test,249,False
initial,075d487e455321d074661e5b8703bd01be33bafa413ef5da9880285aade5c2a7,0.2662088871002197,slippery,51,3081b34d640d456289905a0d00d6386445a87df6aea70072558028b1728a1942,-1,False,0,200000,test,249,False
initial,075d487e455321d074661e5b8703bd01be33bafa413ef5da9880285aade5c2a7,0.35080814361572266,slippery,52,e11137d2fb2abf1955eb052c3ae1a892b25e59fcc39259bd4408dcdb1c3b433d,-1,False,0,200000,test,249,False
initial,075d487e455321d074661e5b8703bd01be33bafa413ef5da9880285aade5c2a7,0.377180278301239,slippery,53,27f9ae99894a8a2a0abadab2aa9026f5ebcd8af3beb33544c91616678a9802d7,-1,False,0,200000,test,249,False
initial,075d487e455321d074661e5b8703bd01be33bafa413ef5da9880285aade5c2a7,0.5253873467445374,slippery,54,589cf2da4ef2a1cf4bcb333e370ff02b98079c2a618debb561be273db082094f,-1,False,0,200000,test,249,False
initial,075d487e455321d074661e5b8703bd01be33bafa413ef5da9880285aade5c2a7,0.3825599253177643,slippery,55,2d2b755ee0a5826c56abdd2121cacc90144a237afdad02239b1ae03fe970a1a3,-1,False,0,200000,test,249,False
initial,075d487e455321d074661e5b8703bd01be33bafa413ef5da9880285aade5c2a7,0.46339648962020874,slippery,56,3fd60a804c353e99497cdaf42748465d2e8f1ce47932d1cdfb1b375c4fb3842d,-1,False,0,200000,test,249,False
initial,075d487e455321d074661e5b8703bd01be33bafa413ef5da9880285aade5c2a7,0.35196852684020996,slippery,57,743b03adb5018ad4c6650fa83df9ba0a83e9c2f03955f66c9aad1cefcf509ef4,-1,False,0,200000,test,249,False
initial,075d487e455321d074661e5b8703bd01be33bafa413ef5da9880285aade5c2a7,0.44631335139274597,slippery,58,12eaff6ae2700a63bb84bba72ceaa2e988cd27c04f40fb1baf0e3a2568e5e057,-1,False,0,200000,test,249,False
initial,075d487e455321d074661e5b8703bd01be33bafa413ef5da9880285aade5c2a7,0.3755730390548706,slippery,59,034c0a1609fe3d2fe5cbb61867b7cd354a7bad8b9b4ba50e2f1d2b55daf9e557,-1,False,0,200000,test,249,False
initial,075d487e455321d074661e5b8703bd01be33bafa413ef5da9880285aade5c2a7,0.4090147018432617,slippery,60,0868575af3e26b5999ab786cebce5a2d25962004fb7c49848c5c257f13a0dd0a,-1,False,0,200000,test,249,False
initial,075d487e455321d074661e5b8703bd01be33bafa413ef5da9880285aade5c2a7,0.37187519669532776,slippery,61,1d4ae994688fe4b0285b3cf5d329b032ab7add61f575a3c0a9f1f59d58599046,-1,False,0,200000,test,249,False
initial,075d487e455321d074661e5b8703bd01be33bafa413ef5da9880285aade5c2a7,0.284446656703949,slippery,62,d0cf985b2baa2671a71c8263ac17a5a2553deb3b20b5e8ef015943014f66874b,-1,False,0,200000,test,249,False
initial,075d487e455321d074661e5b8703bd01be33bafa413ef5da9880285aade5c2a7,0.46987107396125793,slippery,63,6e512a357a7911f18c47f9549c6af6a6b6ff25ae506b07ff6bb5f0992d80ba85,-1,False,0,200000,test,249,False
initial,075d487e455321d074661e5b8703bd01be33bafa413ef5da9880285aade5c2a7,0.370513379573822,slippery,64,f0e3bde1ce39b8d5f0b9f96b0e500ceef0f9f5dedac73b2fa630c8a28d774fba,-1,False,0,200000,test,249,False
initial,075d487e455321d074661e5b8703bd01be33bafa413ef5da9880285aade5c2a7,0.2807329595088959,slippery,65,c55c7ef0bbb23da553bbe88cfd4e92c66c5cdc7679af952559d1bbb93accac93,-1,False,0,200000,test,249,False
initial,075d487e455321d074661e5b8703bd01be33bafa413ef5da9880285aade5c2a7,0.5181882381439209,slippery,66,c8f91fea361e0f2231f11468f49776eb1ce93a2eb34e613853170e1c57dd5333,-1,False,0,200000,test,249,False
initial,075d487e455321d074661e5b8703bd01be33bafa413ef5da9880285aade5c2a7,0.34482380747795105,slippery,67,69bdfb327765b7935b9fb35fb9c298c892502dc33f528512c3e417bfd8667cd0,-1,False,0,200000,test,249,False
initial,075d487e455321d074661e5b8703bd01be33bafa413ef5da9880285aade5c2a7,0.4318024516105652,slippery,68,9fe3ab03be0239f9e5db8c906aed925d6f6e5199f7075c0dcbf4099ccbd04173,-1,False,0,200000,test,249,False
initial,075d487e455321d074661e5b8703bd01be33bafa413ef5da9880285aade5c2a7,0.2569977343082428,slippery,69,56d3102ba4fd0cd6b32cab81a908a1bd257370f42247e3dd98ecce07920e4901,-1,False,0,200000,test,249,False
initial,075d487e455321d074661e5b8703bd01be33bafa413ef5da9880285aade5c2a7,0.38082200288772583,slippery,70,0af7f9e62b30e8e398387ada4a4a291da586ffeed8e75beea4557d6b7a0108af,-1,False,0,200000,test,249,False
initial,075d487e455321d074661e5b8703bd01be33bafa413ef5da9880285aade5c2a7,0.37448984384536743,slippery,71,3a6a5b829bac417170c98fed1bfaa1fcc162f58c7a9fc1a035f7f6c3b479fd2f,-1,False,0,200000,test,249,False
initial,075d487e455321d074661e5b8703bd01be33bafa413ef5da9880285aade5c2a7,0.38150131702423096,slippery,72,0de40ebcd895e1bd6920874cb94fd3216a1c8272c0e86b8f6dad079d35a01c36,-1,False,0,200000,test,249,False
initial,075d487e455321d074661e5b8703bd01be33bafa413ef5da9880285aade5c2a7,0.48220640420913696,slippery,73,25988df0c0c58bcbfe1fcabad9b10115e22930ebfa3ffed0b3f4356dc70e7d92,-1,False,0,200000,test,249,False
initial,075d487e455321d074661e5b8703bd01be33bafa413ef5da9880285aade5c2a7,0.4113520085811615,slippery,74,ea8fd7d64c026ee280f275cad3db0fa8e16b490c77cfe77d3f54dbbd4c4b6d18,-1,False,0,200000,test,249,False
initial,075d487e455321d074661e5b8703bd01be33bafa413ef5da9880285aade5c2a7,0.25506889820098877,slippery,75,de75c8d313f4386152e3ae756d1967a2a106dc0d2938d6c1d4f27a1b6dbfd1b3,-1,False,0,200000,test,249,False
initial,075d487e455321d074661e5b8703bd01be33bafa413ef5da9880285aade5c2a7,0.5382861495018005,slippery,76,12d8e730b73a94b46db15b6ba3b60046bf6225dd5503187cb7fc094a43211fcf,-1,False,0,200000,test,249,False
initial,075d487e455321d074661e5b8703bd01be33bafa413ef5da9880285aade5c2a7,0.25488045811653137,slippery,77,eb0f20b9e88041fe1bc141c534cc3012e9a9c3f69c24e6e7470a1bdc4d7a4ddf,-1,False,0,200000,test,249,False
initial,075d487e455321d074661e5b8703bd01be33bafa413ef5da9880285aade5c2a7,0.4638637602329254,slippery,78,ba6f3b248d51820ab6fdd15069721c12a0ce071dc4145b82ee0a7b2fe39c3e0e,-1,False,0,200000,test,249,False
initial,075d487e455321d074661e5b8703bd01be33bafa413ef5da9880285aade5c2a7,0.5110839605331421,slippery,79,9b6101208ae0bcb76d0cb5e6b0a93ec282dde61461856af4e1c960cc71ff8a15,-1,False,0,200000,test,249,False
initial,075d487e455321d074661e5b8703bd01be33bafa413ef5da9880285aade5c2a7,0.5644147396087646,slippery,80,39395baadc77790a2bbcfe93908e30203293c7828641a59b99e8a43293425556,-1,False,0,200000,test,249,False
initial,075d487e455321d074661e5b8703bd01be33bafa413ef5da9880285aade5c2a7,0.3098387122154236,slippery,81,a33063ed2300a844e6ca2fbe9d3056355e52d79a32bad0986c66b5665e1117e3,-1,False,0,200000,test,249,False
initial,075d487e455321d074661e5b8703bd01be33bafa413ef5da9880285aade5c2a7,0.24271364510059357,slippery,82,55710e266eb759d0d00bab746b2d4bfdd4670148a49031a8c7349df3fa8ca4c1,-1,False,0,200000,test,249,False
initial,075d487e455321d074661e5b8703bd01be33bafa413ef5da9880285aade5c2a7,0.23209472000598907,slippery,83,7df4e6cc032385c4c199416848dac333fd0c3b311283099ede618f5ad7393d6b,-1,False,0,200000,test,249,False
initial,075d487e455321d074661e5b8703bd01be33bafa413ef5da9880285aade5c2a7,0.43913349509239197,slippery,84,d31475abd8013d4c37112a833b4076d882ccfb079ae7945426089f4cede2dc99,-1,False,0,200000,test,249,False
initial,075d487e455321d074661e5b8703bd01be33bafa413ef5da9880285aade5c2a7,0.3313426077365875,slippery,85,f06c856c4c1ef56e4f3e672ab92b81c91988272b735b6590cb7d4fde85224a0b,-1,False,0,200000,test,249,False
initial,075d487e455321d074661e5b8703bd01be33bafa413ef5da9880285aade5c2a7,0.3831219971179962,slippery,86,a97162259337f6017f41f7ffe2ad9247db9f96808b1ae27f4f4421d894b9e87f,-1,False,0,200000,test,249,False
initial,075d487e455321d074661e5b8703bd01be33bafa413ef5da9880285aade5c2a7,0.5430412888526917,slippery,87,361fd54746ce2574392c2d84ea8e35b9de2c0d4d5088d69bc62c3a1ab6e76242,-1,False,0,200000,test,249,False
initial,075d487e455321d074661e5b8703bd01be33bafa413ef5da9880285aade5c2a7,0.3384989798069,slippery,88,89a34226042b2240015a1baa665606c98327a35c3a24871af82339d85224c8f1,-1,False,0,200000,test,249,False
initial,075d487e455321d074661e5b8703bd01be33bafa413ef5da9880285aade5c2a7,0.3104335069656372,slippery,89,33059fb932a59706419ca00366bcff1c9e01eb0fa607dfc3aa7b9ecb789267ba,-1,False,0,200000,test,249,False
initial,075d487e455321d074661e5b8703bd01be33bafa413ef5da9880285aade5c2a7,0.38750922679901123,slippery,90,216693fd1d3dfdaa7eab1a9298920870f16c48dbaba6aa99577ef455fc6dcb77,-1,False,0,200000,test,249,False
initial,075d487e455321d074661e5b8703bd01be33bafa413ef5da9880285aade5c2a7,0.33509451150894165,slippery,91,561444055a91bdd1d73028866539ab5843235f0c380c43d7e2b3e849535963be,-1,False,0,200000,test,249,False
initial,075d487e455321d074661e5b8703bd01be33bafa413ef5da9880285aade5c2a7,0.44590964913368225,slippery,92,ccf82bf0552ddf77723c34cb4a515cc8f0794e94edba92e3736743c0bd6d94e9,-1,False,0,200000,test,249,False
initial,075d487e455321d074661e5b8703bd01be33bafa413ef5da9880285aade5c2a7,0.22096729278564453,slippery,93,1db8aebabce41b1990763f3b990ca645710679f83de24ebae1357744998b013b,-1,False,0,200000,test,249,False
initial,075d487e455321d074661e5b8703bd01be33bafa413ef5da9880285aade5c2a7,0.35869258642196655,slippery,94,3e2512fba443292eadd8ebd391bfaa79a3a51976deb77e5e373badfeb809ce67,-1,False,0,200000,test,249,False
initial,075d487e455321d074661e5b8703bd01be33bafa413ef5da9880285aade5c2a7,0.3911578059196472,slippery,95,f4b872aef30db47029eba4a4d01094323a4eef5257d4c5bb0f3a6d090ac6325f,-1,False,0,200000,test,249,False
initial,075d487e455321d074661e5b8703bd01be33bafa413ef5da9880285aade5c2a7,0.5585684776306152,slippery,96,dd61787338938b802af68566d23eea329fec2048f20101d606e3c6baaab354e4,-1,False,0,200000,test,249,False
initial,075d487e455321d074661e5b8703bd01be33bafa413ef5da9880285aade5c2a7,0.33803731203079224,slippery,97,bf6b2ec79924fafd60e4fdf305deebdaa8b0db05356b4b51f03acec12ea09bc3,-1,False,0,200000,test,249,False
initial,075d487e455321d074661e5b8703bd01be33bafa413ef5da9880285aade5c2a7,0.5396445989608765,slippery,98,efd1fc4714d0e5c7eca0f24817e1f0e302b9c741963c849932d30aa4a2176434,-1,False,0,200000,test,249,False
initial,075d487e455321d074661e5b8703bd01be33bafa413ef5da9880285aade5c2a7,0.39088794589042664,slippery,99,2f8a14737b5cb1591311be5ab2b938c2f7b43a05e83fc7876774948e244b0e1a,-1,False,0,200000,test,249,False
initial,075d487e455321d074661e5b8703bd01be33bafa413ef5da9880285aade5c2a7,0.44879603385925293,slippery,100,c3c26ae042dabd10dd5b1ffae93e6a4c6731eccc47926a8e2e514e00ede50ab9,-1,False,0,200000,test,249,False
initial,075d487e455321d074661e5b8703bd01be33bafa413ef5da9880285aade5c2a7,0.44966092705726624,slippery,101,1f9f1c06ddd1004ef0de06e5a3c4b1e4207db028be9e03f809a15b15a9c0ed84,-1,False,0,200000,test,249,False
initial,075d487e455321d074661e5b8703bd01be33bafa413ef5da9880285aade5c2a7,0.3483235239982605,slippery,102,c85af3a2c96bfd13f42d313005929365439790d5defc38f398dcb772e7b8789c,-1,False,0,200000,test,249,False
initial,075d487e455321d074661e5b8703bd01be33bafa413ef5da9880285aade5c2a7,0.4208095073699951,slippery,103,f20b1bd089ed98f94809b46482fa94aebd29cfe707c4d03c4bde362236667e20,-1,False,0,200000,test,249,False
initial,075d487e455321d074661e5b8703bd01be33bafa413ef5da9880285aade5c2a7,0.27266207337379456,slippery,104,35147c1f4110e2fab5b7e738151989f22b05b4d424ed28668eadde330f30d0d2,-1,False,0,200000,test,249,False
initial,075d487e455321d074661e5b8703bd01be33bafa413ef5da9880285aade5c2a7,0.3790555000305176,slippery,105,1ae6b6835f0f1d8a25355a1a6d35ff0516db996068fe0cc5d954b1d26ada9c0e,-1,False,0,200000,test,249,False
initial,075d487e455321d074661e5b8703bd01be33bafa413ef5da9880285aade5c2a7,0.4245776832103729,slippery,106,6e9ce697532c9e1b66404b9bdca3dfa7fb46afa0800cf2aec47f0ac36c22b099,-1,False,0,200000,test,249,False
initial,075d487e455321d074661e5b8703bd01be33bafa413ef5da9880285aade5c2a7,0.3574674129486084,slippery,107,63625553f5fb3ca24e3d9130fda632b47e98a2d926dd6ea752495710ae95ae1d,-1,False,0,200000,test,249,False
initial,075d487e455321d074661e5b8703bd01be33bafa413ef5da9880285aade5c2a7,0.3032105565071106,slippery,108,7916fe6697947613fe39ed88f73c031f24d55e79d9314c038f17b73734b56d30,-1,False,0,200000,test,249,False
initial,075d487e455321d074661e5b8703bd01be33bafa413ef5da9880285aade5c2a7,0.4177107810974121,slippery,109,7916b4434df03586d8103b0bf85911ce7fe8a66f73c55435ee510d137fb05ddc,-1,False,0,200000,test,249,False
initial,075d487e455321d074661e5b8703bd01be33bafa413ef5da9880285aade5c2a7,0.3039134442806244,slippery,110,4f0f03f60013e855f3127f49a4368108a63fe564c11c40f264e4dd7898d7f4a6,-1,False,0,200000,test,249,False
initial,075d487e455321d074661e5b8703bd01be33bafa413ef5da9880285aade5c2a7,0.3439483344554901,slippery,111,51bf73926ab46ebfe1ad8caca6760656093bb22103844830cb6ec99687a23772,-1,False,0,200000,test,249,False
initial,075d487e455321d074661e5b8703bd01be33bafa413ef5da9880285aade5c2a7,0.34691277146339417,slippery,112,c157d977c0f9fa39d95f1c2ec71ae32c00bddfd25585beea80b140c254bd329f,-1,False,0,200000,test,249,False
initial,075d487e455321d074661e5b8703bd01be33bafa413ef5da9880285aade5c2a7,0.43223902583122253,slippery,113,c5a2200d1e3162ca08cf475af95a1cfc35afa6922782e502042966e6f4b75eb2,-1,False,0,200000,test,249,False
initial,075d487e455321d074661e5b8703bd01be33bafa413ef5da9880285aade5c2a7,0.4619635343551636,slippery,114,3e39f1604ea7fdb93611a26caa589f0c289ad9d64dfee7695e049574ff89fbc2,-1,False,0,200000,test,249,False
initial,075d487e455321d074661e5b8703bd01be33bafa413ef5da9880285aade5c2a7,0.3276277482509613,slippery,115,226f5afa574115421c2b353826d96a2bc4373c8d23cc62bb1661f58331cfa51f,-1,False,0,200000,test,249,False
initial,075d487e455321d074661e5b8703bd01be33bafa413ef5da9880285aade5c2a7,0.3474690318107605,slippery,116,cc373e90d8d51db1404468603dba0decee0b79ab2222fb1f80bec9692fc11491,-1,False,0,200000,test,249,False
initial,075d487e455321d074661e5b8703bd01be33bafa413ef5da9880285aade5c2a7,0.37560218572616577,slippery,117,d34fe38489bd00f0ced77df94d9e68bbe0cadf11bec48d9b358c524ba65fcd84,-1,False,0,200000,test,249,False
initial,075d487e455321d074661e5b8703bd01be33bafa413ef5da9880285aade5c2a7,0.32770833373069763,slippery,118,f6f43da56ab0104d200263d0ccc26b54343e5cf5f1a2b85b0427aef003a18d05,-1,False,0,200000,test,249,False
initial,075d487e455321d074661e5b8703bd01be33bafa413ef5da9880285aade5c2a7,0.302876353263855,slippery,119,f2193a15f75006902326daa41c8560b6af0e0b2fa3dfeee72a1657739c93ec6e,-1,False,0,200000,test,249,False
initial,075d487e455321d074661e5b8703bd01be33bafa413ef5da9880285aade5c2a7,0.4823299050331116,slippery,120,eef563ad380403bb42a4e585dd28a7e2dcbbef7c4eef544bb1e7304228261ada,-1,False,0,200000,test,249,False
initial,075d487e455321d074661e5b8703bd01be33bafa413ef5da9880285aade5c2a7,0.20976272225379944,slippery,121,341f5ba19f28425012123e699062b53d2bfa82b6be077dd7db1b079258e98c38,-1,False,0,200000,test,249,False
initial,075d487e455321d074661e5b8703bd01be33bafa413ef5da9880285aade5c2a7,0.38496923446655273,slippery,122,26254a8b2716e730aa5d48720b7da4b4a9068e7d8e312a2844a1b06f8dbecad4,-1,False,0,200000,test,249,False
initial,075d487e455321d074661e5b8703bd01be33bafa413ef5da9880285aade5c2a7,0.4623706042766571,slippery,123,399497fbcf615c9086dedb218e07c7de99bc3288b58a994d6d8d64f8218d9d3d,-1,False,0,200000,test,249,False
initial,075d487e455321d074661e5b8703bd01be33bafa413ef5da9880285aade5c2a7,0.3912820518016815,slippery,124,a0137aa53fd1e96aa116c240205ca47e667e4c1166f40212990765083555952d,-1,False,0,200000,test,249,False
initial,075d487e455321d074661e5b8703bd01be33bafa413ef5da9880285aade5c2a7,0.5742543339729309,slippery,125,1af06c111b26388f255d6b592b301eb32564d5b1d5095e196d11dcfd6af96e2c,-1,False,0,200000,test,249,False
initial,075d487e455321d074661e5b8703bd01be33bafa413ef5da9880285aade5c2a7,0.5981720685958862,slippery,126,b2d26dafcbf01b1eb4092bcbbe4d5750bc1c079b5e3b989a0b780692268f9ee6,-1,False,0,200000,test,249,False
initial,075d487e455321d074661e5b8703bd01be33bafa413ef5da9880285aade5c2a7,0.4213641881942749,slippery,127,4d854e42c5801aa99b2a2ff4494e94f46107ae40d1c4a03ee0d3547f152b6c35,-1,False,0,200000,test,249,False
trained,c83c34a7d20bb2b39325bc9ad448e1f56d47194079fe8c434c094cbb1e432ba1,0.053776755928993225,delay,0,b95fa809dd99f195a8b21065a1b0c004ab3e35a0dd671741ba681333796c2bde,1499,True,0,200000,test,249,False
trained,c83c34a7d20bb2b39325bc9ad448e1f56d47194079fe8c434c094cbb1e432ba1,0.0860779657959938,delay,1,247bba64c17b3e63715e27cce5086706b2532f6ebdf49f77b7e7472271f5babf,1499,True,0,200000,test,249,False
trained,c83c34a7d20bb2b39325bc9ad448e1f56d47194079fe8c434c094cbb1e432ba1,0.027476834133267403,delay,2,b770e4a4a5d10a2a2aac5b356c200f0ecf82b37714c2ae66a3076dddc6cb178d,1499,True,0,200000,test,249,False
trained,c83c34a7d20bb2b39325bc9ad448e1f56d47194079fe8c434c094cbb1e432ba1,0.0138105982914567,delay,3,77ac3234e716a8f41aef905b2db2d3ba55bdc177b414bf9d8c5e013b7eb239d5,1499,True,0,200000,test,249,False
trained,c83c34a7d20bb2b39325bc9ad448e1f56d47194079fe8c434c094cbb1e432ba1,0.013265355490148067,delay,4,6feceecdc48cfc7eef39f4dae9ac9a6aa0ce092e38b0ab18242654071173d9cd,1499,True,0,200000,test,249,False
trained,c83c34a7d20bb2b39325bc9ad448e1f56d47194079fe8c434c094cbb1e432ba1,0.020968828350305557,delay,5,ffb6104d0344815d997b8133f1b08b5dcfa9d0c217a1cf7b9aa5876876e3857b,1499,True,1,200000,test,249,False
trained,c83c34a7d20bb2b39325bc9ad448e1f56d47194079fe8c434c094cbb1e432ba1,0.006888848263770342,delay,6,9fae564b918f8e1d470d6f81179b13f69bf1ce5130cdcfa569a086e4ffdeb7a7,1499,True,0,200000,test,249,False
trained,c83c34a7d20bb2b39325bc9ad448e1f56d47194079fe8c434c094cbb1e432ba1,0.044524628669023514,delay,7,816f8c87f55863c18ce29aebabca3f6febac7eeed5cc46440b7c52a7ff0af397,1499,True,0,200000,test,249,False
trained,c83c34a7d20bb2b39325bc9ad448e1f56d47194079fe8c434c094cbb1e432ba1,0.01105040218681097,delay,8,3fad0a7ff51fd2ea2fabdda776fe7885fb315c2f2aebe05f72d71f4c464c93f5,1499,True,0,200000,test,249,False
trained,c83c34a7d20bb2b39325bc9ad448e1f56d47194079fe8c434c094cbb1e432ba1,0.019069338217377663,delay,9,1df4303a4a631754d740e6da207851c6c09cdbc0b38d084f4d1a17d44617ffb9,1499,True,0,200000,test,249,False
trained,c83c34a7d20bb2b39325bc9ad448e1f56d47194079fe8c434c094cbb1e432ba1,0.04551367461681366,delay,10,4a15c14d141f7841fe9ac2a018183a8a045a28f7e542bcf39f41312ed33bf33b,1499,True,0,200000,test,249,False
trained,c83c34a7d20bb2b39325bc9ad448e1f56d47194079fe8c434c094cbb1e432ba1,0.02840820886194706,delay,11,88d0c3bffcc0d41af083f261516856b7b52217b51f87c89964c10fbd3e22edc6,1499,True,0,200000,test,249,False
trained,c83c34a7d20bb2b39325bc9ad448e1f56d47194079fe8c434c094cbb1e432ba1,0.02858877182006836,delay,12,0fd372a7af4ee90674bec7b56dcd244d906980a942406a9dbd88d2344d1a733b,1499,True,0,200000,test,249,False
trained,c83c34a7d20bb2b39325bc9ad448e1f56d47194079fe8c434c094cbb1e432ba1,0.27800464630126953,delay,13,01d319bd18f9cfb697c975b064470678c29ac83cfaf52e43586d719be007317c,1499,False,0,200000,test,249,False
trained,c83c34a7d20bb2b39325bc9ad448e1f56d47194079fe8c434c094cbb1e432ba1,0.03817155212163925,delay,14,c91a8b96bd1c92af8da6a04ede439ba1c4f76b8498c39c9afe27c6e65ab2d793,1499,True,1,200000,test,249,False
trained,c83c34a7d20bb2b39325bc9ad448e1f56d47194079fe8c434c094cbb1e432ba1,0.02535293996334076,delay,15,5c1ccc7b681c7ece6a7d3957ac1f77a0daf10a3d7f2da5d9a368532e12387183,1499,True,0,200000,test,249,False
trained,c83c34a7d20bb2b39325bc9ad448e1f56d47194079fe8c434c094cbb1e432ba1,0.03449838235974312,delay,16,1e6bda6643755f11c47254f4eeb791dc38e7ea997744ba3099f2a138772966f3,1499,True,0,200000,test,249,False
trained,c83c34a7d20bb2b39325bc9ad448e1f56d47194079fe8c434c094cbb1e432ba1,0.042244985699653625,delay,17,96376e8b12b04ff4968102378630283cba527c9fd21109264304a7cce084e98b,1499,True,0,200000,test,249,False
trained,c83c34a7d20bb2b39325bc9ad448e1f56d47194079fe8c434c094cbb1e432ba1,0.031303416937589645,delay,18,58898b4858a294cf7c7ff0ce39483d2860612e1e5825d3570266b1a454a468a7,1499,True,0,200000,test,249,False
trained,c83c34a7d20bb2b39325bc9ad448e1f56d47194079fe8c434c094cbb1e432ba1,0.3509010672569275,delay,19,8e5a2346379c74e6b96bfb38a35836079b2ffa3201069b63f9fd1cd4d06201fd,1499,False,0,200000,test,249,False
trained,c83c34a7d20bb2b39325bc9ad448e1f56d47194079fe8c434c094cbb1e432ba1,0.061951350420713425,delay,20,f51d219238abc5313a32a7e8d7cc8cbd48a0d2f1d337df56d72e225700a1c622,1499,True,0,200000,test,249,False
trained,c83c34a7d20bb2b39325bc9ad448e1f56d47194079fe8c434c094cbb1e432ba1,0.024294374510645866,delay,21,84a93ef0bd51a5c0f85c0a51e1c13c33ee9fb8127151c43dd1d13e078046c26e,1499,True,0,200000,test,249,False
trained,c83c34a7d20bb2b39325bc9ad448e1f56d47194079fe8c434c094cbb1e432ba1,0.03610525280237198,delay,22,cd27f23de66e978f6ab1e23dbe5db08f96875bebedec45e81cffef531c1ac860,1499,True,0,200000,test,249,False
trained,c83c34a7d20bb2b39325bc9ad448e1f56d47194079fe8c434c094cbb1e432ba1,0.020786873996257782,delay,23,6c38145813edcfa527fd6b558359abc9f129c9356158827e0fcecf91ea55ed00,1499,True,0,200000,test,249,False
trained,c83c34a7d20bb2b39325bc9ad448e1f56d47194079fe8c434c094cbb1e432ba1,0.03870363160967827,delay,24,4fb3692880b037edcaff3f940da73550acd8eee50b1bf64b13f776eb38cf7c73,1499,True,0,200000,test,249,False
trained,c83c34a7d20bb2b39325bc9ad448e1f56d47194079fe8c434c094cbb1e432ba1,0.025209831073880196,delay,25,128b7d3d27b179fcd43835c497626e90cee16c13819a4c658fa096d4933cf32a,1499,True,0,200000,test,249,False
trained,c83c34a7d20bb2b39325bc9ad448e1f56d47194079fe8c434c094cbb1e432ba1,0.013531231321394444,delay,26,e3f01f6e991a26abf43d9826b9c14ec61f36879dc061f03e6ee5c7e3355f74c6,1499,True,0,200000,test,249,False
trained,c83c34a7d20bb2b39325bc9ad448e1f56d47194079fe8c434c094cbb1e432ba1,0.008287589065730572,delay,27,eb13446d5e313ea28470cc3f170c7b729965d80c81ad52c5e2990258ae11b2f6,1499,True,0,200000,test,249,False
trained,c83c34a7d20bb2b39325bc9ad448e1f56d47194079fe8c434c094cbb1e432ba1,0.015237280167639256,delay,28,fdf3e4bf26bc7399603afebefaf783f8a7285567bb65fe3d63f92be709a460a3,1499,True,0,200000,test,249,False
trained,c83c34a7d20bb2b39325bc9ad448e1f56d47194079fe8c434c094cbb1e432ba1,0.026961887255311012,delay,29,8610377a78ff9282dc9592f98986f875987d41926ee56330b5a702ae963598bb,1499,True,0,200000,test,249,False
trained,c83c34a7d20bb2b39325bc9ad448e1f56d47194079fe8c434c094cbb1e432ba1,0.019161436706781387,delay,30,f287754e29ab94bdc05fab57e6223b4a569216338ef1034500b3f93c742d1b99,1499,True,0,200000,test,249,False
trained,c83c34a7d20bb2b39325bc9ad448e1f56d47194079fe8c434c094cbb1e432ba1,0.08615931868553162,delay,31,d4c55dd35d1e2fb554249763356d0587c1de5d9c0837194cd21dcefb8427c043,1499,True,0,200000,test,249,False
trained,c83c34a7d20bb2b39325bc9ad448e1f56d47194079fe8c434c094cbb1e432ba1,0.02019144967198372,delay,32,fa422693337594f8176c84eea1f775d721f3b05b8ab2fbf0a40a9a172dec3d86,1499,True,1,200000,test,249,False
trained,c83c34a7d20bb2b39325bc9ad448e1f56d47194079fe8c434c094cbb1e432ba1,0.25761374831199646,delay,33,c711174136b3f4b594af75e49fde7e73e674bc11b502e2c14a8b0c22a8677ee2,1499,True,0,200000,test,65,False
trained,c83c34a7d20bb2b39325bc9ad448e1f56d47194079fe8c434c094cbb1e432ba1,0.0288294218480587,delay,34,69bdd6b4df7d5879807b5eeca552697347f3322d0f72ddc9f342a6f6c94b010b,1499,True,0,200000,test,249,False
trained,c83c34a7d20bb2b39325bc9ad448e1f56d47194079fe8c434c094cbb1e432ba1,0.03104601614177227,delay,35,524e8f4eb41046b3109958550c65bb30d4f98522c712b115c6d7438414e8e1fc,1499,True,1,200000,test,249,False
trained,c83c34a7d20bb2b39325bc9ad448e1f56d47194079fe8c434c094cbb1e432ba1,0.030434925109148026,delay,36,29cd69335c1fe21b39bb02d39b5a79a27122bd4eb818c8108f501b4caefbd5f1,1499,True,0,200000,test,249,False
trained,c83c34a7d20bb2b39325bc9ad448e1f56d47194079fe8c434c094cbb1e432ba1,0.06212109327316284,delay,37,e9423f3b0a8066ff86952027c9c5ea6ff950bf6743ac77f077fef0452be910a5,1499,True,0,200000,test,249,False
trained,c83c34a7d20bb2b39325bc9ad448e1f56d47194079fe8c434c094cbb1e432ba1,0.033530037850141525,delay,38,5fe680cf3b523d6fd981d22150a45cef104d02ce5377f76d21f0831eb1afc6f5,1499,True,0,200000,test,249,False
trained,c83c34a7d20bb2b39325bc9ad448e1f56d47194079fe8c434c094cbb1e432ba1,0.022021597251296043,delay,39,0d5474f87a4963d2b5f07d6838078a953122e111f50832311b33ef933ba546be,1499,True,0,200000,test,249,False
trained,c83c34a7d20bb2b39325bc9ad448e1f56d47194079fe8c434c094cbb1e432ba1,0.024208160117268562,delay,40,5e5832d62473c4d8bafb32c583b19b437d4d40078d424246b3287b9f769c8249,1499,True,0,200000,test,249,False
trained,c83c34a7d20bb2b39325bc9ad448e1f56d47194079fe8c434c094cbb1e432ba1,0.015842925757169724,delay,41,8723d02eaa3abf34feebba632be9fd4b9ad6df25839b0e2d15b91d78bb358797,1499,True,0,200000,test,249,False
trained,c83c34a7d20bb2b39325bc9ad448e1f56d47194079fe8c434c094cbb1e432ba1,0.011344305239617825,delay,42,19bebb04b6b19cd96eda8a3934849506c51a241627ce191e05fbe4c904c9261b,1499,True,1,200000,test,249,False
trained,c83c34a7d20bb2b39325bc9ad448e1f56d47194079fe8c434c094cbb1e432ba1,0.04700475558638573,delay,43,10737fcb94350a0b358e9c57750cd448b8a086f335d95373672cefb4f434f76a,1499,True,0,200000,test,249,False
trained,c83c34a7d20bb2b39325bc9ad448e1f56d47194079fe8c434c094cbb1e432ba1,0.1055181473493576,delay,44,f519756c8f7529a2b4abff9a40ee73e5075cc1d2c16109e3f372d0ff4bd56833,1499,True,0,200000,test,249,False
trained,c83c34a7d20bb2b39325bc9ad448e1f56d47194079fe8c434c094cbb1e432ba1,0.01732359267771244,delay,45,9ab4f7c205b7001cfe0fde36c2a76df8f94b2f985215a0ee30187d06db655054,1499,True,0,200000,test,249,False
trained,c83c34a7d20bb2b39325bc9ad448e1f56d47194079fe8c434c094cbb1e432ba1,0.0027905250899493694,delay,46,c3ee0e8b6ce27f8940c223e49eecb96136fc4e3df991d8e58c16586565c28507,1499,True,0,200000,test,249,False
trained,c83c34a7d20bb2b39325bc9ad448e1f56d47194079fe8c434c094cbb1e432ba1,0.01464418601244688,delay,47,f11eec591f0355285f623712e60cce615d1ba1cb0d0a77b1d9d0db81e324435d,1499,True,0,200000,test,249,False
trained,c83c34a7d20bb2b39325bc9ad448e1f56d47194079fe8c434c094cbb1e432ba1,0.0177229642868042,delay,48,2107bfc32fe11c4361aaf44234eb84314a070e06859f3ba3f175c6f287e21ad5,1499,True,0,200000,test,249,False
trained,c83c34a7d20bb2b39325bc9ad448e1f56d47194079fe8c434c094cbb1e432ba1,0.009342419914901257,delay,49,59b30799d156376b9f088ef823f4cd5512029f117aa740b598f9ae5828bd6319,1499,True,0,200000,test,249,False
trained,c83c34a7d20bb2b39325bc9ad448e1f56d47194079fe8c434c094cbb1e432ba1,0.03185685724020004,delay,50,6260b4333b00c79742cd31603a955465ea3e554d00a7ce6ff8cbe596272c91d3,1499,True,0,200000,test,249,False
trained,c83c34a7d20bb2b39325bc9ad448e1f56d47194079fe8c434c094cbb1e432ba1,0.01885007694363594,delay,51,3081b34d640d456289905a0d00d6386445a87df6aea70072558028b1728a1942,1499,True,1,200000,test,249,False
trained,c83c34a7d20bb2b39325bc9ad448e1f56d47194079fe8c434c094cbb1e432ba1,0.059454649686813354,delay,52,e11137d2fb2abf1955eb052c3ae1a892b25e59fcc39259bd4408dcdb1c3b433d,1499,True,0,200000,test,249,False
trained,c83c34a7d20bb2b39325bc9ad448e1f56d47194079fe8c434c094cbb1e432ba1,0.019321750849485397,delay,53,27f9ae99894a8a2a0abadab2aa9026f5ebcd8af3beb33544c91616678a9802d7,1499,True,0,200000,test,249,False
trained,c83c34a7d20bb2b39325bc9ad448e1f56d47194079fe8c434c094cbb1e432ba1,0.03960742801427841,delay,54,589cf2da4ef2a1cf4bcb333e370ff02b98079c2a618debb561be273db082094f,1499,True,1,200000,test,249,False
trained,c83c34a7d20bb2b39325bc9ad448e1f56d47194079fe8c434c094cbb1e432ba1,0.010074887424707413,delay,55,2d2b755ee0a5826c56abdd2121cacc90144a237afdad02239b1ae03fe970a1a3,1499,True,0,200000,test,249,False
trained,c83c34a7d20bb2b39325bc9ad448e1f56d47194079fe8c434c094cbb1e432ba1,0.012109747156500816,delay,56,3fd60a804c353e99497cdaf42748465d2e8f1ce47932d1cdfb1b375c4fb3842d,1499,True,0,200000,test,249,False
trained,c83c34a7d20bb2b39325bc9ad448e1f56d47194079fe8c434c094cbb1e432ba1,0.01605926640331745,delay,57,743b03adb5018ad4c6650fa83df9ba0a83e9c2f03955f66c9aad1cefcf509ef4,1499,True,0,200000,test,249,False
trained,c83c34a7d20bb2b39325bc9ad448e1f56d47194079fe8c434c094cbb1e432ba1,0.44631335139274597,delay,58,12eaff6ae2700a63bb84bba72ceaa2e988cd27c04f40fb1baf0e3a2568e5e057,1499,False,0,200000,test,249,False
trained,c83c34a7d20bb2b39325bc9ad448e1f56d47194079fe8c434c094cbb1e432ba1,0.012783235870301723,delay,59,034c0a1609fe3d2fe5cbb61867b7cd354a7bad8b9b4ba50e2f1d2b55daf9e557,1499,True,0,200000,test,249,False
trained,c83c34a7d20bb2b39325bc9ad448e1f56d47194079fe8c434c094cbb1e432ba1,0.017533162608742714,delay,60,0868575af3e26b5999ab786cebce5a2d25962004fb7c49848c5c257f13a0dd0a,1499,True,0,200000,test,249,False
trained,c83c34a7d20bb2b39325bc9ad448e1f56d47194079fe8c434c094cbb1e432ba1,0.05646336451172829,delay,61,1d4ae994688fe4b0285b3cf5d329b032ab7add61f575a3c0a9f1f59d58599046,1499,True,0,200000,test,249,False
trained,c83c34a7d20bb2b39325bc9ad448e1f56d47194079fe8c434c094cbb1e432ba1,0.01775544509291649,delay,62,d0cf985b2baa2671a71c8263ac17a5a2553deb3b20b5e8ef015943014f66874b,1499,True,0,200000,test,249,False
trained,c83c34a7d20bb2b39325bc9ad448e1f56d47194079fe8c434c094cbb1e432ba1,0.45886924862861633,delay,63,6e512a357a7911f18c47f9549c6af6a6b6ff25ae506b07ff6bb5f0992d80ba85,1499,False,0,200000,test,249,False
trained,c83c34a7d20bb2b39325bc9ad448e1f56d47194079fe8c434c094cbb1e432ba1,0.023407086730003357,delay,64,f0e3bde1ce39b8d5f0b9f96b0e500ceef0f9f5dedac73b2fa630c8a28d774fba,1499,True,0,200000,test,249,False
trained,c83c34a7d20bb2b39325bc9ad448e1f56d47194079fe8c434c094cbb1e432ba1,0.052562277764081955,delay,65,c55c7ef0bbb23da553bbe88cfd4e92c66c5cdc7679af952559d1bbb93accac93,1499,True,0,200000,test,249,False
trained,c83c34a7d20bb2b39325bc9ad448e1f56d47194079fe8c434c094cbb1e432ba1,0.04221890866756439,delay,66,c8f91fea361e0f2231f11468f49776eb1ce93a2eb34e613853170e1c57dd5333,1499,True,0,200000,test,249,False
trained,c83c34a7d20bb2b39325bc9ad448e1f56d47194079fe8c434c094cbb1e432ba1,0.008922225795686245,delay,67,69bdfb327765b7935b9fb35fb9c298c892502dc33f528512c3e417bfd8667cd0,1499,True,0,200000,test,249,False
trained,c83c34a7d20bb2b39325bc9ad448e1f56d47194079fe8c434c094cbb1e432ba1,0.01512774545699358,delay,68,9fe3ab03be0239f9e5db8c906aed925d6f6e5199f7075c0dcbf4099ccbd04173,1499,True,0,200000,test,249,False
trained,c83c34a7d20bb2b39325bc9ad448e1f56d47194079fe8c434c094cbb1e432ba1,0.011629554443061352,delay,69,56d3102ba4fd0cd6b32cab81a908a1bd257370f42247e3dd98ecce07920e4901,1499,True,0,200000,test,249,False
trained,c83c34a7d20bb2b39325bc9ad448e1f56d47194079fe8c434c094cbb1e432ba1,0.021577848121523857,delay,70,0af7f9e62b30e8e398387ada4a4a291da586ffeed8e75beea4557d6b7a0108af,1499,True,1,200000,test,249,False
trained,c83c34a7d20bb2b39325bc9ad448e1f56d47194079fe8c434c094cbb1e432ba1,0.03687773272395134,delay,71,3a6a5b829bac417170c98fed1bfaa1fcc162f58c7a9fc1a035f7f6c3b479fd2f,1499,True,0,200000,test,249,False
trained,c83c34a7d20bb2b39325bc9ad448e1f56d47194079fe8c434c094cbb1e432ba1,0.015833180397748947,delay,72,0de40ebcd895e1bd6920874cb94fd3216a1c8272c0e86b8f6dad079d35a01c36,1499,True,0,200000,test,249,False
trained,c83c34a7d20bb2b39325bc9ad448e1f56d47194079fe8c434c094cbb1e432ba1,0.08131781965494156,delay,73,25988df0c0c58bcbfe1fcabad9b10115e22930ebfa3ffed0b3f4356dc70e7d92,1499,True,0,200000,test,249,False
trained,c83c34a7d20bb2b39325bc9ad448e1f56d47194079fe8c434c094cbb1e432ba1,0.03626478463411331,delay,74,ea8fd7d64c026ee280f275cad3db0fa8e16b490c77cfe77d3f54dbbd4c4b6d18,1499,True,0,200000,test,249,False
trained,c83c34a7d20bb2b39325bc9ad448e1f56d47194079fe8c434c094cbb1e432ba1,0.004690543282777071,delay,75,de75c8d313f4386152e3ae756d1967a2a106dc0d2938d6c1d4f27a1b6dbfd1b3,1499,True,1,200000,test,249,False
trained,c83c34a7d20bb2b39325bc9ad448e1f56d47194079fe8c434c094cbb1e432ba1,0.06995745748281479,delay,76,12d8e730b73a94b46db15b6ba3b60046bf6225dd5503187cb7fc094a43211fcf,1499,True,0,200000,test,249,False
trained,c83c34a7d20bb2b39325bc9ad448e1f56d47194079fe8c434c094cbb1e432ba1,0.0160533394664526,delay,77,eb0f20b9e88041fe1bc141c534cc3012e9a9c3f69c24e6e7470a1bdc4d7a4ddf,1499,True,0,200000,test,249,False
trained,c83c34a7d20bb2b39325bc9ad448e1f56d47194079fe8c434c094cbb1e432ba1,0.2479097992181778,delay,78,ba6f3b248d51820ab6fdd15069721c12a0ce071dc4145b82ee0a7b2fe39c3e0e,1499,False,0,200000,test,87,False
trained,c83c34a7d20bb2b39325bc9ad448e1f56d47194079fe8c434c094cbb1e432ba1,0.07210064679384232,delay,79,9b6101208ae0bcb76d0cb5e6b0a93ec282dde61461856af4e1c960cc71ff8a15,1499,True,0,200000,test,249,False
trained,c83c34a7d20bb2b39325bc9ad448e1f56d47194079fe8c434c094cbb1e432ba1,0.015638256445527077,delay,80,39395baadc77790a2bbcfe93908e30203293c7828641a59b99e8a43293425556,1499,True,1,200000,test,249,False
trained,c83c34a7d20bb2b39325bc9ad448e1f56d47194079fe8c434c094cbb1e432ba1,0.01792645826935768,delay,81,a33063ed2300a844e6ca2fbe9d3056355e52d79a32bad0986c66b5665e1117e3,1499,True,0,200000,test,249,False
trained,c83c34a7d20bb2b39325bc9ad448e1f56d47194079fe8c434c094cbb1e432ba1,0.029755420982837677,delay,82,55710e266eb759d0d00bab746b2d4bfdd4670148a49031a8c7349df3fa8ca4c1,1499,True,0,200000,test,249,False
trained,c83c34a7d20bb2b39325bc9ad448e1f56d47194079fe8c434c094cbb1e432ba1,0.017457906156778336,delay,83,7df4e6cc032385c4c199416848dac333fd0c3b311283099ede618f5ad7393d6b,1499,True,0,200000,test,249,False
trained,c83c34a7d20bb2b39325bc9ad448e1f56d47194079fe8c434c094cbb1e432ba1,0.012004399672150612,delay,84,d31475abd8013d4c37112a833b4076d882ccfb079ae7945426089f4cede2dc99,1499,True,1,200000,test,249,False
trained,c83c34a7d20bb2b39325bc9ad448e1f56d47194079fe8c434c094cbb1e432ba1,0.14254975318908691,delay,85,f06c856c4c1ef56e4f3e672ab92b81c91988272b735b6590cb7d4fde85224a0b,1499,True,0,200000,test,83,False
trained,c83c34a7d20bb2b39325bc9ad448e1f56d47194079fe8c434c094cbb1e432ba1,0.014968784525990486,delay,86,a97162259337f6017f41f7ffe2ad9247db9f96808b1ae27f4f4421d894b9e87f,1499,True,0,200000,test,249,False
trained,c83c34a7d20bb2b39325bc9ad448e1f56d47194079fe8c434c094cbb1e432ba1,0.014361397363245487,delay,87,361fd54746ce2574392c2d84ea8e35b9de2c0d4d5088d69bc62c3a1ab6e76242,1499,True,0,200000,test,249,False
trained,c83c34a7d20bb2b39325bc9ad448e1f56d47194079fe8c434c094cbb1e432ba1,0.3384989798069,delay,88,89a34226042b2240015a1baa665606c98327a35c3a24871af82339d85224c8f1,1499,False,0,200000,test,249,False
trained,c83c34a7d20bb2b39325bc9ad448e1f56d47194079fe8c434c094cbb1e432ba1,0.013355530798435211,delay,89,33059fb932a59706419ca00366bcff1c9e01eb0fa607dfc3aa7b9ecb789267ba,1499,True,0,200000,test,249,False
trained,c83c34a7d20bb2b39325bc9ad448e1f56d47194079fe8c434c094cbb1e432ba1,0.047746505588293076,delay,90,216693fd1d3dfdaa7eab1a9298920870f16c48dbaba6aa99577ef455fc6dcb77,1499,True,0,200000,test,249,False
trained,c83c34a7d20bb2b39325bc9ad448e1f56d47194079fe8c434c094cbb1e432ba1,0.02949547953903675,delay,91,561444055a91bdd1d73028866539ab5843235f0c380c43d7e2b3e849535963be,1499,True,0,200000,test,249,False
trained,c83c34a7d20bb2b39325bc9ad448e1f56d47194079fe8c434c094cbb1e432ba1,0.09443250298500061,delay,92,ccf82bf0552ddf77723c34cb4a515cc8f0794e94edba92e3736743c0bd6d94e9,1499,True,0,200000,test,249,False
trained,c83c34a7d20bb2b39325bc9ad448e1f56d47194079fe8c434c094cbb1e432ba1,0.0506444089114666,delay,93,1db8aebabce41b1990763f3b990ca645710679f83de24ebae1357744998b013b,1499,True,0,200000,test,249,False
trained,c83c34a7d20bb2b39325bc9ad448e1f56d47194079fe8c434c094cbb1e432ba1,0.3579903841018677,delay,94,3e2512fba443292eadd8ebd391bfaa79a3a51976deb77e5e373badfeb809ce67,1499,False,0,200000,test,249,False
trained,c83c34a7d20bb2b39325bc9ad448e1f56d47194079fe8c434c094cbb1e432ba1,0.03876178339123726,delay,95,f4b872aef30db47029eba4a4d01094323a4eef5257d4c5bb0f3a6d090ac6325f,1499,True,0,200000,test,249,False
trained,c83c34a7d20bb2b39325bc9ad448e1f56d47194079fe8c434c094cbb1e432ba1,0.02522306889295578,delay,96,dd61787338938b802af68566d23eea329fec2048f20101d606e3c6baaab354e4,1499,True,0,200000,test,249,False
trained,c83c34a7d20bb2b39325bc9ad448e1f56d47194079fe8c434c094cbb1e432ba1,0.07446006685495377,delay,97,bf6b2ec79924fafd60e4fdf305deebdaa8b0db05356b4b51f03acec12ea09bc3,1499,True,0,200000,test,249,False
trained,c83c34a7d20bb2b39325bc9ad448e1f56d47194079fe8c434c094cbb1e432ba1,0.028806762769818306,delay,98,efd1fc4714d0e5c7eca0f24817e1f0e302b9c741963c849932d30aa4a2176434,1499,True,0,200000,test,249,False
trained,c83c34a7d20bb2b39325bc9ad448e1f56d47194079fe8c434c094cbb1e432ba1,0.02731056697666645,delay,99,2f8a14737b5cb1591311be5ab2b938c2f7b43a05e83fc7876774948e244b0e1a,1499,True,1,200000,test,249,False
trained,c83c34a7d20bb2b39325bc9ad448e1f56d47194079fe8c434c094cbb1e432ba1,0.44879603385925293,delay,100,c3c26ae042dabd10dd5b1ffae93e6a4c6731eccc47926a8e2e514e00ede50ab9,1499,False,0,200000,test,61,False
trained,c83c34a7d20bb2b39325bc9ad448e1f56d47194079fe8c434c094cbb1e432ba1,0.03550861030817032,delay,101,1f9f1c06ddd1004ef0de06e5a3c4b1e4207db028be9e03f809a15b15a9c0ed84,1499,True,1,200000,test,249,False
trained,c83c34a7d20bb2b39325bc9ad448e1f56d47194079fe8c434c094cbb1e432ba1,0.01446201466023922,delay,102,c85af3a2c96bfd13f42d313005929365439790d5defc38f398dcb772e7b8789c,1499,True,0,200000,test,249,False
trained,c83c34a7d20bb2b39325bc9ad448e1f56d47194079fe8c434c094cbb1e432ba1,0.0339476577937603,delay,103,f20b1bd089ed98f94809b46482fa94aebd29cfe707c4d03c4bde362236667e20,1499,True,0,200000,test,249,False
trained,c83c34a7d20bb2b39325bc9ad448e1f56d47194079fe8c434c094cbb1e432ba1,0.030657663941383362,delay,104,35147c1f4110e2fab5b7e738151989f22b05b4d424ed28668eadde330f30d0d2,1499,True,2,200000,test,249,False
trained,c83c34a7d20bb2b39325bc9ad448e1f56d47194079fe8c434c094cbb1e432ba1,0.028000812977552414,delay,105,1ae6b6835f0f1d8a25355a1a6d35ff0516db996068fe0cc5d954b1d26ada9c0e,1499,True,0,200000,test,249,False
trained,c83c34a7d20bb2b39325bc9ad448e1f56d47194079fe8c434c094cbb1e432ba1,0.03702365234494209,delay,106,6e9ce697532c9e1b66404b9bdca3dfa7fb46afa0800cf2aec47f0ac36c22b099,1499,True,0,200000,test,249,False
trained,c83c34a7d20bb2b39325bc9ad448e1f56d47194079fe8c434c094cbb1e432ba1,0.019252080470323563,delay,107,63625553f5fb3ca24e3d9130fda632b47e98a2d926dd6ea752495710ae95ae1d,1499,True,0,200000,test,249,False
trained,c83c34a7d20bb2b39325bc9ad448e1f56d47194079fe8c434c094cbb1e432ba1,0.014563973061740398,delay,108,7916fe6697947613fe39ed88f73c031f24d55e79d9314c038f17b73734b56d30,1499,True,0,200000,test,249,False
trained,c83c34a7d20bb2b39325bc9ad448e1f56d47194079fe8c434c094cbb1e432ba1,0.018192287534475327,delay,109,7916b4434df03586d8103b0bf85911ce7fe8a66f73c55435ee510d137fb05ddc,1499,True,1,200000,test,249,False
trained,c83c34a7d20bb2b39325bc9ad448e1f56d47194079fe8c434c094cbb1e432ba1,0.025032272562384605,delay,110,4f0f03f60013e855f3127f49a4368108a63fe564c11c40f264e4dd7898d7f4a6,1499,True,0,200000,test,249,False
trained,c83c34a7d20bb2b39325bc9ad448e1f56d47194079fe8c434c094cbb1e432ba1,0.3439483344554901,delay,111,51bf73926ab46ebfe1ad8caca6760656093bb22103844830cb6ec99687a23772,1499,False,0,200000,test,249,False
trained,c83c34a7d20bb2b39325bc9ad448e1f56d47194079fe8c434c094cbb1e432ba1,0.026004591956734657,delay,112,c157d977c0f9fa39d95f1c2ec71ae32c00bddfd25585beea80b140c254bd329f,1499,True,0,200000,test,249,False
trained,c83c34a7d20bb2b39325bc9ad448e1f56d47194079fe8c434c094cbb1e432ba1,0.016806887462735176,delay,113,c5a2200d1e3162ca08cf475af95a1cfc35afa6922782e502042966e6f4b75eb2,1499,True,0,200000,test,249,False
trained,c83c34a7d20bb2b39325bc9ad448e1f56d47194079fe8c434c094cbb1e432ba1,0.0936974510550499,delay,114,3e39f1604ea7fdb93611a26caa589f0c289ad9d64dfee7695e049574ff89fbc2,1499,True,0,200000,test,249,False
trained,c83c34a7d20bb2b39325bc9ad448e1f56d47194079fe8c434c094cbb1e432ba1,0.01672474294900894,delay,115,226f5afa574115421c2b353826d96a2bc4373c8d23cc62bb1661f58331cfa51f,1499,True,0,200000,test,249,False
trained,c83c34a7d20bb2b39325bc9ad448e1f56d47194079fe8c434c094cbb1e432ba1,0.009899131953716278,delay,116,cc373e90d8d51db1404468603dba0decee0b79ab2222fb1f80bec9692fc11491,1499,True,0,200000,test,249,False
trained,c83c34a7d20bb2b39325bc9ad448e1f56d47194079fe8c434c094cbb1e432ba1,0.012653199955821037,delay,117,d34fe38489bd00f0ced77df94d9e68bbe0cadf11bec48d9b358c524ba65fcd84,1499,True,0,200000,test,249,False
trained,c83c34a7d20bb2b39325bc9ad448e1f56d47194079fe8c434c094cbb1e432ba1,0.012660293839871883,delay,118,f6f43da56ab0104d200263d0ccc26b54343e5cf5f1a2b85b0427aef003a18d05,1499,True,1,200000,test,249,False
trained,c83c34a7d20bb2b39325bc9ad448e1f56d47194079fe8c434c094cbb1e432ba1,0.007684089243412018,delay,119,f2193a15f75006902326daa41c8560b6af0e0b2fa3dfeee72a1657739c93ec6e,1499,True,0,200000,test,249,False
trained,c83c34a7d20bb2b39325bc9ad448e1f56d47194079fe8c434c094cbb1e432ba1,0.03471412882208824,delay,120,eef563ad380403bb42a4e585dd28a7e2dcbbef7c4eef544bb1e7304228261ada,1499,True,0,200000,test,249,False
trained,c83c34a7d20bb2b39325bc9ad448e1f56d47194079fe8c434c094cbb1e432ba1,0.04089228808879852,delay,121,341f5ba19f28425012123e699062b53d2bfa82b6be077dd7db1b079258e98c38,1499,True,0,200000,test,249,False
trained,c83c34a7d20bb2b39325bc9ad448e1f56d47194079fe8c434c094cbb1e432ba1,0.015279735438525677,delay,122,26254a8b2716e730aa5d48720b7da4b4a9068e7d8e312a2844a1b06f8dbecad4,1499,True,0,200000,test,249,False
trained,c83c34a7d20bb2b39325bc9ad448e1f56d47194079fe8c434c094cbb1e432ba1,0.031159240752458572,delay,123,399497fbcf615c9086dedb218e07c7de99bc3288b58a994d6d8d64f8218d9d3d,1499,True,0,200000,test,249,False
trained,c83c34a7d20bb2b39325bc9ad448e1f56d47194079fe8c434c094cbb1e432ba1,0.031408265233039856,delay,124,a0137aa53fd1e96aa116c240205ca47e667e4c1166f40212990765083555952d,1499,True,0,200000,test,249,False
trained,c83c34a7d20bb2b39325bc9ad448e1f56d47194079fe8c434c094cbb1e432ba1,0.04990270361304283,delay,125,1af06c111b26388f255d6b592b301eb32564d5b1d5095e196d11dcfd6af96e2c,1499,True,0,200000,test,249,False
trained,c83c34a7d20bb2b39325bc9ad448e1f56d47194079fe8c434c094cbb1e432ba1,0.03701402619481087,delay,126,b2d26dafcbf01b1eb4092bcbbe4d5750bc1c079b5e3b989a0b780692268f9ee6,1499,True,0,200000,test,249,False
trained,c83c34a7d20bb2b39325bc9ad448e1f56d47194079fe8c434c094cbb1e432ba1,0.035681188106536865,delay,127,4d854e42c5801aa99b2a2ff4494e94f46107ae40d1c4a03ee0d3547f152b6c35,1499,True,0,200000,test,249,False
trained,c83c34a7d20bb2b39325bc9ad448e1f56d47194079fe8c434c094cbb1e432ba1,0.06103051081299782,heavy,0,b95fa809dd99f195a8b21065a1b0c004ab3e35a0dd671741ba681333796c2bde,1499,True,0,200000,test,249,False
trained,c83c34a7d20bb2b39325bc9ad448e1f56d47194079fe8c434c094cbb1e432ba1,0.08664008975028992,heavy,1,247bba64c17b3e63715e27cce5086706b2532f6ebdf49f77b7e7472271f5babf,1499,True,0,200000,test,249,False
trained,c83c34a7d20bb2b39325bc9ad448e1f56d47194079fe8c434c094cbb1e432ba1,0.025340240448713303,heavy,2,b770e4a4a5d10a2a2aac5b356c200f0ecf82b37714c2ae66a3076dddc6cb178d,1499,True,0,200000,test,249,False
trained,c83c34a7d20bb2b39325bc9ad448e1f56d47194079fe8c434c094cbb1e432ba1,0.021234652027487755,heavy,3,77ac3234e716a8f41aef905b2db2d3ba55bdc177b414bf9d8c5e013b7eb239d5,1499,True,0,200000,test,249,False
trained,c83c34a7d20bb2b39325bc9ad448e1f56d47194079fe8c434c094cbb1e432ba1,0.012804718688130379,heavy,4,6feceecdc48cfc7eef39f4dae9ac9a6aa0ce092e38b0ab18242654071173d9cd,1499,True,1,200000,test,249,False
trained,c83c34a7d20bb2b39325bc9ad448e1f56d47194079fe8c434c094cbb1e432ba1,0.021232876926660538,heavy,5,ffb6104d0344815d997b8133f1b08b5dcfa9d0c217a1cf7b9aa5876876e3857b,1499,True,0,200000,test,249,False
trained,c83c34a7d20bb2b39325bc9ad448e1f56d47194079fe8c434c094cbb1e432ba1,0.005006966181099415,heavy,6,9fae564b918f8e1d470d6f81179b13f69bf1ce5130cdcfa569a086e4ffdeb7a7,1499,True,3,200000,test,249,False
trained,c83c34a7d20bb2b39325bc9ad448e1f56d47194079fe8c434c094cbb1e432ba1,0.024042345583438873,heavy,7,816f8c87f55863c18ce29aebabca3f6febac7eeed5cc46440b7c52a7ff0af397,1499,True,0,200000,test,249,False
trained,c83c34a7d20bb2b39325bc9ad448e1f56d47194079fe8c434c094cbb1e432ba1,0.018844757229089737,heavy,8,3fad0a7ff51fd2ea2fabdda776fe7885fb315c2f2aebe05f72d71f4c464c93f5,1499,True,9,200000,test,249,False
trained,c83c34a7d20bb2b39325bc9ad448e1f56d47194079fe8c434c094cbb1e432ba1,0.0479392409324646,heavy,9,1df4303a4a631754d740e6da207851c6c09cdbc0b38d084f4d1a17d44617ffb9,1499,True,0,200000,test,249,False
trained,c83c34a7d20bb2b39325bc9ad448e1f56d47194079fe8c434c094cbb1e432ba1,0.04957379028201103,heavy,10,4a15c14d141f7841fe9ac2a018183a8a045a28f7e542bcf39f41312ed33bf33b,1499,True,0,200000,test,249,False
trained,c83c34a7d20bb2b39325bc9ad448e1f56d47194079fe8c434c094cbb1e432ba1,0.01936335675418377,heavy,11,88d0c3bffcc0d41af083f261516856b7b52217b51f87c89964c10fbd3e22edc6,1499,True,6,200000,test,249,False
trained,c83c34a7d20bb2b39325bc9ad448e1f56d47194079fe8c434c094cbb1e432ba1,0.021938173100352287,heavy,12,0fd372a7af4ee90674bec7b56dcd244d906980a942406a9dbd88d2344d1a733b,1499,True,0,200000,test,249,False
trained,c83c34a7d20bb2b39325bc9ad448e1f56d47194079fe8c434c094cbb1e432ba1,0.022361615672707558,heavy,13,01d319bd18f9cfb697c975b064470678c29ac83cfaf52e43586d719be007317c,1499,True,4,200000,test,249,False
trained,c83c34a7d20bb2b39325bc9ad448e1f56d47194079fe8c434c094cbb1e432ba1,0.04392198473215103,heavy,14,c91a8b96bd1c92af8da6a04ede439ba1c4f76b8498c39c9afe27c6e65ab2d793,1499,True,0,200000,test,249,False
trained,c83c34a7d20bb2b39325bc9ad448e1f56d47194079fe8c434c094cbb1e432ba1,0.012157218530774117,heavy,15,5c1ccc7b681c7ece6a7d3957ac1f77a0daf10a3d7f2da5d9a368532e12387183,1499,True,1,200000,test,249,False
trained,c83c34a7d20bb2b39325bc9ad448e1f56d47194079fe8c434c094cbb1e432ba1,0.029898863285779953,heavy,16,1e6bda6643755f11c47254f4eeb791dc38e7ea997744ba3099f2a138772966f3,1499,True,0,200000,test,249,False
trained,c83c34a7d20bb2b39325bc9ad448e1f56d47194079fe8c434c094cbb1e432ba1,0.034974355250597,heavy,17,96376e8b12b04ff4968102378630283cba527c9fd21109264304a7cce084e98b,1499,True,0,200000,test,249,False
trained,c83c34a7d20bb2b39325bc9ad448e1f56d47194079fe8c434c094cbb1e432ba1,0.012293178588151932,heavy,18,58898b4858a294cf7c7ff0ce39483d2860612e1e5825d3570266b1a454a468a7,1499,True,4,200000,test,249,False
trained,c83c34a7d20bb2b39325bc9ad448e1f56d47194079fe8c434c094cbb1e432ba1,0.03244537487626076,heavy,19,8e5a2346379c74e6b96bfb38a35836079b2ffa3201069b63f9fd1cd4d06201fd,1499,True,0,200000,test,249,False
trained,c83c34a7d20bb2b39325bc9ad448e1f56d47194079fe8c434c094cbb1e432ba1,0.05071592330932617,heavy,20,f51d219238abc5313a32a7e8d7cc8cbd48a0d2f1d337df56d72e225700a1c622,1499,True,0,200000,test,249,False
trained,c83c34a7d20bb2b39325bc9ad448e1f56d47194079fe8c434c094cbb1e432ba1,0.02363707311451435,heavy,21,84a93ef0bd51a5c0f85c0a51e1c13c33ee9fb8127151c43dd1d13e078046c26e,1499,True,30,200000,test,249,True
trained,c83c34a7d20bb2b39325bc9ad448e1f56d47194079fe8c434c094cbb1e432ba1,0.04263589531183243,heavy,22,cd27f23de66e978f6ab1e23dbe5db08f96875bebedec45e81cffef531c1ac860,1499,True,2,200000,test,249,False
trained,c83c34a7d20bb2b39325bc9ad448e1f56d47194079fe8c434c094cbb1e432ba1,0.010134272277355194,heavy,23,6c38145813edcfa527fd6b558359abc9f129c9356158827e0fcecf91ea55ed00,1499,True,0,200000,test,249,False
trained,c83c34a7d20bb2b39325bc9ad448e1f56d47194079fe8c434c094cbb1e432ba1,0.02487087808549404,heavy,24,4fb3692880b037edcaff3f940da73550acd8eee50b1bf64b13f776eb38cf7c73,1499,True,1,200000,test,249,False
trained,c83c34a7d20bb2b39325bc9ad448e1f56d47194079fe8c434c094cbb1e432ba1,0.010036841034889221,heavy,25,128b7d3d27b179fcd43835c497626e90cee16c13819a4c658fa096d4933cf32a,1499,True,0,200000,test,249,False
trained,c83c34a7d20bb2b39325bc9ad448e1f56d47194079fe8c434c094cbb1e432ba1,0.013395242393016815,heavy,26,e3f01f6e991a26abf43d9826b9c14ec61f36879dc061f03e6ee5c7e3355f74c6,1499,True,0,200000,test,249,False
trained,c83c34a7d20bb2b39325bc9ad448e1f56d47194079fe8c434c094cbb1e432ba1,0.0040383548475801945,heavy,27,eb13446d5e313ea28470cc3f170c7b729965d80c81ad52c5e2990258ae11b2f6,1499,True,0,200000,test,249,False
trained,c83c34a7d20bb2b39325bc9ad448e1f56d47194079fe8c434c094cbb1e432ba1,0.004649227950721979,heavy,28,fdf3e4bf26bc7399603afebefaf783f8a7285567bb65fe3d63f92be709a460a3,1499,True,1,200000,test,249,False
trained,c83c34a7d20bb2b39325bc9ad448e1f56d47194079fe8c434c094cbb1e432ba1,0.016816191375255585,heavy,29,8610377a78ff9282dc9592f98986f875987d41926ee56330b5a702ae963598bb,1499,True,29,200000,test,249,True
trained,c83c34a7d20bb2b39325bc9ad448e1f56d47194079fe8c434c094cbb1e432ba1,0.0016003400087356567,heavy,30,f287754e29ab94bdc05fab57e6223b4a569216338ef1034500b3f93c742d1b99,1499,True,0,200000,test,249,False
trained,c83c34a7d20bb2b39325bc9ad448e1f56d47194079fe8c434c094cbb1e432ba1,0.08843881636857986,heavy,31,d4c55dd35d1e2fb554249763356d0587c1de5d9c0837194cd21dcefb8427c043,1499,True,0,200000,test,249,False
trained,c83c34a7d20bb2b39325bc9ad448e1f56d47194079fe8c434c094cbb1e432ba1,0.043475788086652756,heavy,32,fa422693337594f8176c84eea1f775d721f3b05b8ab2fbf0a40a9a172dec3d86,1499,True,0,200000,test,249,False
trained,c83c34a7d20bb2b39325bc9ad448e1f56d47194079fe8c434c094cbb1e432ba1,0.03392393887042999,heavy,33,c711174136b3f4b594af75e49fde7e73e674bc11b502e2c14a8b0c22a8677ee2,1499,True,0,200000,test,249,False
trained,c83c34a7d20bb2b39325bc9ad448e1f56d47194079fe8c434c094cbb1e432ba1,0.03874063119292259,heavy,34,69bdd6b4df7d5879807b5eeca552697347f3322d0f72ddc9f342a6f6c94b010b,1499,True,0,200000,test,249,False
trained,c83c34a7d20bb2b39325bc9ad448e1f56d47194079fe8c434c094cbb1e432ba1,0.009513646364212036,heavy,35,524e8f4eb41046b3109958550c65bb30d4f98522c712b115c6d7438414e8e1fc,1499,True,4,200000,test,249,False
trained,c83c34a7d20bb2b39325bc9ad448e1f56d47194079fe8c434c094cbb1e432ba1,0.03344199061393738,heavy,36,29cd69335c1fe21b39bb02d39b5a79a27122bd4eb818c8108f501b4caefbd5f1,1499,True,0,200000,test,249,False
trained,c83c34a7d20bb2b39325bc9ad448e1f56d47194079fe8c434c094cbb1e432ba1,0.05953224003314972,heavy,37,e9423f3b0a8066ff86952027c9c5ea6ff950bf6743ac77f077fef0452be910a5,1499,True,0,200000,test,249,False
trained,c83c34a7d20bb2b39325bc9ad448e1f56d47194079fe8c434c094cbb1e432ba1,0.025908108800649643,heavy,38,5fe680cf3b523d6fd981d22150a45cef104d02ce5377f76d21f0831eb1afc6f5,1499,True,9,200000,test,249,False
trained,c83c34a7d20bb2b39325bc9ad448e1f56d47194079fe8c434c094cbb1e432ba1,0.020798249170184135,heavy,39,0d5474f87a4963d2b5f07d6838078a953122e111f50832311b33ef933ba546be,1499,True,6,200000,test,249,False
trained,c83c34a7d20bb2b39325bc9ad448e1f56d47194079fe8c434c094cbb1e432ba1,0.007509571500122547,heavy,40,5e5832d62473c4d8bafb32c583b19b437d4d40078d424246b3287b9f769c8249,1499,True,8,200000,test,249,False
trained,c83c34a7d20bb2b39325bc9ad448e1f56d47194079fe8c434c094cbb1e432ba1,0.02289743535220623,heavy,41,8723d02eaa3abf34feebba632be9fd4b9ad6df25839b0e2d15b91d78bb358797,1499,True,3,200000,test,249,False
trained,c83c34a7d20bb2b39325bc9ad448e1f56d47194079fe8c434c094cbb1e432ba1,0.017675384879112244,heavy,42,19bebb04b6b19cd96eda8a3934849506c51a241627ce191e05fbe4c904c9261b,1499,True,11,200000,test,249,False
trained,c83c34a7d20bb2b39325bc9ad448e1f56d47194079fe8c434c094cbb1e432ba1,0.0454241968691349,heavy,43,10737fcb94350a0b358e9c57750cd448b8a086f335d95373672cefb4f434f76a,1499,True,15,200000,test,249,False
trained,c83c34a7d20bb2b39325bc9ad448e1f56d47194079fe8c434c094cbb1e432ba1,0.006820830050855875,heavy,44,f519756c8f7529a2b4abff9a40ee73e5075cc1d2c16109e3f372d0ff4bd56833,1499,True,0,200000,test,249,False
trained,c83c34a7d20bb2b39325bc9ad448e1f56d47194079fe8c434c094cbb1e432ba1,0.028195949271321297,heavy,45,9ab4f7c205b7001cfe0fde36c2a76df8f94b2f985215a0ee30187d06db655054,1499,True,0,200000,test,249,False
trained,c83c34a7d20bb2b39325bc9ad448e1f56d47194079fe8c434c094cbb1e432ba1,0.024565255269408226,heavy,46,c3ee0e8b6ce27f8940c223e49eecb96136fc4e3df991d8e58c16586565c28507,1499,True,0,200000,test,249,False
trained,c83c34a7d20bb2b39325bc9ad448e1f56d47194079fe8c434c094cbb1e432ba1,0.021205708384513855,heavy,47,f11eec591f0355285f623712e60cce615d1ba1cb0d0a77b1d9d0db81e324435d,1499,True,10,200000,test,249,False
trained,c83c34a7d20bb2b39325bc9ad448e1f56d47194079fe8c434c094cbb1e432ba1,0.005707065109163523,heavy,48,2107bfc32fe11c4361aaf44234eb84314a070e06859f3ba3f175c6f287e21ad5,1499,True,0,200000,test,249,False
trained,c83c34a7d20bb2b39325bc9ad448e1f56d47194079fe8c434c094cbb1e432ba1,0.009360711090266705,heavy,49,59b30799d156376b9f088ef823f4cd5512029f117aa740b598f9ae5828bd6319,1499,True,0,200000,test,249,False
trained,c83c34a7d20bb2b39325bc9ad448e1f56d47194079fe8c434c094cbb1e432ba1,0.02718989923596382,heavy,50,6260b4333b00c79742cd31603a955465ea3e554d00a7ce6ff8cbe596272c91d3,1499,True,0,200000,test,249,False
trained,c83c34a7d20bb2b39325bc9ad448e1f56d47194079fe8c434c094cbb1e432ba1,0.023721428588032722,heavy,51,3081b34d640d456289905a0d00d6386445a87df6aea70072558028b1728a1942,1499,True,10,200000,test,249,False
trained,c83c34a7d20bb2b39325bc9ad448e1f56d47194079fe8c434c094cbb1e432ba1,0.05170905590057373,heavy,52,e11137d2fb2abf1955eb052c3ae1a892b25e59fcc39259bd4408dcdb1c3b433d,1499,True,0,200000,test,249,False
trained,c83c34a7d20bb2b39325bc9ad448e1f56d47194079fe8c434c094cbb1e432ba1,0.049591973423957825,heavy,53,27f9ae99894a8a2a0abadab2aa9026f5ebcd8af3beb33544c91616678a9802d7,1499,True,0,200000,test,249,False
trained,c83c34a7d20bb2b39325bc9ad448e1f56d47194079fe8c434c094cbb1e432ba1,0.037845417857170105,heavy,54,589cf2da4ef2a1cf4bcb333e370ff02b98079c2a618debb561be273db082094f,1499,True,0,200000,test,249,False
trained,c83c34a7d20bb2b39325bc9ad448e1f56d47194079fe8c434c094cbb1e432ba1,0.017167016863822937,heavy,55,2d2b755ee0a5826c56abdd2121cacc90144a237afdad02239b1ae03fe970a1a3,1499,True,1,200000,test,249,False
trained,c83c34a7d20bb2b39325bc9ad448e1f56d47194079fe8c434c094cbb1e432ba1,0.0393843948841095,heavy,56,3fd60a804c353e99497cdaf42748465d2e8f1ce47932d1cdfb1b375c4fb3842d,1499,True,0,200000,test,249,False
trained,c83c34a7d20bb2b39325bc9ad448e1f56d47194079fe8c434c094cbb1e432ba1,0.026530716568231583,heavy,57,743b03adb5018ad4c6650fa83df9ba0a83e9c2f03955f66c9aad1cefcf509ef4,1499,True,3,200000,test,249,False
trained,c83c34a7d20bb2b39325bc9ad448e1f56d47194079fe8c434c094cbb1e432ba1,0.007583464030176401,heavy,58,12eaff6ae2700a63bb84bba72ceaa2e988cd27c04f40fb1baf0e3a2568e5e057,1499,True,0,200000,test,249,False
trained,c83c34a7d20bb2b39325bc9ad448e1f56d47194079fe8c434c094cbb1e432ba1,0.029729867354035378,heavy,59,034c0a1609fe3d2fe5cbb61867b7cd354a7bad8b9b4ba50e2f1d2b55daf9e557,1499,True,5,200000,test,249,False
trained,c83c34a7d20bb2b39325bc9ad448e1f56d47194079fe8c434c094cbb1e432ba1,0.006883043330162764,heavy,60,0868575af3e26b5999ab786cebce5a2d25962004fb7c49848c5c257f13a0dd0a,1499,True,0,200000,test,249,False
trained,c83c34a7d20bb2b39325bc9ad448e1f56d47194079fe8c434c094cbb1e432ba1,0.05891680717468262,heavy,61,1d4ae994688fe4b0285b3cf5d329b032ab7add61f575a3c0a9f1f59d58599046,1499,True,0,200000,test,249,False
trained,c83c34a7d20bb2b39325bc9ad448e1f56d47194079fe8c434c094cbb1e432ba1,0.02688470296561718,heavy,62,d0cf985b2baa2671a71c8263ac17a5a2553deb3b20b5e8ef015943014f66874b,1499,True,0,200000,test,249,False
trained,c83c34a7d20bb2b39325bc9ad448e1f56d47194079fe8c434c094cbb1e432ba1,0.015821363776922226,heavy,63,6e512a357a7911f18c47f9549c6af6a6b6ff25ae506b07ff6bb5f0992d80ba85,1499,True,6,200000,test,249,False
trained,c83c34a7d20bb2b39325bc9ad448e1f56d47194079fe8c434c094cbb1e432ba1,0.055663373321294785,heavy,64,f0e3bde1ce39b8d5f0b9f96b0e500ceef0f9f5dedac73b2fa630c8a28d774fba,1499,True,0,200000,test,249,False
trained,c83c34a7d20bb2b39325bc9ad448e1f56d47194079fe8c434c094cbb1e432ba1,0.04293970391154289,heavy,65,c55c7ef0bbb23da553bbe88cfd4e92c66c5cdc7679af952559d1bbb93accac93,1499,True,0,200000,test,249,False
trained,c83c34a7d20bb2b39325bc9ad448e1f56d47194079fe8c434c094cbb1e432ba1,0.028165562078356743,heavy,66,c8f91fea361e0f2231f11468f49776eb1ce93a2eb34e613853170e1c57dd5333,1499,True,0,200000,test,249,False
trained,c83c34a7d20bb2b39325bc9ad448e1f56d47194079fe8c434c094cbb1e432ba1,0.02994546666741371,heavy,67,69bdfb327765b7935b9fb35fb9c298c892502dc33f528512c3e417bfd8667cd0,1499,True,0,200000,test,249,False
trained,c83c34a7d20bb2b39325bc9ad448e1f56d47194079fe8c434c094cbb1e432ba1,0.0172146987169981,heavy,68,9fe3ab03be0239f9e5db8c906aed925d6f6e5199f7075c0dcbf4099ccbd04173,1499,True,5,200000,test,249,False
trained,c83c34a7d20bb2b39325bc9ad448e1f56d47194079fe8c434c094cbb1e432ba1,0.021090248599648476,heavy,69,56d3102ba4fd0cd6b32cab81a908a1bd257370f42247e3dd98ecce07920e4901,1499,True,0,200000,test,249,False
trained,c83c34a7d20bb2b39325bc9ad448e1f56d47194079fe8c434c094cbb1e432ba1,0.029722439125180244,heavy,70,0af7f9e62b30e8e398387ada4a4a291da586ffeed8e75beea4557d6b7a0108af,1499,True,0,200000,test,249,False
trained,c83c34a7d20bb2b39325bc9ad448e1f56d47194079fe8c434c094cbb1e432ba1,0.02012256532907486,heavy,71,3a6a5b829bac417170c98fed1bfaa1fcc162f58c7a9fc1a035f7f6c3b479fd2f,1499,True,0,200000,test,249,False
trained,c83c34a7d20bb2b39325bc9ad448e1f56d47194079fe8c434c094cbb1e432ba1,0.05798851698637009,heavy,72,0de40ebcd895e1bd6920874cb94fd3216a1c8272c0e86b8f6dad079d35a01c36,1499,True,0,200000,test,249,False
trained,c83c34a7d20bb2b39325bc9ad448e1f56d47194079fe8c434c094cbb1e432ba1,0.10337305814027786,heavy,73,25988df0c0c58bcbfe1fcabad9b10115e22930ebfa3ffed0b3f4356dc70e7d92,1499,True,0,200000,test,249,False
trained,c83c34a7d20bb2b39325bc9ad448e1f56d47194079fe8c434c094cbb1e432ba1,0.05208071693778038,heavy,74,ea8fd7d64c026ee280f275cad3db0fa8e16b490c77cfe77d3f54dbbd4c4b6d18,1499,True,0,200000,test,249,False
trained,c83c34a7d20bb2b39325bc9ad448e1f56d47194079fe8c434c094cbb1e432ba1,0.01096661202609539,heavy,75,de75c8d313f4386152e3ae756d1967a2a106dc0d2938d6c1d4f27a1b6dbfd1b3,1499,True,0,200000,test,249,False
trained,c83c34a7d20bb2b39325bc9ad448e1f56d47194079fe8c434c094cbb1e432ba1,0.08187492191791534,heavy,76,12d8e730b73a94b46db15b6ba3b60046bf6225dd5503187cb7fc094a43211fcf,1499,True,0,200000,test,249,False
trained,c83c34a7d20bb2b39325bc9ad448e1f56d47194079fe8c434c094cbb1e432ba1,0.019898461177945137,heavy,77,eb0f20b9e88041fe1bc141c534cc3012e9a9c3f69c24e6e7470a1bdc4d7a4ddf,1499,True,0,200000,test,249,False
trained,c83c34a7d20bb2b39325bc9ad448e1f56d47194079fe8c434c094cbb1e432ba1,0.05613143742084503,heavy,78,ba6f3b248d51820ab6fdd15069721c12a0ce071dc4145b82ee0a7b2fe39c3e0e,1499,True,0,200000,test,249,False
trained,c83c34a7d20bb2b39325bc9ad448e1f56d47194079fe8c434c094cbb1e432ba1,0.05767010524868965,heavy,79,9b6101208ae0bcb76d0cb5e6b0a93ec282dde61461856af4e1c960cc71ff8a15,1499,True,0,200000,test,249,False
trained,c83c34a7d20bb2b39325bc9ad448e1f56d47194079fe8c434c094cbb1e432ba1,0.025177376344799995,heavy,80,39395baadc77790a2bbcfe93908e30203293c7828641a59b99e8a43293425556,1499,True,19,200000,test,249,False
trained,c83c34a7d20bb2b39325bc9ad448e1f56d47194079fe8c434c094cbb1e432ba1,0.02310400828719139,heavy,81,a33063ed2300a844e6ca2fbe9d3056355e52d79a32bad0986c66b5665e1117e3,1499,True,0,200000,test,249,False
trained,c83c34a7d20bb2b39325bc9ad448e1f56d47194079fe8c434c094cbb1e432ba1,0.010914264246821404,heavy,82,55710e266eb759d0d00bab746b2d4bfdd4670148a49031a8c7349df3fa8ca4c1,1499,True,0,200000,test,249,False
trained,c83c34a7d20bb2b39325bc9ad448e1f56d47194079fe8c434c094cbb1e432ba1,0.02637341246008873,heavy,83,7df4e6cc032385c4c199416848dac333fd0c3b311283099ede618f5ad7393d6b,1499,True,5,200000,test,249,False
trained,c83c34a7d20bb2b39325bc9ad448e1f56d47194079fe8c434c094cbb1e432ba1,0.01467837579548359,heavy,84,d31475abd8013d4c37112a833b4076d882ccfb079ae7945426089f4cede2dc99,1499,True,19,200000,test,249,False
trained,c83c34a7d20bb2b39325bc9ad448e1f56d47194079fe8c434c094cbb1e432ba1,0.024373171851038933,heavy,85,f06c856c4c1ef56e4f3e672ab92b81c91988272b735b6590cb7d4fde85224a0b,1499,True,7,200000,test,249,False
trained,c83c34a7d20bb2b39325bc9ad448e1f56d47194079fe8c434c094cbb1e432ba1,0.014710177667438984,heavy,86,a97162259337f6017f41f7ffe2ad9247db9f96808b1ae27f4f4421d894b9e87f,1499,True,0,200000,test,249,False
trained,c83c34a7d20bb2b39325bc9ad448e1f56d47194079fe8c434c094cbb1e432ba1,0.010994136333465576,heavy,87,361fd54746ce2574392c2d84ea8e35b9de2c0d4d5088d69bc62c3a1ab6e76242,1499,True,0,200000,test,249,False
trained,c83c34a7d20bb2b39325bc9ad448e1f56d47194079fe8c434c094cbb1e432ba1,0.028010107576847076,heavy,88,89a34226042b2240015a1baa665606c98327a35c3a24871af82339d85224c8f1,1499,True,1,200000,test,249,False
trained,c83c34a7d20bb2b39325bc9ad448e1f56d47194079fe8c434c094cbb1e432ba1,0.006984020583331585,heavy,89,33059fb932a59706419ca00366bcff1c9e01eb0fa607dfc3aa7b9ecb789267ba,1499,True,0,200000,test,249,False
trained,c83c34a7d20bb2b39325bc9ad448e1f56d47194079fe8c434c094cbb1e432ba1,0.026705676689743996,heavy,90,216693fd1d3dfdaa7eab1a9298920870f16c48dbaba6aa99577ef455fc6dcb77,1499,True,3,200000,test,249,False
trained,c83c34a7d20bb2b39325bc9ad448e1f56d47194079fe8c434c094cbb1e432ba1,0.03689591959118843,heavy,91,561444055a91bdd1d73028866539ab5843235f0c380c43d7e2b3e849535963be,1499,True,1,200000,test,249,False
trained,c83c34a7d20bb2b39325bc9ad448e1f56d47194079fe8c434c094cbb1e432ba1,0.10303490608930588,heavy,92,ccf82bf0552ddf77723c34cb4a515cc8f0794e94edba92e3736743c0bd6d94e9,1499,True,0,200000,test,249,False
trained,c83c34a7d20bb2b39325bc9ad448e1f56d47194079fe8c434c094cbb1e432ba1,0.03743473067879677,heavy,93,1db8aebabce41b1990763f3b990ca645710679f83de24ebae1357744998b013b,1499,True,27,200000,test,249,True
trained,c83c34a7d20bb2b39325bc9ad448e1f56d47194079fe8c434c094cbb1e432ba1,0.008421264588832855,heavy,94,3e2512fba443292eadd8ebd391bfaa79a3a51976deb77e5e373badfeb809ce67,1499,True,0,200000,test,249,False
trained,c83c34a7d20bb2b39325bc9ad448e1f56d47194079fe8c434c094cbb1e432ba1,0.023868437856435776,heavy,95,f4b872aef30db47029eba4a4d01094323a4eef5257d4c5bb0f3a6d090ac6325f,1499,True,0,200000,test,249,False
trained,c83c34a7d20bb2b39325bc9ad448e1f56d47194079fe8c434c094cbb1e432ba1,0.017403699457645416,heavy,96,dd61787338938b802af68566d23eea329fec2048f20101d606e3c6baaab354e4,1499,True,3,200000,test,249,False
trained,c83c34a7d20bb2b39325bc9ad448e1f56d47194079fe8c434c094cbb1e432ba1,0.08426684141159058,heavy,97,bf6b2ec79924fafd60e4fdf305deebdaa8b0db05356b4b51f03acec12ea09bc3,1499,True,0,200000,test,249,False
trained,c83c34a7d20bb2b39325bc9ad448e1f56d47194079fe8c434c094cbb1e432ba1,0.03308158740401268,heavy,98,efd1fc4714d0e5c7eca0f24817e1f0e302b9c741963c849932d30aa4a2176434,1499,True,0,200000,test,249,False
trained,c83c34a7d20bb2b39325bc9ad448e1f56d47194079fe8c434c094cbb1e432ba1,0.03080548346042633,heavy,99,2f8a14737b5cb1591311be5ab2b938c2f7b43a05e83fc7876774948e244b0e1a,1499,True,2,200000,test,249,False
trained,c83c34a7d20bb2b39325bc9ad448e1f56d47194079fe8c434c094cbb1e432ba1,0.016677241772413254,heavy,100,c3c26ae042dabd10dd5b1ffae93e6a4c6731eccc47926a8e2e514e00ede50ab9,1499,True,2,200000,test,249,False
trained,c83c34a7d20bb2b39325bc9ad448e1f56d47194079fe8c434c094cbb1e432ba1,0.03305637836456299,heavy,101,1f9f1c06ddd1004ef0de06e5a3c4b1e4207db028be9e03f809a15b15a9c0ed84,1499,True,0,200000,test,249,False
trained,c83c34a7d20bb2b39325bc9ad448e1f56d47194079fe8c434c094cbb1e432ba1,0.022645987570285797,heavy,102,c85af3a2c96bfd13f42d313005929365439790d5defc38f398dcb772e7b8789c,1499,True,5,200000,test,249,False
trained,c83c34a7d20bb2b39325bc9ad448e1f56d47194079fe8c434c094cbb1e432ba1,0.04065767675638199,heavy,103,f20b1bd089ed98f94809b46482fa94aebd29cfe707c4d03c4bde362236667e20,1499,True,0,200000,test,249,False
trained,c83c34a7d20bb2b39325bc9ad448e1f56d47194079fe8c434c094cbb1e432ba1,0.028796609491109848,heavy,104,35147c1f4110e2fab5b7e738151989f22b05b4d424ed28668eadde330f30d0d2,1499,True,0,200000,test,249,False
trained,c83c34a7d20bb2b39325bc9ad448e1f56d47194079fe8c434c094cbb1e432ba1,0.03140212595462799,heavy,105,1ae6b6835f0f1d8a25355a1a6d35ff0516db996068fe0cc5d954b1d26ada9c0e,1499,True,0,200000,test,249,False
trained,c83c34a7d20bb2b39325bc9ad448e1f56d47194079fe8c434c094cbb1e432ba1,0.02795138955116272,heavy,106,6e9ce697532c9e1b66404b9bdca3dfa7fb46afa0800cf2aec47f0ac36c22b099,1499,True,0,200000,test,249,False
trained,c83c34a7d20bb2b39325bc9ad448e1f56d47194079fe8c434c094cbb1e432ba1,0.02723708376288414,heavy,107,63625553f5fb3ca24e3d9130fda632b47e98a2d926dd6ea752495710ae95ae1d,1499,True,2,200000,test,249,False
trained,c83c34a7d20bb2b39325bc9ad448e1f56d47194079fe8c434c094cbb1e432ba1,0.03756844997406006,heavy,108,7916fe6697947613fe39ed88f73c031f24d55e79d9314c038f17b73734b56d30,1499,True,1,200000,test,249,False
trained,c83c34a7d20bb2b39325bc9ad448e1f56d47194079fe8c434c094cbb1e432ba1,0.018816782161593437,heavy,109,7916b4434df03586d8103b0bf85911ce7fe8a66f73c55435ee510d137fb05ddc,1499,True,8,200000,test,249,False
trained,c83c34a7d20bb2b39325bc9ad448e1f56d47194079fe8c434c094cbb1e432ba1,0.02481461875140667,heavy,110,4f0f03f60013e855f3127f49a4368108a63fe564c11c40f264e4dd7898d7f4a6,1499,True,0,200000,test,249,False
trained,c83c34a7d20bb2b39325bc9ad448e1f56d47194079fe8c434c094cbb1e432ba1,0.04508635029196739,heavy,111,51bf73926ab46ebfe1ad8caca6760656093bb22103844830cb6ec99687a23772,1499,True,6,200000,test,249,False
trained,c83c34a7d20bb2b39325bc9ad448e1f56d47194079fe8c434c094cbb1e432ba1,0.0057552349753677845,heavy,112,c157d977c0f9fa39d95f1c2ec71ae32c00bddfd25585beea80b140c254bd329f,1499,True,1,200000,test,249,False
trained,c83c34a7d20bb2b39325bc9ad448e1f56d47194079fe8c434c094cbb1e432ba1,0.025957470759749413,heavy,113,c5a2200d1e3162ca08cf475af95a1cfc35afa6922782e502042966e6f4b75eb2,1499,True,2,200000,test,249,False
trained,c83c34a7d20bb2b39325bc9ad448e1f56d47194079fe8c434c094cbb1e432ba1,0.04526904597878456,heavy,114,3e39f1604ea7fdb93611a26caa589f0c289ad9d64dfee7695e049574ff89fbc2,1499,True,0,200000,test,249,False
trained,c83c34a7d20bb2b39325bc9ad448e1f56d47194079fe8c434c094cbb1e432ba1,0.011747813783586025,heavy,115,226f5afa574115421c2b353826d96a2bc4373c8d23cc62bb1661f58331cfa51f,1499,True,0,200000,test,249,False
trained,c83c34a7d20bb2b39325bc9ad448e1f56d47194079fe8c434c094cbb1e432ba1,0.008811432868242264,heavy,116,cc373e90d8d51db1404468603dba0decee0b79ab2222fb1f80bec9692fc11491,1499,True,1,200000,test,249,False
trained,c83c34a7d20bb2b39325bc9ad448e1f56d47194079fe8c434c094cbb1e432ba1,0.020776744931936264,heavy,117,d34fe38489bd00f0ced77df94d9e68bbe0cadf11bec48d9b358c524ba65fcd84,1499,True,1,200000,test,249,False
trained,c83c34a7d20bb2b39325bc9ad448e1f56d47194079fe8c434c094cbb1e432ba1,0.025049878284335136,heavy,118,f6f43da56ab0104d200263d0ccc26b54343e5cf5f1a2b85b0427aef003a18d05,1499,True,0,200000,test,249,False
trained,c83c34a7d20bb2b39325bc9ad448e1f56d47194079fe8c434c094cbb1e432ba1,0.01364230178296566,heavy,119,f2193a15f75006902326daa41c8560b6af0e0b2fa3dfeee72a1657739c93ec6e,1499,True,1,200000,test,249,False
trained,c83c34a7d20bb2b39325bc9ad448e1f56d47194079fe8c434c094cbb1e432ba1,0.03905946761369705,heavy,120,eef563ad380403bb42a4e585dd28a7e2dcbbef7c4eef544bb1e7304228261ada,1499,True,0,200000,test,249,False
trained,c83c34a7d20bb2b39325bc9ad448e1f56d47194079fe8c434c094cbb1e432ba1,0.0378684364259243,heavy,121,341f5ba19f28425012123e699062b53d2bfa82b6be077dd7db1b079258e98c38,1499,True,0,200000,test,249,False
trained,c83c34a7d20bb2b39325bc9ad448e1f56d47194079fe8c434c094cbb1e432ba1,0.03110194392502308,heavy,122,26254a8b2716e730aa5d48720b7da4b4a9068e7d8e312a2844a1b06f8dbecad4,1499,True,6,200000,test,249,False
trained,c83c34a7d20bb2b39325bc9ad448e1f56d47194079fe8c434c094cbb1e432ba1,0.020344873890280724,heavy,123,399497fbcf615c9086dedb218e07c7de99bc3288b58a994d6d8d64f8218d9d3d,1499,True,1,200000,test,249,False
trained,c83c34a7d20bb2b39325bc9ad448e1f56d47194079fe8c434c094cbb1e432ba1,0.014991684816777706,heavy,124,a0137aa53fd1e96aa116c240205ca47e667e4c1166f40212990765083555952d,1499,True,1,200000,test,249,False
trained,c83c34a7d20bb2b39325bc9ad448e1f56d47194079fe8c434c094cbb1e432ba1,0.031722817569971085,heavy,125,1af06c111b26388f255d6b592b301eb32564d5b1d5095e196d11dcfd6af96e2c,1499,True,0,200000,test,249,False
trained,c83c34a7d20bb2b39325bc9ad448e1f56d47194079fe8c434c094cbb1e432ba1,0.03495249152183533,heavy,126,b2d26dafcbf01b1eb4092bcbbe4d5750bc1c079b5e3b989a0b780692268f9ee6,1499,True,3,200000,test,249,False
trained,c83c34a7d20bb2b39325bc9ad448e1f56d47194079fe8c434c094cbb1e432ba1,0.026294130831956863,heavy,127,4d854e42c5801aa99b2a2ff4494e94f46107ae40d1c4a03ee0d3547f152b6c35,1499,True,1,200000,test,249,False
trained,c83c34a7d20bb2b39325bc9ad448e1f56d47194079fe8c434c094cbb1e432ba1,0.06028727442026138,nominal,0,b95fa809dd99f195a8b21065a1b0c004ab3e35a0dd671741ba681333796c2bde,1499,True,0,200000,test,249,False
trained,c83c34a7d20bb2b39325bc9ad448e1f56d47194079fe8c434c094cbb1e432ba1,0.09341800957918167,nominal,1,247bba64c17b3e63715e27cce5086706b2532f6ebdf49f77b7e7472271f5babf,1499,True,0,200000,test,249,False
trained,c83c34a7d20bb2b39325bc9ad448e1f56d47194079fe8c434c094cbb1e432ba1,0.03030291758477688,nominal,2,b770e4a4a5d10a2a2aac5b356c200f0ecf82b37714c2ae66a3076dddc6cb178d,1499,True,0,200000,test,249,False
trained,c83c34a7d20bb2b39325bc9ad448e1f56d47194079fe8c434c094cbb1e432ba1,0.025063639506697655,nominal,3,77ac3234e716a8f41aef905b2db2d3ba55bdc177b414bf9d8c5e013b7eb239d5,1499,True,1,200000,test,249,False
trained,c83c34a7d20bb2b39325bc9ad448e1f56d47194079fe8c434c094cbb1e432ba1,0.012501378543674946,nominal,4,6feceecdc48cfc7eef39f4dae9ac9a6aa0ce092e38b0ab18242654071173d9cd,1499,True,0,200000,test,249,False
trained,c83c34a7d20bb2b39325bc9ad448e1f56d47194079fe8c434c094cbb1e432ba1,0.01939583197236061,nominal,5,ffb6104d0344815d997b8133f1b08b5dcfa9d0c217a1cf7b9aa5876876e3857b,1499,True,0,200000,test,249,False
trained,c83c34a7d20bb2b39325bc9ad448e1f56d47194079fe8c434c094cbb1e432ba1,0.0089457668364048,nominal,6,9fae564b918f8e1d470d6f81179b13f69bf1ce5130cdcfa569a086e4ffdeb7a7,1499,True,1,200000,test,249,False
trained,c83c34a7d20bb2b39325bc9ad448e1f56d47194079fe8c434c094cbb1e432ba1,0.027788782492280006,nominal,7,816f8c87f55863c18ce29aebabca3f6febac7eeed5cc46440b7c52a7ff0af397,1499,True,0,200000,test,249,False
trained,c83c34a7d20bb2b39325bc9ad448e1f56d47194079fe8c434c094cbb1e432ba1,0.011743717826902866,nominal,8,3fad0a7ff51fd2ea2fabdda776fe7885fb315c2f2aebe05f72d71f4c464c93f5,1499,True,6,200000,test,249,False
trained,c83c34a7d20bb2b39325bc9ad448e1f56d47194079fe8c434c094cbb1e432ba1,0.0466528944671154,nominal,9,1df4303a4a631754d740e6da207851c6c09cdbc0b38d084f4d1a17d44617ffb9,1499,True,0,200000,test,249,False
trained,c83c34a7d20bb2b39325bc9ad448e1f56d47194079fe8c434c094cbb1e432ba1,0.04932887852191925,nominal,10,4a15c14d141f7841fe9ac2a018183a8a045a28f7e542bcf39f41312ed33bf33b,1499,True,0,200000,test,249,False
trained,c83c34a7d20bb2b39325bc9ad448e1f56d47194079fe8c434c094cbb1e432ba1,0.021484926342964172,nominal,11,88d0c3bffcc0d41af083f261516856b7b52217b51f87c89964c10fbd3e22edc6,1499,True,0,200000,test,249,False
trained,c83c34a7d20bb2b39325bc9ad448e1f56d47194079fe8c434c094cbb1e432ba1,0.02458845265209675,nominal,12,0fd372a7af4ee90674bec7b56dcd244d906980a942406a9dbd88d2344d1a733b,1499,True,0,200000,test,249,False
trained,c83c34a7d20bb2b39325bc9ad448e1f56d47194079fe8c434c094cbb1e432ba1,0.031407926231622696,nominal,13,01d319bd18f9cfb697c975b064470678c29ac83cfaf52e43586d719be007317c,1499,True,0,200000,test,249,False
trained,c83c34a7d20bb2b39325bc9ad448e1f56d47194079fe8c434c094cbb1e432ba1,0.04232650250196457,nominal,14,c91a8b96bd1c92af8da6a04ede439ba1c4f76b8498c39c9afe27c6e65ab2d793,1499,True,78,200000,test,249,True
trained,c83c34a7d20bb2b39325bc9ad448e1f56d47194079fe8c434c094cbb1e432ba1,0.017761962488293648,nominal,15,5c1ccc7b681c7ece6a7d3957ac1f77a0daf10a3d7f2da5d9a368532e12387183,1499,True,1,200000,test,249,False
trained,c83c34a7d20bb2b39325bc9ad448e1f56d47194079fe8c434c094cbb1e432ba1,0.03315165266394615,nominal,16,1e6bda6643755f11c47254f4eeb791dc38e7ea997744ba3099f2a138772966f3,1499,True,0,200000,test,249,False
trained,c83c34a7d20bb2b39325bc9ad448e1f56d47194079fe8c434c094cbb1e432ba1,0.03391750901937485,nominal,17,96376e8b12b04ff4968102378630283cba527c9fd21109264304a7cce084e98b,1499,True,0,200000,test,249,False
trained,c83c34a7d20bb2b39325bc9ad448e1f56d47194079fe8c434c094cbb1e432ba1,0.019851019605994225,nominal,18,58898b4858a294cf7c7ff0ce39483d2860612e1e5825d3570266b1a454a468a7,1499,True,3,200000,test,249,False
trained,c83c34a7d20bb2b39325bc9ad448e1f56d47194079fe8c434c094cbb1e432ba1,0.03283314034342766,nominal,19,8e5a2346379c74e6b96bfb38a35836079b2ffa3201069b63f9fd1cd4d06201fd,1499,True,0,200000,test,249,False
trained,c83c34a7d20bb2b39325bc9ad448e1f56d47194079fe8c434c094cbb1e432ba1,0.046831049025058746,nominal,20,f51d219238abc5313a32a7e8d7cc8cbd48a0d2f1d337df56d72e225700a1c622,1499,True,0,200000,test,249,False
trained,c83c34a7d20bb2b39325bc9ad448e1f56d47194079fe8c434c094cbb1e432ba1,0.022266963496804237,nominal,21,84a93ef0bd51a5c0f85c0a51e1c13c33ee9fb8127151c43dd1d13e078046c26e,1499,True,25,200000,test,249,True
trained,c83c34a7d20bb2b39325bc9ad448e1f56d47194079fe8c434c094cbb1e432ba1,0.041494715958833694,nominal,22,cd27f23de66e978f6ab1e23dbe5db08f96875bebedec45e81cffef531c1ac860,1499,True,1,200000,test,249,False
trained,c83c34a7d20bb2b39325bc9ad448e1f56d47194079fe8c434c094cbb1e432ba1,0.014901727437973022,nominal,23,6c38145813edcfa527fd6b558359abc9f129c9356158827e0fcecf91ea55ed00,1499,True,0,200000,test,249,False
trained,c83c34a7d20bb2b39325bc9ad448e1f56d47194079fe8c434c094cbb1e432ba1,0.025961214676499367,nominal,24,4fb3692880b037edcaff3f940da73550acd8eee50b1bf64b13f776eb38cf7c73,1499,True,0,200000,test,249,False
trained,c83c34a7d20bb2b39325bc9ad448e1f56d47194079fe8c434c094cbb1e432ba1,0.010748120956122875,nominal,25,128b7d3d27b179fcd43835c497626e90cee16c13819a4c658fa096d4933cf32a,1499,True,0,200000,test,249,False
trained,c83c34a7d20bb2b39325bc9ad448e1f56d47194079fe8c434c094cbb1e432ba1,0.014509218744933605,nominal,26,e3f01f6e991a26abf43d9826b9c14ec61f36879dc061f03e6ee5c7e3355f74c6,1499,True,0,200000,test,249,False
trained,c83c34a7d20bb2b39325bc9ad448e1f56d47194079fe8c434c094cbb1e432ba1,0.010014570318162441,nominal,27,eb13446d5e313ea28470cc3f170c7b729965d80c81ad52c5e2990258ae11b2f6,1499,True,2,200000,test,249,False
trained,c83c34a7d20bb2b39325bc9ad448e1f56d47194079fe8c434c094cbb1e432ba1,0.006166885606944561,nominal,28,fdf3e4bf26bc7399603afebefaf783f8a7285567bb65fe3d63f92be709a460a3,1499,True,0,200000,test,249,False
trained,c83c34a7d20bb2b39325bc9ad448e1f56d47194079fe8c434c094cbb1e432ba1,0.01986178755760193,nominal,29,8610377a78ff9282dc9592f98986f875987d41926ee56330b5a702ae963598bb,1499,True,27,200000,test,249,True
trained,c83c34a7d20bb2b39325bc9ad448e1f56d47194079fe8c434c094cbb1e432ba1,0.016827857121825218,nominal,30,f287754e29ab94bdc05fab57e6223b4a569216338ef1034500b3f93c742d1b99,1499,True,0,200000,test,249,False
trained,c83c34a7d20bb2b39325bc9ad448e1f56d47194079fe8c434c094cbb1e432ba1,0.0928461030125618,nominal,31,d4c55dd35d1e2fb554249763356d0587c1de5d9c0837194cd21dcefb8427c043,1499,True,0,200000,test,249,False
trained,c83c34a7d20bb2b39325bc9ad448e1f56d47194079fe8c434c094cbb1e432ba1,0.04614008963108063,nominal,32,fa422693337594f8176c84eea1f775d721f3b05b8ab2fbf0a40a9a172dec3d86,1499,True,0,200000,test,249,False
trained,c83c34a7d20bb2b39325bc9ad448e1f56d47194079fe8c434c094cbb1e432ba1,0.03663523867726326,nominal,33,c711174136b3f4b594af75e49fde7e73e674bc11b502e2c14a8b0c22a8677ee2,1499,True,0,200000,test,249,False
trained,c83c34a7d20bb2b39325bc9ad448e1f56d47194079fe8c434c094cbb1e432ba1,0.03841518238186836,nominal,34,69bdd6b4df7d5879807b5eeca552697347f3322d0f72ddc9f342a6f6c94b010b,1499,True,0,200000,test,249,False
trained,c83c34a7d20bb2b39325bc9ad448e1f56d47194079fe8c434c094cbb1e432ba1,0.008560729213058949,nominal,35,524e8f4eb41046b3109958550c65bb30d4f98522c712b115c6d7438414e8e1fc,1499,True,3,200000,test,249,False
trained,c83c34a7d20bb2b39325bc9ad448e1f56d47194079fe8c434c094cbb1e432ba1,0.035001207143068314,nominal,36,29cd69335c1fe21b39bb02d39b5a79a27122bd4eb818c8108f501b4caefbd5f1,1499,True,0,200000,test,249,False
trained,c83c34a7d20bb2b39325bc9ad448e1f56d47194079fe8c434c094cbb1e432ba1,0.0542869046330452,nominal,37,e9423f3b0a8066ff86952027c9c5ea6ff950bf6743ac77f077fef0452be910a5,1499,True,0,200000,test,249,False
trained,c83c34a7d20bb2b39325bc9ad448e1f56d47194079fe8c434c094cbb1e432ba1,0.027355292811989784,nominal,38,5fe680cf3b523d6fd981d22150a45cef104d02ce5377f76d21f0831eb1afc6f5,1499,True,10,200000,test,249,False
trained,c83c34a7d20bb2b39325bc9ad448e1f56d47194079fe8c434c094cbb1e432ba1,0.02330031618475914,nominal,39,0d5474f87a4963d2b5f07d6838078a953122e111f50832311b33ef933ba546be,1499,True,47,200000,test,249,True
trained,c83c34a7d20bb2b39325bc9ad448e1f56d47194079fe8c434c094cbb1e432ba1,0.008973862044513226,nominal,40,5e5832d62473c4d8bafb32c583b19b437d4d40078d424246b3287b9f769c8249,1499,True,1,200000,test,249,False
trained,c83c34a7d20bb2b39325bc9ad448e1f56d47194079fe8c434c094cbb1e432ba1,0.023784808814525604,nominal,41,8723d02eaa3abf34feebba632be9fd4b9ad6df25839b0e2d15b91d78bb358797,1499,True,4,200000,test,249,False
trained,c83c34a7d20bb2b39325bc9ad448e1f56d47194079fe8c434c094cbb1e432ba1,0.023259690031409264,nominal,42,19bebb04b6b19cd96eda8a3934849506c51a241627ce191e05fbe4c904c9261b,1499,True,0,200000,test,249,False
trained,c83c34a7d20bb2b39325bc9ad448e1f56d47194079fe8c434c094cbb1e432ba1,0.04957254230976105,nominal,43,10737fcb94350a0b358e9c57750cd448b8a086f335d95373672cefb4f434f76a,1499,True,0,200000,test,249,False
trained,c83c34a7d20bb2b39325bc9ad448e1f56d47194079fe8c434c094cbb1e432ba1,0.013149735517799854,nominal,44,f519756c8f7529a2b4abff9a40ee73e5075cc1d2c16109e3f372d0ff4bd56833,1499,True,1,200000,test,249,False
trained,c83c34a7d20bb2b39325bc9ad448e1f56d47194079fe8c434c094cbb1e432ba1,0.027659840881824493,nominal,45,9ab4f7c205b7001cfe0fde36c2a76df8f94b2f985215a0ee30187d06db655054,1499,True,0,200000,test,249,False
trained,c83c34a7d20bb2b39325bc9ad448e1f56d47194079fe8c434c094cbb1e432ba1,0.027991797775030136,nominal,46,c3ee0e8b6ce27f8940c223e49eecb96136fc4e3df991d8e58c16586565c28507,1499,True,1,200000,test,249,False
trained,c83c34a7d20bb2b39325bc9ad448e1f56d47194079fe8c434c094cbb1e432ba1,0.02285345271229744,nominal,47,f11eec591f0355285f623712e60cce615d1ba1cb0d0a77b1d9d0db81e324435d,1499,True,11,200000,test,249,False
trained,c83c34a7d20bb2b39325bc9ad448e1f56d47194079fe8c434c094cbb1e432ba1,0.006226536817848682,nominal,48,2107bfc32fe11c4361aaf44234eb84314a070e06859f3ba3f175c6f287e21ad5,1499,True,0,200000,test,249,False
trained,c83c34a7d20bb2b39325bc9ad448e1f56d47194079fe8c434c094cbb1e432ba1,0.005589960142970085,nominal,49,59b30799d156376b9f088ef823f4cd5512029f117aa740b598f9ae5828bd6319,1499,True,1,200000,test,249,False
trained,c83c34a7d20bb2b39325bc9ad448e1f56d47194079fe8c434c094cbb1e432ba1,0.033075593411922455,nominal,50,6260b4333b00c79742cd31603a955465ea3e554d00a7ce6ff8cbe596272c91d3,1499,True,0,200000,test,249,False
trained,c83c34a7d20bb2b39325bc9ad448e1f56d47194079fe8c434c094cbb1e432ba1,0.022509155794978142,nominal,51,3081b34d640d456289905a0d00d6386445a87df6aea70072558028b1728a1942,1499,True,10,200000,test,249,False
trained,c83c34a7d20bb2b39325bc9ad448e1f56d47194079fe8c434c094cbb1e432ba1,0.051379330456256866,nominal,52,e11137d2fb2abf1955eb052c3ae1a892b25e59fcc39259bd4408dcdb1c3b433d,1499,True,0,200000,test,249,False
trained,c83c34a7d20bb2b39325bc9ad448e1f56d47194079fe8c434c094cbb1e432ba1,0.050856444984674454,nominal,53,27f9ae99894a8a2a0abadab2aa9026f5ebcd8af3beb33544c91616678a9802d7,1499,True,0,200000,test,249,False
trained,c83c34a7d20bb2b39325bc9ad448e1f56d47194079fe8c434c094cbb1e432ba1,0.03666269779205322,nominal,54,589cf2da4ef2a1cf4bcb333e370ff02b98079c2a618debb561be273db082094f,1499,True,0,200000,test,249,False
trained,c83c34a7d20bb2b39325bc9ad448e1f56d47194079fe8c434c094cbb1e432ba1,0.01712588034570217,nominal,55,2d2b755ee0a5826c56abdd2121cacc90144a237afdad02239b1ae03fe970a1a3,1499,True,0,200000,test,249,False
trained,c83c34a7d20bb2b39325bc9ad448e1f56d47194079fe8c434c094cbb1e432ba1,0.02943645603954792,nominal,56,3fd60a804c353e99497cdaf42748465d2e8f1ce47932d1cdfb1b375c4fb3842d,1499,True,0,200000,test,249,False
trained,c83c34a7d20bb2b39325bc9ad448e1f56d47194079fe8c434c094cbb1e432ba1,0.014403525739908218,nominal,57,743b03adb5018ad4c6650fa83df9ba0a83e9c2f03955f66c9aad1cefcf509ef4,1499,True,0,200000,test,249,False
trained,c83c34a7d20bb2b39325bc9ad448e1f56d47194079fe8c434c094cbb1e432ba1,0.013195655308663845,nominal,58,12eaff6ae2700a63bb84bba72ceaa2e988cd27c04f40fb1baf0e3a2568e5e057,1499,True,0,200000,test,249,False
trained,c83c34a7d20bb2b39325bc9ad448e1f56d47194079fe8c434c094cbb1e432ba1,0.03447823226451874,nominal,59,034c0a1609fe3d2fe5cbb61867b7cd354a7bad8b9b4ba50e2f1d2b55daf9e557,1499,True,6,200000,test,249,False
trained,c83c34a7d20bb2b39325bc9ad448e1f56d47194079fe8c434c094cbb1e432ba1,0.008584984578192234,nominal,60,0868575af3e26b5999ab786cebce5a2d25962004fb7c49848c5c257f13a0dd0a,1499,True,1,200000,test,249,False
trained,c83c34a7d20bb2b39325bc9ad448e1f56d47194079fe8c434c094cbb1e432ba1,0.05729736387729645,nominal,61,1d4ae994688fe4b0285b3cf5d329b032ab7add61f575a3c0a9f1f59d58599046,1499,True,0,200000,test,249,False
trained,c83c34a7d20bb2b39325bc9ad448e1f56d47194079fe8c434c094cbb1e432ba1,0.03539242967963219,nominal,62,d0cf985b2baa2671a71c8263ac17a5a2553deb3b20b5e8ef015943014f66874b,1499,True,70,200000,test,249,True
trained,c83c34a7d20bb2b39325bc9ad448e1f56d47194079fe8c434c094cbb1e432ba1,0.019819946959614754,nominal,63,6e512a357a7911f18c47f9549c6af6a6b6ff25ae506b07ff6bb5f0992d80ba85,1499,True,6,200000,test,249,False
trained,c83c34a7d20bb2b39325bc9ad448e1f56d47194079fe8c434c094cbb1e432ba1,0.05832676216959953,nominal,64,f0e3bde1ce39b8d5f0b9f96b0e500ceef0f9f5dedac73b2fa630c8a28d774fba,1499,True,0,200000,test,249,False
trained,c83c34a7d20bb2b39325bc9ad448e1f56d47194079fe8c434c094cbb1e432ba1,0.03918381407856941,nominal,65,c55c7ef0bbb23da553bbe88cfd4e92c66c5cdc7679af952559d1bbb93accac93,1499,True,0,200000,test,249,False
trained,c83c34a7d20bb2b39325bc9ad448e1f56d47194079fe8c434c094cbb1e432ba1,0.04213292524218559,nominal,66,c8f91fea361e0f2231f11468f49776eb1ce93a2eb34e613853170e1c57dd5333,1499,True,0,200000,test,249,False
trained,c83c34a7d20bb2b39325bc9ad448e1f56d47194079fe8c434c094cbb1e432ba1,0.028557730838656425,nominal,67,69bdfb327765b7935b9fb35fb9c298c892502dc33f528512c3e417bfd8667cd0,1499,True,0,200000,test,249,False
trained,c83c34a7d20bb2b39325bc9ad448e1f56d47194079fe8c434c094cbb1e432ba1,0.018801754340529442,nominal,68,9fe3ab03be0239f9e5db8c906aed925d6f6e5199f7075c0dcbf4099ccbd04173,1499,True,5,200000,test,249,False
trained,c83c34a7d20bb2b39325bc9ad448e1f56d47194079fe8c434c094cbb1e432ba1,0.022049129009246826,nominal,69,56d3102ba4fd0cd6b32cab81a908a1bd257370f42247e3dd98ecce07920e4901,1499,True,56,200000,test,249,True
trained,c83c34a7d20bb2b39325bc9ad448e1f56d47194079fe8c434c094cbb1e432ba1,0.03082137554883957,nominal,70,0af7f9e62b30e8e398387ada4a4a291da586ffeed8e75beea4557d6b7a0108af,1499,True,0,200000,test,249,False
trained,c83c34a7d20bb2b39325bc9ad448e1f56d47194079fe8c434c094cbb1e432ba1,0.026112599298357964,nominal,71,3a6a5b829bac417170c98fed1bfaa1fcc162f58c7a9fc1a035f7f6c3b479fd2f,1499,True,0,200000,test,249,False
trained,c83c34a7d20bb2b39325bc9ad448e1f56d47194079fe8c434c094cbb1e432ba1,0.05589989945292473,nominal,72,0de40ebcd895e1bd6920874cb94fd3216a1c8272c0e86b8f6dad079d35a01c36,1499,True,0,200000,test,249,False
trained,c83c34a7d20bb2b39325bc9ad448e1f56d47194079fe8c434c094cbb1e432ba1,0.10133104771375656,nominal,73,25988df0c0c58bcbfe1fcabad9b10115e22930ebfa3ffed0b3f4356dc70e7d92,1499,True,0,200000,test,249,False
trained,c83c34a7d20bb2b39325bc9ad448e1f56d47194079fe8c434c094cbb1e432ba1,0.04959177225828171,nominal,74,ea8fd7d64c026ee280f275cad3db0fa8e16b490c77cfe77d3f54dbbd4c4b6d18,1499,True,0,200000,test,249,False
trained,c83c34a7d20bb2b39325bc9ad448e1f56d47194079fe8c434c094cbb1e432ba1,0.008715217933058739,nominal,75,de75c8d313f4386152e3ae756d1967a2a106dc0d2938d6c1d4f27a1b6dbfd1b3,1499,True,0,200000,test,249,False
trained,c83c34a7d20bb2b39325bc9ad448e1f56d47194079fe8c434c094cbb1e432ba1,0.07876623421907425,nominal,76,12d8e730b73a94b46db15b6ba3b60046bf6225dd5503187cb7fc094a43211fcf,1499,True,0,200000,test,249,False
trained,c83c34a7d20bb2b39325bc9ad448e1f56d47194079fe8c434c094cbb1e432ba1,0.02014497108757496,nominal,77,eb0f20b9e88041fe1bc141c534cc3012e9a9c3f69c24e6e7470a1bdc4d7a4ddf,1499,True,1,200000,test,249,False
trained,c83c34a7d20bb2b39325bc9ad448e1f56d47194079fe8c434c094cbb1e432ba1,0.05861974135041237,nominal,78,ba6f3b248d51820ab6fdd15069721c12a0ce071dc4145b82ee0a7b2fe39c3e0e,1499,True,0,200000,test,249,False
trained,c83c34a7d20bb2b39325bc9ad448e1f56d47194079fe8c434c094cbb1e432ba1,0.05541475862264633,nominal,79,9b6101208ae0bcb76d0cb5e6b0a93ec282dde61461856af4e1c960cc71ff8a15,1499,True,0,200000,test,249,False
trained,c83c34a7d20bb2b39325bc9ad448e1f56d47194079fe8c434c094cbb1e432ba1,0.02502475120127201,nominal,80,39395baadc77790a2bbcfe93908e30203293c7828641a59b99e8a43293425556,1499,True,0,200000,test,249,False
trained,c83c34a7d20bb2b39325bc9ad448e1f56d47194079fe8c434c094cbb1e432ba1,0.022450026124715805,nominal,81,a33063ed2300a844e6ca2fbe9d3056355e52d79a32bad0986c66b5665e1117e3,1499,True,0,200000,test,249,False
trained,c83c34a7d20bb2b39325bc9ad448e1f56d47194079fe8c434c094cbb1e432ba1,0.013450363650918007,nominal,82,55710e266eb759d0d00bab746b2d4bfdd4670148a49031a8c7349df3fa8ca4c1,1499,True,66,200000,test,249,True
trained,c83c34a7d20bb2b39325bc9ad448e1f56d47194079fe8c434c094cbb1e432ba1,0.05224701017141342,nominal,83,7df4e6cc032385c4c199416848dac333fd0c3b311283099ede618f5ad7393d6b,1499,True,0,200000,test,249,False
trained,c83c34a7d20bb2b39325bc9ad448e1f56d47194079fe8c434c094cbb1e432ba1,0.013927108608186245,nominal,84,d31475abd8013d4c37112a833b4076d882ccfb079ae7945426089f4cede2dc99,1499,True,0,200000,test,249,False
trained,c83c34a7d20bb2b39325bc9ad448e1f56d47194079fe8c434c094cbb1e432ba1,0.02576839178800583,nominal,85,f06c856c4c1ef56e4f3e672ab92b81c91988272b735b6590cb7d4fde85224a0b,1499,True,25,200000,test,249,True
trained,c83c34a7d20bb2b39325bc9ad448e1f56d47194079fe8c434c094cbb1e432ba1,0.0191494133323431,nominal,86,a97162259337f6017f41f7ffe2ad9247db9f96808b1ae27f4f4421d894b9e87f,1499,True,1,200000,test,249,False
trained,c83c34a7d20bb2b39325bc9ad448e1f56d47194079fe8c434c094cbb1e432ba1,0.013654849492013454,nominal,87,361fd54746ce2574392c2d84ea8e35b9de2c0d4d5088d69bc62c3a1ab6e76242,1499,True,0,200000,test,249,False
trained,c83c34a7d20bb2b39325bc9ad448e1f56d47194079fe8c434c094cbb1e432ba1,0.02131391316652298,nominal,88,89a34226042b2240015a1baa665606c98327a35c3a24871af82339d85224c8f1,1499,True,5,200000,test,249,False
trained,c83c34a7d20bb2b39325bc9ad448e1f56d47194079fe8c434c094cbb1e432ba1,0.013681679032742977,nominal,89,33059fb932a59706419ca00366bcff1c9e01eb0fa607dfc3aa7b9ecb789267ba,1499,True,33,200000,test,249,True
trained,c83c34a7d20bb2b39325bc9ad448e1f56d47194079fe8c434c094cbb1e432ba1,0.024652577936649323,nominal,90,216693fd1d3dfdaa7eab1a9298920870f16c48dbaba6aa99577ef455fc6dcb77,1499,True,0,200000,test,249,False
trained,c83c34a7d20bb2b39325bc9ad448e1f56d47194079fe8c434c094cbb1e432ba1,0.037383072078228,nominal,91,561444055a91bdd1d73028866539ab5843235f0c380c43d7e2b3e849535963be,1499,True,0,200000,test,249,False
trained,c83c34a7d20bb2b39325bc9ad448e1f56d47194079fe8c434c094cbb1e432ba1,0.1030375063419342,nominal,92,ccf82bf0552ddf77723c34cb4a515cc8f0794e94edba92e3736743c0bd6d94e9,1499,True,0,200000,test,249,False
trained,c83c34a7d20bb2b39325bc9ad448e1f56d47194079fe8c434c094cbb1e432ba1,0.04526927322149277,nominal,93,1db8aebabce41b1990763f3b990ca645710679f83de24ebae1357744998b013b,1499,True,3,200000,test,249,False
trained,c83c34a7d20bb2b39325bc9ad448e1f56d47194079fe8c434c094cbb1e432ba1,0.010585193522274494,nominal,94,3e2512fba443292eadd8ebd391bfaa79a3a51976deb77e5e373badfeb809ce67,1499,True,1,200000,test,249,False
trained,c83c34a7d20bb2b39325bc9ad448e1f56d47194079fe8c434c094cbb1e432ba1,0.02452639862895012,nominal,95,f4b872aef30db47029eba4a4d01094323a4eef5257d4c5bb0f3a6d090ac6325f,1499,True,0,200000,test,249,False
trained,c83c34a7d20bb2b39325bc9ad448e1f56d47194079fe8c434c094cbb1e432ba1,0.015927519649267197,nominal,96,dd61787338938b802af68566d23eea329fec2048f20101d606e3c6baaab354e4,1499,True,0,200000,test,249,False
trained,c83c34a7d20bb2b39325bc9ad448e1f56d47194079fe8c434c094cbb1e432ba1,0.08099426329135895,nominal,97,bf6b2ec79924fafd60e4fdf305deebdaa8b0db05356b4b51f03acec12ea09bc3,1499,True,0,200000,test,249,False
trained,c83c34a7d20bb2b39325bc9ad448e1f56d47194079fe8c434c094cbb1e432ba1,0.03385668992996216,nominal,98,efd1fc4714d0e5c7eca0f24817e1f0e302b9c741963c849932d30aa4a2176434,1499,True,7,200000,test,249,False
trained,c83c34a7d20bb2b39325bc9ad448e1f56d47194079fe8c434c094cbb1e432ba1,0.031559478491544724,nominal,99,2f8a14737b5cb1591311be5ab2b938c2f7b43a05e83fc7876774948e244b0e1a,1499,True,1,200000,test,249,False
trained,c83c34a7d20bb2b39325bc9ad448e1f56d47194079fe8c434c094cbb1e432ba1,0.014604467898607254,nominal,100,c3c26ae042dabd10dd5b1ffae93e6a4c6731eccc47926a8e2e514e00ede50ab9,1499,True,5,200000,test,249,False
trained,c83c34a7d20bb2b39325bc9ad448e1f56d47194079fe8c434c094cbb1e432ba1,0.02965421788394451,nominal,101,1f9f1c06ddd1004ef0de06e5a3c4b1e4207db028be9e03f809a15b15a9c0ed84,1499,True,0,200000,test,249,False
trained,c83c34a7d20bb2b39325bc9ad448e1f56d47194079fe8c434c094cbb1e432ba1,0.022812698036432266,nominal,102,c85af3a2c96bfd13f42d313005929365439790d5defc38f398dcb772e7b8789c,1499,True,3,200000,test,249,False
trained,c83c34a7d20bb2b39325bc9ad448e1f56d47194079fe8c434c094cbb1e432ba1,0.04650578275322914,nominal,103,f20b1bd089ed98f94809b46482fa94aebd29cfe707c4d03c4bde362236667e20,1499,True,0,200000,test,249,False
trained,c83c34a7d20bb2b39325bc9ad448e1f56d47194079fe8c434c094cbb1e432ba1,0.03175120800733566,nominal,104,35147c1f4110e2fab5b7e738151989f22b05b4d424ed28668eadde330f30d0d2,1499,True,0,200000,test,249,False
trained,c83c34a7d20bb2b39325bc9ad448e1f56d47194079fe8c434c094cbb1e432ba1,0.030703769996762276,nominal,105,1ae6b6835f0f1d8a25355a1a6d35ff0516db996068fe0cc5d954b1d26ada9c0e,1499,True,0,200000,test,249,False
trained,c83c34a7d20bb2b39325bc9ad448e1f56d47194079fe8c434c094cbb1e432ba1,0.030967682600021362,nominal,106,6e9ce697532c9e1b66404b9bdca3dfa7fb46afa0800cf2aec47f0ac36c22b099,1499,True,0,200000,test,249,False
trained,c83c34a7d20bb2b39325bc9ad448e1f56d47194079fe8c434c094cbb1e432ba1,0.022245455533266068,nominal,107,63625553f5fb3ca24e3d9130fda632b47e98a2d926dd6ea752495710ae95ae1d,1499,True,0,200000,test,249,False
trained,c83c34a7d20bb2b39325bc9ad448e1f56d47194079fe8c434c094cbb1e432ba1,0.041497036814689636,nominal,108,7916fe6697947613fe39ed88f73c031f24d55e79d9314c038f17b73734b56d30,1499,True,0,200000,test,249,False
trained,c83c34a7d20bb2b39325bc9ad448e1f56d47194079fe8c434c094cbb1e432ba1,0.01477776374667883,nominal,109,7916b4434df03586d8103b0bf85911ce7fe8a66f73c55435ee510d137fb05ddc,1499,True,1,200000,test,249,False
trained,c83c34a7d20bb2b39325bc9ad448e1f56d47194079fe8c434c094cbb1e432ba1,0.025939885526895523,nominal,110,4f0f03f60013e855f3127f49a4368108a63fe564c11c40f264e4dd7898d7f4a6,1499,True,0,200000,test,249,False
trained,c83c34a7d20bb2b39325bc9ad448e1f56d47194079fe8c434c094cbb1e432ba1,0.04137221351265907,nominal,111,51bf73926ab46ebfe1ad8caca6760656093bb22103844830cb6ec99687a23772,1499,True,29,200000,test,249,True
trained,c83c34a7d20bb2b39325bc9ad448e1f56d47194079fe8c434c094cbb1e432ba1,0.004528683144599199,nominal,112,c157d977c0f9fa39d95f1c2ec71ae32c00bddfd25585beea80b140c254bd329f,1499,True,0,200000,test,249,False
trained,c83c34a7d20bb2b39325bc9ad448e1f56d47194079fe8c434c094cbb1e432ba1,0.028141342103481293,nominal,113,c5a2200d1e3162ca08cf475af95a1cfc35afa6922782e502042966e6f4b75eb2,1499,True,0,200000,test,249,False
trained,c83c34a7d20bb2b39325bc9ad448e1f56d47194079fe8c434c094cbb1e432ba1,0.056501202285289764,nominal,114,3e39f1604ea7fdb93611a26caa589f0c289ad9d64dfee7695e049574ff89fbc2,1499,True,0,200000,test,249,False
trained,c83c34a7d20bb2b39325bc9ad448e1f56d47194079fe8c434c094cbb1e432ba1,0.011520961299538612,nominal,115,226f5afa574115421c2b353826d96a2bc4373c8d23cc62bb1661f58331cfa51f,1499,True,0,200000,test,249,False
trained,c83c34a7d20bb2b39325bc9ad448e1f56d47194079fe8c434c094cbb1e432ba1,0.006132098846137524,nominal,116,cc373e90d8d51db1404468603dba0decee0b79ab2222fb1f80bec9692fc11491,1499,True,0,200000,test,249,False
trained,c83c34a7d20bb2b39325bc9ad448e1f56d47194079fe8c434c094cbb1e432ba1,0.023066112771630287,nominal,117,d34fe38489bd00f0ced77df94d9e68bbe0cadf11bec48d9b358c524ba65fcd84,1499,True,0,200000,test,249,False
trained,c83c34a7d20bb2b39325bc9ad448e1f56d47194079fe8c434c094cbb1e432ba1,0.025250710546970367,nominal,118,f6f43da56ab0104d200263d0ccc26b54343e5cf5f1a2b85b0427aef003a18d05,1499,True,1,200000,test,249,False
trained,c83c34a7d20bb2b39325bc9ad448e1f56d47194079fe8c434c094cbb1e432ba1,0.014816559851169586,nominal,119,f2193a15f75006902326daa41c8560b6af0e0b2fa3dfeee72a1657739c93ec6e,1499,True,0,200000,test,249,False
trained,c83c34a7d20bb2b39325bc9ad448e1f56d47194079fe8c434c094cbb1e432ba1,0.040502019226551056,nominal,120,eef563ad380403bb42a4e585dd28a7e2dcbbef7c4eef544bb1e7304228261ada,1499,True,0,200000,test,249,False
trained,c83c34a7d20bb2b39325bc9ad448e1f56d47194079fe8c434c094cbb1e432ba1,0.04248523339629173,nominal,121,341f5ba19f28425012123e699062b53d2bfa82b6be077dd7db1b079258e98c38,1499,True,0,200000,test,249,False
trained,c83c34a7d20bb2b39325bc9ad448e1f56d47194079fe8c434c094cbb1e432ba1,0.030793296173214912,nominal,122,26254a8b2716e730aa5d48720b7da4b4a9068e7d8e312a2844a1b06f8dbecad4,1499,True,0,200000,test,249,False
trained,c83c34a7d20bb2b39325bc9ad448e1f56d47194079fe8c434c094cbb1e432ba1,0.02351856417953968,nominal,123,399497fbcf615c9086dedb218e07c7de99bc3288b58a994d6d8d64f8218d9d3d,1499,True,0,200000,test,249,False
trained,c83c34a7d20bb2b39325bc9ad448e1f56d47194079fe8c434c094cbb1e432ba1,0.012345247901976109,nominal,124,a0137aa53fd1e96aa116c240205ca47e667e4c1166f40212990765083555952d,1499,True,0,200000,test,249,False
trained,c83c34a7d20bb2b39325bc9ad448e1f56d47194079fe8c434c094cbb1e432ba1,0.03140268474817276,nominal,125,1af06c111b26388f255d6b592b301eb32564d5b1d5095e196d11dcfd6af96e2c,1499,True,0,200000,test,249,False
trained,c83c34a7d20bb2b39325bc9ad448e1f56d47194079fe8c434c094cbb1e432ba1,0.035594962537288666,nominal,126,b2d26dafcbf01b1eb4092bcbbe4d5750bc1c079b5e3b989a0b780692268f9ee6,1499,True,0,200000,test,249,False
trained,c83c34a7d20bb2b39325bc9ad448e1f56d47194079fe8c434c094cbb1e432ba1,0.022899465635418892,nominal,127,4d854e42c5801aa99b2a2ff4494e94f46107ae40d1c4a03ee0d3547f152b6c35,1499,True,0,200000,test,249,False
trained,c83c34a7d20bb2b39325bc9ad448e1f56d47194079fe8c434c094cbb1e432ba1,0.06424055248498917,slippery,0,b95fa809dd99f195a8b21065a1b0c004ab3e35a0dd671741ba681333796c2bde,1499,True,0,200000,test,249,False
trained,c83c34a7d20bb2b39325bc9ad448e1f56d47194079fe8c434c094cbb1e432ba1,0.08854644000530243,slippery,1,247bba64c17b3e63715e27cce5086706b2532f6ebdf49f77b7e7472271f5babf,1499,True,0,200000,test,249,False
trained,c83c34a7d20bb2b39325bc9ad448e1f56d47194079fe8c434c094cbb1e432ba1,0.0378730371594429,slippery,2,b770e4a4a5d10a2a2aac5b356c200f0ecf82b37714c2ae66a3076dddc6cb178d,1499,True,0,200000,test,249,False
trained,c83c34a7d20bb2b39325bc9ad448e1f56d47194079fe8c434c094cbb1e432ba1,0.018080441281199455,slippery,3,77ac3234e716a8f41aef905b2db2d3ba55bdc177b414bf9d8c5e013b7eb239d5,1499,True,0,200000,test,249,False
trained,c83c34a7d20bb2b39325bc9ad448e1f56d47194079fe8c434c094cbb1e432ba1,0.012296672910451889,slippery,4,6feceecdc48cfc7eef39f4dae9ac9a6aa0ce092e38b0ab18242654071173d9cd,1499,True,4,200000,test,249,False
trained,c83c34a7d20bb2b39325bc9ad448e1f56d47194079fe8c434c094cbb1e432ba1,0.016557369381189346,slippery,5,ffb6104d0344815d997b8133f1b08b5dcfa9d0c217a1cf7b9aa5876876e3857b,1499,True,0,200000,test,249,False
trained,c83c34a7d20bb2b39325bc9ad448e1f56d47194079fe8c434c094cbb1e432ba1,0.0028345328755676746,slippery,6,9fae564b918f8e1d470d6f81179b13f69bf1ce5130cdcfa569a086e4ffdeb7a7,1499,True,1,200000,test,249,False
trained,c83c34a7d20bb2b39325bc9ad448e1f56d47194079fe8c434c094cbb1e432ba1,0.030949709936976433,slippery,7,816f8c87f55863c18ce29aebabca3f6febac7eeed5cc46440b7c52a7ff0af397,1499,True,0,200000,test,249,False
trained,c83c34a7d20bb2b39325bc9ad448e1f56d47194079fe8c434c094cbb1e432ba1,0.024159379303455353,slippery,8,3fad0a7ff51fd2ea2fabdda776fe7885fb315c2f2aebe05f72d71f4c464c93f5,1499,True,7,200000,test,249,False
trained,c83c34a7d20bb2b39325bc9ad448e1f56d47194079fe8c434c094cbb1e432ba1,0.04113335907459259,slippery,9,1df4303a4a631754d740e6da207851c6c09cdbc0b38d084f4d1a17d44617ffb9,1499,True,0,200000,test,249,False
trained,c83c34a7d20bb2b39325bc9ad448e1f56d47194079fe8c434c094cbb1e432ba1,0.048851337283849716,slippery,10,4a15c14d141f7841fe9ac2a018183a8a045a28f7e542bcf39f41312ed33bf33b,1499,True,0,200000,test,249,False
trained,c83c34a7d20bb2b39325bc9ad448e1f56d47194079fe8c434c094cbb1e432ba1,0.022198064252734184,slippery,11,88d0c3bffcc0d41af083f261516856b7b52217b51f87c89964c10fbd3e22edc6,1499,True,0,200000,test,249,False
trained,c83c34a7d20bb2b39325bc9ad448e1f56d47194079fe8c434c094cbb1e432ba1,0.026628034189343452,slippery,12,0fd372a7af4ee90674bec7b56dcd244d906980a942406a9dbd88d2344d1a733b,1499,True,0,200000,test,249,False
trained,c83c34a7d20bb2b39325bc9ad448e1f56d47194079fe8c434c094cbb1e432ba1,0.028578342869877815,slippery,13,01d319bd18f9cfb697c975b064470678c29ac83cfaf52e43586d719be007317c,1499,True,0,200000,test,249,False
trained,c83c34a7d20bb2b39325bc9ad448e1f56d47194079fe8c434c094cbb1e432ba1,0.051026586443185806,slippery,14,c91a8b96bd1c92af8da6a04ede439ba1c4f76b8498c39c9afe27c6e65ab2d793,1499,True,0,200000,test,249,False
trained,c83c34a7d20bb2b39325bc9ad448e1f56d47194079fe8c434c094cbb1e432ba1,0.010536769405007362,slippery,15,5c1ccc7b681c7ece6a7d3957ac1f77a0daf10a3d7f2da5d9a368532e12387183,1499,True,0,200000,test,249,False
trained,c83c34a7d20bb2b39325bc9ad448e1f56d47194079fe8c434c094cbb1e432ba1,0.03350194916129112,slippery,16,1e6bda6643755f11c47254f4eeb791dc38e7ea997744ba3099f2a138772966f3,1499,True,0,200000,test,249,False
trained,c83c34a7d20bb2b39325bc9ad448e1f56d47194079fe8c434c094cbb1e432ba1,0.0266051534563303,slippery,17,96376e8b12b04ff4968102378630283cba527c9fd21109264304a7cce084e98b,1499,True,2,200000,test,249,False
trained,c83c34a7d20bb2b39325bc9ad448e1f56d47194079fe8c434c094cbb1e432ba1,0.005939836613833904,slippery,18,58898b4858a294cf7c7ff0ce39483d2860612e1e5825d3570266b1a454a468a7,1499,True,1,200000,test,249,False
trained,c83c34a7d20bb2b39325bc9ad448e1f56d47194079fe8c434c094cbb1e432ba1,0.039888154715299606,slippery,19,8e5a2346379c74e6b96bfb38a35836079b2ffa3201069b63f9fd1cd4d06201fd,1499,True,0,200000,test,249,False
trained,c83c34a7d20bb2b39325bc9ad448e1f56d47194079fe8c434c094cbb1e432ba1,0.04661273956298828,slippery,20,f51d219238abc5313a32a7e8d7cc8cbd48a0d2f1d337df56d72e225700a1c622,1499,True,0,200000,test,249,False
trained,c83c34a7d20bb2b39325bc9ad448e1f56d47194079fe8c434c094cbb1e432ba1,0.013803619891405106,slippery,21,84a93ef0bd51a5c0f85c0a51e1c13c33ee9fb8127151c43dd1d13e078046c26e,1499,True,23,200000,test,249,True
trained,c83c34a7d20bb2b39325bc9ad448e1f56d47194079fe8c434c094cbb1e432ba1,0.04175761342048645,slippery,22,cd27f23de66e978f6ab1e23dbe5db08f96875bebedec45e81cffef531c1ac860,1499,True,1,200000,test,249,False
trained,c83c34a7d20bb2b39325bc9ad448e1f56d47194079fe8c434c094cbb1e432ba1,0.007171882316470146,slippery,23,6c38145813edcfa527fd6b558359abc9f129c9356158827e0fcecf91ea55ed00,1499,True,0,200000,test,249,False
trained,c83c34a7d20bb2b39325bc9ad448e1f56d47194079fe8c434c094cbb1e432ba1,0.024408863857388496,slippery,24,4fb3692880b037edcaff3f940da73550acd8eee50b1bf64b13f776eb38cf7c73,1499,True,2,200000,test,249,False
trained,c83c34a7d20bb2b39325bc9ad448e1f56d47194079fe8c434c094cbb1e432ba1,0.01084926724433899,slippery,25,128b7d3d27b179fcd43835c497626e90cee16c13819a4c658fa096d4933cf32a,1499,True,0,200000,test,249,False
trained,c83c34a7d20bb2b39325bc9ad448e1f56d47194079fe8c434c094cbb1e432ba1,0.014931106008589268,slippery,26,e3f01f6e991a26abf43d9826b9c14ec61f36879dc061f03e6ee5c7e3355f74c6,1499,True,0,200000,test,249,False
trained,c83c34a7d20bb2b39325bc9ad448e1f56d47194079fe8c434c094cbb1e432ba1,0.013889257796108723,slippery,27,eb13446d5e313ea28470cc3f170c7b729965d80c81ad52c5e2990258ae11b2f6,1499,True,6,200000,test,249,False
trained,c83c34a7d20bb2b39325bc9ad448e1f56d47194079fe8c434c094cbb1e432ba1,0.0059989443980157375,slippery,28,fdf3e4bf26bc7399603afebefaf783f8a7285567bb65fe3d63f92be709a460a3,1499,True,0,200000,test,249,False
trained,c83c34a7d20bb2b39325bc9ad448e1f56d47194079fe8c434c094cbb1e432ba1,0.01462852768599987,slippery,29,8610377a78ff9282dc9592f98986f875987d41926ee56330b5a702ae963598bb,1499,True,15,200000,test,249,False
trained,c83c34a7d20bb2b39325bc9ad448e1f56d47194079fe8c434c094cbb1e432ba1,0.008371973410248756,slippery,30,f287754e29ab94bdc05fab57e6223b4a569216338ef1034500b3f93c742d1b99,1499,True,0,200000,test,249,False
trained,c83c34a7d20bb2b39325bc9ad448e1f56d47194079fe8c434c094cbb1e432ba1,0.09346804022789001,slippery,31,d4c55dd35d1e2fb554249763356d0587c1de5d9c0837194cd21dcefb8427c043,1499,True,0,200000,test,249,False
trained,c83c34a7d20bb2b39325bc9ad448e1f56d47194079fe8c434c094cbb1e432ba1,0.015252621844410896,slippery,32,fa422693337594f8176c84eea1f775d721f3b05b8ab2fbf0a40a9a172dec3d86,1499,True,0,200000,test,249,False
trained,c83c34a7d20bb2b39325bc9ad448e1f56d47194079fe8c434c094cbb1e432ba1,0.12053289264440536,slippery,33,c711174136b3f4b594af75e49fde7e73e674bc11b502e2c14a8b0c22a8677ee2,1499,True,0,200000,test,249,False
trained,c83c34a7d20bb2b39325bc9ad448e1f56d47194079fe8c434c094cbb1e432ba1,0.017031420022249222,slippery,34,69bdd6b4df7d5879807b5eeca552697347f3322d0f72ddc9f342a6f6c94b010b,1499,True,0,200000,test,249,False
trained,c83c34a7d20bb2b39325bc9ad448e1f56d47194079fe8c434c094cbb1e432ba1,0.006933880504220724,slippery,35,524e8f4eb41046b3109958550c65bb30d4f98522c712b115c6d7438414e8e1fc,1499,True,0,200000,test,249,False
trained,c83c34a7d20bb2b39325bc9ad448e1f56d47194079fe8c434c094cbb1e432ba1,0.030230343341827393,slippery,36,29cd69335c1fe21b39bb02d39b5a79a27122bd4eb818c8108f501b4caefbd5f1,1499,True,0,200000,test,249,False
trained,c83c34a7d20bb2b39325bc9ad448e1f56d47194079fe8c434c094cbb1e432ba1,0.044901043176651,slippery,37,e9423f3b0a8066ff86952027c9c5ea6ff950bf6743ac77f077fef0452be910a5,1499,True,0,200000,test,249,False
trained,c83c34a7d20bb2b39325bc9ad448e1f56d47194079fe8c434c094cbb1e432ba1,0.03470974788069725,slippery,38,5fe680cf3b523d6fd981d22150a45cef104d02ce5377f76d21f0831eb1afc6f5,1499,True,0,200000,test,249,False
trained,c83c34a7d20bb2b39325bc9ad448e1f56d47194079fe8c434c094cbb1e432ba1,0.019960543140769005,slippery,39,0d5474f87a4963d2b5f07d6838078a953122e111f50832311b33ef933ba546be,1499,True,27,200000,test,249,True
trained,c83c34a7d20bb2b39325bc9ad448e1f56d47194079fe8c434c094cbb1e432ba1,0.007693029008805752,slippery,40,5e5832d62473c4d8bafb32c583b19b437d4d40078d424246b3287b9f769c8249,1499,True,5,200000,test,249,False
trained,c83c34a7d20bb2b39325bc9ad448e1f56d47194079fe8c434c094cbb1e432ba1,0.008652536198496819,slippery,41,8723d02eaa3abf34feebba632be9fd4b9ad6df25839b0e2d15b91d78bb358797,1499,True,7,200000,test,249,False
trained,c83c34a7d20bb2b39325bc9ad448e1f56d47194079fe8c434c094cbb1e432ba1,0.01540789008140564,slippery,42,19bebb04b6b19cd96eda8a3934849506c51a241627ce191e05fbe4c904c9261b,1499,True,0,200000,test,249,False
trained,c83c34a7d20bb2b39325bc9ad448e1f56d47194079fe8c434c094cbb1e432ba1,0.04775774106383324,slippery,43,10737fcb94350a0b358e9c57750cd448b8a086f335d95373672cefb4f434f76a,1499,True,0,200000,test,249,False
trained,c83c34a7d20bb2b39325bc9ad448e1f56d47194079fe8c434c094cbb1e432ba1,0.010010704398155212,slippery,44,f519756c8f7529a2b4abff9a40ee73e5075cc1d2c16109e3f372d0ff4bd56833,1499,True,1,200000,test,249,False
trained,c83c34a7d20bb2b39325bc9ad448e1f56d47194079fe8c434c094cbb1e432ba1,0.02532672882080078,slippery,45,9ab4f7c205b7001cfe0fde36c2a76df8f94b2f985215a0ee30187d06db655054,1499,True,0,200000,test,249,False
trained,c83c34a7d20bb2b39325bc9ad448e1f56d47194079fe8c434c094cbb1e432ba1,0.027425747364759445,slippery,46,c3ee0e8b6ce27f8940c223e49eecb96136fc4e3df991d8e58c16586565c28507,1499,True,0,200000,test,249,False
trained,c83c34a7d20bb2b39325bc9ad448e1f56d47194079fe8c434c094cbb1e432ba1,0.02050423063337803,slippery,47,f11eec591f0355285f623712e60cce615d1ba1cb0d0a77b1d9d0db81e324435d,1499,True,0,200000,test,249,False
trained,c83c34a7d20bb2b39325bc9ad448e1f56d47194079fe8c434c094cbb1e432ba1,0.00531492754817009,slippery,48,2107bfc32fe11c4361aaf44234eb84314a070e06859f3ba3f175c6f287e21ad5,1499,True,0,200000,test,249,False
trained,c83c34a7d20bb2b39325bc9ad448e1f56d47194079fe8c434c094cbb1e432ba1,0.011184042319655418,slippery,49,59b30799d156376b9f088ef823f4cd5512029f117aa740b598f9ae5828bd6319,1499,True,0,200000,test,249,False
trained,c83c34a7d20bb2b39325bc9ad448e1f56d47194079fe8c434c094cbb1e432ba1,0.03675996512174606,slippery,50,6260b4333b00c79742cd31603a955465ea3e554d00a7ce6ff8cbe596272c91d3,1499,True,0,200000,test,249,False
trained,c83c34a7d20bb2b39325bc9ad448e1f56d47194079fe8c434c094cbb1e432ba1,0.02442426048219204,slippery,51,3081b34d640d456289905a0d00d6386445a87df6aea70072558028b1728a1942,1499,True,0,200000,test,249,False
trained,c83c34a7d20bb2b39325bc9ad448e1f56d47194079fe8c434c094cbb1e432ba1,0.048870544880628586,slippery,52,e11137d2fb2abf1955eb052c3ae1a892b25e59fcc39259bd4408dcdb1c3b433d,1499,True,0,200000,test,249,False
trained,c83c34a7d20bb2b39325bc9ad448e1f56d47194079fe8c434c094cbb1e432ba1,0.04993947222828865,slippery,53,27f9ae99894a8a2a0abadab2aa9026f5ebcd8af3beb33544c91616678a9802d7,1499,True,0,200000,test,249,False
trained,c83c34a7d20bb2b39325bc9ad448e1f56d47194079fe8c434c094cbb1e432ba1,0.03860953450202942,slippery,54,589cf2da4ef2a1cf4bcb333e370ff02b98079c2a618debb561be273db082094f,1499,True,0,200000,test,249,False
trained,c83c34a7d20bb2b39325bc9ad448e1f56d47194079fe8c434c094cbb1e432ba1,0.019217301160097122,slippery,55,2d2b755ee0a5826c56abdd2121cacc90144a237afdad02239b1ae03fe970a1a3,1499,True,0,200000,test,249,False
trained,c83c34a7d20bb2b39325bc9ad448e1f56d47194079fe8c434c094cbb1e432ba1,0.031081508845090866,slippery,56,3fd60a804c353e99497cdaf42748465d2e8f1ce47932d1cdfb1b375c4fb3842d,1499,True,0,200000,test,249,False
trained,c83c34a7d20bb2b39325bc9ad448e1f56d47194079fe8c434c094cbb1e432ba1,0.012148111127316952,slippery,57,743b03adb5018ad4c6650fa83df9ba0a83e9c2f03955f66c9aad1cefcf509ef4,1499,True,1,200000,test,249,False
trained,c83c34a7d20bb2b39325bc9ad448e1f56d47194079fe8c434c094cbb1e432ba1,0.015339231118559837,slippery,58,12eaff6ae2700a63bb84bba72ceaa2e988cd27c04f40fb1baf0e3a2568e5e057,1499,True,0,200000,test,249,False
trained,c83c34a7d20bb2b39325bc9ad448e1f56d47194079fe8c434c094cbb1e432ba1,0.02623055875301361,slippery,59,034c0a1609fe3d2fe5cbb61867b7cd354a7bad8b9b4ba50e2f1d2b55daf9e557,1499,True,1,200000,test,249,False
trained,c83c34a7d20bb2b39325bc9ad448e1f56d47194079fe8c434c094cbb1e432ba1,0.013658732175827026,slippery,60,0868575af3e26b5999ab786cebce5a2d25962004fb7c49848c5c257f13a0dd0a,1499,True,0,200000,test,249,False
trained,c83c34a7d20bb2b39325bc9ad448e1f56d47194079fe8c434c094cbb1e432ba1,0.06049076095223427,slippery,61,1d4ae994688fe4b0285b3cf5d329b032ab7add61f575a3c0a9f1f59d58599046,1499,True,0,200000,test,249,False
trained,c83c34a7d20bb2b39325bc9ad448e1f56d47194079fe8c434c094cbb1e432ba1,0.020343134179711342,slippery,62,d0cf985b2baa2671a71c8263ac17a5a2553deb3b20b5e8ef015943014f66874b,1499,True,29,200000,test,249,True
trained,c83c34a7d20bb2b39325bc9ad448e1f56d47194079fe8c434c094cbb1e432ba1,0.027859272435307503,slippery,63,6e512a357a7911f18c47f9549c6af6a6b6ff25ae506b07ff6bb5f0992d80ba85,1499,True,0,200000,test,249,False
trained,c83c34a7d20bb2b39325bc9ad448e1f56d47194079fe8c434c094cbb1e432ba1,0.05614066496491432,slippery,64,f0e3bde1ce39b8d5f0b9f96b0e500ceef0f9f5dedac73b2fa630c8a28d774fba,1499,True,0,200000,test,249,False
trained,c83c34a7d20bb2b39325bc9ad448e1f56d47194079fe8c434c094cbb1e432ba1,0.04608812928199768,slippery,65,c55c7ef0bbb23da553bbe88cfd4e92c66c5cdc7679af952559d1bbb93accac93,1499,True,0,200000,test,249,False
trained,c83c34a7d20bb2b39325bc9ad448e1f56d47194079fe8c434c094cbb1e432ba1,0.04119178652763367,slippery,66,c8f91fea361e0f2231f11468f49776eb1ce93a2eb34e613853170e1c57dd5333,1499,True,0,200000,test,249,False
trained,c83c34a7d20bb2b39325bc9ad448e1f56d47194079fe8c434c094cbb1e432ba1,0.024310914799571037,slippery,67,69bdfb327765b7935b9fb35fb9c298c892502dc33f528512c3e417bfd8667cd0,1499,True,0,200000,test,249,False
trained,c83c34a7d20bb2b39325bc9ad448e1f56d47194079fe8c434c094cbb1e432ba1,0.016720321029424667,slippery,68,9fe3ab03be0239f9e5db8c906aed925d6f6e5199f7075c0dcbf4099ccbd04173,1499,True,2,200000,test,249,False
trained,c83c34a7d20bb2b39325bc9ad448e1f56d47194079fe8c434c094cbb1e432ba1,0.021451512351632118,slippery,69,56d3102ba4fd0cd6b32cab81a908a1bd257370f42247e3dd98ecce07920e4901,1499,True,32,200000,test,249,True
trained,c83c34a7d20bb2b39325bc9ad448e1f56d47194079fe8c434c094cbb1e432ba1,0.026890553534030914,slippery,70,0af7f9e62b30e8e398387ada4a4a291da586ffeed8e75beea4557d6b7a0108af,1499,True,0,200000,test,249,False
trained,c83c34a7d20bb2b39325bc9ad448e1f56d47194079fe8c434c094cbb1e432ba1,0.026519624516367912,slippery,71,3a6a5b829bac417170c98fed1bfaa1fcc162f58c7a9fc1a035f7f6c3b479fd2f,1499,True,0,200000,test,249,False
trained,c83c34a7d20bb2b39325bc9ad448e1f56d47194079fe8c434c094cbb1e432ba1,0.05670714005827904,slippery,72,0de40ebcd895e1bd6920874cb94fd3216a1c8272c0e86b8f6dad079d35a01c36,1499,True,0,200000,test,249,False
trained,c83c34a7d20bb2b39325bc9ad448e1f56d47194079fe8c434c094cbb1e432ba1,0.10571939498186111,slippery,73,25988df0c0c58bcbfe1fcabad9b10115e22930ebfa3ffed0b3f4356dc70e7d92,1499,True,0,200000,test,249,False
trained,c83c34a7d20bb2b39325bc9ad448e1f56d47194079fe8c434c094cbb1e432ba1,0.05478207394480705,slippery,74,ea8fd7d64c026ee280f275cad3db0fa8e16b490c77cfe77d3f54dbbd4c4b6d18,1499,True,0,200000,test,249,False
trained,c83c34a7d20bb2b39325bc9ad448e1f56d47194079fe8c434c094cbb1e432ba1,0.01118397992104292,slippery,75,de75c8d313f4386152e3ae756d1967a2a106dc0d2938d6c1d4f27a1b6dbfd1b3,1499,True,1,200000,test,249,False
trained,c83c34a7d20bb2b39325bc9ad448e1f56d47194079fe8c434c094cbb1e432ba1,0.08231831341981888,slippery,76,12d8e730b73a94b46db15b6ba3b60046bf6225dd5503187cb7fc094a43211fcf,1499,True,0,200000,test,249,False
trained,c83c34a7d20bb2b39325bc9ad448e1f56d47194079fe8c434c094cbb1e432ba1,0.02223222702741623,slippery,77,eb0f20b9e88041fe1bc141c534cc3012e9a9c3f69c24e6e7470a1bdc4d7a4ddf,1499,True,0,200000,test,249,False
trained,c83c34a7d20bb2b39325bc9ad448e1f56d47194079fe8c434c094cbb1e432ba1,0.04670749977231026,slippery,78,ba6f3b248d51820ab6fdd15069721c12a0ce071dc4145b82ee0a7b2fe39c3e0e,1499,True,0,200000,test,249,False
trained,c83c34a7d20bb2b39325bc9ad448e1f56d47194079fe8c434c094cbb1e432ba1,0.052517618983983994,slippery,79,9b6101208ae0bcb76d0cb5e6b0a93ec282dde61461856af4e1c960cc71ff8a15,1499,True,0,200000,test,249,False
trained,c83c34a7d20bb2b39325bc9ad448e1f56d47194079fe8c434c094cbb1e432ba1,0.022619884461164474,slippery,80,39395baadc77790a2bbcfe93908e30203293c7828641a59b99e8a43293425556,1499,True,18,200000,test,249,False
trained,c83c34a7d20bb2b39325bc9ad448e1f56d47194079fe8c434c094cbb1e432ba1,0.02490762062370777,slippery,81,a33063ed2300a844e6ca2fbe9d3056355e52d79a32bad0986c66b5665e1117e3,1499,True,0,200000,test,249,False
trained,c83c34a7d20bb2b39325bc9ad448e1f56d47194079fe8c434c094cbb1e432ba1,0.019642135128378868,slippery,82,55710e266eb759d0d00bab746b2d4bfdd4670148a49031a8c7349df3fa8ca4c1,1499,True,9,200000,test,249,False
trained,c83c34a7d20bb2b39325bc9ad448e1f56d47194079fe8c434c094cbb1e432ba1,0.05653829872608185,slippery,83,7df4e6cc032385c4c199416848dac333fd0c3b311283099ede618f5ad7393d6b,1499,True,0,200000,test,249,False
trained,c83c34a7d20bb2b39325bc9ad448e1f56d47194079fe8c434c094cbb1e432ba1,0.014020807109773159,slippery,84,d31475abd8013d4c37112a833b4076d882ccfb079ae7945426089f4cede2dc99,1499,True,0,200000,test,249,False
trained,c83c34a7d20bb2b39325bc9ad448e1f56d47194079fe8c434c094cbb1e432ba1,0.020660866051912308,slippery,85,f06c856c4c1ef56e4f3e672ab92b81c91988272b735b6590cb7d4fde85224a0b,1499,True,11,200000,test,249,False
trained,c83c34a7d20bb2b39325bc9ad448e1f56d47194079fe8c434c094cbb1e432ba1,0.019537240266799927,slippery,86,a97162259337f6017f41f7ffe2ad9247db9f96808b1ae27f4f4421d894b9e87f,1499,True,0,200000,test,249,False
trained,c83c34a7d20bb2b39325bc9ad448e1f56d47194079fe8c434c094cbb1e432ba1,0.01735268533229828,slippery,87,361fd54746ce2574392c2d84ea8e35b9de2c0d4d5088d69bc62c3a1ab6e76242,1499,True,0,200000,test,249,False
trained,c83c34a7d20bb2b39325bc9ad448e1f56d47194079fe8c434c094cbb1e432ba1,0.017416827380657196,slippery,88,89a34226042b2240015a1baa665606c98327a35c3a24871af82339d85224c8f1,1499,True,4,200000,test,249,False
trained,c83c34a7d20bb2b39325bc9ad448e1f56d47194079fe8c434c094cbb1e432ba1,0.014669442549347878,slippery,89,33059fb932a59706419ca00366bcff1c9e01eb0fa607dfc3aa7b9ecb789267ba,1499,True,0,200000,test,249,False
trained,c83c34a7d20bb2b39325bc9ad448e1f56d47194079fe8c434c094cbb1e432ba1,0.02668582648038864,slippery,90,216693fd1d3dfdaa7eab1a9298920870f16c48dbaba6aa99577ef455fc6dcb77,1499,True,0,200000,test,249,False
trained,c83c34a7d20bb2b39325bc9ad448e1f56d47194079fe8c434c094cbb1e432ba1,0.03151194751262665,slippery,91,561444055a91bdd1d73028866539ab5843235f0c380c43d7e2b3e849535963be,1499,True,0,200000,test,249,False
trained,c83c34a7d20bb2b39325bc9ad448e1f56d47194079fe8c434c094cbb1e432ba1,0.11432775110006332,slippery,92,ccf82bf0552ddf77723c34cb4a515cc8f0794e94edba92e3736743c0bd6d94e9,1499,True,0,200000,test,249,False
trained,c83c34a7d20bb2b39325bc9ad448e1f56d47194079fe8c434c094cbb1e432ba1,0.041767220944166183,slippery,93,1db8aebabce41b1990763f3b990ca645710679f83de24ebae1357744998b013b,1499,True,0,200000,test,249,False
trained,c83c34a7d20bb2b39325bc9ad448e1f56d47194079fe8c434c094cbb1e432ba1,0.012972368858754635,slippery,94,3e2512fba443292eadd8ebd391bfaa79a3a51976deb77e5e373badfeb809ce67,1499,True,0,200000,test,249,False
trained,c83c34a7d20bb2b39325bc9ad448e1f56d47194079fe8c434c094cbb1e432ba1,0.0363607294857502,slippery,95,f4b872aef30db47029eba4a4d01094323a4eef5257d4c5bb0f3a6d090ac6325f,1499,True,0,200000,test,249,False
trained,c83c34a7d20bb2b39325bc9ad448e1f56d47194079fe8c434c094cbb1e432ba1,0.02137949876487255,slippery,96,dd61787338938b802af68566d23eea329fec2048f20101d606e3c6baaab354e4,1499,True,0,200000,test,249,False
trained,c83c34a7d20bb2b39325bc9ad448e1f56d47194079fe8c434c094cbb1e432ba1,0.08070991933345795,slippery,97,bf6b2ec79924fafd60e4fdf305deebdaa8b0db05356b4b51f03acec12ea09bc3,1499,True,0,200000,test,249,False
trained,c83c34a7d20bb2b39325bc9ad448e1f56d47194079fe8c434c094cbb1e432ba1,0.036221928894519806,slippery,98,efd1fc4714d0e5c7eca0f24817e1f0e302b9c741963c849932d30aa4a2176434,1499,True,0,200000,test,249,False
trained,c83c34a7d20bb2b39325bc9ad448e1f56d47194079fe8c434c094cbb1e432ba1,0.03497405722737312,slippery,99,2f8a14737b5cb1591311be5ab2b938c2f7b43a05e83fc7876774948e244b0e1a,1499,True,1,200000,test,249,False
trained,c83c34a7d20bb2b39325bc9ad448e1f56d47194079fe8c434c094cbb1e432ba1,0.01666460745036602,slippery,100,c3c26ae042dabd10dd5b1ffae93e6a4c6731eccc47926a8e2e514e00ede50ab9,1499,True,0,200000,test,249,False
trained,c83c34a7d20bb2b39325bc9ad448e1f56d47194079fe8c434c094cbb1e432ba1,0.03228287026286125,slippery,101,1f9f1c06ddd1004ef0de06e5a3c4b1e4207db028be9e03f809a15b15a9c0ed84,1499,True,0,200000,test,249,False
trained,c83c34a7d20bb2b39325bc9ad448e1f56d47194079fe8c434c094cbb1e432ba1,0.022350160405039787,slippery,102,c85af3a2c96bfd13f42d313005929365439790d5defc38f398dcb772e7b8789c,1499,True,3,200000,test,249,False
trained,c83c34a7d20bb2b39325bc9ad448e1f56d47194079fe8c434c094cbb1e432ba1,0.03197049722075462,slippery,103,f20b1bd089ed98f94809b46482fa94aebd29cfe707c4d03c4bde362236667e20,1499,True,0,200000,test,249,False
trained,c83c34a7d20bb2b39325bc9ad448e1f56d47194079fe8c434c094cbb1e432ba1,0.032997798174619675,slippery,104,35147c1f4110e2fab5b7e738151989f22b05b4d424ed28668eadde330f30d0d2,1499,True,0,200000,test,249,False
trained,c83c34a7d20bb2b39325bc9ad448e1f56d47194079fe8c434c094cbb1e432ba1,0.030170034617185593,slippery,105,1ae6b6835f0f1d8a25355a1a6d35ff0516db996068fe0cc5d954b1d26ada9c0e,1499,True,0,200000,test,249,False
trained,c83c34a7d20bb2b39325bc9ad448e1f56d47194079fe8c434c094cbb1e432ba1,0.034705571830272675,slippery,106,6e9ce697532c9e1b66404b9bdca3dfa7fb46afa0800cf2aec47f0ac36c22b099,1499,True,0,200000,test,249,False
trained,c83c34a7d20bb2b39325bc9ad448e1f56d47194079fe8c434c094cbb1e432ba1,0.02287021279335022,slippery,107,63625553f5fb3ca24e3d9130fda632b47e98a2d926dd6ea752495710ae95ae1d,1499,True,0,200000,test,249,False
trained,c83c34a7d20bb2b39325bc9ad448e1f56d47194079fe8c434c094cbb1e432ba1,0.02844354137778282,slippery,108,7916fe6697947613fe39ed88f73c031f24d55e79d9314c038f17b73734b56d30,1499,True,7,200000,test,249,False
trained,c83c34a7d20bb2b39325bc9ad448e1f56d47194079fe8c434c094cbb1e432ba1,0.0013332634698599577,slippery,109,7916b4434df03586d8103b0bf85911ce7fe8a66f73c55435ee510d137fb05ddc,1499,True,1,200000,test,249,False
trained,c83c34a7d20bb2b39325bc9ad448e1f56d47194079fe8c434c094cbb1e432ba1,0.02811889536678791,slippery,110,4f0f03f60013e855f3127f49a4368108a63fe564c11c40f264e4dd7898d7f4a6,1499,True,0,200000,test,249,False
trained,c83c34a7d20bb2b39325bc9ad448e1f56d47194079fe8c434c094cbb1e432ba1,0.04794666916131973,slippery,111,51bf73926ab46ebfe1ad8caca6760656093bb22103844830cb6ec99687a23772,1499,True,0,200000,test,249,False
trained,c83c34a7d20bb2b39325bc9ad448e1f56d47194079fe8c434c094cbb1e432ba1,0.008363624103367329,slippery,112,c157d977c0f9fa39d95f1c2ec71ae32c00bddfd25585beea80b140c254bd329f,1499,True,6,200000,test,249,False
trained,c83c34a7d20bb2b39325bc9ad448e1f56d47194079fe8c434c094cbb1e432ba1,0.022118866443634033,slippery,113,c5a2200d1e3162ca08cf475af95a1cfc35afa6922782e502042966e6f4b75eb2,1499,True,0,200000,test,249,False
trained,c83c34a7d20bb2b39325bc9ad448e1f56d47194079fe8c434c094cbb1e432ba1,0.04735472798347473,slippery,114,3e39f1604ea7fdb93611a26caa589f0c289ad9d64dfee7695e049574ff89fbc2,1499,True,0,200000,test,249,False
trained,c83c34a7d20bb2b39325bc9ad448e1f56d47194079fe8c434c094cbb1e432ba1,0.017049340531229973,slippery,115,226f5afa574115421c2b353826d96a2bc4373c8d23cc62bb1661f58331cfa51f,1499,True,0,200000,test,249,False
trained,c83c34a7d20bb2b39325bc9ad448e1f56d47194079fe8c434c094cbb1e432ba1,0.009369803592562675,slippery,116,cc373e90d8d51db1404468603dba0decee0b79ab2222fb1f80bec9692fc11491,1499,True,1,200000,test,249,False
trained,c83c34a7d20bb2b39325bc9ad448e1f56d47194079fe8c434c094cbb1e432ba1,0.010771285742521286,slippery,117,d34fe38489bd00f0ced77df94d9e68bbe0cadf11bec48d9b358c524ba65fcd84,1499,True,2,200000,test,249,False
trained,c83c34a7d20bb2b39325bc9ad448e1f56d47194079fe8c434c094cbb1e432ba1,0.024407243356108665,slippery,118,f6f43da56ab0104d200263d0ccc26b54343e5cf5f1a2b85b0427aef003a18d05,1499,True,0,200000,test,249,False
trained,c83c34a7d20bb2b39325bc9ad448e1f56d47194079fe8c434c094cbb1e432ba1,0.0060082837007939816,slippery,119,f2193a15f75006902326daa41c8560b6af0e0b2fa3dfeee72a1657739c93ec6e,1499,True,0,200000,test,249,False
trained,c83c34a7d20bb2b39325bc9ad448e1f56d47194079fe8c434c094cbb1e432ba1,0.025575241073966026,slippery,120,eef563ad380403bb42a4e585dd28a7e2dcbbef7c4eef544bb1e7304228261ada,1499,True,0,200000,test,249,False
trained,c83c34a7d20bb2b39325bc9ad448e1f56d47194079fe8c434c094cbb1e432ba1,0.03680434450507164,slippery,121,341f5ba19f28425012123e699062b53d2bfa82b6be077dd7db1b079258e98c38,1499,True,0,200000,test,249,False
trained,c83c34a7d20bb2b39325bc9ad448e1f56d47194079fe8c434c094cbb1e432ba1,0.028467325493693352,slippery,122,26254a8b2716e730aa5d48720b7da4b4a9068e7d8e312a2844a1b06f8dbecad4,1499,True,1,200000,test,249,False
trained,c83c34a7d20bb2b39325bc9ad448e1f56d47194079fe8c434c094cbb1e432ba1,0.02484714612364769,slippery,123,399497fbcf615c9086dedb218e07c7de99bc3288b58a994d6d8d64f8218d9d3d,1499,True,0,200000,test,249,False
trained,c83c34a7d20bb2b39325bc9ad448e1f56d47194079fe8c434c094cbb1e432ba1,0.00535180838778615,slippery,124,a0137aa53fd1e96aa116c240205ca47e667e4c1166f40212990765083555952d,1499,True,0,200000,test,249,False
trained,c83c34a7d20bb2b39325bc9ad448e1f56d47194079fe8c434c094cbb1e432ba1,0.0253953468054533,slippery,125,1af06c111b26388f255d6b592b301eb32564d5b1d5095e196d11dcfd6af96e2c,1499,True,0,200000,test,249,False
trained,c83c34a7d20bb2b39325bc9ad448e1f56d47194079fe8c434c094cbb1e432ba1,0.03948896378278732,slippery,126,b2d26dafcbf01b1eb4092bcbbe4d5750bc1c079b5e3b989a0b780692268f9ee6,1499,True,0,200000,test,249,False
trained,c83c34a7d20bb2b39325bc9ad448e1f56d47194079fe8c434c094cbb1e432ba1,0.017593367025256157,slippery,127,4d854e42c5801aa99b2a2ff4494e94f46107ae40d1c4a03ee0d3547f152b6c35,1499,True,1,200000,test,249,False
