arm,checkpoint_sha256,closest_distance_m,condition,env_index,initial_state_sha256,iteration,lifted,longest_stable_steps,reset_seed,split,steps,success
initial,f28177af37383574de47cb61cfbd9b43a41df246bdcb757c7e53387f4c06d5a6,0.5268933176994324,delay,0,1006ac46f569c93f68480b650fdbf31326934d9305af5f9a0df24078570f38b4,-1,False,0,200000,test,249,False
initial,f28177af37383574de47cb61cfbd9b43a41df246bdcb757c7e53387f4c06d5a6,0.48653626441955566,delay,1,6c6e91fb7d31ec5639a5e7f3834dfd0ea25b9f6d3215307f533aff9a778fa121,-1,False,0,200000,test,249,False
initial,f28177af37383574de47cb61cfbd9b43a41df246bdcb757c7e53387f4c06d5a6,0.3305014371871948,delay,2,b383541d51cce864de8398bfa13b3ae106f704c54ad15f30693ec0879b66318f,-1,False,0,200000,test,249,False
initial,f28177af37383574de47cb61cfbd9b43a41df246bdcb757c7e53387f4c06d5a6,0.37520137429237366,delay,3,92891ab106526cb96c087f32e7ee7093ec0f07c2c0f186409f4bd78980947027,-1,False,0,200000,test,249,False
initial,f28177af37383574de47cb61cfbd9b43a41df246bdcb757c7e53387f4c06d5a6,0.26559773087501526,delay,4,0ce50e71de153a5a7dc52462f997c430406adff475f515b64e009f36ba7ecd60,-1,False,0,200000,test,249,False
initial,f28177af37383574de47cb61cfbd9b43a41df246bdcb757c7e53387f4c06d5a6,0.5261349678039551,delay,5,23bbe389b02e67f3f18d7a172c7b1041d81fa4819f6384e628774d262df83a08,-1,False,0,200000,test,249,False
initial,f28177af37383574de47cb61cfbd9b43a41df246bdcb757c7e53387f4c06d5a6,0.3189770579338074,delay,6,4c8d93f7b7dd25fa691c3c40ce968aa541e217eb214d9b6f721d1b6eabe6db82,-1,False,0,200000,test,249,False
initial,f28177af37383574de47cb61cfbd9b43a41df246bdcb757c7e53387f4c06d5a6,0.24856476485729218,delay,7,d3b0361ac339d60c525726af499d4de1d2336a907a38302198501d75d64e5031,-1,False,0,200000,test,249,False
initial,f28177af37383574de47cb61cfbd9b43a41df246bdcb757c7e53387f4c06d5a6,0.3568238914012909,delay,8,0fe94752beba95d6adc57053c4d6e911a6f658fc33452a2bc0452b7d198bec8d,-1,False,0,200000,test,249,False
initial,f28177af37383574de47cb61cfbd9b43a41df246bdcb757c7e53387f4c06d5a6,0.5765707492828369,delay,9,020d42e18a81b2aa1688f5098e4987f612d4a38265f1cd871b15d807654d811b,-1,False,0,200000,test,249,False
initial,f28177af37383574de47cb61cfbd9b43a41df246bdcb757c7e53387f4c06d5a6,0.25057753920555115,delay,10,fbbe93bb96a241421c543d45b53abf9787cbdc9eefcde2a0e83009f091e9c696,-1,False,0,200000,test,249,False
initial,f28177af37383574de47cb61cfbd9b43a41df246bdcb757c7e53387f4c06d5a6,0.4908672273159027,delay,11,e7201a7cd4729dd5922ab715a15a85e026f02fde03acce04b948f8047cb07f36,-1,False,0,200000,test,249,False
initial,f28177af37383574de47cb61cfbd9b43a41df246bdcb757c7e53387f4c06d5a6,0.5299474000930786,delay,12,17b00f472054d86e12dd4e2a148f60ff5b212d53529b292fe0c89e89ce32b921,-1,False,0,200000,test,249,False
initial,f28177af37383574de47cb61cfbd9b43a41df246bdcb757c7e53387f4c06d5a6,0.3380330502986908,delay,13,d8763f997b16fda62370f05b3eac4f14116fe1a12a5355172468728f9659dc66,-1,False,0,200000,test,249,False
initial,f28177af37383574de47cb61cfbd9b43a41df246bdcb757c7e53387f4c06d5a6,0.3464921712875366,delay,14,3e6330a9ae4cdd172643670198e572139c46d592018d86168cd8e94e5b914faf,-1,False,0,200000,test,249,False
initial,f28177af37383574de47cb61cfbd9b43a41df246bdcb757c7e53387f4c06d5a6,0.35648301243782043,delay,15,b07878a684715e8a43f249daf8f0ec8a42903960bbd8cc16e38a5677c5ecba02,-1,False,0,200000,test,249,False
initial,f28177af37383574de47cb61cfbd9b43a41df246bdcb757c7e53387f4c06d5a6,0.36756375432014465,delay,16,d9a4d2c50eb0f21abeccefc6a7650336254b214898a034afc0630cae77885a15,-1,False,0,200000,test,249,False
initial,f28177af37383574de47cb61cfbd9b43a41df246bdcb757c7e53387f4c06d5a6,0.266522079706192,delay,17,e80da798aac25ec71c9549ed57244a29ddbef463df51d81b5657abeaaf277cec,-1,False,0,200000,test,249,False
initial,f28177af37383574de47cb61cfbd9b43a41df246bdcb757c7e53387f4c06d5a6,0.3362674415111542,delay,18,3a3408357fc2d01619fd8c3ed07f7ba90de43ff8cba31e4bd811450d9283c03e,-1,False,0,200000,test,249,False
initial,f28177af37383574de47cb61cfbd9b43a41df246bdcb757c7e53387f4c06d5a6,0.345954567193985,delay,19,466efe0e3ec20c227fe0d24dd343855524ade7e2f603010a4b7b774374a6cfcb,-1,False,0,200000,test,249,False
initial,f28177af37383574de47cb61cfbd9b43a41df246bdcb757c7e53387f4c06d5a6,0.5220325589179993,delay,20,a41f67c545627cc3633a4f8b01351858f03c4ac8df8b18412db799f7af47b098,-1,False,0,200000,test,249,False
initial,f28177af37383574de47cb61cfbd9b43a41df246bdcb757c7e53387f4c06d5a6,0.26844310760498047,delay,21,154671fae8a6ed40c4df9ba29a97c10f325bf85a2433de091361974955ac9838,-1,False,0,200000,test,249,False
initial,f28177af37383574de47cb61cfbd9b43a41df246bdcb757c7e53387f4c06d5a6,0.33489176630973816,delay,22,dcb1b868d423c85ae2eabcbd624e14f11fde46d5d564487f665a978e12f3fa39,-1,False,0,200000,test,249,False
initial,f28177af37383574de47cb61cfbd9b43a41df246bdcb757c7e53387f4c06d5a6,0.5136358737945557,delay,23,28309eb0cad85fd2186cc9308f83f91e1af688aacf3fe0015b80d75062e26f26,-1,False,0,200000,test,249,False
initial,f28177af37383574de47cb61cfbd9b43a41df246bdcb757c7e53387f4c06d5a6,0.22685885429382324,delay,24,9b499542707aaec72301ff294d44ff2f3d8a011addc421f9257f8aefa0c11640,-1,False,0,200000,test,249,False
initial,f28177af37383574de47cb61cfbd9b43a41df246bdcb757c7e53387f4c06d5a6,0.6091908812522888,delay,25,a61543bd631c5e45ed4bab1a99926aced18e04c0ce41fdc5a78d36fdd255a14e,-1,False,0,200000,test,249,False
initial,f28177af37383574de47cb61cfbd9b43a41df246bdcb757c7e53387f4c06d5a6,0.27157267928123474,delay,26,7bc846ae43b5cbcf0891bfc04b9e5a6a972cdc6a5423c0ac36d1470b3c936b96,-1,False,0,200000,test,249,False
initial,f28177af37383574de47cb61cfbd9b43a41df246bdcb757c7e53387f4c06d5a6,0.43033266067504883,delay,27,5c45ae94d4f9b11183715d0b4edd62025055f19da0e8593a9d156e6013403ce2,-1,False,0,200000,test,249,False
initial,f28177af37383574de47cb61cfbd9b43a41df246bdcb757c7e53387f4c06d5a6,0.34539103507995605,delay,28,9e15cde33dbf7f54942180b5b22353b12b112ec17a20d73c5c8d8e75728ce772,-1,False,0,200000,test,249,False
initial,f28177af37383574de47cb61cfbd9b43a41df246bdcb757c7e53387f4c06d5a6,0.48903244733810425,delay,29,11d62c1256d4c6da7059892a327ce1154900fd8aa0ea7c39991fce0764a00ec3,-1,False,0,200000,test,249,False
initial,f28177af37383574de47cb61cfbd9b43a41df246bdcb757c7e53387f4c06d5a6,0.43361690640449524,delay,30,0e10457a7f3e547a85007dcc28e602d274bbbc5badf7405a696742cdebfee3c2,-1,False,0,200000,test,249,False
initial,f28177af37383574de47cb61cfbd9b43a41df246bdcb757c7e53387f4c06d5a6,0.33604902029037476,delay,31,1c238bfac4aca4f2f8ee416c6ef99e62aca9ed5f8bbf832f1d15f742d2002460,-1,False,0,200000,test,249,False
initial,f28177af37383574de47cb61cfbd9b43a41df246bdcb757c7e53387f4c06d5a6,0.4367046654224396,delay,32,e509a766c3f40f8d2f63f3fda33390b771d8423385254e931ddaffb4db985712,-1,False,0,200000,test,249,False
initial,f28177af37383574de47cb61cfbd9b43a41df246bdcb757c7e53387f4c06d5a6,0.5219456553459167,delay,33,f2930f3a766816f70bdd184269c16945ecaa245aac4bacca8ddbb6b97812ab95,-1,False,0,200000,test,249,False
initial,f28177af37383574de47cb61cfbd9b43a41df246bdcb757c7e53387f4c06d5a6,0.3280859589576721,delay,34,3fb4578d39e7ddb3577ff33251ede8e62931db0d38f70b07dcde57b5d88a198a,-1,False,0,200000,test,249,False
initial,f28177af37383574de47cb61cfbd9b43a41df246bdcb757c7e53387f4c06d5a6,0.4863607883453369,delay,35,53612294420ed663f849f37dbd33fe4755782ba369daa40575ec9cbad47afdf1,-1,False,0,200000,test,249,False
initial,f28177af37383574de47cb61cfbd9b43a41df246bdcb757c7e53387f4c06d5a6,0.27949967980384827,delay,36,720361ee52be951f5aefde8c073bb8fd9770c73ef3c06a0cd2ccf37f699f0885,-1,False,0,200000,test,249,False
initial,f28177af37383574de47cb61cfbd9b43a41df246bdcb757c7e53387f4c06d5a6,0.47429201006889343,delay,37,76488ce6a6c1c520f19fbaffc611c8bfb22b448d446774452fd589fa1822ad10,-1,False,0,200000,test,249,False
initial,f28177af37383574de47cb61cfbd9b43a41df246bdcb757c7e53387f4c06d5a6,0.364657998085022,delay,38,719bdc2b5150f5a70c89843eceeb269fd2b1c3ebcc41a7bbef501eef20f3bf22,-1,False,0,200000,test,249,False
initial,f28177af37383574de47cb61cfbd9b43a41df246bdcb757c7e53387f4c06d5a6,0.24874499440193176,delay,39,f7aa7ae9186d7663db3cc2424e63c06de69bb2c4976fd66eaf8fea5f71892149,-1,False,0,200000,test,249,False
initial,f28177af37383574de47cb61cfbd9b43a41df246bdcb757c7e53387f4c06d5a6,0.4200812876224518,delay,40,beb1997c7a8766f83d216a45b17cd418c009429dab21b25cc1dc1f0e2e3d3859,-1,False,0,200000,test,249,False
initial,f28177af37383574de47cb61cfbd9b43a41df246bdcb757c7e53387f4c06d5a6,0.4212871491909027,delay,41,fa993d146333431150f436728262ec9eb359182e1f57a8f1506f40be6b0f8ae4,-1,False,0,200000,test,249,False
initial,f28177af37383574de47cb61cfbd9b43a41df246bdcb757c7e53387f4c06d5a6,0.2407333254814148,delay,42,8ed80f3752349f6c9c518720859b8dc8a87347e8cf3b25f272c8ee661aa9e1f5,-1,False,0,200000,test,249,False
initial,f28177af37383574de47cb61cfbd9b43a41df246bdcb757c7e53387f4c06d5a6,0.29051896929740906,delay,43,3238e31a810c8c68c31f98381cc82f7a253f031052b77799daebe39110714e57,-1,False,0,200000,test,249,False
initial,f28177af37383574de47cb61cfbd9b43a41df246bdcb757c7e53387f4c06d5a6,0.4631820619106293,delay,44,3fc05f66ad8cbc89df6e761c99565add28915f4fec8331e0f95d072bca634451,-1,False,0,200000,test,249,False
initial,f28177af37383574de47cb61cfbd9b43a41df246bdcb757c7e53387f4c06d5a6,0.5283924341201782,delay,45,6975082383198d4e72859e029bf9a0c1d2d883243daf54f0524033c45908d390,-1,False,0,200000,test,249,False
initial,f28177af37383574de47cb61cfbd9b43a41df246bdcb757c7e53387f4c06d5a6,0.426204115152359,delay,46,8a5fba441c0e9249bf5f70d7e8d2f21d53f688db2074b0207ddf8a070a847d1a,-1,False,0,200000,test,249,False
initial,f28177af37383574de47cb61cfbd9b43a41df246bdcb757c7e53387f4c06d5a6,0.43645042181015015,delay,47,86c702398cf9c83c765d3061b41bda5da976271f9f595b1b2a618b76f59d36b5,-1,False,0,200000,test,249,False
initial,f28177af37383574de47cb61cfbd9b43a41df246bdcb757c7e53387f4c06d5a6,0.480234831571579,delay,48,7af3d925fae0c3c751cc1218deac7fa3819409a968c312ab7e76a4f78278c6c5,-1,False,0,200000,test,249,False
initial,f28177af37383574de47cb61cfbd9b43a41df246bdcb757c7e53387f4c06d5a6,0.5038239359855652,delay,49,a143d7774578772618880f396a605b63614255bdbfb7e73c7c27baa6b2dab068,-1,False,0,200000,test,249,False
initial,f28177af37383574de47cb61cfbd9b43a41df246bdcb757c7e53387f4c06d5a6,0.26578494906425476,delay,50,f518f5d8a9af7448386787e6208b320a572486bb07fb9e82a17c32a67a8c6e29,-1,False,0,200000,test,249,False
initial,f28177af37383574de47cb61cfbd9b43a41df246bdcb757c7e53387f4c06d5a6,0.26241540908813477,delay,51,8167e1105624e5c3e76f4562fd0cc239d7b8b2b43897133a32604c50974b0bad,-1,False,0,200000,test,249,False
initial,f28177af37383574de47cb61cfbd9b43a41df246bdcb757c7e53387f4c06d5a6,0.34792280197143555,delay,52,68914e3446a0eedb9db819521cb9bd1c1b6022c01eb53b41c4f81e1a0caade6f,-1,False,0,200000,test,249,False
initial,f28177af37383574de47cb61cfbd9b43a41df246bdcb757c7e53387f4c06d5a6,0.37424415349960327,delay,53,cb7cc07d7d10bad7fbf8139238534d0c3c5d7ee1cba0c9b47ec950175e462b52,-1,False,0,200000,test,249,False
initial,f28177af37383574de47cb61cfbd9b43a41df246bdcb757c7e53387f4c06d5a6,0.5215061902999878,delay,54,3ef899140e78357fa148940bbc451d6521117c175c62a86d7d8853b15c1db267,-1,False,0,200000,test,249,False
initial,f28177af37383574de47cb61cfbd9b43a41df246bdcb757c7e53387f4c06d5a6,0.3783981502056122,delay,55,c1714e8d391f50c92daf041f380ef0351fe5fec22c4fa903699d884bc7906fe2,-1,False,0,200000,test,249,False
initial,f28177af37383574de47cb61cfbd9b43a41df246bdcb757c7e53387f4c06d5a6,0.45887601375579834,delay,56,20f2202fa1332d161f40574ee265310606d026cdd1a1463955da4b67a22ceb5f,-1,False,0,200000,test,249,False
initial,f28177af37383574de47cb61cfbd9b43a41df246bdcb757c7e53387f4c06d5a6,0.3473263382911682,delay,57,d1adde525b52543389b2893d6f70f5e04ff9b55c235dc30d7a1a7c2c17a8e9ca,-1,False,0,200000,test,249,False
initial,f28177af37383574de47cb61cfbd9b43a41df246bdcb757c7e53387f4c06d5a6,0.442397803068161,delay,58,c1a1da15715bc452e74f8132f8e075f5199608e314324788ba883d7d8f66474e,-1,False,0,200000,test,249,False
initial,f28177af37383574de47cb61cfbd9b43a41df246bdcb757c7e53387f4c06d5a6,0.3722318708896637,delay,59,d7175c1cf9d66fbc03c9af040cfdfce84a56134d60c607754277f7d9a44053a7,-1,False,0,200000,test,249,False
initial,f28177af37383574de47cb61cfbd9b43a41df246bdcb757c7e53387f4c06d5a6,0.4046974778175354,delay,60,c7ea1d672fb377c531b1ce319750b7eda4f5b12fed04000c9fc936039c67f1ea,-1,False,0,200000,test,249,False
initial,f28177af37383574de47cb61cfbd9b43a41df246bdcb757c7e53387f4c06d5a6,0.36760133504867554,delay,61,210699a25e429d7817d4743456d34be8b6dfc161fb80435938378fa29b3e451e,-1,False,0,200000,test,249,False
initial,f28177af37383574de47cb61cfbd9b43a41df246bdcb757c7e53387f4c06d5a6,0.27960142493247986,delay,62,9e5c3a669783f4c24f406042fd7ad3005f8396c6b0302e470b4e8ffd5df03655,-1,False,0,200000,test,249,False
initial,f28177af37383574de47cb61cfbd9b43a41df246bdcb757c7e53387f4c06d5a6,0.4668577015399933,delay,63,1943fbc8ee86a753fe36ec17d5559e8c4412c7fc66dc3a497fdf101f575181a2,-1,False,0,200000,test,249,False
initial,f28177af37383574de47cb61cfbd9b43a41df246bdcb757c7e53387f4c06d5a6,0.3664209246635437,delay,64,d47ccd7dbca953081c48b3ed3143d6b0a80fcf2cdcd170a0dbc633c7608a0886,-1,False,0,200000,test,249,False
initial,f28177af37383574de47cb61cfbd9b43a41df246bdcb757c7e53387f4c06d5a6,0.2759148180484772,delay,65,38f998a161f86bc5e351ec4a8d0c448d84af5742bfe9dbc86573ef073a06e80d,-1,False,0,200000,test,249,False
initial,f28177af37383574de47cb61cfbd9b43a41df246bdcb757c7e53387f4c06d5a6,0.5148142576217651,delay,66,afce72db834e1b9f5595ead1ecb6027a712678c2d9b0f3da010a6b3cf644aa9f,-1,False,0,200000,test,249,False
initial,f28177af37383574de47cb61cfbd9b43a41df246bdcb757c7e53387f4c06d5a6,0.3404257893562317,delay,67,91a57c9faecc15833c92e04acdf09535fae208aacb93f68aa20f574883cad8fa,-1,False,0,200000,test,249,False
initial,f28177af37383574de47cb61cfbd9b43a41df246bdcb757c7e53387f4c06d5a6,0.4271341860294342,delay,68,48b45ff817dc56db16b184dd88f26a376d460f69093e237f24a4d6d7744bdea9,-1,False,0,200000,test,249,False
initial,f28177af37383574de47cb61cfbd9b43a41df246bdcb757c7e53387f4c06d5a6,0.2526403069496155,delay,69,1ff6fa05c5d2a3044de00bd98d8803f2ad5ddb13f97201d468110bba89f8f095,-1,False,0,200000,test,249,False
initial,f28177af37383574de47cb61cfbd9b43a41df246bdcb757c7e53387f4c06d5a6,0.3763953447341919,delay,70,68f84e890ee756fb375bafd3a10dee54284210dfba712e8a3367249e145ac701,-1,False,0,200000,test,249,False
initial,f28177af37383574de47cb61cfbd9b43a41df246bdcb757c7e53387f4c06d5a6,0.3704914152622223,delay,71,a2ce5abb873866ad8b5f79398586bd073fad3e68148978388a6d2a99bfabc9dc,-1,False,0,200000,test,249,False
initial,f28177af37383574de47cb61cfbd9b43a41df246bdcb757c7e53387f4c06d5a6,0.37665432691574097,delay,72,95c60544869e809da3ca8d21dbab8d5da96c20d9fa401fdf1af352b4ad037c71,-1,False,0,200000,test,249,False
initial,f28177af37383574de47cb61cfbd9b43a41df246bdcb757c7e53387f4c06d5a6,0.4787905812263489,delay,73,86b37d5efd76d46cade13612868ca6671988d786c61b4fb132d6a2da467aa063,-1,False,0,200000,test,249,False
initial,f28177af37383574de47cb61cfbd9b43a41df246bdcb757c7e53387f4c06d5a6,0.4065781235694885,delay,74,a6cb53189d8a0fcde26b0cc4d7f65ca6fa4e103cf1c438a53cb7a4596b32251a,-1,False,0,200000,test,249,False
initial,f28177af37383574de47cb61cfbd9b43a41df246bdcb757c7e53387f4c06d5a6,0.25071054697036743,delay,75,e7f0d69e6a3b00c166322ecad23a03296ad2fd3a64cdc461ca2280b2abd16b63,-1,False,0,200000,test,249,False
initial,f28177af37383574de47cb61cfbd9b43a41df246bdcb757c7e53387f4c06d5a6,0.5346502661705017,delay,76,4304e5b04fea123e106f828325673692bb247132e3e404e05a6dbca4bc0df9df,-1,False,0,200000,test,249,False
initial,f28177af37383574de47cb61cfbd9b43a41df246bdcb757c7e53387f4c06d5a6,0.25079289078712463,delay,77,1b9bf2129f999c669e0425e2409918837e474896cfed98cef362b5be87588769,-1,False,0,200000,test,249,False
initial,f28177af37383574de47cb61cfbd9b43a41df246bdcb757c7e53387f4c06d5a6,0.46137312054634094,delay,78,6d22199e7b130fef9473eac3e79ec6a3ed0dbc730b4d083c8b5c72f5b39cdeb7,-1,False,0,200000,test,249,False
initial,f28177af37383574de47cb61cfbd9b43a41df246bdcb757c7e53387f4c06d5a6,0.5079280734062195,delay,79,99f26d6cb00d9aa1160b35f509beab9262ff8a632328e3c60f48afec288e408c,-1,False,0,200000,test,249,False
initial,f28177af37383574de47cb61cfbd9b43a41df246bdcb757c7e53387f4c06d5a6,0.5607602000236511,delay,80,4797fb72f166ae23e949f8d11577ec7cc4b0614fedf638d17e6660e17c6d13c7,-1,False,0,200000,test,249,False
initial,f28177af37383574de47cb61cfbd9b43a41df246bdcb757c7e53387f4c06d5a6,0.30532708764076233,delay,81,1ff366fecd976db6ff3a241e2145633a75b4efbb3a1853679cc678d4b95c9f7b,-1,False,0,200000,test,249,False
initial,f28177af37383574de47cb61cfbd9b43a41df246bdcb757c7e53387f4c06d5a6,0.2384931892156601,delay,82,1ace284355e86edac562c13137e747bd8249132cdad005cec9ac11bf6643c9fe,-1,False,0,200000,test,249,False
initial,f28177af37383574de47cb61cfbd9b43a41df246bdcb757c7e53387f4c06d5a6,0.22767774760723114,delay,83,a2058059d1d163ec4b01d18c5a56f44bada279b5ebd5a1ac9e885aed7c49a6f6,-1,False,0,200000,test,249,False
initial,f28177af37383574de47cb61cfbd9b43a41df246bdcb757c7e53387f4c06d5a6,0.43479835987091064,delay,84,e372d694ade33ddfe45b4d8d081c749c2d7e6cc56208457bb98eccd23e9d7590,-1,False,0,200000,test,249,False
initial,f28177af37383574de47cb61cfbd9b43a41df246bdcb757c7e53387f4c06d5a6,0.32791903614997864,delay,85,81ebfc8d82e39804d11c7a30e022d7e9f33dff61009eb1decab78c1c9853bd0a,-1,False,0,200000,test,249,False
initial,f28177af37383574de47cb61cfbd9b43a41df246bdcb757c7e53387f4c06d5a6,0.37888413667678833,delay,86,2ec7d5d48492dbbb6de2cb23a5982f3faf0f2caac56d6646194e06025ffd118a,-1,False,0,200000,test,249,False
initial,f28177af37383574de47cb61cfbd9b43a41df246bdcb757c7e53387f4c06d5a6,0.5395696759223938,delay,87,cc490f6f3a60e2257b5c08db1f281be41b1e61669e2920bbbf915951b1f9dd09,-1,False,0,200000,test,249,False
initial,f28177af37383574de47cb61cfbd9b43a41df246bdcb757c7e53387f4c06d5a6,0.3339294493198395,delay,88,a1873710ede77fb581b50bd45afbcdb8e2216a7bac73d8ffdf30cda2847b2fb6,-1,False,0,200000,test,249,False
initial,f28177af37383574de47cb61cfbd9b43a41df246bdcb757c7e53387f4c06d5a6,0.30656373500823975,delay,89,8cd07364c6977efdcbeab7ea8afe7d342b2fa0b001454a94f36729313b5d3206,-1,False,0,200000,test,249,False
initial,f28177af37383574de47cb61cfbd9b43a41df246bdcb757c7e53387f4c06d5a6,0.38267698884010315,delay,90,4aff7910bb302aeb728a0676a77ce4ed79066eb4c2c2672d07f42a2e4859cb1e,-1,False,0,200000,test,249,False
initial,f28177af37383574de47cb61cfbd9b43a41df246bdcb757c7e53387f4c06d5a6,0.3318375051021576,delay,91,0f43e8358ba9b96380db8ef1085b5a979dcb8edacfe1df4135c5197a9ca140ad,-1,False,0,200000,test,249,False
initial,f28177af37383574de47cb61cfbd9b43a41df246bdcb757c7e53387f4c06d5a6,0.440966933965683,delay,92,c7fbf06eb9f7a3ff449891278c75371a05bbeda44a3a78c0629ee5536c25fd29,-1,False,0,200000,test,249,False
initial,f28177af37383574de47cb61cfbd9b43a41df246bdcb757c7e53387f4c06d5a6,0.2165585607290268,delay,93,eeef6dbd599f4dab6f6ab2b5a46e4fd4ff7ad737a50a998ccfa0b344aa633647,-1,False,0,200000,test,249,False
initial,f28177af37383574de47cb61cfbd9b43a41df246bdcb757c7e53387f4c06d5a6,0.3549533784389496,delay,94,ab37c57c123156fde8e6b86b5f0a777a7fd18f6042f6b0d169cb66db6026a6be,-1,False,0,200000,test,249,False
initial,f28177af37383574de47cb61cfbd9b43a41df246bdcb757c7e53387f4c06d5a6,0.38667821884155273,delay,95,bdec9935f649d9202a5bb541d402d99b3054f2e13735af5c27c645c7720ec6a6,-1,False,0,200000,test,249,False
initial,f28177af37383574de47cb61cfbd9b43a41df246bdcb757c7e53387f4c06d5a6,0.5550370812416077,delay,96,77a4cb4293f6536253aa3b66162bc929474a5fdda41df92aafa1ce2fb2b54f2f,-1,False,0,200000,test,249,False
initial,f28177af37383574de47cb61cfbd9b43a41df246bdcb757c7e53387f4c06d5a6,0.3332008421421051,delay,97,05dc74adcf4c2c331cd6976dbc6e523a478ec2bb46b0a059bf409e2b6ab8380d,-1,False,0,200000,test,249,False
initial,f28177af37383574de47cb61cfbd9b43a41df246bdcb757c7e53387f4c06d5a6,0.5360350012779236,delay,98,9614a090a384d03c1ba35ed51c8a761be752edb2c656aa96e536442b4623fbb4,-1,False,0,200000,test,249,False
initial,f28177af37383574de47cb61cfbd9b43a41df246bdcb757c7e53387f4c06d5a6,0.3861216902732849,delay,99,3ebcb8b16e457dee44285c20766d816a9270123bfc42336c2ad468f1648e826a,-1,False,0,200000,test,249,False
initial,f28177af37383574de47cb61cfbd9b43a41df246bdcb757c7e53387f4c06d5a6,0.44528728723526,delay,100,d728faeae13a0dfb8614d6ec5fa83d9d01926528230d1e4a7515dd991253d44e,-1,False,0,200000,test,249,False
initial,f28177af37383574de47cb61cfbd9b43a41df246bdcb757c7e53387f4c06d5a6,0.44722840189933777,delay,101,b3aaaf7fb53fe114bd0f4f914ec6f63604a4dea9ef1d10a6f5f38a414c506e23,-1,False,0,200000,test,249,False
initial,f28177af37383574de47cb61cfbd9b43a41df246bdcb757c7e53387f4c06d5a6,0.344473272562027,delay,102,d6db2e91ecde8bce14994a00eceb6fa355862d95b278a48d9c674733b6a11a93,-1,False,0,200000,test,249,False
initial,f28177af37383574de47cb61cfbd9b43a41df246bdcb757c7e53387f4c06d5a6,0.4158565104007721,delay,103,ad6e487c79125208299f08c8928735d89b232ce06ab0c9f172e1700257dec3ba,-1,False,0,200000,test,249,False
initial,f28177af37383574de47cb61cfbd9b43a41df246bdcb757c7e53387f4c06d5a6,0.26864370703697205,delay,104,171f1e8fd988107483be3198d6169967413aa437441cb2af38aad4e6c0c29d2b,-1,False,0,200000,test,249,False
initial,f28177af37383574de47cb61cfbd9b43a41df246bdcb757c7e53387f4c06d5a6,0.3751735985279083,delay,105,d4fbe59ca1b5e23829a2ca0a390942ce8c43359e645fcf61a496b0bde1b8b242,-1,False,0,200000,test,249,False
initial,f28177af37383574de47cb61cfbd9b43a41df246bdcb757c7e53387f4c06d5a6,0.420968234539032,delay,106,16bda64c3ed4b2a7125ea60381352cdd9795eb598a2e41f9a0c90472667b9049,-1,False,0,200000,test,249,False
initial,f28177af37383574de47cb61cfbd9b43a41df246bdcb757c7e53387f4c06d5a6,0.35247430205345154,delay,107,abda65d3f8967994841853f88cd921111e3fbcf69daa542cc27e8d12a27b78ff,-1,False,0,200000,test,249,False
initial,f28177af37383574de47cb61cfbd9b43a41df246bdcb757c7e53387f4c06d5a6,0.29883772134780884,delay,108,5bf0c262a762fff765bad21aa5ff21a650118083af7b57a0c8e5a107486f8502,-1,False,0,200000,test,249,False
initial,f28177af37383574de47cb61cfbd9b43a41df246bdcb757c7e53387f4c06d5a6,0.4130270481109619,delay,109,5f3fa1ec1db3997ad3c80179949f22956b2a3eabd56590eed2201753ad0b8785,-1,False,0,200000,test,249,False
initial,f28177af37383574de47cb61cfbd9b43a41df246bdcb757c7e53387f4c06d5a6,0.30002734065055847,delay,110,043178d9c2e751ba923dc4246946ce8cd9085b9cd92fe45e70317d48179bce16,-1,False,0,200000,test,249,False
initial,f28177af37383574de47cb61cfbd9b43a41df246bdcb757c7e53387f4c06d5a6,0.33910369873046875,delay,111,4155b638520a37687a7decb0e0ac3fc027a3c905cfc1c4b5a95d92c95feed3fb,-1,False,0,200000,test,249,False
initial,f28177af37383574de47cb61cfbd9b43a41df246bdcb757c7e53387f4c06d5a6,0.3436262309551239,delay,112,69e62f621f40d6b6316746f9e28263ae9a9e3f68871fa02d9246df8190593f15,-1,False,0,200000,test,249,False
initial,f28177af37383574de47cb61cfbd9b43a41df246bdcb757c7e53387f4c06d5a6,0.4278947710990906,delay,113,8d61bebf893886b35fc9822c412ba22c1e1f20cc359d68cb7e1ccec8e1880490,-1,False,0,200000,test,249,False
initial,f28177af37383574de47cb61cfbd9b43a41df246bdcb757c7e53387f4c06d5a6,0.459807813167572,delay,114,af01fd6e11d268d4fcfc223731a2518813a51b9e6320c707f262dbddfa6a06b6,-1,False,0,200000,test,249,False
initial,f28177af37383574de47cb61cfbd9b43a41df246bdcb757c7e53387f4c06d5a6,0.32311615347862244,delay,115,687e231d91f53a4978947b46d60667357734722c526fa2a816df4dc5dcea3922,-1,False,0,200000,test,249,False
initial,f28177af37383574de47cb61cfbd9b43a41df246bdcb757c7e53387f4c06d5a6,0.342756062746048,delay,116,a687b62d73d62361cb77a82d90533f46dbbd3b507e0c449919cbc12c0671c15e,-1,False,0,200000,test,249,False
initial,f28177af37383574de47cb61cfbd9b43a41df246bdcb757c7e53387f4c06d5a6,0.37080681324005127,delay,117,c1371f77a2e4a3dff1a6b2e0e8731c6be4ec3849db9ea1f8eccb80beba24f770,-1,False,0,200000,test,249,False
initial,f28177af37383574de47cb61cfbd9b43a41df246bdcb757c7e53387f4c06d5a6,0.3229905068874359,delay,118,f416e408f0959d1c3540326f2aeb627b0dee0dcab8baa666562435161570aed5,-1,False,0,200000,test,249,False
initial,f28177af37383574de47cb61cfbd9b43a41df246bdcb757c7e53387f4c06d5a6,0.29962268471717834,delay,119,782d6ff695cff66ddd1ce6bbdb72609507e294e056b608688a830bfc77a80928,-1,False,0,200000,test,249,False
initial,f28177af37383574de47cb61cfbd9b43a41df246bdcb757c7e53387f4c06d5a6,0.47831425070762634,delay,120,d4c3ce95cf2bfbdc65b9285b985120a5914f8e6d31c88c56305fe55926b589ba,-1,False,0,200000,test,249,False
initial,f28177af37383574de47cb61cfbd9b43a41df246bdcb757c7e53387f4c06d5a6,0.20494315028190613,delay,121,873fdf34e0ba5ce490935cbc65b233569f73dad143f2bee12f7081b792648119,-1,False,0,200000,test,249,False
initial,f28177af37383574de47cb61cfbd9b43a41df246bdcb757c7e53387f4c06d5a6,0.3811432719230652,delay,122,3413699e394218a7a9f1b5077a6fbb87a8ce22c8505e03469888cd7de521bf38,-1,False,0,200000,test,249,False
initial,f28177af37383574de47cb61cfbd9b43a41df246bdcb757c7e53387f4c06d5a6,0.45890700817108154,delay,123,c8ae1be88e9046dae3b49b993352b4965163dade87926f37fc8684682ddbf175,-1,False,0,200000,test,249,False
initial,f28177af37383574de47cb61cfbd9b43a41df246bdcb757c7e53387f4c06d5a6,0.3867407441139221,delay,124,63cfeca31fe99cb8c7f2a42e8e020136d4a9814d579258b61934dd4b8d0c3e3b,-1,False,0,200000,test,249,False
initial,f28177af37383574de47cb61cfbd9b43a41df246bdcb757c7e53387f4c06d5a6,0.5708930492401123,delay,125,a61f5ff0e9fa1133de9c0c75f1c2fb95baaa172b0d1da1561259cd14a90ac00f,-1,False,0,200000,test,249,False
initial,f28177af37383574de47cb61cfbd9b43a41df246bdcb757c7e53387f4c06d5a6,0.5950915217399597,delay,126,1b7d8544bfc1139c6bfb56c53bb05cab7a8abd517fe3480928cee8888874c1b2,-1,False,0,200000,test,249,False
initial,f28177af37383574de47cb61cfbd9b43a41df246bdcb757c7e53387f4c06d5a6,0.41691845655441284,delay,127,7f890b90f22e11a29f4dfc80b0c9794493d87146b921f15111b45bfca8308814,-1,False,0,200000,test,249,False
initial,f28177af37383574de47cb61cfbd9b43a41df246bdcb757c7e53387f4c06d5a6,0.5268933176994324,heavy,0,1006ac46f569c93f68480b650fdbf31326934d9305af5f9a0df24078570f38b4,-1,False,0,200000,test,249,False
initial,f28177af37383574de47cb61cfbd9b43a41df246bdcb757c7e53387f4c06d5a6,0.48653626441955566,heavy,1,6c6e91fb7d31ec5639a5e7f3834dfd0ea25b9f6d3215307f533aff9a778fa121,-1,False,0,200000,test,249,False
initial,f28177af37383574de47cb61cfbd9b43a41df246bdcb757c7e53387f4c06d5a6,0.3305014371871948,heavy,2,b383541d51cce864de8398bfa13b3ae106f704c54ad15f30693ec0879b66318f,-1,False,0,200000,test,249,False
initial,f28177af37383574de47cb61cfbd9b43a41df246bdcb757c7e53387f4c06d5a6,0.37520137429237366,heavy,3,92891ab106526cb96c087f32e7ee7093ec0f07c2c0f186409f4bd78980947027,-1,False,0,200000,test,249,False
initial,f28177af37383574de47cb61cfbd9b43a41df246bdcb757c7e53387f4c06d5a6,0.26559773087501526,heavy,4,0ce50e71de153a5a7dc52462f997c430406adff475f515b64e009f36ba7ecd60,-1,False,0,200000,test,249,False
initial,f28177af37383574de47cb61cfbd9b43a41df246bdcb757c7e53387f4c06d5a6,0.5261349678039551,heavy,5,23bbe389b02e67f3f18d7a172c7b1041d81fa4819f6384e628774d262df83a08,-1,False,0,200000,test,249,False
initial,f28177af37383574de47cb61cfbd9b43a41df246bdcb757c7e53387f4c06d5a6,0.3189770579338074,heavy,6,4c8d93f7b7dd25fa691c3c40ce968aa541e217eb214d9b6f721d1b6eabe6db82,-1,False,0,200000,test,249,False
initial,f28177af37383574de47cb61cfbd9b43a41df246bdcb757c7e53387f4c06d5a6,0.24856476485729218,heavy,7,d3b0361ac339d60c525726af499d4de1d2336a907a38302198501d75d64e5031,-1,False,0,200000,test,249,False
initial,f28177af37383574de47cb61cfbd9b43a41df246bdcb757c7e53387f4c06d5a6,0.3568238914012909,heavy,8,0fe94752beba95d6adc57053c4d6e911a6f658fc33452a2bc0452b7d198bec8d,-1,False,0,200000,test,249,False
initial,f28177af37383574de47cb61cfbd9b43a41df246bdcb757c7e53387f4c06d5a6,0.5765707492828369,heavy,9,020d42e18a81b2aa1688f5098e4987f612d4a38265f1cd871b15d807654d811b,-1,False,0,200000,test,249,False
initial,f28177af37383574de47cb61cfbd9b43a41df246bdcb757c7e53387f4c06d5a6,0.25057753920555115,heavy,10,fbbe93bb96a241421c543d45b53abf9787cbdc9eefcde2a0e83009f091e9c696,-1,False,0,200000,test,249,False
initial,f28177af37383574de47cb61cfbd9b43a41df246bdcb757c7e53387f4c06d5a6,0.4908672273159027,heavy,11,e7201a7cd4729dd5922ab715a15a85e026f02fde03acce04b948f8047cb07f36,-1,False,0,200000,test,249,False
initial,f28177af37383574de47cb61cfbd9b43a41df246bdcb757c7e53387f4c06d5a6,0.5299474000930786,heavy,12,17b00f472054d86e12dd4e2a148f60ff5b212d53529b292fe0c89e89ce32b921,-1,False,0,200000,test,249,False
initial,f28177af37383574de47cb61cfbd9b43a41df246bdcb757c7e53387f4c06d5a6,0.3380330502986908,heavy,13,d8763f997b16fda62370f05b3eac4f14116fe1a12a5355172468728f9659dc66,-1,False,0,200000,test,249,False
initial,f28177af37383574de47cb61cfbd9b43a41df246bdcb757c7e53387f4c06d5a6,0.3464921712875366,heavy,14,3e6330a9ae4cdd172643670198e572139c46d592018d86168cd8e94e5b914faf,-1,False,0,200000,test,249,False
initial,f28177af37383574de47cb61cfbd9b43a41df246bdcb757c7e53387f4c06d5a6,0.35648301243782043,heavy,15,b07878a684715e8a43f249daf8f0ec8a42903960bbd8cc16e38a5677c5ecba02,-1,False,0,200000,test,249,False
initial,f28177af37383574de47cb61cfbd9b43a41df246bdcb757c7e53387f4c06d5a6,0.36756375432014465,heavy,16,d9a4d2c50eb0f21abeccefc6a7650336254b214898a034afc0630cae77885a15,-1,False,0,200000,test,249,False
initial,f28177af37383574de47cb61cfbd9b43a41df246bdcb757c7e53387f4c06d5a6,0.266522079706192,heavy,17,e80da798aac25ec71c9549ed57244a29ddbef463df51d81b5657abeaaf277cec,-1,False,0,200000,test,249,False
initial,f28177af37383574de47cb61cfbd9b43a41df246bdcb757c7e53387f4c06d5a6,0.3362674415111542,heavy,18,3a3408357fc2d01619fd8c3ed07f7ba90de43ff8cba31e4bd811450d9283c03e,-1,False,0,200000,test,249,False
initial,f28177af37383574de47cb61cfbd9b43a41df246bdcb757c7e53387f4c06d5a6,0.345954567193985,heavy,19,466efe0e3ec20c227fe0d24dd343855524ade7e2f603010a4b7b774374a6cfcb,-1,False,0,200000,test,249,False
initial,f28177af37383574de47cb61cfbd9b43a41df246bdcb757c7e53387f4c06d5a6,0.5220325589179993,heavy,20,a41f67c545627cc3633a4f8b01351858f03c4ac8df8b18412db799f7af47b098,-1,False,0,200000,test,249,False
initial,f28177af37383574de47cb61cfbd9b43a41df246bdcb757c7e53387f4c06d5a6,0.26844310760498047,heavy,21,154671fae8a6ed40c4df9ba29a97c10f325bf85a2433de091361974955ac9838,-1,False,0,200000,test,249,False
initial,f28177af37383574de47cb61cfbd9b43a41df246bdcb757c7e53387f4c06d5a6,0.33489176630973816,heavy,22,dcb1b868d423c85ae2eabcbd624e14f11fde46d5d564487f665a978e12f3fa39,-1,False,0,200000,test,249,False
initial,f28177af37383574de47cb61cfbd9b43a41df246bdcb757c7e53387f4c06d5a6,0.5136358737945557,heavy,23,28309eb0cad85fd2186cc9308f83f91e1af688aacf3fe0015b80d75062e26f26,-1,False,0,200000,test,249,False
initial,f28177af37383574de47cb61cfbd9b43a41df246bdcb757c7e53387f4c06d5a6,0.22685885429382324,heavy,24,9b499542707aaec72301ff294d44ff2f3d8a011addc421f9257f8aefa0c11640,-1,False,0,200000,test,249,False
initial,f28177af37383574de47cb61cfbd9b43a41df246bdcb757c7e53387f4c06d5a6,0.6091908812522888,heavy,25,a61543bd631c5e45ed4bab1a99926aced18e04c0ce41fdc5a78d36fdd255a14e,-1,False,0,200000,test,249,False
initial,f28177af37383574de47cb61cfbd9b43a41df246bdcb757c7e53387f4c06d5a6,0.27157267928123474,heavy,26,7bc846ae43b5cbcf0891bfc04b9e5a6a972cdc6a5423c0ac36d1470b3c936b96,-1,False,0,200000,test,249,False
initial,f28177af37383574de47cb61cfbd9b43a41df246bdcb757c7e53387f4c06d5a6,0.43033266067504883,heavy,27,5c45ae94d4f9b11183715d0b4edd62025055f19da0e8593a9d156e6013403ce2,-1,False,0,200000,test,249,False
initial,f28177af37383574de47cb61cfbd9b43a41df246bdcb757c7e53387f4c06d5a6,0.34539103507995605,heavy,28,9e15cde33dbf7f54942180b5b22353b12b112ec17a20d73c5c8d8e75728ce772,-1,False,0,200000,test,249,False
initial,f28177af37383574de47cb61cfbd9b43a41df246bdcb757c7e53387f4c06d5a6,0.48903244733810425,heavy,29,11d62c1256d4c6da7059892a327ce1154900fd8aa0ea7c39991fce0764a00ec3,-1,False,0,200000,test,249,False
initial,f28177af37383574de47cb61cfbd9b43a41df246bdcb757c7e53387f4c06d5a6,0.43361690640449524,heavy,30,0e10457a7f3e547a85007dcc28e602d274bbbc5badf7405a696742cdebfee3c2,-1,False,0,200000,test,249,False
initial,f28177af37383574de47cb61cfbd9b43a41df246bdcb757c7e53387f4c06d5a6,0.33604902029037476,heavy,31,1c238bfac4aca4f2f8ee416c6ef99e62aca9ed5f8bbf832f1d15f742d2002460,-1,False,0,200000,test,249,False
initial,f28177af37383574de47cb61cfbd9b43a41df246bdcb757c7e53387f4c06d5a6,0.4367046654224396,heavy,32,e509a766c3f40f8d2f63f3fda33390b771d8423385254e931ddaffb4db985712,-1,False,0,200000,test,249,False
initial,f28177af37383574de47cb61cfbd9b43a41df246bdcb757c7e53387f4c06d5a6,0.5219456553459167,heavy,33,f2930f3a766816f70bdd184269c16945ecaa245aac4bacca8ddbb6b97812ab95,-1,False,0,200000,test,249,False
initial,f28177af37383574de47cb61cfbd9b43a41df246bdcb757c7e53387f4c06d5a6,0.3280859589576721,heavy,34,3fb4578d39e7ddb3577ff33251ede8e62931db0d38f70b07dcde57b5d88a198a,-1,False,0,200000,test,249,False
initial,f28177af37383574de47cb61cfbd9b43a41df246bdcb757c7e53387f4c06d5a6,0.4863607883453369,heavy,35,53612294420ed663f849f37dbd33fe4755782ba369daa40575ec9cbad47afdf1,-1,False,0,200000,test,249,False
initial,f28177af37383574de47cb61cfbd9b43a41df246bdcb757c7e53387f4c06d5a6,0.27949967980384827,heavy,36,720361ee52be951f5aefde8c073bb8fd9770c73ef3c06a0cd2ccf37f699f0885,-1,False,0,200000,test,249,False
initial,f28177af37383574de47cb61cfbd9b43a41df246bdcb757c7e53387f4c06d5a6,0.47429201006889343,heavy,37,76488ce6a6c1c520f19fbaffc611c8bfb22b448d446774452fd589fa1822ad10,-1,False,0,200000,test,249,False
initial,f28177af37383574de47cb61cfbd9b43a41df246bdcb757c7e53387f4c06d5a6,0.364657998085022,heavy,38,719bdc2b5150f5a70c89843eceeb269fd2b1c3ebcc41a7bbef501eef20f3bf22,-1,False,0,200000,test,249,False
initial,f28177af37383574de47cb61cfbd9b43a41df246bdcb757c7e53387f4c06d5a6,0.24874499440193176,heavy,39,f7aa7ae9186d7663db3cc2424e63c06de69bb2c4976fd66eaf8fea5f71892149,-1,False,0,200000,test,249,False
initial,f28177af37383574de47cb61cfbd9b43a41df246bdcb757c7e53387f4c06d5a6,0.4200812876224518,heavy,40,beb1997c7a8766f83d216a45b17cd418c009429dab21b25cc1dc1f0e2e3d3859,-1,False,0,200000,test,249,False
initial,f28177af37383574de47cb61cfbd9b43a41df246bdcb757c7e53387f4c06d5a6,0.4212871491909027,heavy,41,fa993d146333431150f436728262ec9eb359182e1f57a8f1506f40be6b0f8ae4,-1,False,0,200000,test,249,False
initial,f28177af37383574de47cb61cfbd9b43a41df246bdcb757c7e53387f4c06d5a6,0.2407333254814148,heavy,42,8ed80f3752349f6c9c518720859b8dc8a87347e8cf3b25f272c8ee661aa9e1f5,-1,False,0,200000,test,249,False
initial,f28177af37383574de47cb61cfbd9b43a41df246bdcb757c7e53387f4c06d5a6,0.29051896929740906,heavy,43,3238e31a810c8c68c31f98381cc82f7a253f031052b77799daebe39110714e57,-1,False,0,200000,test,249,False
initial,f28177af37383574de47cb61cfbd9b43a41df246bdcb757c7e53387f4c06d5a6,0.4631820619106293,heavy,44,3fc05f66ad8cbc89df6e761c99565add28915f4fec8331e0f95d072bca634451,-1,False,0,200000,test,249,False
initial,f28177af37383574de47cb61cfbd9b43a41df246bdcb757c7e53387f4c06d5a6,0.5283924341201782,heavy,45,6975082383198d4e72859e029bf9a0c1d2d883243daf54f0524033c45908d390,-1,False,0,200000,test,249,False
initial,f28177af37383574de47cb61cfbd9b43a41df246bdcb757c7e53387f4c06d5a6,0.426204115152359,heavy,46,8a5fba441c0e9249bf5f70d7e8d2f21d53f688db2074b0207ddf8a070a847d1a,-1,False,0,200000,test,249,False
initial,f28177af37383574de47cb61cfbd9b43a41df246bdcb757c7e53387f4c06d5a6,0.43645042181015015,heavy,47,86c702398cf9c83c765d3061b41bda5da976271f9f595b1b2a618b76f59d36b5,-1,False,0,200000,test,249,False
initial,f28177af37383574de47cb61cfbd9b43a41df246bdcb757c7e53387f4c06d5a6,0.480234831571579,heavy,48,7af3d925fae0c3c751cc1218deac7fa3819409a968c312ab7e76a4f78278c6c5,-1,False,0,200000,test,249,False
initial,f28177af37383574de47cb61cfbd9b43a41df246bdcb757c7e53387f4c06d5a6,0.5038239359855652,heavy,49,a143d7774578772618880f396a605b63614255bdbfb7e73c7c27baa6b2dab068,-1,False,0,200000,test,249,False
initial,f28177af37383574de47cb61cfbd9b43a41df246bdcb757c7e53387f4c06d5a6,0.26578494906425476,heavy,50,f518f5d8a9af7448386787e6208b320a572486bb07fb9e82a17c32a67a8c6e29,-1,False,0,200000,test,249,False
initial,f28177af37383574de47cb61cfbd9b43a41df246bdcb757c7e53387f4c06d5a6,0.26241540908813477,heavy,51,8167e1105624e5c3e76f4562fd0cc239d7b8b2b43897133a32604c50974b0bad,-1,False,0,200000,test,249,False
initial,f28177af37383574de47cb61cfbd9b43a41df246bdcb757c7e53387f4c06d5a6,0.34792280197143555,heavy,52,68914e3446a0eedb9db819521cb9bd1c1b6022c01eb53b41c4f81e1a0caade6f,-1,False,0,200000,test,249,False
initial,f28177af37383574de47cb61cfbd9b43a41df246bdcb757c7e53387f4c06d5a6,0.37424415349960327,heavy,53,cb7cc07d7d10bad7fbf8139238534d0c3c5d7ee1cba0c9b47ec950175e462b52,-1,False,0,200000,test,249,False
initial,f28177af37383574de47cb61cfbd9b43a41df246bdcb757c7e53387f4c06d5a6,0.5215061902999878,heavy,54,3ef899140e78357fa148940bbc451d6521117c175c62a86d7d8853b15c1db267,-1,False,0,200000,test,249,False
initial,f28177af37383574de47cb61cfbd9b43a41df246bdcb757c7e53387f4c06d5a6,0.3783981502056122,heavy,55,c1714e8d391f50c92daf041f380ef0351fe5fec22c4fa903699d884bc7906fe2,-1,False,0,200000,test,249,False
initial,f28177af37383574de47cb61cfbd9b43a41df246bdcb757c7e53387f4c06d5a6,0.45887601375579834,heavy,56,20f2202fa1332d161f40574ee265310606d026cdd1a1463955da4b67a22ceb5f,-1,False,0,200000,test,249,False
initial,f28177af37383574de47cb61cfbd9b43a41df246bdcb757c7e53387f4c06d5a6,0.3473263382911682,heavy,57,d1adde525b52543389b2893d6f70f5e04ff9b55c235dc30d7a1a7c2c17a8e9ca,-1,False,0,200000,test,249,False
initial,f28177af37383574de47cb61cfbd9b43a41df246bdcb757c7e53387f4c06d5a6,0.442397803068161,heavy,58,c1a1da15715bc452e74f8132f8e075f5199608e314324788ba883d7d8f66474e,-1,False,0,200000,test,249,False
initial,f28177af37383574de47cb61cfbd9b43a41df246bdcb757c7e53387f4c06d5a6,0.3722318708896637,heavy,59,d7175c1cf9d66fbc03c9af040cfdfce84a56134d60c607754277f7d9a44053a7,-1,False,0,200000,test,249,False
initial,f28177af37383574de47cb61cfbd9b43a41df246bdcb757c7e53387f4c06d5a6,0.4046974778175354,heavy,60,c7ea1d672fb377c531b1ce319750b7eda4f5b12fed04000c9fc936039c67f1ea,-1,False,0,200000,test,249,False
initial,f28177af37383574de47cb61cfbd9b43a41df246bdcb757c7e53387f4c06d5a6,0.36760133504867554,heavy,61,210699a25e429d7817d4743456d34be8b6dfc161fb80435938378fa29b3e451e,-1,False,0,200000,test,249,False
initial,f28177af37383574de47cb61cfbd9b43a41df246bdcb757c7e53387f4c06d5a6,0.27960142493247986,heavy,62,9e5c3a669783f4c24f406042fd7ad3005f8396c6b0302e470b4e8ffd5df03655,-1,False,0,200000,test,249,False
initial,f28177af37383574de47cb61cfbd9b43a41df246bdcb757c7e53387f4c06d5a6,0.4668577015399933,heavy,63,1943fbc8ee86a753fe36ec17d5559e8c4412c7fc66dc3a497fdf101f575181a2,-1,False,0,200000,test,249,False
initial,f28177af37383574de47cb61cfbd9b43a41df246bdcb757c7e53387f4c06d5a6,0.3664209246635437,heavy,64,d47ccd7dbca953081c48b3ed3143d6b0a80fcf2cdcd170a0dbc633c7608a0886,-1,False,0,200000,test,249,False
initial,f28177af37383574de47cb61cfbd9b43a41df246bdcb757c7e53387f4c06d5a6,0.2759148180484772,heavy,65,38f998a161f86bc5e351ec4a8d0c448d84af5742bfe9dbc86573ef073a06e80d,-1,False,0,200000,test,249,False
initial,f28177af37383574de47cb61cfbd9b43a41df246bdcb757c7e53387f4c06d5a6,0.5148142576217651,heavy,66,afce72db834e1b9f5595ead1ecb6027a712678c2d9b0f3da010a6b3cf644aa9f,-1,False,0,200000,test,249,False
initial,f28177af37383574de47cb61cfbd9b43a41df246bdcb757c7e53387f4c06d5a6,0.3404257893562317,heavy,67,91a57c9faecc15833c92e04acdf09535fae208aacb93f68aa20f574883cad8fa,-1,False,0,200000,test,249,False
initial,f28177af37383574de47cb61cfbd9b43a41df246bdcb757c7e53387f4c06d5a6,0.4271341860294342,heavy,68,48b45ff817dc56db16b184dd88f26a376d460f69093e237f24a4d6d7744bdea9,-1,False,0,200000,test,249,False
initial,f28177af37383574de47cb61cfbd9b43a41df246bdcb757c7e53387f4c06d5a6,0.2526403069496155,heavy,69,1ff6fa05c5d2a3044de00bd98d8803f2ad5ddb13f97201d468110bba89f8f095,-1,False,0,200000,test,249,False
initial,f28177af37383574de47cb61cfbd9b43a41df246bdcb757c7e53387f4c06d5a6,0.3763953447341919,heavy,70,68f84e890ee756fb375bafd3a10dee54284210dfba712e8a3367249e145ac701,-1,False,0,200000,test,249,False
initial,f28177af37383574de47cb61cfbd9b43a41df246bdcb757c7e53387f4c06d5a6,0.3704914152622223,heavy,71,a2ce5abb873866ad8b5f79398586bd073fad3e68148978388a6d2a99bfabc9dc,-1,False,0,200000,test,249,False
initial,f28177af37383574de47cb61cfbd9b43a41df246bdcb757c7e53387f4c06d5a6,0.37665432691574097,heavy,72,95c60544869e809da3ca8d21dbab8d5da96c20d9fa401fdf1af352b4ad037c71,-1,False,0,200000,test,249,False
initial,f28177af37383574de47cb61cfbd9b43a41df246bdcb757c7e53387f4c06d5a6,0.4787905812263489,heavy,73,86b37d5efd76d46cade13612868ca6671988d786c61b4fb132d6a2da467aa063,-1,False,0,200000,test,249,False
initial,f28177af37383574de47cb61cfbd9b43a41df246bdcb757c7e53387f4c06d5a6,0.4065781235694885,heavy,74,a6cb53189d8a0fcde26b0cc4d7f65ca6fa4e103cf1c438a53cb7a4596b32251a,-1,False,0,200000,test,249,False
initial,f28177af37383574de47cb61cfbd9b43a41df246bdcb757c7e53387f4c06d5a6,0.25071054697036743,heavy,75,e7f0d69e6a3b00c166322ecad23a03296ad2fd3a64cdc461ca2280b2abd16b63,-1,False,0,200000,test,249,False
initial,f28177af37383574de47cb61cfbd9b43a41df246bdcb757c7e53387f4c06d5a6,0.5346502661705017,heavy,76,4304e5b04fea123e106f828325673692bb247132e3e404e05a6dbca4bc0df9df,-1,False,0,200000,test,249,False
initial,f28177af37383574de47cb61cfbd9b43a41df246bdcb757c7e53387f4c06d5a6,0.25079289078712463,heavy,77,1b9bf2129f999c669e0425e2409918837e474896cfed98cef362b5be87588769,-1,False,0,200000,test,249,False
initial,f28177af37383574de47cb61cfbd9b43a41df246bdcb757c7e53387f4c06d5a6,0.46137312054634094,heavy,78,6d22199e7b130fef9473eac3e79ec6a3ed0dbc730b4d083c8b5c72f5b39cdeb7,-1,False,0,200000,test,249,False
initial,f28177af37383574de47cb61cfbd9b43a41df246bdcb757c7e53387f4c06d5a6,0.5079280734062195,heavy,79,99f26d6cb00d9aa1160b35f509beab9262ff8a632328e3c60f48afec288e408c,-1,False,0,200000,test,249,False
initial,f28177af37383574de47cb61cfbd9b43a41df246bdcb757c7e53387f4c06d5a6,0.5607602000236511,heavy,80,4797fb72f166ae23e949f8d11577ec7cc4b0614fedf638d17e6660e17c6d13c7,-1,False,0,200000,test,249,False
initial,f28177af37383574de47cb61cfbd9b43a41df246bdcb757c7e53387f4c06d5a6,0.30532708764076233,heavy,81,1ff366fecd976db6ff3a241e2145633a75b4efbb3a1853679cc678d4b95c9f7b,-1,False,0,200000,test,249,False
initial,f28177af37383574de47cb61cfbd9b43a41df246bdcb757c7e53387f4c06d5a6,0.2384931892156601,heavy,82,1ace284355e86edac562c13137e747bd8249132cdad005cec9ac11bf6643c9fe,-1,False,0,200000,test,249,False
initial,f28177af37383574de47cb61cfbd9b43a41df246bdcb757c7e53387f4c06d5a6,0.22767774760723114,heavy,83,a2058059d1d163ec4b01d18c5a56f44bada279b5ebd5a1ac9e885aed7c49a6f6,-1,False,0,200000,test,249,False
initial,f28177af37383574de47cb61cfbd9b43a41df246bdcb757c7e53387f4c06d5a6,0.43479835987091064,heavy,84,e372d694ade33ddfe45b4d8d081c749c2d7e6cc56208457bb98eccd23e9d7590,-1,False,0,200000,test,249,False
initial,f28177af37383574de47cb61cfbd9b43a41df246bdcb757c7e53387f4c06d5a6,0.32791903614997864,heavy,85,81ebfc8d82e39804d11c7a30e022d7e9f33dff61009eb1decab78c1c9853bd0a,-1,False,0,200000,test,249,False
initial,f28177af37383574de47cb61cfbd9b43a41df246bdcb757c7e53387f4c06d5a6,0.37888413667678833,heavy,86,2ec7d5d48492dbbb6de2cb23a5982f3faf0f2caac56d6646194e06025ffd118a,-1,False,0,200000,test,249,False
initial,f28177af37383574de47cb61cfbd9b43a41df246bdcb757c7e53387f4c06d5a6,0.5395696759223938,heavy,87,cc490f6f3a60e2257b5c08db1f281be41b1e61669e2920bbbf915951b1f9dd09,-1,False,0,200000,test,249,False
initial,f28177af37383574de47cb61cfbd9b43a41df246bdcb757c7e53387f4c06d5a6,0.3339294493198395,heavy,88,a1873710ede77fb581b50bd45afbcdb8e2216a7bac73d8ffdf30cda2847b2fb6,-1,False,0,200000,test,249,False
initial,f28177af37383574de47cb61cfbd9b43a41df246bdcb757c7e53387f4c06d5a6,0.30656373500823975,heavy,89,8cd07364c6977efdcbeab7ea8afe7d342b2fa0b001454a94f36729313b5d3206,-1,False,0,200000,test,249,False
initial,f28177af37383574de47cb61cfbd9b43a41df246bdcb757c7e53387f4c06d5a6,0.38267698884010315,heavy,90,4aff7910bb302aeb728a0676a77ce4ed79066eb4c2c2672d07f42a2e4859cb1e,-1,False,0,200000,test,249,False
initial,f28177af37383574de47cb61cfbd9b43a41df246bdcb757c7e53387f4c06d5a6,0.3318375051021576,heavy,91,0f43e8358ba9b96380db8ef1085b5a979dcb8edacfe1df4135c5197a9ca140ad,-1,False,0,200000,test,249,False
initial,f28177af37383574de47cb61cfbd9b43a41df246bdcb757c7e53387f4c06d5a6,0.440966933965683,heavy,92,c7fbf06eb9f7a3ff449891278c75371a05bbeda44a3a78c0629ee5536c25fd29,-1,False,0,200000,test,249,False
initial,f28177af37383574de47cb61cfbd9b43a41df246bdcb757c7e53387f4c06d5a6,0.2165585607290268,heavy,93,eeef6dbd599f4dab6f6ab2b5a46e4fd4ff7ad737a50a998ccfa0b344aa633647,-1,False,0,200000,test,249,False
initial,f28177af37383574de47cb61cfbd9b43a41df246bdcb757c7e53387f4c06d5a6,0.3549533784389496,heavy,94,ab37c57c123156fde8e6b86b5f0a777a7fd18f6042f6b0d169cb66db6026a6be,-1,False,0,200000,test,249,False
initial,f28177af37383574de47cb61cfbd9b43a41df246bdcb757c7e53387f4c06d5a6,0.38667821884155273,heavy,95,bdec9935f649d9202a5bb541d402d99b3054f2e13735af5c27c645c7720ec6a6,-1,False,0,200000,test,249,False
initial,f28177af37383574de47cb61cfbd9b43a41df246bdcb757c7e53387f4c06d5a6,0.5550370812416077,heavy,96,77a4cb4293f6536253aa3b66162bc929474a5fdda41df92aafa1ce2fb2b54f2f,-1,False,0,200000,test,249,False
initial,f28177af37383574de47cb61cfbd9b43a41df246bdcb757c7e53387f4c06d5a6,0.3332008421421051,heavy,97,05dc74adcf4c2c331cd6976dbc6e523a478ec2bb46b0a059bf409e2b6ab8380d,-1,False,0,200000,test,249,False
initial,f28177af37383574de47cb61cfbd9b43a41df246bdcb757c7e53387f4c06d5a6,0.5360350012779236,heavy,98,9614a090a384d03c1ba35ed51c8a761be752edb2c656aa96e536442b4623fbb4,-1,False,0,200000,test,249,False
initial,f28177af37383574de47cb61cfbd9b43a41df246bdcb757c7e53387f4c06d5a6,0.3861216902732849,heavy,99,3ebcb8b16e457dee44285c20766d816a9270123bfc42336c2ad468f1648e826a,-1,False,0,200000,test,249,False
initial,f28177af37383574de47cb61cfbd9b43a41df246bdcb757c7e53387f4c06d5a6,0.44528728723526,heavy,100,d728faeae13a0dfb8614d6ec5fa83d9d01926528230d1e4a7515dd991253d44e,-1,False,0,200000,test,249,False
initial,f28177af37383574de47cb61cfbd9b43a41df246bdcb757c7e53387f4c06d5a6,0.44722840189933777,heavy,101,b3aaaf7fb53fe114bd0f4f914ec6f63604a4dea9ef1d10a6f5f38a414c506e23,-1,False,0,200000,test,249,False
initial,f28177af37383574de47cb61cfbd9b43a41df246bdcb757c7e53387f4c06d5a6,0.344473272562027,heavy,102,d6db2e91ecde8bce14994a00eceb6fa355862d95b278a48d9c674733b6a11a93,-1,False,0,200000,test,249,False
initial,f28177af37383574de47cb61cfbd9b43a41df246bdcb757c7e53387f4c06d5a6,0.4158565104007721,heavy,103,ad6e487c79125208299f08c8928735d89b232ce06ab0c9f172e1700257dec3ba,-1,False,0,200000,test,249,False
initial,f28177af37383574de47cb61cfbd9b43a41df246bdcb757c7e53387f4c06d5a6,0.26864370703697205,heavy,104,171f1e8fd988107483be3198d6169967413aa437441cb2af38aad4e6c0c29d2b,-1,False,0,200000,test,249,False
initial,f28177af37383574de47cb61cfbd9b43a41df246bdcb757c7e53387f4c06d5a6,0.3751735985279083,heavy,105,d4fbe59ca1b5e23829a2ca0a390942ce8c43359e645fcf61a496b0bde1b8b242,-1,False,0,200000,test,249,False
initial,f28177af37383574de47cb61cfbd9b43a41df246bdcb757c7e53387f4c06d5a6,0.420968234539032,heavy,106,16bda64c3ed4b2a7125ea60381352cdd9795eb598a2e41f9a0c90472667b9049,-1,False,0,200000,test,249,False
initial,f28177af37383574de47cb61cfbd9b43a41df246bdcb757c7e53387f4c06d5a6,0.35247430205345154,heavy,107,abda65d3f8967994841853f88cd921111e3fbcf69daa542cc27e8d12a27b78ff,-1,False,0,200000,test,249,False
initial,f28177af37383574de47cb61cfbd9b43a41df246bdcb757c7e53387f4c06d5a6,0.29883772134780884,heavy,108,5bf0c262a762fff765bad21aa5ff21a650118083af7b57a0c8e5a107486f8502,-1,False,0,200000,test,249,False
initial,f28177af37383574de47cb61cfbd9b43a41df246bdcb757c7e53387f4c06d5a6,0.4130270481109619,heavy,109,5f3fa1ec1db3997ad3c80179949f22956b2a3eabd56590eed2201753ad0b8785,-1,False,0,200000,test,249,False
initial,f28177af37383574de47cb61cfbd9b43a41df246bdcb757c7e53387f4c06d5a6,0.30002734065055847,heavy,110,043178d9c2e751ba923dc4246946ce8cd9085b9cd92fe45e70317d48179bce16,-1,False,0,200000,test,249,False
initial,f28177af37383574de47cb61cfbd9b43a41df246bdcb757c7e53387f4c06d5a6,0.33910369873046875,heavy,111,4155b638520a37687a7decb0e0ac3fc027a3c905cfc1c4b5a95d92c95feed3fb,-1,False,0,200000,test,249,False
initial,f28177af37383574de47cb61cfbd9b43a41df246bdcb757c7e53387f4c06d5a6,0.3436262309551239,heavy,112,69e62f621f40d6b6316746f9e28263ae9a9e3f68871fa02d9246df8190593f15,-1,False,0,200000,test,249,False
initial,f28177af37383574de47cb61cfbd9b43a41df246bdcb757c7e53387f4c06d5a6,0.4278947710990906,heavy,113,8d61bebf893886b35fc9822c412ba22c1e1f20cc359d68cb7e1ccec8e1880490,-1,False,0,200000,test,249,False
initial,f28177af37383574de47cb61cfbd9b43a41df246bdcb757c7e53387f4c06d5a6,0.459807813167572,heavy,114,af01fd6e11d268d4fcfc223731a2518813a51b9e6320c707f262dbddfa6a06b6,-1,False,0,200000,test,249,False
initial,f28177af37383574de47cb61cfbd9b43a41df246bdcb757c7e53387f4c06d5a6,0.32311615347862244,heavy,115,687e231d91f53a4978947b46d60667357734722c526fa2a816df4dc5dcea3922,-1,False,0,200000,test,249,False
initial,f28177af37383574de47cb61cfbd9b43a41df246bdcb757c7e53387f4c06d5a6,0.342756062746048,heavy,116,a687b62d73d62361cb77a82d90533f46dbbd3b507e0c449919cbc12c0671c15e,-1,False,0,200000,test,249,False
initial,f28177af37383574de47cb61cfbd9b43a41df246bdcb757c7e53387f4c06d5a6,0.37080681324005127,heavy,117,c1371f77a2e4a3dff1a6b2e0e8731c6be4ec3849db9ea1f8eccb80beba24f770,-1,False,0,200000,test,249,False
initial,f28177af37383574de47cb61cfbd9b43a41df246bdcb757c7e53387f4c06d5a6,0.3229905068874359,heavy,118,f416e408f0959d1c3540326f2aeb627b0dee0dcab8baa666562435161570aed5,-1,False,0,200000,test,249,False
initial,f28177af37383574de47cb61cfbd9b43a41df246bdcb757c7e53387f4c06d5a6,0.29962268471717834,heavy,119,782d6ff695cff66ddd1ce6bbdb72609507e294e056b608688a830bfc77a80928,-1,False,0,200000,test,249,False
initial,f28177af37383574de47cb61cfbd9b43a41df246bdcb757c7e53387f4c06d5a6,0.47831425070762634,heavy,120,d4c3ce95cf2bfbdc65b9285b985120a5914f8e6d31c88c56305fe55926b589ba,-1,False,0,200000,test,249,False
initial,f28177af37383574de47cb61cfbd9b43a41df246bdcb757c7e53387f4c06d5a6,0.20494315028190613,heavy,121,873fdf34e0ba5ce490935cbc65b233569f73dad143f2bee12f7081b792648119,-1,False,0,200000,test,249,False
initial,f28177af37383574de47cb61cfbd9b43a41df246bdcb757c7e53387f4c06d5a6,0.3811432719230652,heavy,122,3413699e394218a7a9f1b5077a6fbb87a8ce22c8505e03469888cd7de521bf38,-1,False,0,200000,test,249,False
initial,f28177af37383574de47cb61cfbd9b43a41df246bdcb757c7e53387f4c06d5a6,0.45890700817108154,heavy,123,c8ae1be88e9046dae3b49b993352b4965163dade87926f37fc8684682ddbf175,-1,False,0,200000,test,249,False
initial,f28177af37383574de47cb61cfbd9b43a41df246bdcb757c7e53387f4c06d5a6,0.3867407441139221,heavy,124,63cfeca31fe99cb8c7f2a42e8e020136d4a9814d579258b61934dd4b8d0c3e3b,-1,False,0,200000,test,249,False
initial,f28177af37383574de47cb61cfbd9b43a41df246bdcb757c7e53387f4c06d5a6,0.5708930492401123,heavy,125,a61f5ff0e9fa1133de9c0c75f1c2fb95baaa172b0d1da1561259cd14a90ac00f,-1,False,0,200000,test,249,False
initial,f28177af37383574de47cb61cfbd9b43a41df246bdcb757c7e53387f4c06d5a6,0.5950915217399597,heavy,126,1b7d8544bfc1139c6bfb56c53bb05cab7a8abd517fe3480928cee8888874c1b2,-1,False,0,200000,test,249,False
initial,f28177af37383574de47cb61cfbd9b43a41df246bdcb757c7e53387f4c06d5a6,0.41691845655441284,heavy,127,7f890b90f22e11a29f4dfc80b0c9794493d87146b921f15111b45bfca8308814,-1,False,0,200000,test,249,False
initial,f28177af37383574de47cb61cfbd9b43a41df246bdcb757c7e53387f4c06d5a6,0.5268933176994324,nominal,0,1006ac46f569c93f68480b650fdbf31326934d9305af5f9a0df24078570f38b4,-1,False,0,200000,test,249,False
initial,f28177af37383574de47cb61cfbd9b43a41df246bdcb757c7e53387f4c06d5a6,0.48653626441955566,nominal,1,6c6e91fb7d31ec5639a5e7f3834dfd0ea25b9f6d3215307f533aff9a778fa121,-1,False,0,200000,test,249,False
initial,f28177af37383574de47cb61cfbd9b43a41df246bdcb757c7e53387f4c06d5a6,0.3305014371871948,nominal,2,b383541d51cce864de8398bfa13b3ae106f704c54ad15f30693ec0879b66318f,-1,False,0,200000,test,249,False
initial,f28177af37383574de47cb61cfbd9b43a41df246bdcb757c7e53387f4c06d5a6,0.37520137429237366,nominal,3,92891ab106526cb96c087f32e7ee7093ec0f07c2c0f186409f4bd78980947027,-1,False,0,200000,test,249,False
initial,f28177af37383574de47cb61cfbd9b43a41df246bdcb757c7e53387f4c06d5a6,0.26559773087501526,nominal,4,0ce50e71de153a5a7dc52462f997c430406adff475f515b64e009f36ba7ecd60,-1,False,0,200000,test,249,False
initial,f28177af37383574de47cb61cfbd9b43a41df246bdcb757c7e53387f4c06d5a6,0.5261349678039551,nominal,5,23bbe389b02e67f3f18d7a172c7b1041d81fa4819f6384e628774d262df83a08,-1,False,0,200000,test,249,False
initial,f28177af37383574de47cb61cfbd9b43a41df246bdcb757c7e53387f4c06d5a6,0.3189770579338074,nominal,6,4c8d93f7b7dd25fa691c3c40ce968aa541e217eb214d9b6f721d1b6eabe6db82,-1,False,0,200000,test,249,False
initial,f28177af37383574de47cb61cfbd9b43a41df246bdcb757c7e53387f4c06d5a6,0.24856476485729218,nominal,7,d3b0361ac339d60c525726af499d4de1d2336a907a38302198501d75d64e5031,-1,False,0,200000,test,249,False
initial,f28177af37383574de47cb61cfbd9b43a41df246bdcb757c7e53387f4c06d5a6,0.3568238914012909,nominal,8,0fe94752beba95d6adc57053c4d6e911a6f658fc33452a2bc0452b7d198bec8d,-1,False,0,200000,test,249,False
initial,f28177af37383574de47cb61cfbd9b43a41df246bdcb757c7e53387f4c06d5a6,0.5765707492828369,nominal,9,020d42e18a81b2aa1688f5098e4987f612d4a38265f1cd871b15d807654d811b,-1,False,0,200000,test,249,False
initial,f28177af37383574de47cb61cfbd9b43a41df246bdcb757c7e53387f4c06d5a6,0.25057753920555115,nominal,10,fbbe93bb96a241421c543d45b53abf9787cbdc9eefcde2a0e83009f091e9c696,-1,False,0,200000,test,249,False
initial,f28177af37383574de47cb61cfbd9b43a41df246bdcb757c7e53387f4c06d5a6,0.4908672273159027,nominal,11,e7201a7cd4729dd5922ab715a15a85e026f02fde03acce04b948f8047cb07f36,-1,False,0,200000,test,249,False
initial,f28177af37383574de47cb61cfbd9b43a41df246bdcb757c7e53387f4c06d5a6,0.5299474000930786,nominal,12,17b00f472054d86e12dd4e2a148f60ff5b212d53529b292fe0c89e89ce32b921,-1,False,0,200000,test,249,False
initial,f28177af37383574de47cb61cfbd9b43a41df246bdcb757c7e53387f4c06d5a6,0.3380330502986908,nominal,13,d8763f997b16fda62370f05b3eac4f14116fe1a12a5355172468728f9659dc66,-1,False,0,200000,test,249,False
initial,f28177af37383574de47cb61cfbd9b43a41df246bdcb757c7e53387f4c06d5a6,0.3464921712875366,nominal,14,3e6330a9ae4cdd172643670198e572139c46d592018d86168cd8e94e5b914faf,-1,False,0,200000,test,249,False
initial,f28177af37383574de47cb61cfbd9b43a41df246bdcb757c7e53387f4c06d5a6,0.35648301243782043,nominal,15,b07878a684715e8a43f249daf8f0ec8a42903960bbd8cc16e38a5677c5ecba02,-1,False,0,200000,test,249,False
initial,f28177af37383574de47cb61cfbd9b43a41df246bdcb757c7e53387f4c06d5a6,0.36756375432014465,nominal,16,d9a4d2c50eb0f21abeccefc6a7650336254b214898a034afc0630cae77885a15,-1,False,0,200000,test,249,False
initial,f28177af37383574de47cb61cfbd9b43a41df246bdcb757c7e53387f4c06d5a6,0.266522079706192,nominal,17,e80da798aac25ec71c9549ed57244a29ddbef463df51d81b5657abeaaf277cec,-1,False,0,200000,test,249,False
initial,f28177af37383574de47cb61cfbd9b43a41df246bdcb757c7e53387f4c06d5a6,0.3362674415111542,nominal,18,3a3408357fc2d01619fd8c3ed07f7ba90de43ff8cba31e4bd811450d9283c03e,-1,False,0,200000,test,249,False
initial,f28177af37383574de47cb61cfbd9b43a41df246bdcb757c7e53387f4c06d5a6,0.345954567193985,nominal,19,466efe0e3ec20c227fe0d24dd343855524ade7e2f603010a4b7b774374a6cfcb,-1,False,0,200000,test,249,False
initial,f28177af37383574de47cb61cfbd9b43a41df246bdcb757c7e53387f4c06d5a6,0.5220325589179993,nominal,20,a41f67c545627cc3633a4f8b01351858f03c4ac8df8b18412db799f7af47b098,-1,False,0,200000,test,249,False
initial,f28177af37383574de47cb61cfbd9b43a41df246bdcb757c7e53387f4c06d5a6,0.26844310760498047,nominal,21,154671fae8a6ed40c4df9ba29a97c10f325bf85a2433de091361974955ac9838,-1,False,0,200000,test,249,False
initial,f28177af37383574de47cb61cfbd9b43a41df246bdcb757c7e53387f4c06d5a6,0.33489176630973816,nominal,22,dcb1b868d423c85ae2eabcbd624e14f11fde46d5d564487f665a978e12f3fa39,-1,False,0,200000,test,249,False
initial,f28177af37383574de47cb61cfbd9b43a41df246bdcb757c7e53387f4c06d5a6,0.5136358737945557,nominal,23,28309eb0cad85fd2186cc9308f83f91e1af688aacf3fe0015b80d75062e26f26,-1,False,0,200000,test,249,False
initial,f28177af37383574de47cb61cfbd9b43a41df246bdcb757c7e53387f4c06d5a6,0.22685885429382324,nominal,24,9b499542707aaec72301ff294d44ff2f3d8a011addc421f9257f8aefa0c11640,-1,False,0,200000,test,249,False
initial,f28177af37383574de47cb61cfbd9b43a41df246bdcb757c7e53387f4c06d5a6,0.6091908812522888,nominal,25,a61543bd631c5e45ed4bab1a99926aced18e04c0ce41fdc5a78d36fdd255a14e,-1,False,0,200000,test,249,False
initial,f28177af37383574de47cb61cfbd9b43a41df246bdcb757c7e53387f4c06d5a6,0.27157267928123474,nominal,26,7bc846ae43b5cbcf0891bfc04b9e5a6a972cdc6a5423c0ac36d1470b3c936b96,-1,False,0,200000,test,249,False
initial,f28177af37383574de47cb61cfbd9b43a41df246bdcb757c7e53387f4c06d5a6,0.43033266067504883,nominal,27,5c45ae94d4f9b11183715d0b4edd62025055f19da0e8593a9d156e6013403ce2,-1,False,0,200000,test,249,False
initial,f28177af37383574de47cb61cfbd9b43a41df246bdcb757c7e53387f4c06d5a6,0.34539103507995605,nominal,28,9e15cde33dbf7f54942180b5b22353b12b112ec17a20d73c5c8d8e75728ce772,-1,False,0,200000,test,249,False
initial,f28177af37383574de47cb61cfbd9b43a41df246bdcb757c7e53387f4c06d5a6,0.48903244733810425,nominal,29,11d62c1256d4c6da7059892a327ce1154900fd8aa0ea7c39991fce0764a00ec3,-1,False,0,200000,test,249,False
initial,f28177af37383574de47cb61cfbd9b43a41df246bdcb757c7e53387f4c06d5a6,0.43361690640449524,nominal,30,0e10457a7f3e547a85007dcc28e602d274bbbc5badf7405a696742cdebfee3c2,-1,False,0,200000,test,249,False
initial,f28177af37383574de47cb61cfbd9b43a41df246bdcb757c7e53387f4c06d5a6,0.33604902029037476,nominal,31,1c238bfac4aca4f2f8ee416c6ef99e62aca9ed5f8bbf832f1d15f742d2002460,-1,False,0,200000,test,249,False
initial,f28177af37383574de47cb61cfbd9b43a41df246bdcb757c7e53387f4c06d5a6,0.4367046654224396,nominal,32,e509a766c3f40f8d2f63f3fda33390b771d8423385254e931ddaffb4db985712,-1,False,0,200000,test,249,False
initial,f28177af37383574de47cb61cfbd9b43a41df246bdcb757c7e53387f4c06d5a6,0.5219456553459167,nominal,33,f2930f3a766816f70bdd184269c16945ecaa245aac4bacca8ddbb6b97812ab95,-1,False,0,200000,test,249,False
initial,f28177af37383574de47cb61cfbd9b43a41df246bdcb757c7e53387f4c06d5a6,0.3280859589576721,nominal,34,3fb4578d39e7ddb3577ff33251ede8e62931db0d38f70b07dcde57b5d88a198a,-1,False,0,200000,test,249,False
initial,f28177af37383574de47cb61cfbd9b43a41df246bdcb757c7e53387f4c06d5a6,0.4863607883453369,nominal,35,53612294420ed663f849f37dbd33fe4755782ba369daa40575ec9cbad47afdf1,-1,False,0,200000,test,249,False
initial,f28177af37383574de47cb61cfbd9b43a41df246bdcb757c7e53387f4c06d5a6,0.27949967980384827,nominal,36,720361ee52be951f5aefde8c073bb8fd9770c73ef3c06a0cd2ccf37f699f0885,-1,False,0,200000,test,249,False
initial,f28177af37383574de47cb61cfbd9b43a41df246bdcb757c7e53387f4c06d5a6,0.47429201006889343,nominal,37,76488ce6a6c1c520f19fbaffc611c8bfb22b448d446774452fd589fa1822ad10,-1,False,0,200000,test,249,False
initial,f28177af37383574de47cb61cfbd9b43a41df246bdcb757c7e53387f4c06d5a6,0.364657998085022,nominal,38,719bdc2b5150f5a70c89843eceeb269fd2b1c3ebcc41a7bbef501eef20f3bf22,-1,False,0,200000,test,249,False
initial,f28177af37383574de47cb61cfbd9b43a41df246bdcb757c7e53387f4c06d5a6,0.24874499440193176,nominal,39,f7aa7ae9186d7663db3cc2424e63c06de69bb2c4976fd66eaf8fea5f71892149,-1,False,0,200000,test,249,False
initial,f28177af37383574de47cb61cfbd9b43a41df246bdcb757c7e53387f4c06d5a6,0.4200812876224518,nominal,40,beb1997c7a8766f83d216a45b17cd418c009429dab21b25cc1dc1f0e2e3d3859,-1,False,0,200000,test,249,False
initial,f28177af37383574de47cb61cfbd9b43a41df246bdcb757c7e53387f4c06d5a6,0.4212871491909027,nominal,41,fa993d146333431150f436728262ec9eb359182e1f57a8f1506f40be6b0f8ae4,-1,False,0,200000,test,249,False
initial,f28177af37383574de47cb61cfbd9b43a41df246bdcb757c7e53387f4c06d5a6,0.2407333254814148,nominal,42,8ed80f3752349f6c9c518720859b8dc8a87347e8cf3b25f272c8ee661aa9e1f5,-1,False,0,200000,test,249,False
initial,f28177af37383574de47cb61cfbd9b43a41df246bdcb757c7e53387f4c06d5a6,0.29051896929740906,nominal,43,3238e31a810c8c68c31f98381cc82f7a253f031052b77799daebe39110714e57,-1,False,0,200000,test,249,False
initial,f28177af37383574de47cb61cfbd9b43a41df246bdcb757c7e53387f4c06d5a6,0.4631820619106293,nominal,44,3fc05f66ad8cbc89df6e761c99565add28915f4fec8331e0f95d072bca634451,-1,False,0,200000,test,249,False
initial,f28177af37383574de47cb61cfbd9b43a41df246bdcb757c7e53387f4c06d5a6,0.5283924341201782,nominal,45,6975082383198d4e72859e029bf9a0c1d2d883243daf54f0524033c45908d390,-1,False,0,200000,test,249,False
initial,f28177af37383574de47cb61cfbd9b43a41df246bdcb757c7e53387f4c06d5a6,0.426204115152359,nominal,46,8a5fba441c0e9249bf5f70d7e8d2f21d53f688db2074b0207ddf8a070a847d1a,-1,False,0,200000,test,249,False
initial,f28177af37383574de47cb61cfbd9b43a41df246bdcb757c7e53387f4c06d5a6,0.43645042181015015,nominal,47,86c702398cf9c83c765d3061b41bda5da976271f9f595b1b2a618b76f59d36b5,-1,False,0,200000,test,249,False
initial,f28177af37383574de47cb61cfbd9b43a41df246bdcb757c7e53387f4c06d5a6,0.480234831571579,nominal,48,7af3d925fae0c3c751cc1218deac7fa3819409a968c312ab7e76a4f78278c6c5,-1,False,0,200000,test,249,False
initial,f28177af37383574de47cb61cfbd9b43a41df246bdcb757c7e53387f4c06d5a6,0.5038239359855652,nominal,49,a143d7774578772618880f396a605b63614255bdbfb7e73c7c27baa6b2dab068,-1,False,0,200000,test,249,False
initial,f28177af37383574de47cb61cfbd9b43a41df246bdcb757c7e53387f4c06d5a6,0.26578494906425476,nominal,50,f518f5d8a9af7448386787e6208b320a572486bb07fb9e82a17c32a67a8c6e29,-1,False,0,200000,test,249,False
initial,f28177af37383574de47cb61cfbd9b43a41df246bdcb757c7e53387f4c06d5a6,0.26241540908813477,nominal,51,8167e1105624e5c3e76f4562fd0cc239d7b8b2b43897133a32604c50974b0bad,-1,False,0,200000,test,249,False
initial,f28177af37383574de47cb61cfbd9b43a41df246bdcb757c7e53387f4c06d5a6,0.34792280197143555,nominal,52,68914e3446a0eedb9db819521cb9bd1c1b6022c01eb53b41c4f81e1a0caade6f,-1,False,0,200000,test,249,False
initial,f28177af37383574de47cb61cfbd9b43a41df246bdcb757c7e53387f4c06d5a6,0.37424415349960327,nominal,53,cb7cc07d7d10bad7fbf8139238534d0c3c5d7ee1cba0c9b47ec950175e462b52,-1,False,0,200000,test,249,False
initial,f28177af37383574de47cb61cfbd9b43a41df246bdcb757c7e53387f4c06d5a6,0.5215061902999878,nominal,54,3ef899140e78357fa148940bbc451d6521117c175c62a86d7d8853b15c1db267,-1,False,0,200000,test,249,False
initial,f28177af37383574de47cb61cfbd9b43a41df246bdcb757c7e53387f4c06d5a6,0.3783981502056122,nominal,55,c1714e8d391f50c92daf041f380ef0351fe5fec22c4fa903699d884bc7906fe2,-1,False,0,200000,test,249,False
initial,f28177af37383574de47cb61cfbd9b43a41df246bdcb757c7e53387f4c06d5a6,0.45887601375579834,nominal,56,20f2202fa1332d161f40574ee265310606d026cdd1a1463955da4b67a22ceb5f,-1,False,0,200000,test,249,False
initial,f28177af37383574de47cb61cfbd9b43a41df246bdcb757c7e53387f4c06d5a6,0.3473263382911682,nominal,57,d1adde525b52543389b2893d6f70f5e04ff9b55c235dc30d7a1a7c2c17a8e9ca,-1,False,0,200000,test,249,False
initial,f28177af37383574de47cb61cfbd9b43a41df246bdcb757c7e53387f4c06d5a6,0.442397803068161,nominal,58,c1a1da15715bc452e74f8132f8e075f5199608e314324788ba883d7d8f66474e,-1,False,0,200000,test,249,False
initial,f28177af37383574de47cb61cfbd9b43a41df246bdcb757c7e53387f4c06d5a6,0.3722318708896637,nominal,59,d7175c1cf9d66fbc03c9af040cfdfce84a56134d60c607754277f7d9a44053a7,-1,False,0,200000,test,249,False
initial,f28177af37383574de47cb61cfbd9b43a41df246bdcb757c7e53387f4c06d5a6,0.4046974778175354,nominal,60,c7ea1d672fb377c531b1ce319750b7eda4f5b12fed04000c9fc936039c67f1ea,-1,False,0,200000,test,249,False
initial,f28177af37383574de47cb61cfbd9b43a41df246bdcb757c7e53387f4c06d5a6,0.36760133504867554,nominal,61,210699a25e429d7817d4743456d34be8b6dfc161fb80435938378fa29b3e451e,-1,False,0,200000,test,249,False
initial,f28177af37383574de47cb61cfbd9b43a41df246bdcb757c7e53387f4c06d5a6,0.27960142493247986,nominal,62,9e5c3a669783f4c24f406042fd7ad3005f8396c6b0302e470b4e8ffd5df03655,-1,False,0,200000,test,249,False
initial,f28177af37383574de47cb61cfbd9b43a41df246bdcb757c7e53387f4c06d5a6,0.4668577015399933,nominal,63,1943fbc8ee86a753fe36ec17d5559e8c4412c7fc66dc3a497fdf101f575181a2,-1,False,0,200000,test,249,False
initial,f28177af37383574de47cb61cfbd9b43a41df246bdcb757c7e53387f4c06d5a6,0.3664209246635437,nominal,64,d47ccd7dbca953081c48b3ed3143d6b0a80fcf2cdcd170a0dbc633c7608a0886,-1,False,0,200000,test,249,False
initial,f28177af37383574de47cb61cfbd9b43a41df246bdcb757c7e53387f4c06d5a6,0.2759148180484772,nominal,65,38f998a161f86bc5e351ec4a8d0c448d84af5742bfe9dbc86573ef073a06e80d,-1,False,0,200000,test,249,False
initial,f28177af37383574de47cb61cfbd9b43a41df246bdcb757c7e53387f4c06d5a6,0.5148142576217651,nominal,66,afce72db834e1b9f5595ead1ecb6027a712678c2d9b0f3da010a6b3cf644aa9f,-1,False,0,200000,test,249,False
initial,f28177af37383574de47cb61cfbd9b43a41df246bdcb757c7e53387f4c06d5a6,0.3404257893562317,nominal,67,91a57c9faecc15833c92e04acdf09535fae208aacb93f68aa20f574883cad8fa,-1,False,0,200000,test,249,False
initial,f28177af37383574de47cb61cfbd9b43a41df246bdcb757c7e53387f4c06d5a6,0.4271341860294342,nominal,68,48b45ff817dc56db16b184dd88f26a376d460f69093e237f24a4d6d7744bdea9,-1,False,0,200000,test,249,False
initial,f28177af37383574de47cb61cfbd9b43a41df246bdcb757c7e53387f4c06d5a6,0.2526403069496155,nominal,69,1ff6fa05c5d2a3044de00bd98d8803f2ad5ddb13f97201d468110bba89f8f095,-1,False,0,200000,test,249,False
initial,f28177af37383574de47cb61cfbd9b43a41df246bdcb757c7e53387f4c06d5a6,0.3763953447341919,nominal,70,68f84e890ee756fb375bafd3a10dee54284210dfba712e8a3367249e145ac701,-1,False,0,200000,test,249,False
initial,f28177af37383574de47cb61cfbd9b43a41df246bdcb757c7e53387f4c06d5a6,0.3704914152622223,nominal,71,a2ce5abb873866ad8b5f79398586bd073fad3e68148978388a6d2a99bfabc9dc,-1,False,0,200000,test,249,False
initial,f28177af37383574de47cb61cfbd9b43a41df246bdcb757c7e53387f4c06d5a6,0.37665432691574097,nominal,72,95c60544869e809da3ca8d21dbab8d5da96c20d9fa401fdf1af352b4ad037c71,-1,False,0,200000,test,249,False
initial,f28177af37383574de47cb61cfbd9b43a41df246bdcb757c7e53387f4c06d5a6,0.4787905812263489,nominal,73,86b37d5efd76d46cade13612868ca6671988d786c61b4fb132d6a2da467aa063,-1,False,0,200000,test,249,False
initial,f28177af37383574de47cb61cfbd9b43a41df246bdcb757c7e53387f4c06d5a6,0.4065781235694885,nominal,74,a6cb53189d8a0fcde26b0cc4d7f65ca6fa4e103cf1c438a53cb7a4596b32251a,-1,False,0,200000,test,249,False
initial,f28177af37383574de47cb61cfbd9b43a41df246bdcb757c7e53387f4c06d5a6,0.25071054697036743,nominal,75,e7f0d69e6a3b00c166322ecad23a03296ad2fd3a64cdc461ca2280b2abd16b63,-1,False,0,200000,test,249,False
initial,f28177af37383574de47cb61cfbd9b43a41df246bdcb757c7e53387f4c06d5a6,0.5346502661705017,nominal,76,4304e5b04fea123e106f828325673692bb247132e3e404e05a6dbca4bc0df9df,-1,False,0,200000,test,249,False
initial,f28177af37383574de47cb61cfbd9b43a41df246bdcb757c7e53387f4c06d5a6,0.25079289078712463,nominal,77,1b9bf2129f999c669e0425e2409918837e474896cfed98cef362b5be87588769,-1,False,0,200000,test,249,False
initial,f28177af37383574de47cb61cfbd9b43a41df246bdcb757c7e53387f4c06d5a6,0.46137312054634094,nominal,78,6d22199e7b130fef9473eac3e79ec6a3ed0dbc730b4d083c8b5c72f5b39cdeb7,-1,False,0,200000,test,249,False
initial,f28177af37383574de47cb61cfbd9b43a41df246bdcb757c7e53387f4c06d5a6,0.5079280734062195,nominal,79,99f26d6cb00d9aa1160b35f509beab9262ff8a632328e3c60f48afec288e408c,-1,False,0,200000,test,249,False
initial,f28177af37383574de47cb61cfbd9b43a41df246bdcb757c7e53387f4c06d5a6,0.5607602000236511,nominal,80,4797fb72f166ae23e949f8d11577ec7cc4b0614fedf638d17e6660e17c6d13c7,-1,False,0,200000,test,249,False
initial,f28177af37383574de47cb61cfbd9b43a41df246bdcb757c7e53387f4c06d5a6,0.30532708764076233,nominal,81,1ff366fecd976db6ff3a241e2145633a75b4efbb3a1853679cc678d4b95c9f7b,-1,False,0,200000,test,249,False
initial,f28177af37383574de47cb61cfbd9b43a41df246bdcb757c7e53387f4c06d5a6,0.2384931892156601,nominal,82,1ace284355e86edac562c13137e747bd8249132cdad005cec9ac11bf6643c9fe,-1,False,0,200000,test,249,False
initial,f28177af37383574de47cb61cfbd9b43a41df246bdcb757c7e53387f4c06d5a6,0.22767774760723114,nominal,83,a2058059d1d163ec4b01d18c5a56f44bada279b5ebd5a1ac9e885aed7c49a6f6,-1,False,0,200000,test,249,False
initial,f28177af37383574de47cb61cfbd9b43a41df246bdcb757c7e53387f4c06d5a6,0.43479835987091064,nominal,84,e372d694ade33ddfe45b4d8d081c749c2d7e6cc56208457bb98eccd23e9d7590,-1,False,0,200000,test,249,False
initial,f28177af37383574de47cb61cfbd9b43a41df246bdcb757c7e53387f4c06d5a6,0.32791903614997864,nominal,85,81ebfc8d82e39804d11c7a30e022d7e9f33dff61009eb1decab78c1c9853bd0a,-1,False,0,200000,test,249,False
initial,f28177af37383574de47cb61cfbd9b43a41df246bdcb757c7e53387f4c06d5a6,0.37888413667678833,nominal,86,2ec7d5d48492dbbb6de2cb23a5982f3faf0f2caac56d6646194e06025ffd118a,-1,False,0,200000,test,249,False
initial,f28177af37383574de47cb61cfbd9b43a41df246bdcb757c7e53387f4c06d5a6,0.5395696759223938,nominal,87,cc490f6f3a60e2257b5c08db1f281be41b1e61669e2920bbbf915951b1f9dd09,-1,False,0,200000,test,249,False
initial,f28177af37383574de47cb61cfbd9b43a41df246bdcb757c7e53387f4c06d5a6,0.3339294493198395,nominal,88,a1873710ede77fb581b50bd45afbcdb8e2216a7bac73d8ffdf30cda2847b2fb6,-1,False,0,200000,test,249,False
initial,f28177af37383574de47cb61cfbd9b43a41df246bdcb757c7e53387f4c06d5a6,0.30656373500823975,nominal,89,8cd07364c6977efdcbeab7ea8afe7d342b2fa0b001454a94f36729313b5d3206,-1,False,0,200000,test,249,False
initial,f28177af37383574de47cb61cfbd9b43a41df246bdcb757c7e53387f4c06d5a6,0.38267698884010315,nominal,90,4aff7910bb302aeb728a0676a77ce4ed79066eb4c2c2672d07f42a2e4859cb1e,-1,False,0,200000,test,249,False
initial,f28177af37383574de47cb61cfbd9b43a41df246bdcb757c7e53387f4c06d5a6,0.3318375051021576,nominal,91,0f43e8358ba9b96380db8ef1085b5a979dcb8edacfe1df4135c5197a9ca140ad,-1,False,0,200000,test,249,False
initial,f28177af37383574de47cb61cfbd9b43a41df246bdcb757c7e53387f4c06d5a6,0.440966933965683,nominal,92,c7fbf06eb9f7a3ff449891278c75371a05bbeda44a3a78c0629ee5536c25fd29,-1,False,0,200000,test,249,False
initial,f28177af37383574de47cb61cfbd9b43a41df246bdcb757c7e53387f4c06d5a6,0.2165585607290268,nominal,93,eeef6dbd599f4dab6f6ab2b5a46e4fd4ff7ad737a50a998ccfa0b344aa633647,-1,False,0,200000,test,249,False
initial,f28177af37383574de47cb61cfbd9b43a41df246bdcb757c7e53387f4c06d5a6,0.3549533784389496,nominal,94,ab37c57c123156fde8e6b86b5f0a777a7fd18f6042f6b0d169cb66db6026a6be,-1,False,0,200000,test,249,False
initial,f28177af37383574de47cb61cfbd9b43a41df246bdcb757c7e53387f4c06d5a6,0.38667821884155273,nominal,95,bdec9935f649d9202a5bb541d402d99b3054f2e13735af5c27c645c7720ec6a6,-1,False,0,200000,test,249,False
initial,f28177af37383574de47cb61cfbd9b43a41df246bdcb757c7e53387f4c06d5a6,0.5550370812416077,nominal,96,77a4cb4293f6536253aa3b66162bc929474a5fdda41df92aafa1ce2fb2b54f2f,-1,False,0,200000,test,249,False
initial,f28177af37383574de47cb61cfbd9b43a41df246bdcb757c7e53387f4c06d5a6,0.3332008421421051,nominal,97,05dc74adcf4c2c331cd6976dbc6e523a478ec2bb46b0a059bf409e2b6ab8380d,-1,False,0,200000,test,249,False
initial,f28177af37383574de47cb61cfbd9b43a41df246bdcb757c7e53387f4c06d5a6,0.5360350012779236,nominal,98,9614a090a384d03c1ba35ed51c8a761be752edb2c656aa96e536442b4623fbb4,-1,False,0,200000,test,249,False
initial,f28177af37383574de47cb61cfbd9b43a41df246bdcb757c7e53387f4c06d5a6,0.3861216902732849,nominal,99,3ebcb8b16e457dee44285c20766d816a9270123bfc42336c2ad468f1648e826a,-1,False,0,200000,test,249,False
initial,f28177af37383574de47cb61cfbd9b43a41df246bdcb757c7e53387f4c06d5a6,0.44528728723526,nominal,100,d728faeae13a0dfb8614d6ec5fa83d9d01926528230d1e4a7515dd991253d44e,-1,False,0,200000,test,249,False
initial,f28177af37383574de47cb61cfbd9b43a41df246bdcb757c7e53387f4c06d5a6,0.44722840189933777,nominal,101,b3aaaf7fb53fe114bd0f4f914ec6f63604a4dea9ef1d10a6f5f38a414c506e23,-1,False,0,200000,test,249,False
initial,f28177af37383574de47cb61cfbd9b43a41df246bdcb757c7e53387f4c06d5a6,0.344473272562027,nominal,102,d6db2e91ecde8bce14994a00eceb6fa355862d95b278a48d9c674733b6a11a93,-1,False,0,200000,test,249,False
initial,f28177af37383574de47cb61cfbd9b43a41df246bdcb757c7e53387f4c06d5a6,0.4158565104007721,nominal,103,ad6e487c79125208299f08c8928735d89b232ce06ab0c9f172e1700257dec3ba,-1,False,0,200000,test,249,False
initial,f28177af37383574de47cb61cfbd9b43a41df246bdcb757c7e53387f4c06d5a6,0.26864370703697205,nominal,104,171f1e8fd988107483be3198d6169967413aa437441cb2af38aad4e6c0c29d2b,-1,False,0,200000,test,249,False
initial,f28177af37383574de47cb61cfbd9b43a41df246bdcb757c7e53387f4c06d5a6,0.3751735985279083,nominal,105,d4fbe59ca1b5e23829a2ca0a390942ce8c43359e645fcf61a496b0bde1b8b242,-1,False,0,200000,test,249,False
initial,f28177af37383574de47cb61cfbd9b43a41df246bdcb757c7e53387f4c06d5a6,0.420968234539032,nominal,106,16bda64c3ed4b2a7125ea60381352cdd9795eb598a2e41f9a0c90472667b9049,-1,False,0,200000,test,249,False
initial,f28177af37383574de47cb61cfbd9b43a41df246bdcb757c7e53387f4c06d5a6,0.35247430205345154,nominal,107,abda65d3f8967994841853f88cd921111e3fbcf69daa542cc27e8d12a27b78ff,-1,False,0,200000,test,249,False
initial,f28177af37383574de47cb61cfbd9b43a41df246bdcb757c7e53387f4c06d5a6,0.29883772134780884,nominal,108,5bf0c262a762fff765bad21aa5ff21a650118083af7b57a0c8e5a107486f8502,-1,False,0,200000,test,249,False
initial,f28177af37383574de47cb61cfbd9b43a41df246bdcb757c7e53387f4c06d5a6,0.4130270481109619,nominal,109,5f3fa1ec1db3997ad3c80179949f22956b2a3eabd56590eed2201753ad0b8785,-1,False,0,200000,test,249,False
initial,f28177af37383574de47cb61cfbd9b43a41df246bdcb757c7e53387f4c06d5a6,0.30002734065055847,nominal,110,043178d9c2e751ba923dc4246946ce8cd9085b9cd92fe45e70317d48179bce16,-1,False,0,200000,test,249,False
initial,f28177af37383574de47cb61cfbd9b43a41df246bdcb757c7e53387f4c06d5a6,0.33910369873046875,nominal,111,4155b638520a37687a7decb0e0ac3fc027a3c905cfc1c4b5a95d92c95feed3fb,-1,False,0,200000,test,249,False
initial,f28177af37383574de47cb61cfbd9b43a41df246bdcb757c7e53387f4c06d5a6,0.3436262309551239,nominal,112,69e62f621f40d6b6316746f9e28263ae9a9e3f68871fa02d9246df8190593f15,-1,False,0,200000,test,249,False
initial,f28177af37383574de47cb61cfbd9b43a41df246bdcb757c7e53387f4c06d5a6,0.4278947710990906,nominal,113,8d61bebf893886b35fc9822c412ba22c1e1f20cc359d68cb7e1ccec8e1880490,-1,False,0,200000,test,249,False
initial,f28177af37383574de47cb61cfbd9b43a41df246bdcb757c7e53387f4c06d5a6,0.459807813167572,nominal,114,af01fd6e11d268d4fcfc223731a2518813a51b9e6320c707f262dbddfa6a06b6,-1,False,0,200000,test,249,False
initial,f28177af37383574de47cb61cfbd9b43a41df246bdcb757c7e53387f4c06d5a6,0.32311615347862244,nominal,115,687e231d91f53a4978947b46d60667357734722c526fa2a816df4dc5dcea3922,-1,False,0,200000,test,249,False
initial,f28177af37383574de47cb61cfbd9b43a41df246bdcb757c7e53387f4c06d5a6,0.342756062746048,nominal,116,a687b62d73d62361cb77a82d90533f46dbbd3b507e0c449919cbc12c0671c15e,-1,False,0,200000,test,249,False
initial,f28177af37383574de47cb61cfbd9b43a41df246bdcb757c7e53387f4c06d5a6,0.37080681324005127,nominal,117,c1371f77a2e4a3dff1a6b2e0e8731c6be4ec3849db9ea1f8eccb80beba24f770,-1,False,0,200000,test,249,False
initial,f28177af37383574de47cb61cfbd9b43a41df246bdcb757c7e53387f4c06d5a6,0.3229905068874359,nominal,118,f416e408f0959d1c3540326f2aeb627b0dee0dcab8baa666562435161570aed5,-1,False,0,200000,test,249,False
initial,f28177af37383574de47cb61cfbd9b43a41df246bdcb757c7e53387f4c06d5a6,0.29962268471717834,nominal,119,782d6ff695cff66ddd1ce6bbdb72609507e294e056b608688a830bfc77a80928,-1,False,0,200000,test,249,False
initial,f28177af37383574de47cb61cfbd9b43a41df246bdcb757c7e53387f4c06d5a6,0.47831425070762634,nominal,120,d4c3ce95cf2bfbdc65b9285b985120a5914f8e6d31c88c56305fe55926b589ba,-1,False,0,200000,test,249,False
initial,f28177af37383574de47cb61cfbd9b43a41df246bdcb757c7e53387f4c06d5a6,0.20494315028190613,nominal,121,873fdf34e0ba5ce490935cbc65b233569f73dad143f2bee12f7081b792648119,-1,False,0,200000,test,249,False
initial,f28177af37383574de47cb61cfbd9b43a41df246bdcb757c7e53387f4c06d5a6,0.3811432719230652,nominal,122,3413699e394218a7a9f1b5077a6fbb87a8ce22c8505e03469888cd7de521bf38,-1,False,0,200000,test,249,False
initial,f28177af37383574de47cb61cfbd9b43a41df246bdcb757c7e53387f4c06d5a6,0.45890700817108154,nominal,123,c8ae1be88e9046dae3b49b993352b4965163dade87926f37fc8684682ddbf175,-1,False,0,200000,test,249,False
initial,f28177af37383574de47cb61cfbd9b43a41df246bdcb757c7e53387f4c06d5a6,0.3867407441139221,nominal,124,63cfeca31fe99cb8c7f2a42e8e020136d4a9814d579258b61934dd4b8d0c3e3b,-1,False,0,200000,test,249,False
initial,f28177af37383574de47cb61cfbd9b43a41df246bdcb757c7e53387f4c06d5a6,0.5708930492401123,nominal,125,a61f5ff0e9fa1133de9c0c75f1c2fb95baaa172b0d1da1561259cd14a90ac00f,-1,False,0,200000,test,249,False
initial,f28177af37383574de47cb61cfbd9b43a41df246bdcb757c7e53387f4c06d5a6,0.5950915217399597,nominal,126,1b7d8544bfc1139c6bfb56c53bb05cab7a8abd517fe3480928cee8888874c1b2,-1,False,0,200000,test,249,False
initial,f28177af37383574de47cb61cfbd9b43a41df246bdcb757c7e53387f4c06d5a6,0.41691845655441284,nominal,127,7f890b90f22e11a29f4dfc80b0c9794493d87146b921f15111b45bfca8308814,-1,False,0,200000,test,249,False
initial,f28177af37383574de47cb61cfbd9b43a41df246bdcb757c7e53387f4c06d5a6,0.5268933176994324,slippery,0,1006ac46f569c93f68480b650fdbf31326934d9305af5f9a0df24078570f38b4,-1,False,0,200000,test,249,False
initial,f28177af37383574de47cb61cfbd9b43a41df246bdcb757c7e53387f4c06d5a6,0.48653626441955566,slippery,1,6c6e91fb7d31ec5639a5e7f3834dfd0ea25b9f6d3215307f533aff9a778fa121,-1,False,0,200000,test,249,False
initial,f28177af37383574de47cb61cfbd9b43a41df246bdcb757c7e53387f4c06d5a6,0.3305014371871948,slippery,2,b383541d51cce864de8398bfa13b3ae106f704c54ad15f30693ec0879b66318f,-1,False,0,200000,test,249,False
initial,f28177af37383574de47cb61cfbd9b43a41df246bdcb757c7e53387f4c06d5a6,0.37520137429237366,slippery,3,92891ab106526cb96c087f32e7ee7093ec0f07c2c0f186409f4bd78980947027,-1,False,0,200000,test,249,False
initial,f28177af37383574de47cb61cfbd9b43a41df246bdcb757c7e53387f4c06d5a6,0.26559773087501526,slippery,4,0ce50e71de153a5a7dc52462f997c430406adff475f515b64e009f36ba7ecd60,-1,False,0,200000,test,249,False
initial,f28177af37383574de47cb61cfbd9b43a41df246bdcb757c7e53387f4c06d5a6,0.5261349678039551,slippery,5,23bbe389b02e67f3f18d7a172c7b1041d81fa4819f6384e628774d262df83a08,-1,False,0,200000,test,249,False
initial,f28177af37383574de47cb61cfbd9b43a41df246bdcb757c7e53387f4c06d5a6,0.3189770579338074,slippery,6,4c8d93f7b7dd25fa691c3c40ce968aa541e217eb214d9b6f721d1b6eabe6db82,-1,False,0,200000,test,249,False
initial,f28177af37383574de47cb61cfbd9b43a41df246bdcb757c7e53387f4c06d5a6,0.24856476485729218,slippery,7,d3b0361ac339d60c525726af499d4de1d2336a907a38302198501d75d64e5031,-1,False,0,200000,test,249,False
initial,f28177af37383574de47cb61cfbd9b43a41df246bdcb757c7e53387f4c06d5a6,0.3568238914012909,slippery,8,0fe94752beba95d6adc57053c4d6e911a6f658fc33452a2bc0452b7d198bec8d,-1,False,0,200000,test,249,False
initial,f28177af37383574de47cb61cfbd9b43a41df246bdcb757c7e53387f4c06d5a6,0.5765707492828369,slippery,9,020d42e18a81b2aa1688f5098e4987f612d4a38265f1cd871b15d807654d811b,-1,False,0,200000,test,249,False
initial,f28177af37383574de47cb61cfbd9b43a41df246bdcb757c7e53387f4c06d5a6,0.25057753920555115,slippery,10,fbbe93bb96a241421c543d45b53abf9787cbdc9eefcde2a0e83009f091e9c696,-1,False,0,200000,test,249,False
initial,f28177af37383574de47cb61cfbd9b43a41df246bdcb757c7e53387f4c06d5a6,0.4908672273159027,slippery,11,e7201a7cd4729dd5922ab715a15a85e026f02fde03acce04b948f8047cb07f36,-1,False,0,200000,test,249,False
initial,f28177af37383574de47cb61cfbd9b43a41df246bdcb757c7e53387f4c06d5a6,0.5299474000930786,slippery,12,17b00f472054d86e12dd4e2a148f60ff5b212d53529b292fe0c89e89ce32b921,-1,False,0,200000,test,249,False
initial,f28177af37383574de47cb61cfbd9b43a41df246bdcb757c7e53387f4c06d5a6,0.3380330502986908,slippery,13,d8763f997b16fda62370f05b3eac4f14116fe1a12a5355172468728f9659dc66,-1,False,0,200000,test,249,False
initial,f28177af37383574de47cb61cfbd9b43a41df246bdcb757c7e53387f4c06d5a6,0.3464921712875366,slippery,14,3e6330a9ae4cdd172643670198e572139c46d592018d86168cd8e94e5b914faf,-1,False,0,200000,test,249,False
initial,f28177af37383574de47cb61cfbd9b43a41df246bdcb757c7e53387f4c06d5a6,0.35648301243782043,slippery,15,b07878a684715e8a43f249daf8f0ec8a42903960bbd8cc16e38a5677c5ecba02,-1,False,0,200000,test,249,False
initial,f28177af37383574de47cb61cfbd9b43a41df246bdcb757c7e53387f4c06d5a6,0.36756375432014465,slippery,16,d9a4d2c50eb0f21abeccefc6a7650336254b214898a034afc0630cae77885a15,-1,False,0,200000,test,249,False
initial,f28177af37383574de47cb61cfbd9b43a41df246bdcb757c7e53387f4c06d5a6,0.266522079706192,slippery,17,e80da798aac25ec71c9549ed57244a29ddbef463df51d81b5657abeaaf277cec,-1,False,0,200000,test,249,False
initial,f28177af37383574de47cb61cfbd9b43a41df246bdcb757c7e53387f4c06d5a6,0.3362674415111542,slippery,18,3a3408357fc2d01619fd8c3ed07f7ba90de43ff8cba31e4bd811450d9283c03e,-1,False,0,200000,test,249,False
initial,f28177af37383574de47cb61cfbd9b43a41df246bdcb757c7e53387f4c06d5a6,0.345954567193985,slippery,19,466efe0e3ec20c227fe0d24dd343855524ade7e2f603010a4b7b774374a6cfcb,-1,False,0,200000,test,249,False
initial,f28177af37383574de47cb61cfbd9b43a41df246bdcb757c7e53387f4c06d5a6,0.5220325589179993,slippery,20,a41f67c545627cc3633a4f8b01351858f03c4ac8df8b18412db799f7af47b098,-1,False,0,200000,test,249,False
initial,f28177af37383574de47cb61cfbd9b43a41df246bdcb757c7e53387f4c06d5a6,0.26844310760498047,slippery,21,154671fae8a6ed40c4df9ba29a97c10f325bf85a2433de091361974955ac9838,-1,False,0,200000,test,249,False
initial,f28177af37383574de47cb61cfbd9b43a41df246bdcb757c7e53387f4c06d5a6,0.33489176630973816,slippery,22,dcb1b868d423c85ae2eabcbd624e14f11fde46d5d564487f665a978e12f3fa39,-1,False,0,200000,test,249,False
initial,f28177af37383574de47cb61cfbd9b43a41df246bdcb757c7e53387f4c06d5a6,0.5136358737945557,slippery,23,28309eb0cad85fd2186cc9308f83f91e1af688aacf3fe0015b80d75062e26f26,-1,False,0,200000,test,249,False
initial,f28177af37383574de47cb61cfbd9b43a41df246bdcb757c7e53387f4c06d5a6,0.22685885429382324,slippery,24,9b499542707aaec72301ff294d44ff2f3d8a011addc421f9257f8aefa0c11640,-1,False,0,200000,test,249,False
initial,f28177af37383574de47cb61cfbd9b43a41df246bdcb757c7e53387f4c06d5a6,0.6091908812522888,slippery,25,a61543bd631c5e45ed4bab1a99926aced18e04c0ce41fdc5a78d36fdd255a14e,-1,False,0,200000,test,249,False
initial,f28177af37383574de47cb61cfbd9b43a41df246bdcb757c7e53387f4c06d5a6,0.27157267928123474,slippery,26,7bc846ae43b5cbcf0891bfc04b9e5a6a972cdc6a5423c0ac36d1470b3c936b96,-1,False,0,200000,test,249,False
initial,f28177af37383574de47cb61cfbd9b43a41df246bdcb757c7e53387f4c06d5a6,0.43033266067504883,slippery,27,5c45ae94d4f9b11183715d0b4edd62025055f19da0e8593a9d156e6013403ce2,-1,False,0,200000,test,249,False
initial,f28177af37383574de47cb61cfbd9b43a41df246bdcb757c7e53387f4c06d5a6,0.34539103507995605,slippery,28,9e15cde33dbf7f54942180b5b22353b12b112ec17a20d73c5c8d8e75728ce772,-1,False,0,200000,test,249,False
initial,f28177af37383574de47cb61cfbd9b43a41df246bdcb757c7e53387f4c06d5a6,0.48903244733810425,slippery,29,11d62c1256d4c6da7059892a327ce1154900fd8aa0ea7c39991fce0764a00ec3,-1,False,0,200000,test,249,False
initial,f28177af37383574de47cb61cfbd9b43a41df246bdcb757c7e53387f4c06d5a6,0.43361690640449524,slippery,30,0e10457a7f3e547a85007dcc28e602d274bbbc5badf7405a696742cdebfee3c2,-1,False,0,200000,test,249,False
initial,f28177af37383574de47cb61cfbd9b43a41df246bdcb757c7e53387f4c06d5a6,0.33604902029037476,slippery,31,1c238bfac4aca4f2f8ee416c6ef99e62aca9ed5f8bbf832f1d15f742d2002460,-1,False,0,200000,test,249,False
initial,f28177af37383574de47cb61cfbd9b43a41df246bdcb757c7e53387f4c06d5a6,0.4367046654224396,slippery,32,e509a766c3f40f8d2f63f3fda33390b771d8423385254e931ddaffb4db985712,-1,False,0,200000,test,249,False
initial,f28177af37383574de47cb61cfbd9b43a41df246bdcb757c7e53387f4c06d5a6,0.5219456553459167,slippery,33,f2930f3a766816f70bdd184269c16945ecaa245aac4bacca8ddbb6b97812ab95,-1,False,0,200000,test,249,False
initial,f28177af37383574de47cb61cfbd9b43a41df246bdcb757c7e53387f4c06d5a6,0.3280859589576721,slippery,34,3fb4578d39e7ddb3577ff33251ede8e62931db0d38f70b07dcde57b5d88a198a,-1,False,0,200000,test,249,False
initial,f28177af37383574de47cb61cfbd9b43a41df246bdcb757c7e53387f4c06d5a6,0.4863607883453369,slippery,35,53612294420ed663f849f37dbd33fe4755782ba369daa40575ec9cbad47afdf1,-1,False,0,200000,test,249,False
initial,f28177af37383574de47cb61cfbd9b43a41df246bdcb757c7e53387f4c06d5a6,0.27949967980384827,slippery,36,720361ee52be951f5aefde8c073bb8fd9770c73ef3c06a0cd2ccf37f699f0885,-1,False,0,200000,test,249,False
initial,f28177af37383574de47cb61cfbd9b43a41df246bdcb757c7e53387f4c06d5a6,0.47429201006889343,slippery,37,76488ce6a6c1c520f19fbaffc611c8bfb22b448d446774452fd589fa1822ad10,-1,False,0,200000,test,249,False
initial,f28177af37383574de47cb61cfbd9b43a41df246bdcb757c7e53387f4c06d5a6,0.364657998085022,slippery,38,719bdc2b5150f5a70c89843eceeb269fd2b1c3ebcc41a7bbef501eef20f3bf22,-1,False,0,200000,test,249,False
initial,f28177af37383574de47cb61cfbd9b43a41df246bdcb757c7e53387f4c06d5a6,0.24874499440193176,slippery,39,f7aa7ae9186d7663db3cc2424e63c06de69bb2c4976fd66eaf8fea5f71892149,-1,False,0,200000,test,249,False
initial,f28177af37383574de47cb61cfbd9b43a41df246bdcb757c7e53387f4c06d5a6,0.4200812876224518,slippery,40,beb1997c7a8766f83d216a45b17cd418c009429dab21b25cc1dc1f0e2e3d3859,-1,False,0,200000,test,249,False
initial,f28177af37383574de47cb61cfbd9b43a41df246bdcb757c7e53387f4c06d5a6,0.4212871491909027,slippery,41,fa993d146333431150f436728262ec9eb359182e1f57a8f1506f40be6b0f8ae4,-1,False,0,200000,test,249,False
initial,f28177af37383574de47cb61cfbd9b43a41df246bdcb757c7e53387f4c06d5a6,0.2407333254814148,slippery,42,8ed80f3752349f6c9c518720859b8dc8a87347e8cf3b25f272c8ee661aa9e1f5,-1,False,0,200000,test,249,False
initial,f28177af37383574de47cb61cfbd9b43a41df246bdcb757c7e53387f4c06d5a6,0.29051896929740906,slippery,43,3238e31a810c8c68c31f98381cc82f7a253f031052b77799daebe39110714e57,-1,False,0,200000,test,249,False
initial,f28177af37383574de47cb61cfbd9b43a41df246bdcb757c7e53387f4c06d5a6,0.4631820619106293,slippery,44,3fc05f66ad8cbc89df6e761c99565add28915f4fec8331e0f95d072bca634451,-1,False,0,200000,test,249,False
initial,f28177af37383574de47cb61cfbd9b43a41df246bdcb757c7e53387f4c06d5a6,0.5283924341201782,slippery,45,6975082383198d4e72859e029bf9a0c1d2d883243daf54f0524033c45908d390,-1,False,0,200000,test,249,False
initial,f28177af37383574de47cb61cfbd9b43a41df246bdcb757c7e53387f4c06d5a6,0.426204115152359,slippery,46,8a5fba441c0e9249bf5f70d7e8d2f21d53f688db2074b0207ddf8a070a847d1a,-1,False,0,200000,test,249,False
initial,f28177af37383574de47cb61cfbd9b43a41df246bdcb757c7e53387f4c06d5a6,0.43645042181015015,slippery,47,86c702398cf9c83c765d3061b41bda5da976271f9f595b1b2a618b76f59d36b5,-1,False,0,200000,test,249,False
initial,f28177af37383574de47cb61cfbd9b43a41df246bdcb757c7e53387f4c06d5a6,0.480234831571579,slippery,48,7af3d925fae0c3c751cc1218deac7fa3819409a968c312ab7e76a4f78278c6c5,-1,False,0,200000,test,249,False
initial,f28177af37383574de47cb61cfbd9b43a41df246bdcb757c7e53387f4c06d5a6,0.5038239359855652,slippery,49,a143d7774578772618880f396a605b63614255bdbfb7e73c7c27baa6b2dab068,-1,False,0,200000,test,249,False
initial,f28177af37383574de47cb61cfbd9b43a41df246bdcb757c7e53387f4c06d5a6,0.26578494906425476,slippery,50,f518f5d8a9af7448386787e6208b320a572486bb07fb9e82a17c32a67a8c6e29,-1,False,0,200000,test,249,False
initial,f28177af37383574de47cb61cfbd9b43a41df246bdcb757c7e53387f4c06d5a6,0.26241540908813477,slippery,51,8167e1105624e5c3e76f4562fd0cc239d7b8b2b43897133a32604c50974b0bad,-1,False,0,200000,test,249,False
initial,f28177af37383574de47cb61cfbd9b43a41df246bdcb757c7e53387f4c06d5a6,0.34792280197143555,slippery,52,68914e3446a0eedb9db819521cb9bd1c1b6022c01eb53b41c4f81e1a0caade6f,-1,False,0,200000,test,249,False
initial,f28177af37383574de47cb61cfbd9b43a41df246bdcb757c7e53387f4c06d5a6,0.37424415349960327,slippery,53,cb7cc07d7d10bad7fbf8139238534d0c3c5d7ee1cba0c9b47ec950175e462b52,-1,False,0,200000,test,249,False
initial,f28177af37383574de47cb61cfbd9b43a41df246bdcb757c7e53387f4c06d5a6,0.5215061902999878,slippery,54,3ef899140e78357fa148940bbc451d6521117c175c62a86d7d8853b15c1db267,-1,False,0,200000,test,249,False
initial,f28177af37383574de47cb61cfbd9b43a41df246bdcb757c7e53387f4c06d5a6,0.3783981502056122,slippery,55,c1714e8d391f50c92daf041f380ef0351fe5fec22c4fa903699d884bc7906fe2,-1,False,0,200000,test,249,False
initial,f28177af37383574de47cb61cfbd9b43a41df246bdcb757c7e53387f4c06d5a6,0.45887601375579834,slippery,56,20f2202fa1332d161f40574ee265310606d026cdd1a1463955da4b67a22ceb5f,-1,False,0,200000,test,249,False
initial,f28177af37383574de47cb61cfbd9b43a41df246bdcb757c7e53387f4c06d5a6,0.3473263382911682,slippery,57,d1adde525b52543389b2893d6f70f5e04ff9b55c235dc30d7a1a7c2c17a8e9ca,-1,False,0,200000,test,249,False
initial,f28177af37383574de47cb61cfbd9b43a41df246bdcb757c7e53387f4c06d5a6,0.442397803068161,slippery,58,c1a1da15715bc452e74f8132f8e075f5199608e314324788ba883d7d8f66474e,-1,False,0,200000,test,249,False
initial,f28177af37383574de47cb61cfbd9b43a41df246bdcb757c7e53387f4c06d5a6,0.3722318708896637,slippery,59,d7175c1cf9d66fbc03c9af040cfdfce84a56134d60c607754277f7d9a44053a7,-1,False,0,200000,test,249,False
initial,f28177af37383574de47cb61cfbd9b43a41df246bdcb757c7e53387f4c06d5a6,0.4046974778175354,slippery,60,c7ea1d672fb377c531b1ce319750b7eda4f5b12fed04000c9fc936039c67f1ea,-1,False,0,200000,test,249,False
initial,f28177af37383574de47cb61cfbd9b43a41df246bdcb757c7e53387f4c06d5a6,0.36760133504867554,slippery,61,210699a25e429d7817d4743456d34be8b6dfc161fb80435938378fa29b3e451e,-1,False,0,200000,test,249,False
initial,f28177af37383574de47cb61cfbd9b43a41df246bdcb757c7e53387f4c06d5a6,0.27960142493247986,slippery,62,9e5c3a669783f4c24f406042fd7ad3005f8396c6b0302e470b4e8ffd5df03655,-1,False,0,200000,test,249,False
initial,f28177af37383574de47cb61cfbd9b43a41df246bdcb757c7e53387f4c06d5a6,0.4668577015399933,slippery,63,1943fbc8ee86a753fe36ec17d5559e8c4412c7fc66dc3a497fdf101f575181a2,-1,False,0,200000,test,249,False
initial,f28177af37383574de47cb61cfbd9b43a41df246bdcb757c7e53387f4c06d5a6,0.3664209246635437,slippery,64,d47ccd7dbca953081c48b3ed3143d6b0a80fcf2cdcd170a0dbc633c7608a0886,-1,False,0,200000,test,249,False
initial,f28177af37383574de47cb61cfbd9b43a41df246bdcb757c7e53387f4c06d5a6,0.2759148180484772,slippery,65,38f998a161f86bc5e351ec4a8d0c448d84af5742bfe9dbc86573ef073a06e80d,-1,False,0,200000,test,249,False
initial,f28177af37383574de47cb61cfbd9b43a41df246bdcb757c7e53387f4c06d5a6,0.5148142576217651,slippery,66,afce72db834e1b9f5595ead1ecb6027a712678c2d9b0f3da010a6b3cf644aa9f,-1,False,0,200000,test,249,False
initial,f28177af37383574de47cb61cfbd9b43a41df246bdcb757c7e53387f4c06d5a6,0.3404257893562317,slippery,67,91a57c9faecc15833c92e04acdf09535fae208aacb93f68aa20f574883cad8fa,-1,False,0,200000,test,249,False
initial,f28177af37383574de47cb61cfbd9b43a41df246bdcb757c7e53387f4c06d5a6,0.4271341860294342,slippery,68,48b45ff817dc56db16b184dd88f26a376d460f69093e237f24a4d6d7744bdea9,-1,False,0,200000,test,249,False
initial,f28177af37383574de47cb61cfbd9b43a41df246bdcb757c7e53387f4c06d5a6,0.2526403069496155,slippery,69,1ff6fa05c5d2a3044de00bd98d8803f2ad5ddb13f97201d468110bba89f8f095,-1,False,0,200000,test,249,False
initial,f28177af37383574de47cb61cfbd9b43a41df246bdcb757c7e53387f4c06d5a6,0.3763953447341919,slippery,70,68f84e890ee756fb375bafd3a10dee54284210dfba712e8a3367249e145ac701,-1,False,0,200000,test,249,False
initial,f28177af37383574de47cb61cfbd9b43a41df246bdcb757c7e53387f4c06d5a6,0.3704914152622223,slippery,71,a2ce5abb873866ad8b5f79398586bd073fad3e68148978388a6d2a99bfabc9dc,-1,False,0,200000,test,249,False
initial,f28177af37383574de47cb61cfbd9b43a41df246bdcb757c7e53387f4c06d5a6,0.37665432691574097,slippery,72,95c60544869e809da3ca8d21dbab8d5da96c20d9fa401fdf1af352b4ad037c71,-1,False,0,200000,test,249,False
initial,f28177af37383574de47cb61cfbd9b43a41df246bdcb757c7e53387f4c06d5a6,0.4787905812263489,slippery,73,86b37d5efd76d46cade13612868ca6671988d786c61b4fb132d6a2da467aa063,-1,False,0,200000,test,249,False
initial,f28177af37383574de47cb61cfbd9b43a41df246bdcb757c7e53387f4c06d5a6,0.4065781235694885,slippery,74,a6cb53189d8a0fcde26b0cc4d7f65ca6fa4e103cf1c438a53cb7a4596b32251a,-1,False,0,200000,test,249,False
initial,f28177af37383574de47cb61cfbd9b43a41df246bdcb757c7e53387f4c06d5a6,0.25071054697036743,slippery,75,e7f0d69e6a3b00c166322ecad23a03296ad2fd3a64cdc461ca2280b2abd16b63,-1,False,0,200000,test,249,False
initial,f28177af37383574de47cb61cfbd9b43a41df246bdcb757c7e53387f4c06d5a6,0.5346502661705017,slippery,76,4304e5b04fea123e106f828325673692bb247132e3e404e05a6dbca4bc0df9df,-1,False,0,200000,test,249,False
initial,f28177af37383574de47cb61cfbd9b43a41df246bdcb757c7e53387f4c06d5a6,0.25079289078712463,slippery,77,1b9bf2129f999c669e0425e2409918837e474896cfed98cef362b5be87588769,-1,False,0,200000,test,249,False
initial,f28177af37383574de47cb61cfbd9b43a41df246bdcb757c7e53387f4c06d5a6,0.46137312054634094,slippery,78,6d22199e7b130fef9473eac3e79ec6a3ed0dbc730b4d083c8b5c72f5b39cdeb7,-1,False,0,200000,test,249,False
initial,f28177af37383574de47cb61cfbd9b43a41df246bdcb757c7e53387f4c06d5a6,0.5079280734062195,slippery,79,99f26d6cb00d9aa1160b35f509beab9262ff8a632328e3c60f48afec288e408c,-1,False,0,200000,test,249,False
initial,f28177af37383574de47cb61cfbd9b43a41df246bdcb757c7e53387f4c06d5a6,0.5607602000236511,slippery,80,4797fb72f166ae23e949f8d11577ec7cc4b0614fedf638d17e6660e17c6d13c7,-1,False,0,200000,test,249,False
initial,f28177af37383574de47cb61cfbd9b43a41df246bdcb757c7e53387f4c06d5a6,0.30532708764076233,slippery,81,1ff366fecd976db6ff3a241e2145633a75b4efbb3a1853679cc678d4b95c9f7b,-1,False,0,200000,test,249,False
initial,f28177af37383574de47cb61cfbd9b43a41df246bdcb757c7e53387f4c06d5a6,0.2384931892156601,slippery,82,1ace284355e86edac562c13137e747bd8249132cdad005cec9ac11bf6643c9fe,-1,False,0,200000,test,249,False
initial,f28177af37383574de47cb61cfbd9b43a41df246bdcb757c7e53387f4c06d5a6,0.22767774760723114,slippery,83,a2058059d1d163ec4b01d18c5a56f44bada279b5ebd5a1ac9e885aed7c49a6f6,-1,False,0,200000,test,249,False
initial,f28177af37383574de47cb61cfbd9b43a41df246bdcb757c7e53387f4c06d5a6,0.43479835987091064,slippery,84,e372d694ade33ddfe45b4d8d081c749c2d7e6cc56208457bb98eccd23e9d7590,-1,False,0,200000,test,249,False
initial,f28177af37383574de47cb61cfbd9b43a41df246bdcb757c7e53387f4c06d5a6,0.32791903614997864,slippery,85,81ebfc8d82e39804d11c7a30e022d7e9f33dff61009eb1decab78c1c9853bd0a,-1,False,0,200000,test,249,False
initial,f28177af37383574de47cb61cfbd9b43a41df246bdcb757c7e53387f4c06d5a6,0.37888413667678833,slippery,86,2ec7d5d48492dbbb6de2cb23a5982f3faf0f2caac56d6646194e06025ffd118a,-1,False,0,200000,test,249,False
initial,f28177af37383574de47cb61cfbd9b43a41df246bdcb757c7e53387f4c06d5a6,0.5395696759223938,slippery,87,cc490f6f3a60e2257b5c08db1f281be41b1e61669e2920bbbf915951b1f9dd09,-1,False,0,200000,test,249,False
initial,f28177af37383574de47cb61cfbd9b43a41df246bdcb757c7e53387f4c06d5a6,0.3339294493198395,slippery,88,a1873710ede77fb581b50bd45afbcdb8e2216a7bac73d8ffdf30cda2847b2fb6,-1,False,0,200000,test,249,False
initial,f28177af37383574de47cb61cfbd9b43a41df246bdcb757c7e53387f4c06d5a6,0.30656373500823975,slippery,89,8cd07364c6977efdcbeab7ea8afe7d342b2fa0b001454a94f36729313b5d3206,-1,False,0,200000,test,249,False
initial,f28177af37383574de47cb61cfbd9b43a41df246bdcb757c7e53387f4c06d5a6,0.38267698884010315,slippery,90,4aff7910bb302aeb728a0676a77ce4ed79066eb4c2c2672d07f42a2e4859cb1e,-1,False,0,200000,test,249,False
initial,f28177af37383574de47cb61cfbd9b43a41df246bdcb757c7e53387f4c06d5a6,0.3318375051021576,slippery,91,0f43e8358ba9b96380db8ef1085b5a979dcb8edacfe1df4135c5197a9ca140ad,-1,False,0,200000,test,249,False
initial,f28177af37383574de47cb61cfbd9b43a41df246bdcb757c7e53387f4c06d5a6,0.440966933965683,slippery,92,c7fbf06eb9f7a3ff449891278c75371a05bbeda44a3a78c0629ee5536c25fd29,-1,False,0,200000,test,249,False
initial,f28177af37383574de47cb61cfbd9b43a41df246bdcb757c7e53387f4c06d5a6,0.2165585607290268,slippery,93,eeef6dbd599f4dab6f6ab2b5a46e4fd4ff7ad737a50a998ccfa0b344aa633647,-1,False,0,200000,test,249,False
initial,f28177af37383574de47cb61cfbd9b43a41df246bdcb757c7e53387f4c06d5a6,0.3549533784389496,slippery,94,ab37c57c123156fde8e6b86b5f0a777a7fd18f6042f6b0d169cb66db6026a6be,-1,False,0,200000,test,249,False
initial,f28177af37383574de47cb61cfbd9b43a41df246bdcb757c7e53387f4c06d5a6,0.38667821884155273,slippery,95,bdec9935f649d9202a5bb541d402d99b3054f2e13735af5c27c645c7720ec6a6,-1,False,0,200000,test,249,False
initial,f28177af37383574de47cb61cfbd9b43a41df246bdcb757c7e53387f4c06d5a6,0.5550370812416077,slippery,96,77a4cb4293f6536253aa3b66162bc929474a5fdda41df92aafa1ce2fb2b54f2f,-1,False,0,200000,test,249,False
initial,f28177af37383574de47cb61cfbd9b43a41df246bdcb757c7e53387f4c06d5a6,0.3332008421421051,slippery,97,05dc74adcf4c2c331cd6976dbc6e523a478ec2bb46b0a059bf409e2b6ab8380d,-1,False,0,200000,test,249,False
initial,f28177af37383574de47cb61cfbd9b43a41df246bdcb757c7e53387f4c06d5a6,0.5360350012779236,slippery,98,9614a090a384d03c1ba35ed51c8a761be752edb2c656aa96e536442b4623fbb4,-1,False,0,200000,test,249,False
initial,f28177af37383574de47cb61cfbd9b43a41df246bdcb757c7e53387f4c06d5a6,0.3861216902732849,slippery,99,3ebcb8b16e457dee44285c20766d816a9270123bfc42336c2ad468f1648e826a,-1,False,0,200000,test,249,False
initial,f28177af37383574de47cb61cfbd9b43a41df246bdcb757c7e53387f4c06d5a6,0.44528728723526,slippery,100,d728faeae13a0dfb8614d6ec5fa83d9d01926528230d1e4a7515dd991253d44e,-1,False,0,200000,test,249,False
initial,f28177af37383574de47cb61cfbd9b43a41df246bdcb757c7e53387f4c06d5a6,0.44722840189933777,slippery,101,b3aaaf7fb53fe114bd0f4f914ec6f63604a4dea9ef1d10a6f5f38a414c506e23,-1,False,0,200000,test,249,False
initial,f28177af37383574de47cb61cfbd9b43a41df246bdcb757c7e53387f4c06d5a6,0.344473272562027,slippery,102,d6db2e91ecde8bce14994a00eceb6fa355862d95b278a48d9c674733b6a11a93,-1,False,0,200000,test,249,False
initial,f28177af37383574de47cb61cfbd9b43a41df246bdcb757c7e53387f4c06d5a6,0.4158565104007721,slippery,103,ad6e487c79125208299f08c8928735d89b232ce06ab0c9f172e1700257dec3ba,-1,False,0,200000,test,249,False
initial,f28177af37383574de47cb61cfbd9b43a41df246bdcb757c7e53387f4c06d5a6,0.26864370703697205,slippery,104,171f1e8fd988107483be3198d6169967413aa437441cb2af38aad4e6c0c29d2b,-1,False,0,200000,test,249,False
initial,f28177af37383574de47cb61cfbd9b43a41df246bdcb757c7e53387f4c06d5a6,0.3751735985279083,slippery,105,d4fbe59ca1b5e23829a2ca0a390942ce8c43359e645fcf61a496b0bde1b8b242,-1,False,0,200000,test,249,False
initial,f28177af37383574de47cb61cfbd9b43a41df246bdcb757c7e53387f4c06d5a6,0.420968234539032,slippery,106,16bda64c3ed4b2a7125ea60381352cdd9795eb598a2e41f9a0c90472667b9049,-1,False,0,200000,test,249,False
initial,f28177af37383574de47cb61cfbd9b43a41df246bdcb757c7e53387f4c06d5a6,0.35247430205345154,slippery,107,abda65d3f8967994841853f88cd921111e3fbcf69daa542cc27e8d12a27b78ff,-1,False,0,200000,test,249,False
initial,f28177af37383574de47cb61cfbd9b43a41df246bdcb757c7e53387f4c06d5a6,0.29883772134780884,slippery,108,5bf0c262a762fff765bad21aa5ff21a650118083af7b57a0c8e5a107486f8502,-1,False,0,200000,test,249,False
initial,f28177af37383574de47cb61cfbd9b43a41df246bdcb757c7e53387f4c06d5a6,0.4130270481109619,slippery,109,5f3fa1ec1db3997ad3c80179949f22956b2a3eabd56590eed2201753ad0b8785,-1,False,0,200000,test,249,False
initial,f28177af37383574de47cb61cfbd9b43a41df246bdcb757c7e53387f4c06d5a6,0.30002734065055847,slippery,110,043178d9c2e751ba923dc4246946ce8cd9085b9cd92fe45e70317d48179bce16,-1,False,0,200000,test,249,False
initial,f28177af37383574de47cb61cfbd9b43a41df246bdcb757c7e53387f4c06d5a6,0.33910369873046875,slippery,111,4155b638520a37687a7decb0e0ac3fc027a3c905cfc1c4b5a95d92c95feed3fb,-1,False,0,200000,test,249,False
initial,f28177af37383574de47cb61cfbd9b43a41df246bdcb757c7e53387f4c06d5a6,0.3436262309551239,slippery,112,69e62f621f40d6b6316746f9e28263ae9a9e3f68871fa02d9246df8190593f15,-1,False,0,200000,test,249,False
initial,f28177af37383574de47cb61cfbd9b43a41df246bdcb757c7e53387f4c06d5a6,0.4278947710990906,slippery,113,8d61bebf893886b35fc9822c412ba22c1e1f20cc359d68cb7e1ccec8e1880490,-1,False,0,200000,test,249,False
initial,f28177af37383574de47cb61cfbd9b43a41df246bdcb757c7e53387f4c06d5a6,0.459807813167572,slippery,114,af01fd6e11d268d4fcfc223731a2518813a51b9e6320c707f262dbddfa6a06b6,-1,False,0,200000,test,249,False
initial,f28177af37383574de47cb61cfbd9b43a41df246bdcb757c7e53387f4c06d5a6,0.32311615347862244,slippery,115,687e231d91f53a4978947b46d60667357734722c526fa2a816df4dc5dcea3922,-1,False,0,200000,test,249,False
initial,f28177af37383574de47cb61cfbd9b43a41df246bdcb757c7e53387f4c06d5a6,0.342756062746048,slippery,116,a687b62d73d62361cb77a82d90533f46dbbd3b507e0c449919cbc12c0671c15e,-1,False,0,200000,test,249,False
initial,f28177af37383574de47cb61cfbd9b43a41df246bdcb757c7e53387f4c06d5a6,0.37080681324005127,slippery,117,c1371f77a2e4a3dff1a6b2e0e8731c6be4ec3849db9ea1f8eccb80beba24f770,-1,False,0,200000,test,249,False
initial,f28177af37383574de47cb61cfbd9b43a41df246bdcb757c7e53387f4c06d5a6,0.3229905068874359,slippery,118,f416e408f0959d1c3540326f2aeb627b0dee0dcab8baa666562435161570aed5,-1,False,0,200000,test,249,False
initial,f28177af37383574de47cb61cfbd9b43a41df246bdcb757c7e53387f4c06d5a6,0.29962268471717834,slippery,119,782d6ff695cff66ddd1ce6bbdb72609507e294e056b608688a830bfc77a80928,-1,False,0,200000,test,249,False
initial,f28177af37383574de47cb61cfbd9b43a41df246bdcb757c7e53387f4c06d5a6,0.47831425070762634,slippery,120,d4c3ce95cf2bfbdc65b9285b985120a5914f8e6d31c88c56305fe55926b589ba,-1,False,0,200000,test,249,False
initial,f28177af37383574de47cb61cfbd9b43a41df246bdcb757c7e53387f4c06d5a6,0.20494315028190613,slippery,121,873fdf34e0ba5ce490935cbc65b233569f73dad143f2bee12f7081b792648119,-1,False,0,200000,test,249,False
initial,f28177af37383574de47cb61cfbd9b43a41df246bdcb757c7e53387f4c06d5a6,0.3811432719230652,slippery,122,3413699e394218a7a9f1b5077a6fbb87a8ce22c8505e03469888cd7de521bf38,-1,False,0,200000,test,249,False
initial,f28177af37383574de47cb61cfbd9b43a41df246bdcb757c7e53387f4c06d5a6,0.45890700817108154,slippery,123,c8ae1be88e9046dae3b49b993352b4965163dade87926f37fc8684682ddbf175,-1,False,0,200000,test,249,False
initial,f28177af37383574de47cb61cfbd9b43a41df246bdcb757c7e53387f4c06d5a6,0.3867407441139221,slippery,124,63cfeca31fe99cb8c7f2a42e8e020136d4a9814d579258b61934dd4b8d0c3e3b,-1,False,0,200000,test,249,False
initial,f28177af37383574de47cb61cfbd9b43a41df246bdcb757c7e53387f4c06d5a6,0.5708930492401123,slippery,125,a61f5ff0e9fa1133de9c0c75f1c2fb95baaa172b0d1da1561259cd14a90ac00f,-1,False,0,200000,test,249,False
initial,f28177af37383574de47cb61cfbd9b43a41df246bdcb757c7e53387f4c06d5a6,0.5950915217399597,slippery,126,1b7d8544bfc1139c6bfb56c53bb05cab7a8abd517fe3480928cee8888874c1b2,-1,False,0,200000,test,249,False
initial,f28177af37383574de47cb61cfbd9b43a41df246bdcb757c7e53387f4c06d5a6,0.41691845655441284,slippery,127,7f890b90f22e11a29f4dfc80b0c9794493d87146b921f15111b45bfca8308814,-1,False,0,200000,test,249,False
trained,d9b989c6f50801e738cd59459899a9ad03f6bc2eeca73df9ad0e7616e6a69092,0.00941076222807169,delay,0,1006ac46f569c93f68480b650fdbf31326934d9305af5f9a0df24078570f38b4,1499,True,0,200000,test,249,False
trained,d9b989c6f50801e738cd59459899a9ad03f6bc2eeca73df9ad0e7616e6a69092,0.006969382055103779,delay,1,6c6e91fb7d31ec5639a5e7f3834dfd0ea25b9f6d3215307f533aff9a778fa121,1499,True,0,200000,test,249,False
trained,d9b989c6f50801e738cd59459899a9ad03f6bc2eeca73df9ad0e7616e6a69092,0.010659599676728249,delay,2,b383541d51cce864de8398bfa13b3ae106f704c54ad15f30693ec0879b66318f,1499,True,0,200000,test,249,False
trained,d9b989c6f50801e738cd59459899a9ad03f6bc2eeca73df9ad0e7616e6a69092,0.01057465560734272,delay,3,92891ab106526cb96c087f32e7ee7093ec0f07c2c0f186409f4bd78980947027,1499,True,0,200000,test,249,False
trained,d9b989c6f50801e738cd59459899a9ad03f6bc2eeca73df9ad0e7616e6a69092,0.004781595431268215,delay,4,0ce50e71de153a5a7dc52462f997c430406adff475f515b64e009f36ba7ecd60,1499,True,0,200000,test,249,False
trained,d9b989c6f50801e738cd59459899a9ad03f6bc2eeca73df9ad0e7616e6a69092,0.5261349678039551,delay,5,23bbe389b02e67f3f18d7a172c7b1041d81fa4819f6384e628774d262df83a08,1499,False,0,200000,test,249,False
trained,d9b989c6f50801e738cd59459899a9ad03f6bc2eeca73df9ad0e7616e6a69092,0.010014910250902176,delay,6,4c8d93f7b7dd25fa691c3c40ce968aa541e217eb214d9b6f721d1b6eabe6db82,1499,True,0,200000,test,249,False
trained,d9b989c6f50801e738cd59459899a9ad03f6bc2eeca73df9ad0e7616e6a69092,0.017743995413184166,delay,7,d3b0361ac339d60c525726af499d4de1d2336a907a38302198501d75d64e5031,1499,True,0,200000,test,249,False
trained,d9b989c6f50801e738cd59459899a9ad03f6bc2eeca73df9ad0e7616e6a69092,0.1379248946905136,delay,8,0fe94752beba95d6adc57053c4d6e911a6f658fc33452a2bc0452b7d198bec8d,1499,True,0,200000,test,135,False
trained,d9b989c6f50801e738cd59459899a9ad03f6bc2eeca73df9ad0e7616e6a69092,0.004180427640676498,delay,9,020d42e18a81b2aa1688f5098e4987f612d4a38265f1cd871b15d807654d811b,1499,True,0,200000,test,249,False
trained,d9b989c6f50801e738cd59459899a9ad03f6bc2eeca73df9ad0e7616e6a69092,0.006177741568535566,delay,10,fbbe93bb96a241421c543d45b53abf9787cbdc9eefcde2a0e83009f091e9c696,1499,True,0,200000,test,249,False
trained,d9b989c6f50801e738cd59459899a9ad03f6bc2eeca73df9ad0e7616e6a69092,0.00777125870808959,delay,11,e7201a7cd4729dd5922ab715a15a85e026f02fde03acce04b948f8047cb07f36,1499,True,0,200000,test,249,False
trained,d9b989c6f50801e738cd59459899a9ad03f6bc2eeca73df9ad0e7616e6a69092,0.13543595373630524,delay,12,17b00f472054d86e12dd4e2a148f60ff5b212d53529b292fe0c89e89ce32b921,1499,True,0,200000,test,62,False
trained,d9b989c6f50801e738cd59459899a9ad03f6bc2eeca73df9ad0e7616e6a69092,0.014877335168421268,delay,13,d8763f997b16fda62370f05b3eac4f14116fe1a12a5355172468728f9659dc66,1499,True,0,200000,test,249,False
trained,d9b989c6f50801e738cd59459899a9ad03f6bc2eeca73df9ad0e7616e6a69092,0.005336608737707138,delay,14,3e6330a9ae4cdd172643670198e572139c46d592018d86168cd8e94e5b914faf,1499,True,0,200000,test,249,False
trained,d9b989c6f50801e738cd59459899a9ad03f6bc2eeca73df9ad0e7616e6a69092,0.09028441458940506,delay,15,b07878a684715e8a43f249daf8f0ec8a42903960bbd8cc16e38a5677c5ecba02,1499,True,0,200000,test,58,False
trained,d9b989c6f50801e738cd59459899a9ad03f6bc2eeca73df9ad0e7616e6a69092,0.00849839299917221,delay,16,d9a4d2c50eb0f21abeccefc6a7650336254b214898a034afc0630cae77885a15,1499,True,0,200000,test,249,False
trained,d9b989c6f50801e738cd59459899a9ad03f6bc2eeca73df9ad0e7616e6a69092,0.005087728146463633,delay,17,e80da798aac25ec71c9549ed57244a29ddbef463df51d81b5657abeaaf277cec,1499,True,0,200000,test,249,False
trained,d9b989c6f50801e738cd59459899a9ad03f6bc2eeca73df9ad0e7616e6a69092,0.005307632032781839,delay,18,3a3408357fc2d01619fd8c3ed07f7ba90de43ff8cba31e4bd811450d9283c03e,1499,True,0,200000,test,249,False
trained,d9b989c6f50801e738cd59459899a9ad03f6bc2eeca73df9ad0e7616e6a69092,0.00463474215939641,delay,19,466efe0e3ec20c227fe0d24dd343855524ade7e2f603010a4b7b774374a6cfcb,1499,True,0,200000,test,249,False
trained,d9b989c6f50801e738cd59459899a9ad03f6bc2eeca73df9ad0e7616e6a69092,0.0056646657176315784,delay,20,a41f67c545627cc3633a4f8b01351858f03c4ac8df8b18412db799f7af47b098,1499,True,0,200000,test,249,False
trained,d9b989c6f50801e738cd59459899a9ad03f6bc2eeca73df9ad0e7616e6a69092,0.007220319006592035,delay,21,154671fae8a6ed40c4df9ba29a97c10f325bf85a2433de091361974955ac9838,1499,True,0,200000,test,249,False
trained,d9b989c6f50801e738cd59459899a9ad03f6bc2eeca73df9ad0e7616e6a69092,0.0036977259442210197,delay,22,dcb1b868d423c85ae2eabcbd624e14f11fde46d5d564487f665a978e12f3fa39,1499,True,0,200000,test,249,False
trained,d9b989c6f50801e738cd59459899a9ad03f6bc2eeca73df9ad0e7616e6a69092,0.007515167351812124,delay,23,28309eb0cad85fd2186cc9308f83f91e1af688aacf3fe0015b80d75062e26f26,1499,True,0,200000,test,249,False
trained,d9b989c6f50801e738cd59459899a9ad03f6bc2eeca73df9ad0e7616e6a69092,0.009088058955967426,delay,24,9b499542707aaec72301ff294d44ff2f3d8a011addc421f9257f8aefa0c11640,1499,True,0,200000,test,249,False
trained,d9b989c6f50801e738cd59459899a9ad03f6bc2eeca73df9ad0e7616e6a69092,0.0048683201894164085,delay,25,a61543bd631c5e45ed4bab1a99926aced18e04c0ce41fdc5a78d36fdd255a14e,1499,True,0,200000,test,249,False
trained,d9b989c6f50801e738cd59459899a9ad03f6bc2eeca73df9ad0e7616e6a69092,0.004912747535854578,delay,26,7bc846ae43b5cbcf0891bfc04b9e5a6a972cdc6a5423c0ac36d1470b3c936b96,1499,True,0,200000,test,249,False
trained,d9b989c6f50801e738cd59459899a9ad03f6bc2eeca73df9ad0e7616e6a69092,0.3114168047904968,delay,27,5c45ae94d4f9b11183715d0b4edd62025055f19da0e8593a9d156e6013403ce2,1499,True,0,200000,test,62,False
trained,d9b989c6f50801e738cd59459899a9ad03f6bc2eeca73df9ad0e7616e6a69092,0.004750452935695648,delay,28,9e15cde33dbf7f54942180b5b22353b12b112ec17a20d73c5c8d8e75728ce772,1499,True,0,200000,test,249,False
trained,d9b989c6f50801e738cd59459899a9ad03f6bc2eeca73df9ad0e7616e6a69092,0.007978200912475586,delay,29,11d62c1256d4c6da7059892a327ce1154900fd8aa0ea7c39991fce0764a00ec3,1499,True,0,200000,test,249,False
trained,d9b989c6f50801e738cd59459899a9ad03f6bc2eeca73df9ad0e7616e6a69092,0.006410001311451197,delay,30,0e10457a7f3e547a85007dcc28e602d274bbbc5badf7405a696742cdebfee3c2,1499,True,0,200000,test,249,False
trained,d9b989c6f50801e738cd59459899a9ad03f6bc2eeca73df9ad0e7616e6a69092,0.0017867751885205507,delay,31,1c238bfac4aca4f2f8ee416c6ef99e62aca9ed5f8bbf832f1d15f742d2002460,1499,True,0,200000,test,249,False
trained,d9b989c6f50801e738cd59459899a9ad03f6bc2eeca73df9ad0e7616e6a69092,0.011430268175899982,delay,32,e509a766c3f40f8d2f63f3fda33390b771d8423385254e931ddaffb4db985712,1499,True,0,200000,test,249,False
trained,d9b989c6f50801e738cd59459899a9ad03f6bc2eeca73df9ad0e7616e6a69092,0.0031923360656946898,delay,33,f2930f3a766816f70bdd184269c16945ecaa245aac4bacca8ddbb6b97812ab95,1499,True,0,200000,test,249,False
trained,d9b989c6f50801e738cd59459899a9ad03f6bc2eeca73df9ad0e7616e6a69092,0.011548222973942757,delay,34,3fb4578d39e7ddb3577ff33251ede8e62931db0d38f70b07dcde57b5d88a198a,1499,True,0,200000,test,249,False
trained,d9b989c6f50801e738cd59459899a9ad03f6bc2eeca73df9ad0e7616e6a69092,0.004708258435130119,delay,35,53612294420ed663f849f37dbd33fe4755782ba369daa40575ec9cbad47afdf1,1499,True,0,200000,test,249,False
trained,d9b989c6f50801e738cd59459899a9ad03f6bc2eeca73df9ad0e7616e6a69092,0.0072129517793655396,delay,36,720361ee52be951f5aefde8c073bb8fd9770c73ef3c06a0cd2ccf37f699f0885,1499,True,0,200000,test,249,False
trained,d9b989c6f50801e738cd59459899a9ad03f6bc2eeca73df9ad0e7616e6a69092,0.003226789180189371,delay,37,76488ce6a6c1c520f19fbaffc611c8bfb22b448d446774452fd589fa1822ad10,1499,True,0,200000,test,249,False
trained,d9b989c6f50801e738cd59459899a9ad03f6bc2eeca73df9ad0e7616e6a69092,0.007139102555811405,delay,38,719bdc2b5150f5a70c89843eceeb269fd2b1c3ebcc41a7bbef501eef20f3bf22,1499,True,0,200000,test,249,False
trained,d9b989c6f50801e738cd59459899a9ad03f6bc2eeca73df9ad0e7616e6a69092,0.005987337790429592,delay,39,f7aa7ae9186d7663db3cc2424e63c06de69bb2c4976fd66eaf8fea5f71892149,1499,True,0,200000,test,249,False
trained,d9b989c6f50801e738cd59459899a9ad03f6bc2eeca73df9ad0e7616e6a69092,0.009919632226228714,delay,40,beb1997c7a8766f83d216a45b17cd418c009429dab21b25cc1dc1f0e2e3d3859,1499,True,0,200000,test,249,False
trained,d9b989c6f50801e738cd59459899a9ad03f6bc2eeca73df9ad0e7616e6a69092,0.006804667413234711,delay,41,fa993d146333431150f436728262ec9eb359182e1f57a8f1506f40be6b0f8ae4,1499,True,0,200000,test,249,False
trained,d9b989c6f50801e738cd59459899a9ad03f6bc2eeca73df9ad0e7616e6a69092,0.0012996712466701865,delay,42,8ed80f3752349f6c9c518720859b8dc8a87347e8cf3b25f272c8ee661aa9e1f5,1499,True,0,200000,test,249,False
trained,d9b989c6f50801e738cd59459899a9ad03f6bc2eeca73df9ad0e7616e6a69092,0.008636320009827614,delay,43,3238e31a810c8c68c31f98381cc82f7a253f031052b77799daebe39110714e57,1499,True,0,200000,test,249,False
trained,d9b989c6f50801e738cd59459899a9ad03f6bc2eeca73df9ad0e7616e6a69092,0.006086371373385191,delay,44,3fc05f66ad8cbc89df6e761c99565add28915f4fec8331e0f95d072bca634451,1499,True,0,200000,test,249,False
trained,d9b989c6f50801e738cd59459899a9ad03f6bc2eeca73df9ad0e7616e6a69092,0.007221095729619265,delay,45,6975082383198d4e72859e029bf9a0c1d2d883243daf54f0524033c45908d390,1499,True,0,200000,test,249,False
trained,d9b989c6f50801e738cd59459899a9ad03f6bc2eeca73df9ad0e7616e6a69092,0.008764788508415222,delay,46,8a5fba441c0e9249bf5f70d7e8d2f21d53f688db2074b0207ddf8a070a847d1a,1499,True,0,200000,test,135,False
trained,d9b989c6f50801e738cd59459899a9ad03f6bc2eeca73df9ad0e7616e6a69092,0.07667238265275955,delay,47,86c702398cf9c83c765d3061b41bda5da976271f9f595b1b2a618b76f59d36b5,1499,True,0,200000,test,139,False
trained,d9b989c6f50801e738cd59459899a9ad03f6bc2eeca73df9ad0e7616e6a69092,0.006310774479061365,delay,48,7af3d925fae0c3c751cc1218deac7fa3819409a968c312ab7e76a4f78278c6c5,1499,True,0,200000,test,249,False
trained,d9b989c6f50801e738cd59459899a9ad03f6bc2eeca73df9ad0e7616e6a69092,0.004137750715017319,delay,49,a143d7774578772618880f396a605b63614255bdbfb7e73c7c27baa6b2dab068,1499,True,0,200000,test,249,False
trained,d9b989c6f50801e738cd59459899a9ad03f6bc2eeca73df9ad0e7616e6a69092,0.012624938040971756,delay,50,f518f5d8a9af7448386787e6208b320a572486bb07fb9e82a17c32a67a8c6e29,1499,True,0,200000,test,249,False
trained,d9b989c6f50801e738cd59459899a9ad03f6bc2eeca73df9ad0e7616e6a69092,0.0023904142435640097,delay,51,8167e1105624e5c3e76f4562fd0cc239d7b8b2b43897133a32604c50974b0bad,1499,True,0,200000,test,249,False
trained,d9b989c6f50801e738cd59459899a9ad03f6bc2eeca73df9ad0e7616e6a69092,0.010162285529077053,delay,52,68914e3446a0eedb9db819521cb9bd1c1b6022c01eb53b41c4f81e1a0caade6f,1499,True,0,200000,test,249,False
trained,d9b989c6f50801e738cd59459899a9ad03f6bc2eeca73df9ad0e7616e6a69092,0.006154600530862808,delay,53,cb7cc07d7d10bad7fbf8139238534d0c3c5d7ee1cba0c9b47ec950175e462b52,1499,True,0,200000,test,249,False
trained,d9b989c6f50801e738cd59459899a9ad03f6bc2eeca73df9ad0e7616e6a69092,0.006595422048121691,delay,54,3ef899140e78357fa148940bbc451d6521117c175c62a86d7d8853b15c1db267,1499,True,0,200000,test,231,False
trained,d9b989c6f50801e738cd59459899a9ad03f6bc2eeca73df9ad0e7616e6a69092,0.006912691984325647,delay,55,c1714e8d391f50c92daf041f380ef0351fe5fec22c4fa903699d884bc7906fe2,1499,True,0,200000,test,249,False
trained,d9b989c6f50801e738cd59459899a9ad03f6bc2eeca73df9ad0e7616e6a69092,0.0070352982729673386,delay,56,20f2202fa1332d161f40574ee265310606d026cdd1a1463955da4b67a22ceb5f,1499,True,0,200000,test,249,False
trained,d9b989c6f50801e738cd59459899a9ad03f6bc2eeca73df9ad0e7616e6a69092,0.03865022212266922,delay,57,d1adde525b52543389b2893d6f70f5e04ff9b55c235dc30d7a1a7c2c17a8e9ca,1499,True,0,200000,test,249,False
trained,d9b989c6f50801e738cd59459899a9ad03f6bc2eeca73df9ad0e7616e6a69092,0.007773666176944971,delay,58,c1a1da15715bc452e74f8132f8e075f5199608e314324788ba883d7d8f66474e,1499,True,0,200000,test,249,False
trained,d9b989c6f50801e738cd59459899a9ad03f6bc2eeca73df9ad0e7616e6a69092,0.0025591705925762653,delay,59,d7175c1cf9d66fbc03c9af040cfdfce84a56134d60c607754277f7d9a44053a7,1499,True,0,200000,test,249,False
trained,d9b989c6f50801e738cd59459899a9ad03f6bc2eeca73df9ad0e7616e6a69092,0.004172006156295538,delay,60,c7ea1d672fb377c531b1ce319750b7eda4f5b12fed04000c9fc936039c67f1ea,1499,True,0,200000,test,249,False
trained,d9b989c6f50801e738cd59459899a9ad03f6bc2eeca73df9ad0e7616e6a69092,0.18430118262767792,delay,61,210699a25e429d7817d4743456d34be8b6dfc161fb80435938378fa29b3e451e,1499,True,0,200000,test,57,False
trained,d9b989c6f50801e738cd59459899a9ad03f6bc2eeca73df9ad0e7616e6a69092,0.12598787248134613,delay,62,9e5c3a669783f4c24f406042fd7ad3005f8396c6b0302e470b4e8ffd5df03655,1499,True,0,200000,test,249,False
trained,d9b989c6f50801e738cd59459899a9ad03f6bc2eeca73df9ad0e7616e6a69092,0.0016465313965454698,delay,63,1943fbc8ee86a753fe36ec17d5559e8c4412c7fc66dc3a497fdf101f575181a2,1499,True,0,200000,test,249,False
trained,d9b989c6f50801e738cd59459899a9ad03f6bc2eeca73df9ad0e7616e6a69092,0.00587752228602767,delay,64,d47ccd7dbca953081c48b3ed3143d6b0a80fcf2cdcd170a0dbc633c7608a0886,1499,True,0,200000,test,249,False
trained,d9b989c6f50801e738cd59459899a9ad03f6bc2eeca73df9ad0e7616e6a69092,0.000633111922070384,delay,65,38f998a161f86bc5e351ec4a8d0c448d84af5742bfe9dbc86573ef073a06e80d,1499,True,0,200000,test,249,False
trained,d9b989c6f50801e738cd59459899a9ad03f6bc2eeca73df9ad0e7616e6a69092,0.00716839823871851,delay,66,afce72db834e1b9f5595ead1ecb6027a712678c2d9b0f3da010a6b3cf644aa9f,1499,True,0,200000,test,249,False
trained,d9b989c6f50801e738cd59459899a9ad03f6bc2eeca73df9ad0e7616e6a69092,0.00521943299099803,delay,67,91a57c9faecc15833c92e04acdf09535fae208aacb93f68aa20f574883cad8fa,1499,True,0,200000,test,249,False
trained,d9b989c6f50801e738cd59459899a9ad03f6bc2eeca73df9ad0e7616e6a69092,0.007737827952951193,delay,68,48b45ff817dc56db16b184dd88f26a376d460f69093e237f24a4d6d7744bdea9,1499,True,0,200000,test,249,False
trained,d9b989c6f50801e738cd59459899a9ad03f6bc2eeca73df9ad0e7616e6a69092,0.004527679178863764,delay,69,1ff6fa05c5d2a3044de00bd98d8803f2ad5ddb13f97201d468110bba89f8f095,1499,True,0,200000,test,249,False
trained,d9b989c6f50801e738cd59459899a9ad03f6bc2eeca73df9ad0e7616e6a69092,0.0065202610567212105,delay,70,68f84e890ee756fb375bafd3a10dee54284210dfba712e8a3367249e145ac701,1499,True,0,200000,test,249,False
trained,d9b989c6f50801e738cd59459899a9ad03f6bc2eeca73df9ad0e7616e6a69092,0.0011264168424531817,delay,71,a2ce5abb873866ad8b5f79398586bd073fad3e68148978388a6d2a99bfabc9dc,1499,True,0,200000,test,249,False
trained,d9b989c6f50801e738cd59459899a9ad03f6bc2eeca73df9ad0e7616e6a69092,0.005798480473458767,delay,72,95c60544869e809da3ca8d21dbab8d5da96c20d9fa401fdf1af352b4ad037c71,1499,True,0,200000,test,249,False
trained,d9b989c6f50801e738cd59459899a9ad03f6bc2eeca73df9ad0e7616e6a69092,0.003456313395872712,delay,73,86b37d5efd76d46cade13612868ca6671988d786c61b4fb132d6a2da467aa063,1499,True,0,200000,test,249,False
trained,d9b989c6f50801e738cd59459899a9ad03f6bc2eeca73df9ad0e7616e6a69092,0.0021931971423327923,delay,74,a6cb53189d8a0fcde26b0cc4d7f65ca6fa4e103cf1c438a53cb7a4596b32251a,1499,True,0,200000,test,249,False
trained,d9b989c6f50801e738cd59459899a9ad03f6bc2eeca73df9ad0e7616e6a69092,0.005528036504983902,delay,75,e7f0d69e6a3b00c166322ecad23a03296ad2fd3a64cdc461ca2280b2abd16b63,1499,True,0,200000,test,213,False
trained,d9b989c6f50801e738cd59459899a9ad03f6bc2eeca73df9ad0e7616e6a69092,0.5172441005706787,delay,76,4304e5b04fea123e106f828325673692bb247132e3e404e05a6dbca4bc0df9df,1499,False,0,200000,test,77,False
trained,d9b989c6f50801e738cd59459899a9ad03f6bc2eeca73df9ad0e7616e6a69092,0.06971216201782227,delay,77,1b9bf2129f999c669e0425e2409918837e474896cfed98cef362b5be87588769,1499,True,0,200000,test,231,False
trained,d9b989c6f50801e738cd59459899a9ad03f6bc2eeca73df9ad0e7616e6a69092,0.010051409713923931,delay,78,6d22199e7b130fef9473eac3e79ec6a3ed0dbc730b4d083c8b5c72f5b39cdeb7,1499,True,0,200000,test,249,False
trained,d9b989c6f50801e738cd59459899a9ad03f6bc2eeca73df9ad0e7616e6a69092,0.004694860894232988,delay,79,99f26d6cb00d9aa1160b35f509beab9262ff8a632328e3c60f48afec288e408c,1499,True,0,200000,test,249,False
trained,d9b989c6f50801e738cd59459899a9ad03f6bc2eeca73df9ad0e7616e6a69092,0.006246199365705252,delay,80,4797fb72f166ae23e949f8d11577ec7cc4b0614fedf638d17e6660e17c6d13c7,1499,True,0,200000,test,249,False
trained,d9b989c6f50801e738cd59459899a9ad03f6bc2eeca73df9ad0e7616e6a69092,0.006569347344338894,delay,81,1ff366fecd976db6ff3a241e2145633a75b4efbb3a1853679cc678d4b95c9f7b,1499,True,0,200000,test,249,False
trained,d9b989c6f50801e738cd59459899a9ad03f6bc2eeca73df9ad0e7616e6a69092,0.005301327910274267,delay,82,1ace284355e86edac562c13137e747bd8249132cdad005cec9ac11bf6643c9fe,1499,True,0,200000,test,249,False
trained,d9b989c6f50801e738cd59459899a9ad03f6bc2eeca73df9ad0e7616e6a69092,0.004300469532608986,delay,83,a2058059d1d163ec4b01d18c5a56f44bada279b5ebd5a1ac9e885aed7c49a6f6,1499,True,0,200000,test,249,False
trained,d9b989c6f50801e738cd59459899a9ad03f6bc2eeca73df9ad0e7616e6a69092,0.1423252522945404,delay,84,e372d694ade33ddfe45b4d8d081c749c2d7e6cc56208457bb98eccd23e9d7590,1499,True,0,200000,test,129,False
trained,d9b989c6f50801e738cd59459899a9ad03f6bc2eeca73df9ad0e7616e6a69092,0.008433431386947632,delay,85,81ebfc8d82e39804d11c7a30e022d7e9f33dff61009eb1decab78c1c9853bd0a,1499,True,0,200000,test,249,False
trained,d9b989c6f50801e738cd59459899a9ad03f6bc2eeca73df9ad0e7616e6a69092,0.0037267738953232765,delay,86,2ec7d5d48492dbbb6de2cb23a5982f3faf0f2caac56d6646194e06025ffd118a,1499,True,0,200000,test,249,False
trained,d9b989c6f50801e738cd59459899a9ad03f6bc2eeca73df9ad0e7616e6a69092,0.0046162111684679985,delay,87,cc490f6f3a60e2257b5c08db1f281be41b1e61669e2920bbbf915951b1f9dd09,1499,True,0,200000,test,249,False
trained,d9b989c6f50801e738cd59459899a9ad03f6bc2eeca73df9ad0e7616e6a69092,0.005152806639671326,delay,88,a1873710ede77fb581b50bd45afbcdb8e2216a7bac73d8ffdf30cda2847b2fb6,1499,True,0,200000,test,249,False
trained,d9b989c6f50801e738cd59459899a9ad03f6bc2eeca73df9ad0e7616e6a69092,0.002651919610798359,delay,89,8cd07364c6977efdcbeab7ea8afe7d342b2fa0b001454a94f36729313b5d3206,1499,True,0,200000,test,249,False
trained,d9b989c6f50801e738cd59459899a9ad03f6bc2eeca73df9ad0e7616e6a69092,0.005568929016590118,delay,90,4aff7910bb302aeb728a0676a77ce4ed79066eb4c2c2672d07f42a2e4859cb1e,1499,True,0,200000,test,249,False
trained,d9b989c6f50801e738cd59459899a9ad03f6bc2eeca73df9ad0e7616e6a69092,0.003050226718187332,delay,91,0f43e8358ba9b96380db8ef1085b5a979dcb8edacfe1df4135c5197a9ca140ad,1499,True,0,200000,test,249,False
trained,d9b989c6f50801e738cd59459899a9ad03f6bc2eeca73df9ad0e7616e6a69092,0.005476231686770916,delay,92,c7fbf06eb9f7a3ff449891278c75371a05bbeda44a3a78c0629ee5536c25fd29,1499,True,0,200000,test,249,False
trained,d9b989c6f50801e738cd59459899a9ad03f6bc2eeca73df9ad0e7616e6a69092,0.005211940500885248,delay,93,eeef6dbd599f4dab6f6ab2b5a46e4fd4ff7ad737a50a998ccfa0b344aa633647,1499,True,0,200000,test,249,False
trained,d9b989c6f50801e738cd59459899a9ad03f6bc2eeca73df9ad0e7616e6a69092,0.007040566764771938,delay,94,ab37c57c123156fde8e6b86b5f0a777a7fd18f6042f6b0d169cb66db6026a6be,1499,True,0,200000,test,249,False
trained,d9b989c6f50801e738cd59459899a9ad03f6bc2eeca73df9ad0e7616e6a69092,0.005162208341062069,delay,95,bdec9935f649d9202a5bb541d402d99b3054f2e13735af5c27c645c7720ec6a6,1499,True,0,200000,test,249,False
trained,d9b989c6f50801e738cd59459899a9ad03f6bc2eeca73df9ad0e7616e6a69092,0.13643623888492584,delay,96,77a4cb4293f6536253aa3b66162bc929474a5fdda41df92aafa1ce2fb2b54f2f,1499,True,0,200000,test,249,False
trained,d9b989c6f50801e738cd59459899a9ad03f6bc2eeca73df9ad0e7616e6a69092,0.06357292085886002,delay,97,05dc74adcf4c2c331cd6976dbc6e523a478ec2bb46b0a059bf409e2b6ab8380d,1499,True,0,200000,test,174,False
trained,d9b989c6f50801e738cd59459899a9ad03f6bc2eeca73df9ad0e7616e6a69092,0.04113413766026497,delay,98,9614a090a384d03c1ba35ed51c8a761be752edb2c656aa96e536442b4623fbb4,1499,True,0,200000,test,249,False
trained,d9b989c6f50801e738cd59459899a9ad03f6bc2eeca73df9ad0e7616e6a69092,0.0035933605395257473,delay,99,3ebcb8b16e457dee44285c20766d816a9270123bfc42336c2ad468f1648e826a,1499,True,0,200000,test,249,False
trained,d9b989c6f50801e738cd59459899a9ad03f6bc2eeca73df9ad0e7616e6a69092,0.0068973093293607235,delay,100,d728faeae13a0dfb8614d6ec5fa83d9d01926528230d1e4a7515dd991253d44e,1499,True,0,200000,test,249,False
trained,d9b989c6f50801e738cd59459899a9ad03f6bc2eeca73df9ad0e7616e6a69092,0.01011679694056511,delay,101,b3aaaf7fb53fe114bd0f4f914ec6f63604a4dea9ef1d10a6f5f38a414c506e23,1499,True,0,200000,test,249,False
trained,d9b989c6f50801e738cd59459899a9ad03f6bc2eeca73df9ad0e7616e6a69092,0.002330337418243289,delay,102,d6db2e91ecde8bce14994a00eceb6fa355862d95b278a48d9c674733b6a11a93,1499,True,0,200000,test,249,False
trained,d9b989c6f50801e738cd59459899a9ad03f6bc2eeca73df9ad0e7616e6a69092,0.004214632790535688,delay,103,ad6e487c79125208299f08c8928735d89b232ce06ab0c9f172e1700257dec3ba,1499,True,0,200000,test,249,False
trained,d9b989c6f50801e738cd59459899a9ad03f6bc2eeca73df9ad0e7616e6a69092,0.00508574815467,delay,104,171f1e8fd988107483be3198d6169967413aa437441cb2af38aad4e6c0c29d2b,1499,True,0,200000,test,249,False
trained,d9b989c6f50801e738cd59459899a9ad03f6bc2eeca73df9ad0e7616e6a69092,0.0038309795781970024,delay,105,d4fbe59ca1b5e23829a2ca0a390942ce8c43359e645fcf61a496b0bde1b8b242,1499,True,0,200000,test,249,False
trained,d9b989c6f50801e738cd59459899a9ad03f6bc2eeca73df9ad0e7616e6a69092,0.031652119010686874,delay,106,16bda64c3ed4b2a7125ea60381352cdd9795eb598a2e41f9a0c90472667b9049,1499,True,0,200000,test,176,False
trained,d9b989c6f50801e738cd59459899a9ad03f6bc2eeca73df9ad0e7616e6a69092,0.002301517641171813,delay,107,abda65d3f8967994841853f88cd921111e3fbcf69daa542cc27e8d12a27b78ff,1499,True,0,200000,test,249,False
trained,d9b989c6f50801e738cd59459899a9ad03f6bc2eeca73df9ad0e7616e6a69092,0.0045552742667496204,delay,108,5bf0c262a762fff765bad21aa5ff21a650118083af7b57a0c8e5a107486f8502,1499,True,0,200000,test,249,False
trained,d9b989c6f50801e738cd59459899a9ad03f6bc2eeca73df9ad0e7616e6a69092,0.005114274099469185,delay,109,5f3fa1ec1db3997ad3c80179949f22956b2a3eabd56590eed2201753ad0b8785,1499,True,0,200000,test,249,False
trained,d9b989c6f50801e738cd59459899a9ad03f6bc2eeca73df9ad0e7616e6a69092,0.009628991596400738,delay,110,043178d9c2e751ba923dc4246946ce8cd9085b9cd92fe45e70317d48179bce16,1499,True,0,200000,test,249,False
trained,d9b989c6f50801e738cd59459899a9ad03f6bc2eeca73df9ad0e7616e6a69092,0.004093218129128218,delay,111,4155b638520a37687a7decb0e0ac3fc027a3c905cfc1c4b5a95d92c95feed3fb,1499,True,0,200000,test,249,False
trained,d9b989c6f50801e738cd59459899a9ad03f6bc2eeca73df9ad0e7616e6a69092,0.0070112296380102634,delay,112,69e62f621f40d6b6316746f9e28263ae9a9e3f68871fa02d9246df8190593f15,1499,True,0,200000,test,249,False
trained,d9b989c6f50801e738cd59459899a9ad03f6bc2eeca73df9ad0e7616e6a69092,0.009399771690368652,delay,113,8d61bebf893886b35fc9822c412ba22c1e1f20cc359d68cb7e1ccec8e1880490,1499,True,0,200000,test,249,False
trained,d9b989c6f50801e738cd59459899a9ad03f6bc2eeca73df9ad0e7616e6a69092,0.04437418282032013,delay,114,af01fd6e11d268d4fcfc223731a2518813a51b9e6320c707f262dbddfa6a06b6,1499,True,0,200000,test,249,False
trained,d9b989c6f50801e738cd59459899a9ad03f6bc2eeca73df9ad0e7616e6a69092,0.004025855101644993,delay,115,687e231d91f53a4978947b46d60667357734722c526fa2a816df4dc5dcea3922,1499,True,0,200000,test,249,False
trained,d9b989c6f50801e738cd59459899a9ad03f6bc2eeca73df9ad0e7616e6a69092,0.0031282659620046616,delay,116,a687b62d73d62361cb77a82d90533f46dbbd3b507e0c449919cbc12c0671c15e,1499,True,0,200000,test,249,False
trained,d9b989c6f50801e738cd59459899a9ad03f6bc2eeca73df9ad0e7616e6a69092,0.008567458018660545,delay,117,c1371f77a2e4a3dff1a6b2e0e8731c6be4ec3849db9ea1f8eccb80beba24f770,1499,True,0,200000,test,249,False
trained,d9b989c6f50801e738cd59459899a9ad03f6bc2eeca73df9ad0e7616e6a69092,0.002914136042818427,delay,118,f416e408f0959d1c3540326f2aeb627b0dee0dcab8baa666562435161570aed5,1499,True,0,200000,test,249,False
trained,d9b989c6f50801e738cd59459899a9ad03f6bc2eeca73df9ad0e7616e6a69092,0.0032763234339654446,delay,119,782d6ff695cff66ddd1ce6bbdb72609507e294e056b608688a830bfc77a80928,1499,True,0,200000,test,249,False
trained,d9b989c6f50801e738cd59459899a9ad03f6bc2eeca73df9ad0e7616e6a69092,0.0012834669323638082,delay,120,d4c3ce95cf2bfbdc65b9285b985120a5914f8e6d31c88c56305fe55926b589ba,1499,True,0,200000,test,249,False
trained,d9b989c6f50801e738cd59459899a9ad03f6bc2eeca73df9ad0e7616e6a69092,0.014651328325271606,delay,121,873fdf34e0ba5ce490935cbc65b233569f73dad143f2bee12f7081b792648119,1499,True,0,200000,test,249,False
trained,d9b989c6f50801e738cd59459899a9ad03f6bc2eeca73df9ad0e7616e6a69092,0.004915795288980007,delay,122,3413699e394218a7a9f1b5077a6fbb87a8ce22c8505e03469888cd7de521bf38,1499,True,0,200000,test,249,False
trained,d9b989c6f50801e738cd59459899a9ad03f6bc2eeca73df9ad0e7616e6a69092,0.005614038091152906,delay,123,c8ae1be88e9046dae3b49b993352b4965163dade87926f37fc8684682ddbf175,1499,True,0,200000,test,249,False
trained,d9b989c6f50801e738cd59459899a9ad03f6bc2eeca73df9ad0e7616e6a69092,0.007103449665009975,delay,124,63cfeca31fe99cb8c7f2a42e8e020136d4a9814d579258b61934dd4b8d0c3e3b,1499,True,0,200000,test,249,False
trained,d9b989c6f50801e738cd59459899a9ad03f6bc2eeca73df9ad0e7616e6a69092,0.0029555270448327065,delay,125,a61f5ff0e9fa1133de9c0c75f1c2fb95baaa172b0d1da1561259cd14a90ac00f,1499,True,0,200000,test,249,False
trained,d9b989c6f50801e738cd59459899a9ad03f6bc2eeca73df9ad0e7616e6a69092,0.0027777508366853,delay,126,1b7d8544bfc1139c6bfb56c53bb05cab7a8abd517fe3480928cee8888874c1b2,1499,True,0,200000,test,249,False
trained,d9b989c6f50801e738cd59459899a9ad03f6bc2eeca73df9ad0e7616e6a69092,0.007224005647003651,delay,127,7f890b90f22e11a29f4dfc80b0c9794493d87146b921f15111b45bfca8308814,1499,True,0,200000,test,249,False
trained,d9b989c6f50801e738cd59459899a9ad03f6bc2eeca73df9ad0e7616e6a69092,0.004673021379858255,heavy,0,1006ac46f569c93f68480b650fdbf31326934d9305af5f9a0df24078570f38b4,1499,True,0,200000,test,249,False
trained,d9b989c6f50801e738cd59459899a9ad03f6bc2eeca73df9ad0e7616e6a69092,0.004050451796501875,heavy,1,6c6e91fb7d31ec5639a5e7f3834dfd0ea25b9f6d3215307f533aff9a778fa121,1499,True,0,200000,test,249,False
trained,d9b989c6f50801e738cd59459899a9ad03f6bc2eeca73df9ad0e7616e6a69092,0.008606744930148125,heavy,2,b383541d51cce864de8398bfa13b3ae106f704c54ad15f30693ec0879b66318f,1499,True,3,200000,test,249,False
trained,d9b989c6f50801e738cd59459899a9ad03f6bc2eeca73df9ad0e7616e6a69092,0.0041407388634979725,heavy,3,92891ab106526cb96c087f32e7ee7093ec0f07c2c0f186409f4bd78980947027,1499,True,0,200000,test,249,False
trained,d9b989c6f50801e738cd59459899a9ad03f6bc2eeca73df9ad0e7616e6a69092,0.006669613532721996,heavy,4,0ce50e71de153a5a7dc52462f997c430406adff475f515b64e009f36ba7ecd60,1499,True,0,200000,test,249,False
trained,d9b989c6f50801e738cd59459899a9ad03f6bc2eeca73df9ad0e7616e6a69092,0.009185828268527985,heavy,5,23bbe389b02e67f3f18d7a172c7b1041d81fa4819f6384e628774d262df83a08,1499,True,0,200000,test,249,False
trained,d9b989c6f50801e738cd59459899a9ad03f6bc2eeca73df9ad0e7616e6a69092,0.001387217896990478,heavy,6,4c8d93f7b7dd25fa691c3c40ce968aa541e217eb214d9b6f721d1b6eabe6db82,1499,True,0,200000,test,249,False
trained,d9b989c6f50801e738cd59459899a9ad03f6bc2eeca73df9ad0e7616e6a69092,0.010656536556780338,heavy,7,d3b0361ac339d60c525726af499d4de1d2336a907a38302198501d75d64e5031,1499,True,4,200000,test,249,False
trained,d9b989c6f50801e738cd59459899a9ad03f6bc2eeca73df9ad0e7616e6a69092,0.011261866427958012,heavy,8,0fe94752beba95d6adc57053c4d6e911a6f658fc33452a2bc0452b7d198bec8d,1499,True,1,200000,test,249,False
trained,d9b989c6f50801e738cd59459899a9ad03f6bc2eeca73df9ad0e7616e6a69092,0.005434571299701929,heavy,9,020d42e18a81b2aa1688f5098e4987f612d4a38265f1cd871b15d807654d811b,1499,True,0,200000,test,249,False
trained,d9b989c6f50801e738cd59459899a9ad03f6bc2eeca73df9ad0e7616e6a69092,0.009401512332260609,heavy,10,fbbe93bb96a241421c543d45b53abf9787cbdc9eefcde2a0e83009f091e9c696,1499,True,12,200000,test,249,False
trained,d9b989c6f50801e738cd59459899a9ad03f6bc2eeca73df9ad0e7616e6a69092,0.005981867667287588,heavy,11,e7201a7cd4729dd5922ab715a15a85e026f02fde03acce04b948f8047cb07f36,1499,True,0,200000,test,249,False
trained,d9b989c6f50801e738cd59459899a9ad03f6bc2eeca73df9ad0e7616e6a69092,0.0034605045802891254,heavy,12,17b00f472054d86e12dd4e2a148f60ff5b212d53529b292fe0c89e89ce32b921,1499,True,0,200000,test,249,False
trained,d9b989c6f50801e738cd59459899a9ad03f6bc2eeca73df9ad0e7616e6a69092,0.0029937115032225847,heavy,13,d8763f997b16fda62370f05b3eac4f14116fe1a12a5355172468728f9659dc66,1499,True,0,200000,test,249,False
trained,d9b989c6f50801e738cd59459899a9ad03f6bc2eeca73df9ad0e7616e6a69092,0.004946901462972164,heavy,14,3e6330a9ae4cdd172643670198e572139c46d592018d86168cd8e94e5b914faf,1499,True,0,200000,test,249,False
trained,d9b989c6f50801e738cd59459899a9ad03f6bc2eeca73df9ad0e7616e6a69092,0.008130582049489021,heavy,15,b07878a684715e8a43f249daf8f0ec8a42903960bbd8cc16e38a5677c5ecba02,1499,True,1,200000,test,249,False
trained,d9b989c6f50801e738cd59459899a9ad03f6bc2eeca73df9ad0e7616e6a69092,0.00796652864664793,heavy,16,d9a4d2c50eb0f21abeccefc6a7650336254b214898a034afc0630cae77885a15,1499,True,12,200000,test,249,False
trained,d9b989c6f50801e738cd59459899a9ad03f6bc2eeca73df9ad0e7616e6a69092,0.01383204571902752,heavy,17,e80da798aac25ec71c9549ed57244a29ddbef463df51d81b5657abeaaf277cec,1499,True,0,200000,test,249,False
trained,d9b989c6f50801e738cd59459899a9ad03f6bc2eeca73df9ad0e7616e6a69092,0.005732317455112934,heavy,18,3a3408357fc2d01619fd8c3ed07f7ba90de43ff8cba31e4bd811450d9283c03e,1499,True,0,200000,test,249,False
trained,d9b989c6f50801e738cd59459899a9ad03f6bc2eeca73df9ad0e7616e6a69092,0.002913538832217455,heavy,19,466efe0e3ec20c227fe0d24dd343855524ade7e2f603010a4b7b774374a6cfcb,1499,True,0,200000,test,249,False
trained,d9b989c6f50801e738cd59459899a9ad03f6bc2eeca73df9ad0e7616e6a69092,0.0016620905371382833,heavy,20,a41f67c545627cc3633a4f8b01351858f03c4ac8df8b18412db799f7af47b098,1499,True,0,200000,test,249,False
trained,d9b989c6f50801e738cd59459899a9ad03f6bc2eeca73df9ad0e7616e6a69092,0.014863045886158943,heavy,21,154671fae8a6ed40c4df9ba29a97c10f325bf85a2433de091361974955ac9838,1499,True,1,200000,test,249,False
trained,d9b989c6f50801e738cd59459899a9ad03f6bc2eeca73df9ad0e7616e6a69092,0.00209067203104496,heavy,22,dcb1b868d423c85ae2eabcbd624e14f11fde46d5d564487f665a978e12f3fa39,1499,True,0,200000,test,249,False
trained,d9b989c6f50801e738cd59459899a9ad03f6bc2eeca73df9ad0e7616e6a69092,0.007290862500667572,heavy,23,28309eb0cad85fd2186cc9308f83f91e1af688aacf3fe0015b80d75062e26f26,1499,True,1,200000,test,249,False
trained,d9b989c6f50801e738cd59459899a9ad03f6bc2eeca73df9ad0e7616e6a69092,0.005508057773113251,heavy,24,9b499542707aaec72301ff294d44ff2f3d8a011addc421f9257f8aefa0c11640,1499,True,1,200000,test,249,False
trained,d9b989c6f50801e738cd59459899a9ad03f6bc2eeca73df9ad0e7616e6a69092,0.004975778050720692,heavy,25,a61543bd631c5e45ed4bab1a99926aced18e04c0ce41fdc5a78d36fdd255a14e,1499,True,0,200000,test,249,False
trained,d9b989c6f50801e738cd59459899a9ad03f6bc2eeca73df9ad0e7616e6a69092,0.00500516826286912,heavy,26,7bc846ae43b5cbcf0891bfc04b9e5a6a972cdc6a5423c0ac36d1470b3c936b96,1499,True,0,200000,test,249,False
trained,d9b989c6f50801e738cd59459899a9ad03f6bc2eeca73df9ad0e7616e6a69092,0.002953372662886977,heavy,27,5c45ae94d4f9b11183715d0b4edd62025055f19da0e8593a9d156e6013403ce2,1499,True,0,200000,test,249,False
trained,d9b989c6f50801e738cd59459899a9ad03f6bc2eeca73df9ad0e7616e6a69092,0.007113092113286257,heavy,28,9e15cde33dbf7f54942180b5b22353b12b112ec17a20d73c5c8d8e75728ce772,1499,True,0,200000,test,249,False
trained,d9b989c6f50801e738cd59459899a9ad03f6bc2eeca73df9ad0e7616e6a69092,0.00862323772162199,heavy,29,11d62c1256d4c6da7059892a327ce1154900fd8aa0ea7c39991fce0764a00ec3,1499,True,0,200000,test,249,False
trained,d9b989c6f50801e738cd59459899a9ad03f6bc2eeca73df9ad0e7616e6a69092,0.002625050488859415,heavy,30,0e10457a7f3e547a85007dcc28e602d274bbbc5badf7405a696742cdebfee3c2,1499,True,1,200000,test,249,False
trained,d9b989c6f50801e738cd59459899a9ad03f6bc2eeca73df9ad0e7616e6a69092,0.005187929607927799,heavy,31,1c238bfac4aca4f2f8ee416c6ef99e62aca9ed5f8bbf832f1d15f742d2002460,1499,True,0,200000,test,249,False
trained,d9b989c6f50801e738cd59459899a9ad03f6bc2eeca73df9ad0e7616e6a69092,0.003910253755748272,heavy,32,e509a766c3f40f8d2f63f3fda33390b771d8423385254e931ddaffb4db985712,1499,True,0,200000,test,249,False
trained,d9b989c6f50801e738cd59459899a9ad03f6bc2eeca73df9ad0e7616e6a69092,0.0007418087334372103,heavy,33,f2930f3a766816f70bdd184269c16945ecaa245aac4bacca8ddbb6b97812ab95,1499,True,0,200000,test,249,False
trained,d9b989c6f50801e738cd59459899a9ad03f6bc2eeca73df9ad0e7616e6a69092,0.0055651417933404446,heavy,34,3fb4578d39e7ddb3577ff33251ede8e62931db0d38f70b07dcde57b5d88a198a,1499,True,1,200000,test,249,False
trained,d9b989c6f50801e738cd59459899a9ad03f6bc2eeca73df9ad0e7616e6a69092,0.007259801495820284,heavy,35,53612294420ed663f849f37dbd33fe4755782ba369daa40575ec9cbad47afdf1,1499,True,1,200000,test,249,False
trained,d9b989c6f50801e738cd59459899a9ad03f6bc2eeca73df9ad0e7616e6a69092,0.007875630632042885,heavy,36,720361ee52be951f5aefde8c073bb8fd9770c73ef3c06a0cd2ccf37f699f0885,1499,True,1,200000,test,249,False
trained,d9b989c6f50801e738cd59459899a9ad03f6bc2eeca73df9ad0e7616e6a69092,0.0012538187438622117,heavy,37,76488ce6a6c1c520f19fbaffc611c8bfb22b448d446774452fd589fa1822ad10,1499,True,0,200000,test,249,False
trained,d9b989c6f50801e738cd59459899a9ad03f6bc2eeca73df9ad0e7616e6a69092,0.005220828577876091,heavy,38,719bdc2b5150f5a70c89843eceeb269fd2b1c3ebcc41a7bbef501eef20f3bf22,1499,True,0,200000,test,249,False
trained,d9b989c6f50801e738cd59459899a9ad03f6bc2eeca73df9ad0e7616e6a69092,0.007417791523039341,heavy,39,f7aa7ae9186d7663db3cc2424e63c06de69bb2c4976fd66eaf8fea5f71892149,1499,True,1,200000,test,249,False
trained,d9b989c6f50801e738cd59459899a9ad03f6bc2eeca73df9ad0e7616e6a69092,0.004346202127635479,heavy,40,beb1997c7a8766f83d216a45b17cd418c009429dab21b25cc1dc1f0e2e3d3859,1499,True,0,200000,test,249,False
trained,d9b989c6f50801e738cd59459899a9ad03f6bc2eeca73df9ad0e7616e6a69092,0.004497220274060965,heavy,41,fa993d146333431150f436728262ec9eb359182e1f57a8f1506f40be6b0f8ae4,1499,True,0,200000,test,249,False
trained,d9b989c6f50801e738cd59459899a9ad03f6bc2eeca73df9ad0e7616e6a69092,0.0029315254651010036,heavy,42,8ed80f3752349f6c9c518720859b8dc8a87347e8cf3b25f272c8ee661aa9e1f5,1499,True,0,200000,test,249,False
trained,d9b989c6f50801e738cd59459899a9ad03f6bc2eeca73df9ad0e7616e6a69092,0.0017693167319521308,heavy,43,3238e31a810c8c68c31f98381cc82f7a253f031052b77799daebe39110714e57,1499,True,0,200000,test,249,False
trained,d9b989c6f50801e738cd59459899a9ad03f6bc2eeca73df9ad0e7616e6a69092,0.005187558010220528,heavy,44,3fc05f66ad8cbc89df6e761c99565add28915f4fec8331e0f95d072bca634451,1499,True,0,200000,test,249,False
trained,d9b989c6f50801e738cd59459899a9ad03f6bc2eeca73df9ad0e7616e6a69092,0.012969301082193851,heavy,45,6975082383198d4e72859e029bf9a0c1d2d883243daf54f0524033c45908d390,1499,True,0,200000,test,249,False
trained,d9b989c6f50801e738cd59459899a9ad03f6bc2eeca73df9ad0e7616e6a69092,0.002961185062304139,heavy,46,8a5fba441c0e9249bf5f70d7e8d2f21d53f688db2074b0207ddf8a070a847d1a,1499,True,0,200000,test,249,False
trained,d9b989c6f50801e738cd59459899a9ad03f6bc2eeca73df9ad0e7616e6a69092,0.014399116858839989,heavy,47,86c702398cf9c83c765d3061b41bda5da976271f9f595b1b2a618b76f59d36b5,1499,True,0,200000,test,249,False
trained,d9b989c6f50801e738cd59459899a9ad03f6bc2eeca73df9ad0e7616e6a69092,0.007917392067611217,heavy,48,7af3d925fae0c3c751cc1218deac7fa3819409a968c312ab7e76a4f78278c6c5,1499,True,0,200000,test,249,False
trained,d9b989c6f50801e738cd59459899a9ad03f6bc2eeca73df9ad0e7616e6a69092,0.003481191350147128,heavy,49,a143d7774578772618880f396a605b63614255bdbfb7e73c7c27baa6b2dab068,1499,True,0,200000,test,249,False
trained,d9b989c6f50801e738cd59459899a9ad03f6bc2eeca73df9ad0e7616e6a69092,0.017548412084579468,heavy,50,f518f5d8a9af7448386787e6208b320a572486bb07fb9e82a17c32a67a8c6e29,1499,True,0,200000,test,249,False
trained,d9b989c6f50801e738cd59459899a9ad03f6bc2eeca73df9ad0e7616e6a69092,0.005389051511883736,heavy,51,8167e1105624e5c3e76f4562fd0cc239d7b8b2b43897133a32604c50974b0bad,1499,True,0,200000,test,249,False
trained,d9b989c6f50801e738cd59459899a9ad03f6bc2eeca73df9ad0e7616e6a69092,0.012633849866688251,heavy,52,68914e3446a0eedb9db819521cb9bd1c1b6022c01eb53b41c4f81e1a0caade6f,1499,True,1,200000,test,249,False
trained,d9b989c6f50801e738cd59459899a9ad03f6bc2eeca73df9ad0e7616e6a69092,0.006660751532763243,heavy,53,cb7cc07d7d10bad7fbf8139238534d0c3c5d7ee1cba0c9b47ec950175e462b52,1499,True,2,200000,test,249,False
trained,d9b989c6f50801e738cd59459899a9ad03f6bc2eeca73df9ad0e7616e6a69092,0.0022944172378629446,heavy,54,3ef899140e78357fa148940bbc451d6521117c175c62a86d7d8853b15c1db267,1499,True,1,200000,test,249,False
trained,d9b989c6f50801e738cd59459899a9ad03f6bc2eeca73df9ad0e7616e6a69092,0.008013749495148659,heavy,55,c1714e8d391f50c92daf041f380ef0351fe5fec22c4fa903699d884bc7906fe2,1499,True,5,200000,test,249,False
trained,d9b989c6f50801e738cd59459899a9ad03f6bc2eeca73df9ad0e7616e6a69092,0.002845027018338442,heavy,56,20f2202fa1332d161f40574ee265310606d026cdd1a1463955da4b67a22ceb5f,1499,True,1,200000,test,249,False
trained,d9b989c6f50801e738cd59459899a9ad03f6bc2eeca73df9ad0e7616e6a69092,0.006075198296457529,heavy,57,d1adde525b52543389b2893d6f70f5e04ff9b55c235dc30d7a1a7c2c17a8e9ca,1499,True,0,200000,test,249,False
trained,d9b989c6f50801e738cd59459899a9ad03f6bc2eeca73df9ad0e7616e6a69092,0.007999018765985966,heavy,58,c1a1da15715bc452e74f8132f8e075f5199608e314324788ba883d7d8f66474e,1499,True,0,200000,test,249,False
trained,d9b989c6f50801e738cd59459899a9ad03f6bc2eeca73df9ad0e7616e6a69092,0.000615730183199048,heavy,59,d7175c1cf9d66fbc03c9af040cfdfce84a56134d60c607754277f7d9a44053a7,1499,True,0,200000,test,249,False
trained,d9b989c6f50801e738cd59459899a9ad03f6bc2eeca73df9ad0e7616e6a69092,0.007240956649184227,heavy,60,c7ea1d672fb377c531b1ce319750b7eda4f5b12fed04000c9fc936039c67f1ea,1499,True,1,200000,test,249,False
trained,d9b989c6f50801e738cd59459899a9ad03f6bc2eeca73df9ad0e7616e6a69092,0.003966508433222771,heavy,61,210699a25e429d7817d4743456d34be8b6dfc161fb80435938378fa29b3e451e,1499,True,0,200000,test,249,False
trained,d9b989c6f50801e738cd59459899a9ad03f6bc2eeca73df9ad0e7616e6a69092,0.003378491848707199,heavy,62,9e5c3a669783f4c24f406042fd7ad3005f8396c6b0302e470b4e8ffd5df03655,1499,True,1,200000,test,249,False
trained,d9b989c6f50801e738cd59459899a9ad03f6bc2eeca73df9ad0e7616e6a69092,0.0030853936914354563,heavy,63,1943fbc8ee86a753fe36ec17d5559e8c4412c7fc66dc3a497fdf101f575181a2,1499,True,0,200000,test,249,False
trained,d9b989c6f50801e738cd59459899a9ad03f6bc2eeca73df9ad0e7616e6a69092,0.0013581354869529605,heavy,64,d47ccd7dbca953081c48b3ed3143d6b0a80fcf2cdcd170a0dbc633c7608a0886,1499,True,1,200000,test,249,False
trained,d9b989c6f50801e738cd59459899a9ad03f6bc2eeca73df9ad0e7616e6a69092,0.0036036246456205845,heavy,65,38f998a161f86bc5e351ec4a8d0c448d84af5742bfe9dbc86573ef073a06e80d,1499,True,0,200000,test,249,False
trained,d9b989c6f50801e738cd59459899a9ad03f6bc2eeca73df9ad0e7616e6a69092,0.0033686987590044737,heavy,66,afce72db834e1b9f5595ead1ecb6027a712678c2d9b0f3da010a6b3cf644aa9f,1499,True,0,200000,test,249,False
trained,d9b989c6f50801e738cd59459899a9ad03f6bc2eeca73df9ad0e7616e6a69092,0.00984207447618246,heavy,67,91a57c9faecc15833c92e04acdf09535fae208aacb93f68aa20f574883cad8fa,1499,True,0,200000,test,249,False
trained,d9b989c6f50801e738cd59459899a9ad03f6bc2eeca73df9ad0e7616e6a69092,0.005600243341177702,heavy,68,48b45ff817dc56db16b184dd88f26a376d460f69093e237f24a4d6d7744bdea9,1499,True,0,200000,test,249,False
trained,d9b989c6f50801e738cd59459899a9ad03f6bc2eeca73df9ad0e7616e6a69092,0.013922886922955513,heavy,69,1ff6fa05c5d2a3044de00bd98d8803f2ad5ddb13f97201d468110bba89f8f095,1499,True,0,200000,test,249,False
trained,d9b989c6f50801e738cd59459899a9ad03f6bc2eeca73df9ad0e7616e6a69092,0.008282441645860672,heavy,70,68f84e890ee756fb375bafd3a10dee54284210dfba712e8a3367249e145ac701,1499,True,0,200000,test,249,False
trained,d9b989c6f50801e738cd59459899a9ad03f6bc2eeca73df9ad0e7616e6a69092,0.007980503141880035,heavy,71,a2ce5abb873866ad8b5f79398586bd073fad3e68148978388a6d2a99bfabc9dc,1499,True,1,200000,test,249,False
trained,d9b989c6f50801e738cd59459899a9ad03f6bc2eeca73df9ad0e7616e6a69092,0.004723443184047937,heavy,72,95c60544869e809da3ca8d21dbab8d5da96c20d9fa401fdf1af352b4ad037c71,1499,True,12,200000,test,249,False
trained,d9b989c6f50801e738cd59459899a9ad03f6bc2eeca73df9ad0e7616e6a69092,0.0005667240475304425,heavy,73,86b37d5efd76d46cade13612868ca6671988d786c61b4fb132d6a2da467aa063,1499,True,0,200000,test,249,False
trained,d9b989c6f50801e738cd59459899a9ad03f6bc2eeca73df9ad0e7616e6a69092,0.004269591066986322,heavy,74,a6cb53189d8a0fcde26b0cc4d7f65ca6fa4e103cf1c438a53cb7a4596b32251a,1499,True,7,200000,test,249,False
trained,d9b989c6f50801e738cd59459899a9ad03f6bc2eeca73df9ad0e7616e6a69092,0.007296690251678228,heavy,75,e7f0d69e6a3b00c166322ecad23a03296ad2fd3a64cdc461ca2280b2abd16b63,1499,True,0,200000,test,249,False
trained,d9b989c6f50801e738cd59459899a9ad03f6bc2eeca73df9ad0e7616e6a69092,0.0029498618096113205,heavy,76,4304e5b04fea123e106f828325673692bb247132e3e404e05a6dbca4bc0df9df,1499,True,0,200000,test,249,False
trained,d9b989c6f50801e738cd59459899a9ad03f6bc2eeca73df9ad0e7616e6a69092,0.014086436480283737,heavy,77,1b9bf2129f999c669e0425e2409918837e474896cfed98cef362b5be87588769,1499,True,0,200000,test,249,False
trained,d9b989c6f50801e738cd59459899a9ad03f6bc2eeca73df9ad0e7616e6a69092,0.003560821758583188,heavy,78,6d22199e7b130fef9473eac3e79ec6a3ed0dbc730b4d083c8b5c72f5b39cdeb7,1499,True,0,200000,test,249,False
trained,d9b989c6f50801e738cd59459899a9ad03f6bc2eeca73df9ad0e7616e6a69092,0.0013581219827756286,heavy,79,99f26d6cb00d9aa1160b35f509beab9262ff8a632328e3c60f48afec288e408c,1499,True,0,200000,test,249,False
trained,d9b989c6f50801e738cd59459899a9ad03f6bc2eeca73df9ad0e7616e6a69092,0.004337204620242119,heavy,80,4797fb72f166ae23e949f8d11577ec7cc4b0614fedf638d17e6660e17c6d13c7,1499,True,0,200000,test,249,False
trained,d9b989c6f50801e738cd59459899a9ad03f6bc2eeca73df9ad0e7616e6a69092,0.0024994153063744307,heavy,81,1ff366fecd976db6ff3a241e2145633a75b4efbb3a1853679cc678d4b95c9f7b,1499,True,0,200000,test,249,False
trained,d9b989c6f50801e738cd59459899a9ad03f6bc2eeca73df9ad0e7616e6a69092,0.001066263415850699,heavy,82,1ace284355e86edac562c13137e747bd8249132cdad005cec9ac11bf6643c9fe,1499,True,1,200000,test,249,False
trained,d9b989c6f50801e738cd59459899a9ad03f6bc2eeca73df9ad0e7616e6a69092,0.0030982496682554483,heavy,83,a2058059d1d163ec4b01d18c5a56f44bada279b5ebd5a1ac9e885aed7c49a6f6,1499,True,1,200000,test,249,False
trained,d9b989c6f50801e738cd59459899a9ad03f6bc2eeca73df9ad0e7616e6a69092,0.00908589642494917,heavy,84,e372d694ade33ddfe45b4d8d081c749c2d7e6cc56208457bb98eccd23e9d7590,1499,True,0,200000,test,249,False
trained,d9b989c6f50801e738cd59459899a9ad03f6bc2eeca73df9ad0e7616e6a69092,0.009294403716921806,heavy,85,81ebfc8d82e39804d11c7a30e022d7e9f33dff61009eb1decab78c1c9853bd0a,1499,True,0,200000,test,249,False
trained,d9b989c6f50801e738cd59459899a9ad03f6bc2eeca73df9ad0e7616e6a69092,0.006879242602735758,heavy,86,2ec7d5d48492dbbb6de2cb23a5982f3faf0f2caac56d6646194e06025ffd118a,1499,True,1,200000,test,249,False
trained,d9b989c6f50801e738cd59459899a9ad03f6bc2eeca73df9ad0e7616e6a69092,0.00932995229959488,heavy,87,cc490f6f3a60e2257b5c08db1f281be41b1e61669e2920bbbf915951b1f9dd09,1499,True,0,200000,test,249,False
trained,d9b989c6f50801e738cd59459899a9ad03f6bc2eeca73df9ad0e7616e6a69092,0.0020963556598871946,heavy,88,a1873710ede77fb581b50bd45afbcdb8e2216a7bac73d8ffdf30cda2847b2fb6,1499,True,1,200000,test,249,False
trained,d9b989c6f50801e738cd59459899a9ad03f6bc2eeca73df9ad0e7616e6a69092,0.009197520092129707,heavy,89,8cd07364c6977efdcbeab7ea8afe7d342b2fa0b001454a94f36729313b5d3206,1499,True,8,200000,test,249,False
trained,d9b989c6f50801e738cd59459899a9ad03f6bc2eeca73df9ad0e7616e6a69092,0.005968418437987566,heavy,90,4aff7910bb302aeb728a0676a77ce4ed79066eb4c2c2672d07f42a2e4859cb1e,1499,True,0,200000,test,249,False
trained,d9b989c6f50801e738cd59459899a9ad03f6bc2eeca73df9ad0e7616e6a69092,0.012880499474704266,heavy,91,0f43e8358ba9b96380db8ef1085b5a979dcb8edacfe1df4135c5197a9ca140ad,1499,True,1,200000,test,249,False
trained,d9b989c6f50801e738cd59459899a9ad03f6bc2eeca73df9ad0e7616e6a69092,0.008868026547133923,heavy,92,c7fbf06eb9f7a3ff449891278c75371a05bbeda44a3a78c0629ee5536c25fd29,1499,True,0,200000,test,249,False
trained,d9b989c6f50801e738cd59459899a9ad03f6bc2eeca73df9ad0e7616e6a69092,0.0016559928189963102,heavy,93,eeef6dbd599f4dab6f6ab2b5a46e4fd4ff7ad737a50a998ccfa0b344aa633647,1499,True,0,200000,test,249,False
trained,d9b989c6f50801e738cd59459899a9ad03f6bc2eeca73df9ad0e7616e6a69092,0.009919794276356697,heavy,94,ab37c57c123156fde8e6b86b5f0a777a7fd18f6042f6b0d169cb66db6026a6be,1499,True,0,200000,test,249,False
trained,d9b989c6f50801e738cd59459899a9ad03f6bc2eeca73df9ad0e7616e6a69092,0.007788467220962048,heavy,95,bdec9935f649d9202a5bb541d402d99b3054f2e13735af5c27c645c7720ec6a6,1499,True,12,200000,test,249,False
trained,d9b989c6f50801e738cd59459899a9ad03f6bc2eeca73df9ad0e7616e6a69092,0.004764781799167395,heavy,96,77a4cb4293f6536253aa3b66162bc929474a5fdda41df92aafa1ce2fb2b54f2f,1499,True,0,200000,test,249,False
trained,d9b989c6f50801e738cd59459899a9ad03f6bc2eeca73df9ad0e7616e6a69092,0.005162361077964306,heavy,97,05dc74adcf4c2c331cd6976dbc6e523a478ec2bb46b0a059bf409e2b6ab8380d,1499,True,0,200000,test,249,False
trained,d9b989c6f50801e738cd59459899a9ad03f6bc2eeca73df9ad0e7616e6a69092,0.008482798933982849,heavy,98,9614a090a384d03c1ba35ed51c8a761be752edb2c656aa96e536442b4623fbb4,1499,True,0,200000,test,249,False
trained,d9b989c6f50801e738cd59459899a9ad03f6bc2eeca73df9ad0e7616e6a69092,0.00493913609534502,heavy,99,3ebcb8b16e457dee44285c20766d816a9270123bfc42336c2ad468f1648e826a,1499,True,0,200000,test,249,False
trained,d9b989c6f50801e738cd59459899a9ad03f6bc2eeca73df9ad0e7616e6a69092,0.010106883011758327,heavy,100,d728faeae13a0dfb8614d6ec5fa83d9d01926528230d1e4a7515dd991253d44e,1499,True,0,200000,test,249,False
trained,d9b989c6f50801e738cd59459899a9ad03f6bc2eeca73df9ad0e7616e6a69092,0.003229833673685789,heavy,101,b3aaaf7fb53fe114bd0f4f914ec6f63604a4dea9ef1d10a6f5f38a414c506e23,1499,True,0,200000,test,249,False
trained,d9b989c6f50801e738cd59459899a9ad03f6bc2eeca73df9ad0e7616e6a69092,0.004142089746892452,heavy,102,d6db2e91ecde8bce14994a00eceb6fa355862d95b278a48d9c674733b6a11a93,1499,True,0,200000,test,249,False
trained,d9b989c6f50801e738cd59459899a9ad03f6bc2eeca73df9ad0e7616e6a69092,0.008102585561573505,heavy,103,ad6e487c79125208299f08c8928735d89b232ce06ab0c9f172e1700257dec3ba,1499,True,0,200000,test,249,False
trained,d9b989c6f50801e738cd59459899a9ad03f6bc2eeca73df9ad0e7616e6a69092,0.007085226010531187,heavy,104,171f1e8fd988107483be3198d6169967413aa437441cb2af38aad4e6c0c29d2b,1499,True,152,200000,test,249,True
trained,d9b989c6f50801e738cd59459899a9ad03f6bc2eeca73df9ad0e7616e6a69092,0.013084008358418941,heavy,105,d4fbe59ca1b5e23829a2ca0a390942ce8c43359e645fcf61a496b0bde1b8b242,1499,True,0,200000,test,249,False
trained,d9b989c6f50801e738cd59459899a9ad03f6bc2eeca73df9ad0e7616e6a69092,0.007413456682115793,heavy,106,16bda64c3ed4b2a7125ea60381352cdd9795eb598a2e41f9a0c90472667b9049,1499,True,0,200000,test,249,False
trained,d9b989c6f50801e738cd59459899a9ad03f6bc2eeca73df9ad0e7616e6a69092,0.009760595858097076,heavy,107,abda65d3f8967994841853f88cd921111e3fbcf69daa542cc27e8d12a27b78ff,1499,True,0,200000,test,249,False
trained,d9b989c6f50801e738cd59459899a9ad03f6bc2eeca73df9ad0e7616e6a69092,0.0071960268542170525,heavy,108,5bf0c262a762fff765bad21aa5ff21a650118083af7b57a0c8e5a107486f8502,1499,True,4,200000,test,249,False
trained,d9b989c6f50801e738cd59459899a9ad03f6bc2eeca73df9ad0e7616e6a69092,0.011703692376613617,heavy,109,5f3fa1ec1db3997ad3c80179949f22956b2a3eabd56590eed2201753ad0b8785,1499,True,0,200000,test,249,False
trained,d9b989c6f50801e738cd59459899a9ad03f6bc2eeca73df9ad0e7616e6a69092,0.013442495837807655,heavy,110,043178d9c2e751ba923dc4246946ce8cd9085b9cd92fe45e70317d48179bce16,1499,True,0,200000,test,249,False
trained,d9b989c6f50801e738cd59459899a9ad03f6bc2eeca73df9ad0e7616e6a69092,0.003313513472676277,heavy,111,4155b638520a37687a7decb0e0ac3fc027a3c905cfc1c4b5a95d92c95feed3fb,1499,True,0,200000,test,249,False
trained,d9b989c6f50801e738cd59459899a9ad03f6bc2eeca73df9ad0e7616e6a69092,0.012296926230192184,heavy,112,69e62f621f40d6b6316746f9e28263ae9a9e3f68871fa02d9246df8190593f15,1499,True,2,200000,test,249,False
trained,d9b989c6f50801e738cd59459899a9ad03f6bc2eeca73df9ad0e7616e6a69092,0.009194429032504559,heavy,113,8d61bebf893886b35fc9822c412ba22c1e1f20cc359d68cb7e1ccec8e1880490,1499,True,0,200000,test,249,False
trained,d9b989c6f50801e738cd59459899a9ad03f6bc2eeca73df9ad0e7616e6a69092,0.003724901005625725,heavy,114,af01fd6e11d268d4fcfc223731a2518813a51b9e6320c707f262dbddfa6a06b6,1499,True,28,200000,test,249,True
trained,d9b989c6f50801e738cd59459899a9ad03f6bc2eeca73df9ad0e7616e6a69092,0.0038846959359943867,heavy,115,687e231d91f53a4978947b46d60667357734722c526fa2a816df4dc5dcea3922,1499,True,1,200000,test,249,False
trained,d9b989c6f50801e738cd59459899a9ad03f6bc2eeca73df9ad0e7616e6a69092,0.011049257591366768,heavy,116,a687b62d73d62361cb77a82d90533f46dbbd3b507e0c449919cbc12c0671c15e,1499,True,0,200000,test,249,False
trained,d9b989c6f50801e738cd59459899a9ad03f6bc2eeca73df9ad0e7616e6a69092,0.007085788995027542,heavy,117,c1371f77a2e4a3dff1a6b2e0e8731c6be4ec3849db9ea1f8eccb80beba24f770,1499,True,1,200000,test,249,False
trained,d9b989c6f50801e738cd59459899a9ad03f6bc2eeca73df9ad0e7616e6a69092,0.007665344048291445,heavy,118,f416e408f0959d1c3540326f2aeb627b0dee0dcab8baa666562435161570aed5,1499,True,0,200000,test,249,False
trained,d9b989c6f50801e738cd59459899a9ad03f6bc2eeca73df9ad0e7616e6a69092,0.006439750082790852,heavy,119,782d6ff695cff66ddd1ce6bbdb72609507e294e056b608688a830bfc77a80928,1499,True,2,200000,test,249,False
trained,d9b989c6f50801e738cd59459899a9ad03f6bc2eeca73df9ad0e7616e6a69092,0.0073204948566854,heavy,120,d4c3ce95cf2bfbdc65b9285b985120a5914f8e6d31c88c56305fe55926b589ba,1499,True,0,200000,test,249,False
trained,d9b989c6f50801e738cd59459899a9ad03f6bc2eeca73df9ad0e7616e6a69092,0.008587032556533813,heavy,121,873fdf34e0ba5ce490935cbc65b233569f73dad143f2bee12f7081b792648119,1499,True,0,200000,test,249,False
trained,d9b989c6f50801e738cd59459899a9ad03f6bc2eeca73df9ad0e7616e6a69092,0.0074708182364702225,heavy,122,3413699e394218a7a9f1b5077a6fbb87a8ce22c8505e03469888cd7de521bf38,1499,True,9,200000,test,249,False
trained,d9b989c6f50801e738cd59459899a9ad03f6bc2eeca73df9ad0e7616e6a69092,0.0012513167457655072,heavy,123,c8ae1be88e9046dae3b49b993352b4965163dade87926f37fc8684682ddbf175,1499,True,0,200000,test,249,False
trained,d9b989c6f50801e738cd59459899a9ad03f6bc2eeca73df9ad0e7616e6a69092,0.007315376307815313,heavy,124,63cfeca31fe99cb8c7f2a42e8e020136d4a9814d579258b61934dd4b8d0c3e3b,1499,True,1,200000,test,249,False
trained,d9b989c6f50801e738cd59459899a9ad03f6bc2eeca73df9ad0e7616e6a69092,0.00717584602534771,heavy,125,a61f5ff0e9fa1133de9c0c75f1c2fb95baaa172b0d1da1561259cd14a90ac00f,1499,True,0,200000,test,249,False
trained,d9b989c6f50801e738cd59459899a9ad03f6bc2eeca73df9ad0e7616e6a69092,0.006417212542146444,heavy,126,1b7d8544bfc1139c6bfb56c53bb05cab7a8abd517fe3480928cee8888874c1b2,1499,True,0,200000,test,121,False
trained,d9b989c6f50801e738cd59459899a9ad03f6bc2eeca73df9ad0e7616e6a69092,0.005930536892265081,heavy,127,7f890b90f22e11a29f4dfc80b0c9794493d87146b921f15111b45bfca8308814,1499,True,0,200000,test,249,False
trained,d9b989c6f50801e738cd59459899a9ad03f6bc2eeca73df9ad0e7616e6a69092,0.006025923416018486,nominal,0,1006ac46f569c93f68480b650fdbf31326934d9305af5f9a0df24078570f38b4,1499,True,0,200000,test,249,False
trained,d9b989c6f50801e738cd59459899a9ad03f6bc2eeca73df9ad0e7616e6a69092,0.0040029543451964855,nominal,1,6c6e91fb7d31ec5639a5e7f3834dfd0ea25b9f6d3215307f533aff9a778fa121,1499,True,0,200000,test,249,False
trained,d9b989c6f50801e738cd59459899a9ad03f6bc2eeca73df9ad0e7616e6a69092,0.0022328447084873915,nominal,2,b383541d51cce864de8398bfa13b3ae106f704c54ad15f30693ec0879b66318f,1499,True,0,200000,test,249,False
trained,d9b989c6f50801e738cd59459899a9ad03f6bc2eeca73df9ad0e7616e6a69092,0.004689804278314114,nominal,3,92891ab106526cb96c087f32e7ee7093ec0f07c2c0f186409f4bd78980947027,1499,True,1,200000,test,249,False
trained,d9b989c6f50801e738cd59459899a9ad03f6bc2eeca73df9ad0e7616e6a69092,0.009785386733710766,nominal,4,0ce50e71de153a5a7dc52462f997c430406adff475f515b64e009f36ba7ecd60,1499,True,0,200000,test,249,False
trained,d9b989c6f50801e738cd59459899a9ad03f6bc2eeca73df9ad0e7616e6a69092,0.008459956385195255,nominal,5,23bbe389b02e67f3f18d7a172c7b1041d81fa4819f6384e628774d262df83a08,1499,True,1,200000,test,249,False
trained,d9b989c6f50801e738cd59459899a9ad03f6bc2eeca73df9ad0e7616e6a69092,0.0028878517914563417,nominal,6,4c8d93f7b7dd25fa691c3c40ce968aa541e217eb214d9b6f721d1b6eabe6db82,1499,True,0,200000,test,249,False
trained,d9b989c6f50801e738cd59459899a9ad03f6bc2eeca73df9ad0e7616e6a69092,0.010803730227053165,nominal,7,d3b0361ac339d60c525726af499d4de1d2336a907a38302198501d75d64e5031,1499,True,0,200000,test,249,False
trained,d9b989c6f50801e738cd59459899a9ad03f6bc2eeca73df9ad0e7616e6a69092,0.005003208294510841,nominal,8,0fe94752beba95d6adc57053c4d6e911a6f658fc33452a2bc0452b7d198bec8d,1499,True,0,200000,test,249,False
trained,d9b989c6f50801e738cd59459899a9ad03f6bc2eeca73df9ad0e7616e6a69092,0.0041511948220431805,nominal,9,020d42e18a81b2aa1688f5098e4987f612d4a38265f1cd871b15d807654d811b,1499,True,0,200000,test,249,False
trained,d9b989c6f50801e738cd59459899a9ad03f6bc2eeca73df9ad0e7616e6a69092,0.0016943721566349268,nominal,10,fbbe93bb96a241421c543d45b53abf9787cbdc9eefcde2a0e83009f091e9c696,1499,True,0,200000,test,249,False
trained,d9b989c6f50801e738cd59459899a9ad03f6bc2eeca73df9ad0e7616e6a69092,0.005056161433458328,nominal,11,e7201a7cd4729dd5922ab715a15a85e026f02fde03acce04b948f8047cb07f36,1499,True,0,200000,test,249,False
trained,d9b989c6f50801e738cd59459899a9ad03f6bc2eeca73df9ad0e7616e6a69092,0.004457942675799131,nominal,12,17b00f472054d86e12dd4e2a148f60ff5b212d53529b292fe0c89e89ce32b921,1499,True,0,200000,test,249,False
trained,d9b989c6f50801e738cd59459899a9ad03f6bc2eeca73df9ad0e7616e6a69092,0.0036049578338861465,nominal,13,d8763f997b16fda62370f05b3eac4f14116fe1a12a5355172468728f9659dc66,1499,True,0,200000,test,249,False
trained,d9b989c6f50801e738cd59459899a9ad03f6bc2eeca73df9ad0e7616e6a69092,0.003781777573749423,nominal,14,3e6330a9ae4cdd172643670198e572139c46d592018d86168cd8e94e5b914faf,1499,True,0,200000,test,249,False
trained,d9b989c6f50801e738cd59459899a9ad03f6bc2eeca73df9ad0e7616e6a69092,0.0042296783067286015,nominal,15,b07878a684715e8a43f249daf8f0ec8a42903960bbd8cc16e38a5677c5ecba02,1499,True,0,200000,test,249,False
trained,d9b989c6f50801e738cd59459899a9ad03f6bc2eeca73df9ad0e7616e6a69092,0.006785554811358452,nominal,16,d9a4d2c50eb0f21abeccefc6a7650336254b214898a034afc0630cae77885a15,1499,True,1,200000,test,249,False
trained,d9b989c6f50801e738cd59459899a9ad03f6bc2eeca73df9ad0e7616e6a69092,0.01141960546374321,nominal,17,e80da798aac25ec71c9549ed57244a29ddbef463df51d81b5657abeaaf277cec,1499,True,0,200000,test,249,False
trained,d9b989c6f50801e738cd59459899a9ad03f6bc2eeca73df9ad0e7616e6a69092,0.007409703452140093,nominal,18,3a3408357fc2d01619fd8c3ed07f7ba90de43ff8cba31e4bd811450d9283c03e,1499,True,0,200000,test,249,False
trained,d9b989c6f50801e738cd59459899a9ad03f6bc2eeca73df9ad0e7616e6a69092,0.0035977743100374937,nominal,19,466efe0e3ec20c227fe0d24dd343855524ade7e2f603010a4b7b774374a6cfcb,1499,True,0,200000,test,249,False
trained,d9b989c6f50801e738cd59459899a9ad03f6bc2eeca73df9ad0e7616e6a69092,0.0038928654976189137,nominal,20,a41f67c545627cc3633a4f8b01351858f03c4ac8df8b18412db799f7af47b098,1499,True,0,200000,test,249,False
trained,d9b989c6f50801e738cd59459899a9ad03f6bc2eeca73df9ad0e7616e6a69092,0.002399846911430359,nominal,21,154671fae8a6ed40c4df9ba29a97c10f325bf85a2433de091361974955ac9838,1499,True,1,200000,test,249,False
trained,d9b989c6f50801e738cd59459899a9ad03f6bc2eeca73df9ad0e7616e6a69092,0.013573642820119858,nominal,22,dcb1b868d423c85ae2eabcbd624e14f11fde46d5d564487f665a978e12f3fa39,1499,True,0,200000,test,249,False
trained,d9b989c6f50801e738cd59459899a9ad03f6bc2eeca73df9ad0e7616e6a69092,0.006342401262372732,nominal,23,28309eb0cad85fd2186cc9308f83f91e1af688aacf3fe0015b80d75062e26f26,1499,True,0,200000,test,249,False
trained,d9b989c6f50801e738cd59459899a9ad03f6bc2eeca73df9ad0e7616e6a69092,0.005146510899066925,nominal,24,9b499542707aaec72301ff294d44ff2f3d8a011addc421f9257f8aefa0c11640,1499,True,0,200000,test,249,False
trained,d9b989c6f50801e738cd59459899a9ad03f6bc2eeca73df9ad0e7616e6a69092,0.006077001802623272,nominal,25,a61543bd631c5e45ed4bab1a99926aced18e04c0ce41fdc5a78d36fdd255a14e,1499,True,0,200000,test,249,False
trained,d9b989c6f50801e738cd59459899a9ad03f6bc2eeca73df9ad0e7616e6a69092,0.008481673896312714,nominal,26,7bc846ae43b5cbcf0891bfc04b9e5a6a972cdc6a5423c0ac36d1470b3c936b96,1499,True,0,200000,test,249,False
trained,d9b989c6f50801e738cd59459899a9ad03f6bc2eeca73df9ad0e7616e6a69092,0.004873279947787523,nominal,27,5c45ae94d4f9b11183715d0b4edd62025055f19da0e8593a9d156e6013403ce2,1499,True,0,200000,test,249,False
trained,d9b989c6f50801e738cd59459899a9ad03f6bc2eeca73df9ad0e7616e6a69092,0.0029815651942044497,nominal,28,9e15cde33dbf7f54942180b5b22353b12b112ec17a20d73c5c8d8e75728ce772,1499,True,0,200000,test,249,False
trained,d9b989c6f50801e738cd59459899a9ad03f6bc2eeca73df9ad0e7616e6a69092,0.0010872012935578823,nominal,29,11d62c1256d4c6da7059892a327ce1154900fd8aa0ea7c39991fce0764a00ec3,1499,True,0,200000,test,249,False
trained,d9b989c6f50801e738cd59459899a9ad03f6bc2eeca73df9ad0e7616e6a69092,0.0009765700669959188,nominal,30,0e10457a7f3e547a85007dcc28e602d274bbbc5badf7405a696742cdebfee3c2,1499,True,0,200000,test,249,False
trained,d9b989c6f50801e738cd59459899a9ad03f6bc2eeca73df9ad0e7616e6a69092,0.004153843969106674,nominal,31,1c238bfac4aca4f2f8ee416c6ef99e62aca9ed5f8bbf832f1d15f742d2002460,1499,True,0,200000,test,249,False
trained,d9b989c6f50801e738cd59459899a9ad03f6bc2eeca73df9ad0e7616e6a69092,0.0035127897281199694,nominal,32,e509a766c3f40f8d2f63f3fda33390b771d8423385254e931ddaffb4db985712,1499,True,0,200000,test,249,False
trained,d9b989c6f50801e738cd59459899a9ad03f6bc2eeca73df9ad0e7616e6a69092,0.007079598028212786,nominal,33,f2930f3a766816f70bdd184269c16945ecaa245aac4bacca8ddbb6b97812ab95,1499,True,0,200000,test,249,False
trained,d9b989c6f50801e738cd59459899a9ad03f6bc2eeca73df9ad0e7616e6a69092,0.006106837186962366,nominal,34,3fb4578d39e7ddb3577ff33251ede8e62931db0d38f70b07dcde57b5d88a198a,1499,True,0,200000,test,249,False
trained,d9b989c6f50801e738cd59459899a9ad03f6bc2eeca73df9ad0e7616e6a69092,0.006773427594453096,nominal,35,53612294420ed663f849f37dbd33fe4755782ba369daa40575ec9cbad47afdf1,1499,True,1,200000,test,249,False
trained,d9b989c6f50801e738cd59459899a9ad03f6bc2eeca73df9ad0e7616e6a69092,0.006227482575923204,nominal,36,720361ee52be951f5aefde8c073bb8fd9770c73ef3c06a0cd2ccf37f699f0885,1499,True,0,200000,test,249,False
trained,d9b989c6f50801e738cd59459899a9ad03f6bc2eeca73df9ad0e7616e6a69092,0.0007712803198955953,nominal,37,76488ce6a6c1c520f19fbaffc611c8bfb22b448d446774452fd589fa1822ad10,1499,True,0,200000,test,249,False
trained,d9b989c6f50801e738cd59459899a9ad03f6bc2eeca73df9ad0e7616e6a69092,0.008380613289773464,nominal,38,719bdc2b5150f5a70c89843eceeb269fd2b1c3ebcc41a7bbef501eef20f3bf22,1499,True,0,200000,test,249,False
trained,d9b989c6f50801e738cd59459899a9ad03f6bc2eeca73df9ad0e7616e6a69092,0.007232489995658398,nominal,39,f7aa7ae9186d7663db3cc2424e63c06de69bb2c4976fd66eaf8fea5f71892149,1499,True,0,200000,test,249,False
trained,d9b989c6f50801e738cd59459899a9ad03f6bc2eeca73df9ad0e7616e6a69092,0.0027853641659021378,nominal,40,beb1997c7a8766f83d216a45b17cd418c009429dab21b25cc1dc1f0e2e3d3859,1499,True,0,200000,test,249,False
trained,d9b989c6f50801e738cd59459899a9ad03f6bc2eeca73df9ad0e7616e6a69092,0.002832841593772173,nominal,41,fa993d146333431150f436728262ec9eb359182e1f57a8f1506f40be6b0f8ae4,1499,True,1,200000,test,249,False
trained,d9b989c6f50801e738cd59459899a9ad03f6bc2eeca73df9ad0e7616e6a69092,0.003982430789619684,nominal,42,8ed80f3752349f6c9c518720859b8dc8a87347e8cf3b25f272c8ee661aa9e1f5,1499,True,0,200000,test,249,False
trained,d9b989c6f50801e738cd59459899a9ad03f6bc2eeca73df9ad0e7616e6a69092,0.002674258314073086,nominal,43,3238e31a810c8c68c31f98381cc82f7a253f031052b77799daebe39110714e57,1499,True,0,200000,test,249,False
trained,d9b989c6f50801e738cd59459899a9ad03f6bc2eeca73df9ad0e7616e6a69092,0.0031333724036812782,nominal,44,3fc05f66ad8cbc89df6e761c99565add28915f4fec8331e0f95d072bca634451,1499,True,0,200000,test,249,False
trained,d9b989c6f50801e738cd59459899a9ad03f6bc2eeca73df9ad0e7616e6a69092,0.011484500952064991,nominal,45,6975082383198d4e72859e029bf9a0c1d2d883243daf54f0524033c45908d390,1499,True,0,200000,test,249,False
trained,d9b989c6f50801e738cd59459899a9ad03f6bc2eeca73df9ad0e7616e6a69092,0.001699817250482738,nominal,46,8a5fba441c0e9249bf5f70d7e8d2f21d53f688db2074b0207ddf8a070a847d1a,1499,True,1,200000,test,249,False
trained,d9b989c6f50801e738cd59459899a9ad03f6bc2eeca73df9ad0e7616e6a69092,0.007513486780226231,nominal,47,86c702398cf9c83c765d3061b41bda5da976271f9f595b1b2a618b76f59d36b5,1499,True,0,200000,test,249,False
trained,d9b989c6f50801e738cd59459899a9ad03f6bc2eeca73df9ad0e7616e6a69092,0.006535302847623825,nominal,48,7af3d925fae0c3c751cc1218deac7fa3819409a968c312ab7e76a4f78278c6c5,1499,True,0,200000,test,249,False
trained,d9b989c6f50801e738cd59459899a9ad03f6bc2eeca73df9ad0e7616e6a69092,0.008634787052869797,nominal,49,a143d7774578772618880f396a605b63614255bdbfb7e73c7c27baa6b2dab068,1499,True,0,200000,test,249,False
trained,d9b989c6f50801e738cd59459899a9ad03f6bc2eeca73df9ad0e7616e6a69092,0.017872650176286697,nominal,50,f518f5d8a9af7448386787e6208b320a572486bb07fb9e82a17c32a67a8c6e29,1499,True,3,200000,test,249,False
trained,d9b989c6f50801e738cd59459899a9ad03f6bc2eeca73df9ad0e7616e6a69092,0.003871127963066101,nominal,51,8167e1105624e5c3e76f4562fd0cc239d7b8b2b43897133a32604c50974b0bad,1499,True,0,200000,test,249,False
trained,d9b989c6f50801e738cd59459899a9ad03f6bc2eeca73df9ad0e7616e6a69092,0.01790555752813816,nominal,52,68914e3446a0eedb9db819521cb9bd1c1b6022c01eb53b41c4f81e1a0caade6f,1499,True,0,200000,test,249,False
trained,d9b989c6f50801e738cd59459899a9ad03f6bc2eeca73df9ad0e7616e6a69092,0.005726125091314316,nominal,53,cb7cc07d7d10bad7fbf8139238534d0c3c5d7ee1cba0c9b47ec950175e462b52,1499,True,3,200000,test,249,False
trained,d9b989c6f50801e738cd59459899a9ad03f6bc2eeca73df9ad0e7616e6a69092,0.00755245890468359,nominal,54,3ef899140e78357fa148940bbc451d6521117c175c62a86d7d8853b15c1db267,1499,True,9,200000,test,249,False
trained,d9b989c6f50801e738cd59459899a9ad03f6bc2eeca73df9ad0e7616e6a69092,0.007865929044783115,nominal,55,c1714e8d391f50c92daf041f380ef0351fe5fec22c4fa903699d884bc7906fe2,1499,True,0,200000,test,249,False
trained,d9b989c6f50801e738cd59459899a9ad03f6bc2eeca73df9ad0e7616e6a69092,0.003613314125686884,nominal,56,20f2202fa1332d161f40574ee265310606d026cdd1a1463955da4b67a22ceb5f,1499,True,0,200000,test,249,False
trained,d9b989c6f50801e738cd59459899a9ad03f6bc2eeca73df9ad0e7616e6a69092,0.005846599582582712,nominal,57,d1adde525b52543389b2893d6f70f5e04ff9b55c235dc30d7a1a7c2c17a8e9ca,1499,True,1,200000,test,249,False
trained,d9b989c6f50801e738cd59459899a9ad03f6bc2eeca73df9ad0e7616e6a69092,0.007874981500208378,nominal,58,c1a1da15715bc452e74f8132f8e075f5199608e314324788ba883d7d8f66474e,1499,True,0,200000,test,249,False
trained,d9b989c6f50801e738cd59459899a9ad03f6bc2eeca73df9ad0e7616e6a69092,0.00730389216914773,nominal,59,d7175c1cf9d66fbc03c9af040cfdfce84a56134d60c607754277f7d9a44053a7,1499,True,0,200000,test,249,False
trained,d9b989c6f50801e738cd59459899a9ad03f6bc2eeca73df9ad0e7616e6a69092,0.0058741080574691296,nominal,60,c7ea1d672fb377c531b1ce319750b7eda4f5b12fed04000c9fc936039c67f1ea,1499,True,1,200000,test,249,False
trained,d9b989c6f50801e738cd59459899a9ad03f6bc2eeca73df9ad0e7616e6a69092,0.0028383578173816204,nominal,61,210699a25e429d7817d4743456d34be8b6dfc161fb80435938378fa29b3e451e,1499,True,0,200000,test,249,False
trained,d9b989c6f50801e738cd59459899a9ad03f6bc2eeca73df9ad0e7616e6a69092,0.0057385871186852455,nominal,62,9e5c3a669783f4c24f406042fd7ad3005f8396c6b0302e470b4e8ffd5df03655,1499,True,1,200000,test,249,False
trained,d9b989c6f50801e738cd59459899a9ad03f6bc2eeca73df9ad0e7616e6a69092,0.004580906592309475,nominal,63,1943fbc8ee86a753fe36ec17d5559e8c4412c7fc66dc3a497fdf101f575181a2,1499,True,0,200000,test,249,False
trained,d9b989c6f50801e738cd59459899a9ad03f6bc2eeca73df9ad0e7616e6a69092,0.0015397410606965423,nominal,64,d47ccd7dbca953081c48b3ed3143d6b0a80fcf2cdcd170a0dbc633c7608a0886,1499,True,1,200000,test,249,False
trained,d9b989c6f50801e738cd59459899a9ad03f6bc2eeca73df9ad0e7616e6a69092,0.0012695626355707645,nominal,65,38f998a161f86bc5e351ec4a8d0c448d84af5742bfe9dbc86573ef073a06e80d,1499,True,0,200000,test,249,False
trained,d9b989c6f50801e738cd59459899a9ad03f6bc2eeca73df9ad0e7616e6a69092,0.0028276972007006407,nominal,66,afce72db834e1b9f5595ead1ecb6027a712678c2d9b0f3da010a6b3cf644aa9f,1499,True,0,200000,test,249,False
trained,d9b989c6f50801e738cd59459899a9ad03f6bc2eeca73df9ad0e7616e6a69092,0.01080235093832016,nominal,67,91a57c9faecc15833c92e04acdf09535fae208aacb93f68aa20f574883cad8fa,1499,True,0,200000,test,249,False
trained,d9b989c6f50801e738cd59459899a9ad03f6bc2eeca73df9ad0e7616e6a69092,0.007026800885796547,nominal,68,48b45ff817dc56db16b184dd88f26a376d460f69093e237f24a4d6d7744bdea9,1499,True,1,200000,test,249,False
trained,d9b989c6f50801e738cd59459899a9ad03f6bc2eeca73df9ad0e7616e6a69092,0.0038332552649080753,nominal,69,1ff6fa05c5d2a3044de00bd98d8803f2ad5ddb13f97201d468110bba89f8f095,1499,True,0,200000,test,249,False
trained,d9b989c6f50801e738cd59459899a9ad03f6bc2eeca73df9ad0e7616e6a69092,0.00781828910112381,nominal,70,68f84e890ee756fb375bafd3a10dee54284210dfba712e8a3367249e145ac701,1499,True,0,200000,test,249,False
trained,d9b989c6f50801e738cd59459899a9ad03f6bc2eeca73df9ad0e7616e6a69092,0.009815490804612637,nominal,71,a2ce5abb873866ad8b5f79398586bd073fad3e68148978388a6d2a99bfabc9dc,1499,True,0,200000,test,249,False
trained,d9b989c6f50801e738cd59459899a9ad03f6bc2eeca73df9ad0e7616e6a69092,0.004124318715184927,nominal,72,95c60544869e809da3ca8d21dbab8d5da96c20d9fa401fdf1af352b4ad037c71,1499,True,0,200000,test,249,False
trained,d9b989c6f50801e738cd59459899a9ad03f6bc2eeca73df9ad0e7616e6a69092,0.00625538220629096,nominal,73,86b37d5efd76d46cade13612868ca6671988d786c61b4fb132d6a2da467aa063,1499,True,0,200000,test,249,False
trained,d9b989c6f50801e738cd59459899a9ad03f6bc2eeca73df9ad0e7616e6a69092,0.007155233062803745,nominal,74,a6cb53189d8a0fcde26b0cc4d7f65ca6fa4e103cf1c438a53cb7a4596b32251a,1499,True,1,200000,test,249,False
trained,d9b989c6f50801e738cd59459899a9ad03f6bc2eeca73df9ad0e7616e6a69092,0.00513054896146059,nominal,75,e7f0d69e6a3b00c166322ecad23a03296ad2fd3a64cdc461ca2280b2abd16b63,1499,True,0,200000,test,249,False
trained,d9b989c6f50801e738cd59459899a9ad03f6bc2eeca73df9ad0e7616e6a69092,0.006734742783010006,nominal,76,4304e5b04fea123e106f828325673692bb247132e3e404e05a6dbca4bc0df9df,1499,True,0,200000,test,249,False
trained,d9b989c6f50801e738cd59459899a9ad03f6bc2eeca73df9ad0e7616e6a69092,0.0082062017172575,nominal,77,1b9bf2129f999c669e0425e2409918837e474896cfed98cef362b5be87588769,1499,True,0,200000,test,249,False
trained,d9b989c6f50801e738cd59459899a9ad03f6bc2eeca73df9ad0e7616e6a69092,0.0015321909449994564,nominal,78,6d22199e7b130fef9473eac3e79ec6a3ed0dbc730b4d083c8b5c72f5b39cdeb7,1499,True,0,200000,test,249,False
trained,d9b989c6f50801e738cd59459899a9ad03f6bc2eeca73df9ad0e7616e6a69092,0.00068669329630211,nominal,79,99f26d6cb00d9aa1160b35f509beab9262ff8a632328e3c60f48afec288e408c,1499,True,0,200000,test,249,False
trained,d9b989c6f50801e738cd59459899a9ad03f6bc2eeca73df9ad0e7616e6a69092,0.0012754389317706227,nominal,80,4797fb72f166ae23e949f8d11577ec7cc4b0614fedf638d17e6660e17c6d13c7,1499,True,0,200000,test,249,False
trained,d9b989c6f50801e738cd59459899a9ad03f6bc2eeca73df9ad0e7616e6a69092,0.003914862405508757,nominal,81,1ff366fecd976db6ff3a241e2145633a75b4efbb3a1853679cc678d4b95c9f7b,1499,True,1,200000,test,249,False
trained,d9b989c6f50801e738cd59459899a9ad03f6bc2eeca73df9ad0e7616e6a69092,0.011604592204093933,nominal,82,1ace284355e86edac562c13137e747bd8249132cdad005cec9ac11bf6643c9fe,1499,True,0,200000,test,249,False
trained,d9b989c6f50801e738cd59459899a9ad03f6bc2eeca73df9ad0e7616e6a69092,0.006921028718352318,nominal,83,a2058059d1d163ec4b01d18c5a56f44bada279b5ebd5a1ac9e885aed7c49a6f6,1499,True,0,200000,test,249,False
trained,d9b989c6f50801e738cd59459899a9ad03f6bc2eeca73df9ad0e7616e6a69092,0.00866412278264761,nominal,84,e372d694ade33ddfe45b4d8d081c749c2d7e6cc56208457bb98eccd23e9d7590,1499,True,0,200000,test,249,False
trained,d9b989c6f50801e738cd59459899a9ad03f6bc2eeca73df9ad0e7616e6a69092,0.006084741093218327,nominal,85,81ebfc8d82e39804d11c7a30e022d7e9f33dff61009eb1decab78c1c9853bd0a,1499,True,0,200000,test,249,False
trained,d9b989c6f50801e738cd59459899a9ad03f6bc2eeca73df9ad0e7616e6a69092,0.007031037472188473,nominal,86,2ec7d5d48492dbbb6de2cb23a5982f3faf0f2caac56d6646194e06025ffd118a,1499,True,1,200000,test,249,False
trained,d9b989c6f50801e738cd59459899a9ad03f6bc2eeca73df9ad0e7616e6a69092,0.007232304196804762,nominal,87,cc490f6f3a60e2257b5c08db1f281be41b1e61669e2920bbbf915951b1f9dd09,1499,True,0,200000,test,249,False
trained,d9b989c6f50801e738cd59459899a9ad03f6bc2eeca73df9ad0e7616e6a69092,0.004128401633352041,nominal,88,a1873710ede77fb581b50bd45afbcdb8e2216a7bac73d8ffdf30cda2847b2fb6,1499,True,0,200000,test,249,False
trained,d9b989c6f50801e738cd59459899a9ad03f6bc2eeca73df9ad0e7616e6a69092,0.007552837021648884,nominal,89,8cd07364c6977efdcbeab7ea8afe7d342b2fa0b001454a94f36729313b5d3206,1499,True,0,200000,test,249,False
trained,d9b989c6f50801e738cd59459899a9ad03f6bc2eeca73df9ad0e7616e6a69092,0.004248905461281538,nominal,90,4aff7910bb302aeb728a0676a77ce4ed79066eb4c2c2672d07f42a2e4859cb1e,1499,True,0,200000,test,249,False
trained,d9b989c6f50801e738cd59459899a9ad03f6bc2eeca73df9ad0e7616e6a69092,0.0018655837047845125,nominal,91,0f43e8358ba9b96380db8ef1085b5a979dcb8edacfe1df4135c5197a9ca140ad,1499,True,0,200000,test,249,False
trained,d9b989c6f50801e738cd59459899a9ad03f6bc2eeca73df9ad0e7616e6a69092,0.007113292813301086,nominal,92,c7fbf06eb9f7a3ff449891278c75371a05bbeda44a3a78c0629ee5536c25fd29,1499,True,0,200000,test,249,False
trained,d9b989c6f50801e738cd59459899a9ad03f6bc2eeca73df9ad0e7616e6a69092,0.003120043547824025,nominal,93,eeef6dbd599f4dab6f6ab2b5a46e4fd4ff7ad737a50a998ccfa0b344aa633647,1499,True,0,200000,test,249,False
trained,d9b989c6f50801e738cd59459899a9ad03f6bc2eeca73df9ad0e7616e6a69092,0.010533792898058891,nominal,94,ab37c57c123156fde8e6b86b5f0a777a7fd18f6042f6b0d169cb66db6026a6be,1499,True,0,200000,test,249,False
trained,d9b989c6f50801e738cd59459899a9ad03f6bc2eeca73df9ad0e7616e6a69092,0.009090334177017212,nominal,95,bdec9935f649d9202a5bb541d402d99b3054f2e13735af5c27c645c7720ec6a6,1499,True,0,200000,test,249,False
trained,d9b989c6f50801e738cd59459899a9ad03f6bc2eeca73df9ad0e7616e6a69092,0.00897558219730854,nominal,96,77a4cb4293f6536253aa3b66162bc929474a5fdda41df92aafa1ce2fb2b54f2f,1499,True,0,200000,test,249,False
trained,d9b989c6f50801e738cd59459899a9ad03f6bc2eeca73df9ad0e7616e6a69092,0.004053806886076927,nominal,97,05dc74adcf4c2c331cd6976dbc6e523a478ec2bb46b0a059bf409e2b6ab8380d,1499,True,0,200000,test,249,False
trained,d9b989c6f50801e738cd59459899a9ad03f6bc2eeca73df9ad0e7616e6a69092,0.0073154340498149395,nominal,98,9614a090a384d03c1ba35ed51c8a761be752edb2c656aa96e536442b4623fbb4,1499,True,1,200000,test,249,False
trained,d9b989c6f50801e738cd59459899a9ad03f6bc2eeca73df9ad0e7616e6a69092,0.01137829665094614,nominal,99,3ebcb8b16e457dee44285c20766d816a9270123bfc42336c2ad468f1648e826a,1499,True,0,200000,test,249,False
trained,d9b989c6f50801e738cd59459899a9ad03f6bc2eeca73df9ad0e7616e6a69092,0.009087514132261276,nominal,100,d728faeae13a0dfb8614d6ec5fa83d9d01926528230d1e4a7515dd991253d44e,1499,True,0,200000,test,249,False
trained,d9b989c6f50801e738cd59459899a9ad03f6bc2eeca73df9ad0e7616e6a69092,0.00805136188864708,nominal,101,b3aaaf7fb53fe114bd0f4f914ec6f63604a4dea9ef1d10a6f5f38a414c506e23,1499,True,0,200000,test,249,False
trained,d9b989c6f50801e738cd59459899a9ad03f6bc2eeca73df9ad0e7616e6a69092,0.0034665698185563087,nominal,102,d6db2e91ecde8bce14994a00eceb6fa355862d95b278a48d9c674733b6a11a93,1499,True,0,200000,test,249,False
trained,d9b989c6f50801e738cd59459899a9ad03f6bc2eeca73df9ad0e7616e6a69092,0.0040732319466769695,nominal,103,ad6e487c79125208299f08c8928735d89b232ce06ab0c9f172e1700257dec3ba,1499,True,0,200000,test,249,False
trained,d9b989c6f50801e738cd59459899a9ad03f6bc2eeca73df9ad0e7616e6a69092,0.0025754058733582497,nominal,104,171f1e8fd988107483be3198d6169967413aa437441cb2af38aad4e6c0c29d2b,1499,True,0,200000,test,249,False
trained,d9b989c6f50801e738cd59459899a9ad03f6bc2eeca73df9ad0e7616e6a69092,0.004857426043599844,nominal,105,d4fbe59ca1b5e23829a2ca0a390942ce8c43359e645fcf61a496b0bde1b8b242,1499,True,0,200000,test,249,False
trained,d9b989c6f50801e738cd59459899a9ad03f6bc2eeca73df9ad0e7616e6a69092,0.005707696545869112,nominal,106,16bda64c3ed4b2a7125ea60381352cdd9795eb598a2e41f9a0c90472667b9049,1499,True,0,200000,test,249,False
trained,d9b989c6f50801e738cd59459899a9ad03f6bc2eeca73df9ad0e7616e6a69092,0.005340658128261566,nominal,107,abda65d3f8967994841853f88cd921111e3fbcf69daa542cc27e8d12a27b78ff,1499,True,0,200000,test,249,False
trained,d9b989c6f50801e738cd59459899a9ad03f6bc2eeca73df9ad0e7616e6a69092,0.00663695577532053,nominal,108,5bf0c262a762fff765bad21aa5ff21a650118083af7b57a0c8e5a107486f8502,1499,True,0,200000,test,249,False
trained,d9b989c6f50801e738cd59459899a9ad03f6bc2eeca73df9ad0e7616e6a69092,0.004664464853703976,nominal,109,5f3fa1ec1db3997ad3c80179949f22956b2a3eabd56590eed2201753ad0b8785,1499,True,0,200000,test,249,False
trained,d9b989c6f50801e738cd59459899a9ad03f6bc2eeca73df9ad0e7616e6a69092,0.004845869727432728,nominal,110,043178d9c2e751ba923dc4246946ce8cd9085b9cd92fe45e70317d48179bce16,1499,True,1,200000,test,249,False
trained,d9b989c6f50801e738cd59459899a9ad03f6bc2eeca73df9ad0e7616e6a69092,0.0021073787938803434,nominal,111,4155b638520a37687a7decb0e0ac3fc027a3c905cfc1c4b5a95d92c95feed3fb,1499,True,0,200000,test,249,False
trained,d9b989c6f50801e738cd59459899a9ad03f6bc2eeca73df9ad0e7616e6a69092,0.002970922738313675,nominal,112,69e62f621f40d6b6316746f9e28263ae9a9e3f68871fa02d9246df8190593f15,1499,True,0,200000,test,249,False
trained,d9b989c6f50801e738cd59459899a9ad03f6bc2eeca73df9ad0e7616e6a69092,0.006791143212467432,nominal,113,8d61bebf893886b35fc9822c412ba22c1e1f20cc359d68cb7e1ccec8e1880490,1499,True,0,200000,test,249,False
trained,d9b989c6f50801e738cd59459899a9ad03f6bc2eeca73df9ad0e7616e6a69092,0.002683069324120879,nominal,114,af01fd6e11d268d4fcfc223731a2518813a51b9e6320c707f262dbddfa6a06b6,1499,True,1,200000,test,249,False
trained,d9b989c6f50801e738cd59459899a9ad03f6bc2eeca73df9ad0e7616e6a69092,0.00437775906175375,nominal,115,687e231d91f53a4978947b46d60667357734722c526fa2a816df4dc5dcea3922,1499,True,1,200000,test,249,False
trained,d9b989c6f50801e738cd59459899a9ad03f6bc2eeca73df9ad0e7616e6a69092,0.0012337659718468785,nominal,116,a687b62d73d62361cb77a82d90533f46dbbd3b507e0c449919cbc12c0671c15e,1499,True,0,200000,test,249,False
trained,d9b989c6f50801e738cd59459899a9ad03f6bc2eeca73df9ad0e7616e6a69092,0.006566626951098442,nominal,117,c1371f77a2e4a3dff1a6b2e0e8731c6be4ec3849db9ea1f8eccb80beba24f770,1499,True,0,200000,test,249,False
trained,d9b989c6f50801e738cd59459899a9ad03f6bc2eeca73df9ad0e7616e6a69092,0.005209072958678007,nominal,118,f416e408f0959d1c3540326f2aeb627b0dee0dcab8baa666562435161570aed5,1499,True,0,200000,test,249,False
trained,d9b989c6f50801e738cd59459899a9ad03f6bc2eeca73df9ad0e7616e6a69092,0.009938230738043785,nominal,119,782d6ff695cff66ddd1ce6bbdb72609507e294e056b608688a830bfc77a80928,1499,True,0,200000,test,249,False
trained,d9b989c6f50801e738cd59459899a9ad03f6bc2eeca73df9ad0e7616e6a69092,0.00400340324267745,nominal,120,d4c3ce95cf2bfbdc65b9285b985120a5914f8e6d31c88c56305fe55926b589ba,1499,True,0,200000,test,249,False
trained,d9b989c6f50801e738cd59459899a9ad03f6bc2eeca73df9ad0e7616e6a69092,0.010172312147915363,nominal,121,873fdf34e0ba5ce490935cbc65b233569f73dad143f2bee12f7081b792648119,1499,True,0,200000,test,249,False
trained,d9b989c6f50801e738cd59459899a9ad03f6bc2eeca73df9ad0e7616e6a69092,0.00792655162513256,nominal,122,3413699e394218a7a9f1b5077a6fbb87a8ce22c8505e03469888cd7de521bf38,1499,True,0,200000,test,249,False
trained,d9b989c6f50801e738cd59459899a9ad03f6bc2eeca73df9ad0e7616e6a69092,0.0009002807200886309,nominal,123,c8ae1be88e9046dae3b49b993352b4965163dade87926f37fc8684682ddbf175,1499,True,0,200000,test,249,False
trained,d9b989c6f50801e738cd59459899a9ad03f6bc2eeca73df9ad0e7616e6a69092,0.0066416505724191666,nominal,124,63cfeca31fe99cb8c7f2a42e8e020136d4a9814d579258b61934dd4b8d0c3e3b,1499,True,0,200000,test,249,False
trained,d9b989c6f50801e738cd59459899a9ad03f6bc2eeca73df9ad0e7616e6a69092,0.006406921427696943,nominal,125,a61f5ff0e9fa1133de9c0c75f1c2fb95baaa172b0d1da1561259cd14a90ac00f,1499,True,0,200000,test,249,False
trained,d9b989c6f50801e738cd59459899a9ad03f6bc2eeca73df9ad0e7616e6a69092,0.004206307698041201,nominal,126,1b7d8544bfc1139c6bfb56c53bb05cab7a8abd517fe3480928cee8888874c1b2,1499,True,1,200000,test,249,False
trained,d9b989c6f50801e738cd59459899a9ad03f6bc2eeca73df9ad0e7616e6a69092,0.004408840090036392,nominal,127,7f890b90f22e11a29f4dfc80b0c9794493d87146b921f15111b45bfca8308814,1499,True,0,200000,test,249,False
trained,d9b989c6f50801e738cd59459899a9ad03f6bc2eeca73df9ad0e7616e6a69092,0.00445933872833848,slippery,0,1006ac46f569c93f68480b650fdbf31326934d9305af5f9a0df24078570f38b4,1499,True,0,200000,test,249,False
trained,d9b989c6f50801e738cd59459899a9ad03f6bc2eeca73df9ad0e7616e6a69092,0.006324616260826588,slippery,1,6c6e91fb7d31ec5639a5e7f3834dfd0ea25b9f6d3215307f533aff9a778fa121,1499,True,0,200000,test,249,False
trained,d9b989c6f50801e738cd59459899a9ad03f6bc2eeca73df9ad0e7616e6a69092,0.003579480107873678,slippery,2,b383541d51cce864de8398bfa13b3ae106f704c54ad15f30693ec0879b66318f,1499,True,0,200000,test,249,False
trained,d9b989c6f50801e738cd59459899a9ad03f6bc2eeca73df9ad0e7616e6a69092,0.0024782384280115366,slippery,3,92891ab106526cb96c087f32e7ee7093ec0f07c2c0f186409f4bd78980947027,1499,True,0,200000,test,249,False
trained,d9b989c6f50801e738cd59459899a9ad03f6bc2eeca73df9ad0e7616e6a69092,0.26559773087501526,slippery,4,0ce50e71de153a5a7dc52462f997c430406adff475f515b64e009f36ba7ecd60,1499,False,0,200000,test,80,False
trained,d9b989c6f50801e738cd59459899a9ad03f6bc2eeca73df9ad0e7616e6a69092,0.008478858508169651,slippery,5,23bbe389b02e67f3f18d7a172c7b1041d81fa4819f6384e628774d262df83a08,1499,True,0,200000,test,249,False
trained,d9b989c6f50801e738cd59459899a9ad03f6bc2eeca73df9ad0e7616e6a69092,0.01357649639248848,slippery,6,4c8d93f7b7dd25fa691c3c40ce968aa541e217eb214d9b6f721d1b6eabe6db82,1499,True,1,200000,test,249,False
trained,d9b989c6f50801e738cd59459899a9ad03f6bc2eeca73df9ad0e7616e6a69092,0.011120741255581379,slippery,7,d3b0361ac339d60c525726af499d4de1d2336a907a38302198501d75d64e5031,1499,True,0,200000,test,249,False
trained,d9b989c6f50801e738cd59459899a9ad03f6bc2eeca73df9ad0e7616e6a69092,0.33537769317626953,slippery,8,0fe94752beba95d6adc57053c4d6e911a6f658fc33452a2bc0452b7d198bec8d,1499,False,0,200000,test,68,False
trained,d9b989c6f50801e738cd59459899a9ad03f6bc2eeca73df9ad0e7616e6a69092,0.002606788882985711,slippery,9,020d42e18a81b2aa1688f5098e4987f612d4a38265f1cd871b15d807654d811b,1499,True,0,200000,test,249,False
trained,d9b989c6f50801e738cd59459899a9ad03f6bc2eeca73df9ad0e7616e6a69092,0.008103125728666782,slippery,10,fbbe93bb96a241421c543d45b53abf9787cbdc9eefcde2a0e83009f091e9c696,1499,True,0,200000,test,249,False
trained,d9b989c6f50801e738cd59459899a9ad03f6bc2eeca73df9ad0e7616e6a69092,0.008491823449730873,slippery,11,e7201a7cd4729dd5922ab715a15a85e026f02fde03acce04b948f8047cb07f36,1499,True,0,200000,test,249,False
trained,d9b989c6f50801e738cd59459899a9ad03f6bc2eeca73df9ad0e7616e6a69092,0.004689638502895832,slippery,12,17b00f472054d86e12dd4e2a148f60ff5b212d53529b292fe0c89e89ce32b921,1499,True,0,200000,test,249,False
trained,d9b989c6f50801e738cd59459899a9ad03f6bc2eeca73df9ad0e7616e6a69092,0.0051894462667405605,slippery,13,d8763f997b16fda62370f05b3eac4f14116fe1a12a5355172468728f9659dc66,1499,True,0,200000,test,249,False
trained,d9b989c6f50801e738cd59459899a9ad03f6bc2eeca73df9ad0e7616e6a69092,0.0028119464404881,slippery,14,3e6330a9ae4cdd172643670198e572139c46d592018d86168cd8e94e5b914faf,1499,True,0,200000,test,249,False
trained,d9b989c6f50801e738cd59459899a9ad03f6bc2eeca73df9ad0e7616e6a69092,0.006519454065710306,slippery,15,b07878a684715e8a43f249daf8f0ec8a42903960bbd8cc16e38a5677c5ecba02,1499,True,1,200000,test,249,False
trained,d9b989c6f50801e738cd59459899a9ad03f6bc2eeca73df9ad0e7616e6a69092,0.007294069975614548,slippery,16,d9a4d2c50eb0f21abeccefc6a7650336254b214898a034afc0630cae77885a15,1499,True,0,200000,test,249,False
trained,d9b989c6f50801e738cd59459899a9ad03f6bc2eeca73df9ad0e7616e6a69092,0.008076300844550133,slippery,17,e80da798aac25ec71c9549ed57244a29ddbef463df51d81b5657abeaaf277cec,1499,True,0,200000,test,249,False
trained,d9b989c6f50801e738cd59459899a9ad03f6bc2eeca73df9ad0e7616e6a69092,0.0052389102056622505,slippery,18,3a3408357fc2d01619fd8c3ed07f7ba90de43ff8cba31e4bd811450d9283c03e,1499,True,0,200000,test,249,False
trained,d9b989c6f50801e738cd59459899a9ad03f6bc2eeca73df9ad0e7616e6a69092,0.0012682919623330235,slippery,19,466efe0e3ec20c227fe0d24dd343855524ade7e2f603010a4b7b774374a6cfcb,1499,True,1,200000,test,249,False
trained,d9b989c6f50801e738cd59459899a9ad03f6bc2eeca73df9ad0e7616e6a69092,0.003660659771412611,slippery,20,a41f67c545627cc3633a4f8b01351858f03c4ac8df8b18412db799f7af47b098,1499,True,0,200000,test,249,False
trained,d9b989c6f50801e738cd59459899a9ad03f6bc2eeca73df9ad0e7616e6a69092,0.010422988794744015,slippery,21,154671fae8a6ed40c4df9ba29a97c10f325bf85a2433de091361974955ac9838,1499,True,0,200000,test,249,False
trained,d9b989c6f50801e738cd59459899a9ad03f6bc2eeca73df9ad0e7616e6a69092,0.007274587173014879,slippery,22,dcb1b868d423c85ae2eabcbd624e14f11fde46d5d564487f665a978e12f3fa39,1499,True,0,200000,test,249,False
trained,d9b989c6f50801e738cd59459899a9ad03f6bc2eeca73df9ad0e7616e6a69092,0.0012917955173179507,slippery,23,28309eb0cad85fd2186cc9308f83f91e1af688aacf3fe0015b80d75062e26f26,1499,True,0,200000,test,249,False
trained,d9b989c6f50801e738cd59459899a9ad03f6bc2eeca73df9ad0e7616e6a69092,0.00552940322086215,slippery,24,9b499542707aaec72301ff294d44ff2f3d8a011addc421f9257f8aefa0c11640,1499,True,0,200000,test,249,False
trained,d9b989c6f50801e738cd59459899a9ad03f6bc2eeca73df9ad0e7616e6a69092,0.004953336901962757,slippery,25,a61543bd631c5e45ed4bab1a99926aced18e04c0ce41fdc5a78d36fdd255a14e,1499,True,0,200000,test,249,False
trained,d9b989c6f50801e738cd59459899a9ad03f6bc2eeca73df9ad0e7616e6a69092,0.009803978726267815,slippery,26,7bc846ae43b5cbcf0891bfc04b9e5a6a972cdc6a5423c0ac36d1470b3c936b96,1499,True,0,200000,test,249,False
trained,d9b989c6f50801e738cd59459899a9ad03f6bc2eeca73df9ad0e7616e6a69092,0.0048287701793015,slippery,27,5c45ae94d4f9b11183715d0b4edd62025055f19da0e8593a9d156e6013403ce2,1499,True,0,200000,test,249,False
trained,d9b989c6f50801e738cd59459899a9ad03f6bc2eeca73df9ad0e7616e6a69092,0.006414312403649092,slippery,28,9e15cde33dbf7f54942180b5b22353b12b112ec17a20d73c5c8d8e75728ce772,1499,True,0,200000,test,249,False
trained,d9b989c6f50801e738cd59459899a9ad03f6bc2eeca73df9ad0e7616e6a69092,0.008036776445806026,slippery,29,11d62c1256d4c6da7059892a327ce1154900fd8aa0ea7c39991fce0764a00ec3,1499,True,0,200000,test,249,False
trained,d9b989c6f50801e738cd59459899a9ad03f6bc2eeca73df9ad0e7616e6a69092,0.0027352573815733194,slippery,30,0e10457a7f3e547a85007dcc28e602d274bbbc5badf7405a696742cdebfee3c2,1499,True,0,200000,test,249,False
trained,d9b989c6f50801e738cd59459899a9ad03f6bc2eeca73df9ad0e7616e6a69092,0.004904450848698616,slippery,31,1c238bfac4aca4f2f8ee416c6ef99e62aca9ed5f8bbf832f1d15f742d2002460,1499,True,0,200000,test,249,False
trained,d9b989c6f50801e738cd59459899a9ad03f6bc2eeca73df9ad0e7616e6a69092,0.006430285517126322,slippery,32,e509a766c3f40f8d2f63f3fda33390b771d8423385254e931ddaffb4db985712,1499,True,4,200000,test,249,False
trained,d9b989c6f50801e738cd59459899a9ad03f6bc2eeca73df9ad0e7616e6a69092,0.005730311386287212,slippery,33,f2930f3a766816f70bdd184269c16945ecaa245aac4bacca8ddbb6b97812ab95,1499,True,0,200000,test,249,False
trained,d9b989c6f50801e738cd59459899a9ad03f6bc2eeca73df9ad0e7616e6a69092,0.004013322293758392,slippery,34,3fb4578d39e7ddb3577ff33251ede8e62931db0d38f70b07dcde57b5d88a198a,1499,True,3,200000,test,249,False
trained,d9b989c6f50801e738cd59459899a9ad03f6bc2eeca73df9ad0e7616e6a69092,0.005053031723946333,slippery,35,53612294420ed663f849f37dbd33fe4755782ba369daa40575ec9cbad47afdf1,1499,True,0,200000,test,249,False
trained,d9b989c6f50801e738cd59459899a9ad03f6bc2eeca73df9ad0e7616e6a69092,0.005720248445868492,slippery,36,720361ee52be951f5aefde8c073bb8fd9770c73ef3c06a0cd2ccf37f699f0885,1499,True,0,200000,test,249,False
trained,d9b989c6f50801e738cd59459899a9ad03f6bc2eeca73df9ad0e7616e6a69092,0.004509086720645428,slippery,37,76488ce6a6c1c520f19fbaffc611c8bfb22b448d446774452fd589fa1822ad10,1499,True,0,200000,test,249,False
trained,d9b989c6f50801e738cd59459899a9ad03f6bc2eeca73df9ad0e7616e6a69092,0.011938145384192467,slippery,38,719bdc2b5150f5a70c89843eceeb269fd2b1c3ebcc41a7bbef501eef20f3bf22,1499,True,2,200000,test,249,False
trained,d9b989c6f50801e738cd59459899a9ad03f6bc2eeca73df9ad0e7616e6a69092,0.00773769011721015,slippery,39,f7aa7ae9186d7663db3cc2424e63c06de69bb2c4976fd66eaf8fea5f71892149,1499,True,1,200000,test,249,False
trained,d9b989c6f50801e738cd59459899a9ad03f6bc2eeca73df9ad0e7616e6a69092,0.0029220604337751865,slippery,40,beb1997c7a8766f83d216a45b17cd418c009429dab21b25cc1dc1f0e2e3d3859,1499,True,0,200000,test,249,False
trained,d9b989c6f50801e738cd59459899a9ad03f6bc2eeca73df9ad0e7616e6a69092,0.0027361612301319838,slippery,41,fa993d146333431150f436728262ec9eb359182e1f57a8f1506f40be6b0f8ae4,1499,True,1,200000,test,249,False
trained,d9b989c6f50801e738cd59459899a9ad03f6bc2eeca73df9ad0e7616e6a69092,0.00489546125754714,slippery,42,8ed80f3752349f6c9c518720859b8dc8a87347e8cf3b25f272c8ee661aa9e1f5,1499,True,0,200000,test,249,False
trained,d9b989c6f50801e738cd59459899a9ad03f6bc2eeca73df9ad0e7616e6a69092,0.0022884777281433344,slippery,43,3238e31a810c8c68c31f98381cc82f7a253f031052b77799daebe39110714e57,1499,True,0,200000,test,249,False
trained,d9b989c6f50801e738cd59459899a9ad03f6bc2eeca73df9ad0e7616e6a69092,0.002101268619298935,slippery,44,3fc05f66ad8cbc89df6e761c99565add28915f4fec8331e0f95d072bca634451,1499,True,0,200000,test,249,False
trained,d9b989c6f50801e738cd59459899a9ad03f6bc2eeca73df9ad0e7616e6a69092,0.0012333722552284598,slippery,45,6975082383198d4e72859e029bf9a0c1d2d883243daf54f0524033c45908d390,1499,True,1,200000,test,249,False
trained,d9b989c6f50801e738cd59459899a9ad03f6bc2eeca73df9ad0e7616e6a69092,0.0014160937862470746,slippery,46,8a5fba441c0e9249bf5f70d7e8d2f21d53f688db2074b0207ddf8a070a847d1a,1499,True,0,200000,test,249,False
trained,d9b989c6f50801e738cd59459899a9ad03f6bc2eeca73df9ad0e7616e6a69092,0.010437904857099056,slippery,47,86c702398cf9c83c765d3061b41bda5da976271f9f595b1b2a618b76f59d36b5,1499,True,0,200000,test,249,False
trained,d9b989c6f50801e738cd59459899a9ad03f6bc2eeca73df9ad0e7616e6a69092,0.005302928853780031,slippery,48,7af3d925fae0c3c751cc1218deac7fa3819409a968c312ab7e76a4f78278c6c5,1499,True,0,200000,test,249,False
trained,d9b989c6f50801e738cd59459899a9ad03f6bc2eeca73df9ad0e7616e6a69092,0.004387213848531246,slippery,49,a143d7774578772618880f396a605b63614255bdbfb7e73c7c27baa6b2dab068,1499,True,9,200000,test,249,False
trained,d9b989c6f50801e738cd59459899a9ad03f6bc2eeca73df9ad0e7616e6a69092,0.017711753025650978,slippery,50,f518f5d8a9af7448386787e6208b320a572486bb07fb9e82a17c32a67a8c6e29,1499,True,3,200000,test,249,False
trained,d9b989c6f50801e738cd59459899a9ad03f6bc2eeca73df9ad0e7616e6a69092,0.0018941339803859591,slippery,51,8167e1105624e5c3e76f4562fd0cc239d7b8b2b43897133a32604c50974b0bad,1499,True,0,200000,test,249,False
trained,d9b989c6f50801e738cd59459899a9ad03f6bc2eeca73df9ad0e7616e6a69092,0.007021434139460325,slippery,52,68914e3446a0eedb9db819521cb9bd1c1b6022c01eb53b41c4f81e1a0caade6f,1499,True,0,200000,test,249,False
trained,d9b989c6f50801e738cd59459899a9ad03f6bc2eeca73df9ad0e7616e6a69092,0.008638701401650906,slippery,53,cb7cc07d7d10bad7fbf8139238534d0c3c5d7ee1cba0c9b47ec950175e462b52,1499,True,1,200000,test,249,False
trained,d9b989c6f50801e738cd59459899a9ad03f6bc2eeca73df9ad0e7616e6a69092,0.0019302723230794072,slippery,54,3ef899140e78357fa148940bbc451d6521117c175c62a86d7d8853b15c1db267,1499,True,0,200000,test,249,False
trained,d9b989c6f50801e738cd59459899a9ad03f6bc2eeca73df9ad0e7616e6a69092,0.008751998655498028,slippery,55,c1714e8d391f50c92daf041f380ef0351fe5fec22c4fa903699d884bc7906fe2,1499,True,1,200000,test,249,False
trained,d9b989c6f50801e738cd59459899a9ad03f6bc2eeca73df9ad0e7616e6a69092,0.004057611338794231,slippery,56,20f2202fa1332d161f40574ee265310606d026cdd1a1463955da4b67a22ceb5f,1499,True,0,200000,test,249,False
trained,d9b989c6f50801e738cd59459899a9ad03f6bc2eeca73df9ad0e7616e6a69092,0.003984428010880947,slippery,57,d1adde525b52543389b2893d6f70f5e04ff9b55c235dc30d7a1a7c2c17a8e9ca,1499,True,0,200000,test,249,False
trained,d9b989c6f50801e738cd59459899a9ad03f6bc2eeca73df9ad0e7616e6a69092,0.007085892837494612,slippery,58,c1a1da15715bc452e74f8132f8e075f5199608e314324788ba883d7d8f66474e,1499,True,0,200000,test,249,False
trained,d9b989c6f50801e738cd59459899a9ad03f6bc2eeca73df9ad0e7616e6a69092,0.009985988959670067,slippery,59,d7175c1cf9d66fbc03c9af040cfdfce84a56134d60c607754277f7d9a44053a7,1499,True,1,200000,test,249,False
trained,d9b989c6f50801e738cd59459899a9ad03f6bc2eeca73df9ad0e7616e6a69092,0.003425698494538665,slippery,60,c7ea1d672fb377c531b1ce319750b7eda4f5b12fed04000c9fc936039c67f1ea,1499,True,1,200000,test,249,False
trained,d9b989c6f50801e738cd59459899a9ad03f6bc2eeca73df9ad0e7616e6a69092,0.0025658912491053343,slippery,61,210699a25e429d7817d4743456d34be8b6dfc161fb80435938378fa29b3e451e,1499,True,0,200000,test,249,False
trained,d9b989c6f50801e738cd59459899a9ad03f6bc2eeca73df9ad0e7616e6a69092,0.001741517218761146,slippery,62,9e5c3a669783f4c24f406042fd7ad3005f8396c6b0302e470b4e8ffd5df03655,1499,True,0,200000,test,249,False
trained,d9b989c6f50801e738cd59459899a9ad03f6bc2eeca73df9ad0e7616e6a69092,0.00337550463154912,slippery,63,1943fbc8ee86a753fe36ec17d5559e8c4412c7fc66dc3a497fdf101f575181a2,1499,True,1,200000,test,249,False
trained,d9b989c6f50801e738cd59459899a9ad03f6bc2eeca73df9ad0e7616e6a69092,0.00180242455098778,slippery,64,d47ccd7dbca953081c48b3ed3143d6b0a80fcf2cdcd170a0dbc633c7608a0886,1499,True,0,200000,test,249,False
trained,d9b989c6f50801e738cd59459899a9ad03f6bc2eeca73df9ad0e7616e6a69092,0.0027779354713857174,slippery,65,38f998a161f86bc5e351ec4a8d0c448d84af5742bfe9dbc86573ef073a06e80d,1499,True,0,200000,test,249,False
trained,d9b989c6f50801e738cd59459899a9ad03f6bc2eeca73df9ad0e7616e6a69092,0.0013897629687562585,slippery,66,afce72db834e1b9f5595ead1ecb6027a712678c2d9b0f3da010a6b3cf644aa9f,1499,True,0,200000,test,249,False
trained,d9b989c6f50801e738cd59459899a9ad03f6bc2eeca73df9ad0e7616e6a69092,0.0054288036189973354,slippery,67,91a57c9faecc15833c92e04acdf09535fae208aacb93f68aa20f574883cad8fa,1499,True,0,200000,test,249,False
trained,d9b989c6f50801e738cd59459899a9ad03f6bc2eeca73df9ad0e7616e6a69092,0.0055564995855093,slippery,68,48b45ff817dc56db16b184dd88f26a376d460f69093e237f24a4d6d7744bdea9,1499,True,1,200000,test,249,False
trained,d9b989c6f50801e738cd59459899a9ad03f6bc2eeca73df9ad0e7616e6a69092,0.011964098550379276,slippery,69,1ff6fa05c5d2a3044de00bd98d8803f2ad5ddb13f97201d468110bba89f8f095,1499,True,0,200000,test,249,False
trained,d9b989c6f50801e738cd59459899a9ad03f6bc2eeca73df9ad0e7616e6a69092,0.006136958487331867,slippery,70,68f84e890ee756fb375bafd3a10dee54284210dfba712e8a3367249e145ac701,1499,True,1,200000,test,249,False
trained,d9b989c6f50801e738cd59459899a9ad03f6bc2eeca73df9ad0e7616e6a69092,0.008061215281486511,slippery,71,a2ce5abb873866ad8b5f79398586bd073fad3e68148978388a6d2a99bfabc9dc,1499,True,1,200000,test,249,False
trained,d9b989c6f50801e738cd59459899a9ad03f6bc2eeca73df9ad0e7616e6a69092,0.005008470732718706,slippery,72,95c60544869e809da3ca8d21dbab8d5da96c20d9fa401fdf1af352b4ad037c71,1499,True,2,200000,test,249,False
trained,d9b989c6f50801e738cd59459899a9ad03f6bc2eeca73df9ad0e7616e6a69092,0.005798486527055502,slippery,73,86b37d5efd76d46cade13612868ca6671988d786c61b4fb132d6a2da467aa063,1499,True,0,200000,test,249,False
trained,d9b989c6f50801e738cd59459899a9ad03f6bc2eeca73df9ad0e7616e6a69092,0.003223980311304331,slippery,74,a6cb53189d8a0fcde26b0cc4d7f65ca6fa4e103cf1c438a53cb7a4596b32251a,1499,True,0,200000,test,249,False
trained,d9b989c6f50801e738cd59459899a9ad03f6bc2eeca73df9ad0e7616e6a69092,0.0029521756805479527,slippery,75,e7f0d69e6a3b00c166322ecad23a03296ad2fd3a64cdc461ca2280b2abd16b63,1499,True,0,200000,test,249,False
trained,d9b989c6f50801e738cd59459899a9ad03f6bc2eeca73df9ad0e7616e6a69092,0.006496770307421684,slippery,76,4304e5b04fea123e106f828325673692bb247132e3e404e05a6dbca4bc0df9df,1499,True,0,200000,test,249,False
trained,d9b989c6f50801e738cd59459899a9ad03f6bc2eeca73df9ad0e7616e6a69092,0.012746404856443405,slippery,77,1b9bf2129f999c669e0425e2409918837e474896cfed98cef362b5be87588769,1499,True,1,200000,test,249,False
trained,d9b989c6f50801e738cd59459899a9ad03f6bc2eeca73df9ad0e7616e6a69092,0.002658978570252657,slippery,78,6d22199e7b130fef9473eac3e79ec6a3ed0dbc730b4d083c8b5c72f5b39cdeb7,1499,True,0,200000,test,249,False
trained,d9b989c6f50801e738cd59459899a9ad03f6bc2eeca73df9ad0e7616e6a69092,0.0039036599919199944,slippery,79,99f26d6cb00d9aa1160b35f509beab9262ff8a632328e3c60f48afec288e408c,1499,True,0,200000,test,249,False
trained,d9b989c6f50801e738cd59459899a9ad03f6bc2eeca73df9ad0e7616e6a69092,0.005867422092705965,slippery,80,4797fb72f166ae23e949f8d11577ec7cc4b0614fedf638d17e6660e17c6d13c7,1499,True,1,200000,test,249,False
trained,d9b989c6f50801e738cd59459899a9ad03f6bc2eeca73df9ad0e7616e6a69092,0.004227237775921822,slippery,81,1ff366fecd976db6ff3a241e2145633a75b4efbb3a1853679cc678d4b95c9f7b,1499,True,1,200000,test,249,False
trained,d9b989c6f50801e738cd59459899a9ad03f6bc2eeca73df9ad0e7616e6a69092,0.0029349892865866423,slippery,82,1ace284355e86edac562c13137e747bd8249132cdad005cec9ac11bf6643c9fe,1499,True,1,200000,test,249,False
trained,d9b989c6f50801e738cd59459899a9ad03f6bc2eeca73df9ad0e7616e6a69092,0.007540078368037939,slippery,83,a2058059d1d163ec4b01d18c5a56f44bada279b5ebd5a1ac9e885aed7c49a6f6,1499,True,3,200000,test,249,False
trained,d9b989c6f50801e738cd59459899a9ad03f6bc2eeca73df9ad0e7616e6a69092,0.008485467173159122,slippery,84,e372d694ade33ddfe45b4d8d081c749c2d7e6cc56208457bb98eccd23e9d7590,1499,True,0,200000,test,249,False
trained,d9b989c6f50801e738cd59459899a9ad03f6bc2eeca73df9ad0e7616e6a69092,0.0036668707616627216,slippery,85,81ebfc8d82e39804d11c7a30e022d7e9f33dff61009eb1decab78c1c9853bd0a,1499,True,0,200000,test,249,False
trained,d9b989c6f50801e738cd59459899a9ad03f6bc2eeca73df9ad0e7616e6a69092,0.006485520396381617,slippery,86,2ec7d5d48492dbbb6de2cb23a5982f3faf0f2caac56d6646194e06025ffd118a,1499,True,1,200000,test,249,False
trained,d9b989c6f50801e738cd59459899a9ad03f6bc2eeca73df9ad0e7616e6a69092,0.007689660415053368,slippery,87,cc490f6f3a60e2257b5c08db1f281be41b1e61669e2920bbbf915951b1f9dd09,1499,True,0,200000,test,249,False
trained,d9b989c6f50801e738cd59459899a9ad03f6bc2eeca73df9ad0e7616e6a69092,0.0009345085127279162,slippery,88,a1873710ede77fb581b50bd45afbcdb8e2216a7bac73d8ffdf30cda2847b2fb6,1499,True,0,200000,test,249,False
trained,d9b989c6f50801e738cd59459899a9ad03f6bc2eeca73df9ad0e7616e6a69092,0.010880681686103344,slippery,89,8cd07364c6977efdcbeab7ea8afe7d342b2fa0b001454a94f36729313b5d3206,1499,True,0,200000,test,249,False
trained,d9b989c6f50801e738cd59459899a9ad03f6bc2eeca73df9ad0e7616e6a69092,0.00449263583868742,slippery,90,4aff7910bb302aeb728a0676a77ce4ed79066eb4c2c2672d07f42a2e4859cb1e,1499,True,0,200000,test,249,False
trained,d9b989c6f50801e738cd59459899a9ad03f6bc2eeca73df9ad0e7616e6a69092,0.003780701896175742,slippery,91,0f43e8358ba9b96380db8ef1085b5a979dcb8edacfe1df4135c5197a9ca140ad,1499,True,0,200000,test,249,False
trained,d9b989c6f50801e738cd59459899a9ad03f6bc2eeca73df9ad0e7616e6a69092,0.0068785385228693485,slippery,92,c7fbf06eb9f7a3ff449891278c75371a05bbeda44a3a78c0629ee5536c25fd29,1499,True,0,200000,test,249,False
trained,d9b989c6f50801e738cd59459899a9ad03f6bc2eeca73df9ad0e7616e6a69092,0.0007188722956925631,slippery,93,eeef6dbd599f4dab6f6ab2b5a46e4fd4ff7ad737a50a998ccfa0b344aa633647,1499,True,0,200000,test,249,False
trained,d9b989c6f50801e738cd59459899a9ad03f6bc2eeca73df9ad0e7616e6a69092,0.009184982627630234,slippery,94,ab37c57c123156fde8e6b86b5f0a777a7fd18f6042f6b0d169cb66db6026a6be,1499,True,1,200000,test,249,False
trained,d9b989c6f50801e738cd59459899a9ad03f6bc2eeca73df9ad0e7616e6a69092,0.008153249509632587,slippery,95,bdec9935f649d9202a5bb541d402d99b3054f2e13735af5c27c645c7720ec6a6,1499,True,0,200000,test,249,False
trained,d9b989c6f50801e738cd59459899a9ad03f6bc2eeca73df9ad0e7616e6a69092,0.0093781603500247,slippery,96,77a4cb4293f6536253aa3b66162bc929474a5fdda41df92aafa1ce2fb2b54f2f,1499,True,0,200000,test,249,False
trained,d9b989c6f50801e738cd59459899a9ad03f6bc2eeca73df9ad0e7616e6a69092,0.005255058407783508,slippery,97,05dc74adcf4c2c331cd6976dbc6e523a478ec2bb46b0a059bf409e2b6ab8380d,1499,True,0,200000,test,249,False
trained,d9b989c6f50801e738cd59459899a9ad03f6bc2eeca73df9ad0e7616e6a69092,0.0038950094021856785,slippery,98,9614a090a384d03c1ba35ed51c8a761be752edb2c656aa96e536442b4623fbb4,1499,True,1,200000,test,249,False
trained,d9b989c6f50801e738cd59459899a9ad03f6bc2eeca73df9ad0e7616e6a69092,0.008302589878439903,slippery,99,3ebcb8b16e457dee44285c20766d816a9270123bfc42336c2ad468f1648e826a,1499,True,0,200000,test,249,False
trained,d9b989c6f50801e738cd59459899a9ad03f6bc2eeca73df9ad0e7616e6a69092,0.009018412791192532,slippery,100,d728faeae13a0dfb8614d6ec5fa83d9d01926528230d1e4a7515dd991253d44e,1499,True,0,200000,test,249,False
trained,d9b989c6f50801e738cd59459899a9ad03f6bc2eeca73df9ad0e7616e6a69092,0.0009312481270171702,slippery,101,b3aaaf7fb53fe114bd0f4f914ec6f63604a4dea9ef1d10a6f5f38a414c506e23,1499,True,1,200000,test,249,False
trained,d9b989c6f50801e738cd59459899a9ad03f6bc2eeca73df9ad0e7616e6a69092,0.010938449762761593,slippery,102,d6db2e91ecde8bce14994a00eceb6fa355862d95b278a48d9c674733b6a11a93,1499,True,1,200000,test,249,False
trained,d9b989c6f50801e738cd59459899a9ad03f6bc2eeca73df9ad0e7616e6a69092,0.008892408572137356,slippery,103,ad6e487c79125208299f08c8928735d89b232ce06ab0c9f172e1700257dec3ba,1499,True,0,200000,test,249,False
trained,d9b989c6f50801e738cd59459899a9ad03f6bc2eeca73df9ad0e7616e6a69092,0.011294286698102951,slippery,104,171f1e8fd988107483be3198d6169967413aa437441cb2af38aad4e6c0c29d2b,1499,True,1,200000,test,249,False
trained,d9b989c6f50801e738cd59459899a9ad03f6bc2eeca73df9ad0e7616e6a69092,0.004224502481520176,slippery,105,d4fbe59ca1b5e23829a2ca0a390942ce8c43359e645fcf61a496b0bde1b8b242,1499,True,0,200000,test,249,False
trained,d9b989c6f50801e738cd59459899a9ad03f6bc2eeca73df9ad0e7616e6a69092,0.0040678842924535275,slippery,106,16bda64c3ed4b2a7125ea60381352cdd9795eb598a2e41f9a0c90472667b9049,1499,True,0,200000,test,249,False
trained,d9b989c6f50801e738cd59459899a9ad03f6bc2eeca73df9ad0e7616e6a69092,0.010826419107615948,slippery,107,abda65d3f8967994841853f88cd921111e3fbcf69daa542cc27e8d12a27b78ff,1499,True,0,200000,test,249,False
trained,d9b989c6f50801e738cd59459899a9ad03f6bc2eeca73df9ad0e7616e6a69092,0.00775293679907918,slippery,108,5bf0c262a762fff765bad21aa5ff21a650118083af7b57a0c8e5a107486f8502,1499,True,0,200000,test,249,False
trained,d9b989c6f50801e738cd59459899a9ad03f6bc2eeca73df9ad0e7616e6a69092,0.002791707869619131,slippery,109,5f3fa1ec1db3997ad3c80179949f22956b2a3eabd56590eed2201753ad0b8785,1499,True,1,200000,test,249,False
trained,d9b989c6f50801e738cd59459899a9ad03f6bc2eeca73df9ad0e7616e6a69092,0.012881671078503132,slippery,110,043178d9c2e751ba923dc4246946ce8cd9085b9cd92fe45e70317d48179bce16,1499,True,0,200000,test,249,False
trained,d9b989c6f50801e738cd59459899a9ad03f6bc2eeca73df9ad0e7616e6a69092,0.0021080272272229195,slippery,111,4155b638520a37687a7decb0e0ac3fc027a3c905cfc1c4b5a95d92c95feed3fb,1499,True,0,200000,test,249,False
trained,d9b989c6f50801e738cd59459899a9ad03f6bc2eeca73df9ad0e7616e6a69092,0.0032180463895201683,slippery,112,69e62f621f40d6b6316746f9e28263ae9a9e3f68871fa02d9246df8190593f15,1499,True,0,200000,test,249,False
trained,d9b989c6f50801e738cd59459899a9ad03f6bc2eeca73df9ad0e7616e6a69092,0.006159893237054348,slippery,113,8d61bebf893886b35fc9822c412ba22c1e1f20cc359d68cb7e1ccec8e1880490,1499,True,1,200000,test,249,False
trained,d9b989c6f50801e738cd59459899a9ad03f6bc2eeca73df9ad0e7616e6a69092,0.005823833402246237,slippery,114,af01fd6e11d268d4fcfc223731a2518813a51b9e6320c707f262dbddfa6a06b6,1499,True,0,200000,test,249,False
trained,d9b989c6f50801e738cd59459899a9ad03f6bc2eeca73df9ad0e7616e6a69092,0.004288564436137676,slippery,115,687e231d91f53a4978947b46d60667357734722c526fa2a816df4dc5dcea3922,1499,True,0,200000,test,249,False
trained,d9b989c6f50801e738cd59459899a9ad03f6bc2eeca73df9ad0e7616e6a69092,0.004038732498884201,slippery,116,a687b62d73d62361cb77a82d90533f46dbbd3b507e0c449919cbc12c0671c15e,1499,True,1,200000,test,249,False
trained,d9b989c6f50801e738cd59459899a9ad03f6bc2eeca73df9ad0e7616e6a69092,0.005530059803277254,slippery,117,c1371f77a2e4a3dff1a6b2e0e8731c6be4ec3849db9ea1f8eccb80beba24f770,1499,True,0,200000,test,249,False
trained,d9b989c6f50801e738cd59459899a9ad03f6bc2eeca73df9ad0e7616e6a69092,0.0075982981361448765,slippery,118,f416e408f0959d1c3540326f2aeb627b0dee0dcab8baa666562435161570aed5,1499,True,0,200000,test,249,False
trained,d9b989c6f50801e738cd59459899a9ad03f6bc2eeca73df9ad0e7616e6a69092,0.010771116241812706,slippery,119,782d6ff695cff66ddd1ce6bbdb72609507e294e056b608688a830bfc77a80928,1499,True,1,200000,test,249,False
trained,d9b989c6f50801e738cd59459899a9ad03f6bc2eeca73df9ad0e7616e6a69092,0.00418622512370348,slippery,120,d4c3ce95cf2bfbdc65b9285b985120a5914f8e6d31c88c56305fe55926b589ba,1499,True,0,200000,test,249,False
trained,d9b989c6f50801e738cd59459899a9ad03f6bc2eeca73df9ad0e7616e6a69092,0.007937370799481869,slippery,121,873fdf34e0ba5ce490935cbc65b233569f73dad143f2bee12f7081b792648119,1499,True,1,200000,test,249,False
trained,d9b989c6f50801e738cd59459899a9ad03f6bc2eeca73df9ad0e7616e6a69092,0.00416590366512537,slippery,122,3413699e394218a7a9f1b5077a6fbb87a8ce22c8505e03469888cd7de521bf38,1499,True,1,200000,test,249,False
trained,d9b989c6f50801e738cd59459899a9ad03f6bc2eeca73df9ad0e7616e6a69092,0.0018891134532168508,slippery,123,c8ae1be88e9046dae3b49b993352b4965163dade87926f37fc8684682ddbf175,1499,True,0,200000,test,249,False
trained,d9b989c6f50801e738cd59459899a9ad03f6bc2eeca73df9ad0e7616e6a69092,0.008660909719765186,slippery,124,63cfeca31fe99cb8c7f2a42e8e020136d4a9814d579258b61934dd4b8d0c3e3b,1499,True,0,200000,test,249,False
trained,d9b989c6f50801e738cd59459899a9ad03f6bc2eeca73df9ad0e7616e6a69092,0.00549607677385211,slippery,125,a61f5ff0e9fa1133de9c0c75f1c2fb95baaa172b0d1da1561259cd14a90ac00f,1499,True,1,200000,test,249,False
trained,d9b989c6f50801e738cd59459899a9ad03f6bc2eeca73df9ad0e7616e6a69092,0.002699138130992651,slippery,126,1b7d8544bfc1139c6bfb56c53bb05cab7a8abd517fe3480928cee8888874c1b2,1499,True,0,200000,test,249,False
trained,d9b989c6f50801e738cd59459899a9ad03f6bc2eeca73df9ad0e7616e6a69092,0.002629876369610429,slippery,127,7f890b90f22e11a29f4dfc80b0c9794493d87146b921f15111b45bfca8308814,1499,True,0,200000,test,249,False
