timestamp_utc,gpu_index,gpu_name,memory_mib,utilization_pct,power_w,temperature_c,sm_clock_mhz,memory_clock_mhz
2026-09-26T07:37:32.186000+00:00,0,NVIDIA B200,33194,0,190.50,44,1965,3996
2026-09-26T07:37:33.186000+00:00,0,NVIDIA B200,33216,2,191.69,44,1965,3996
2026-09-26T07:37:34.186000+00:00,0,NVIDIA B200,33218,0,191.26,44,1965,3996
2026-09-26T07:37:35.187000+00:00,0,NVIDIA B200,33218,0,190.37,44,1965,3996
2026-09-26T07:37:36.187000+00:00,0,NVIDIA B200,33218,0,190.57,44,1965,3996
2026-09-26T07:37:37.187000+00:00,0,NVIDIA B200,33218,0,190.45,44,1965,3996
2026-09-26T07:37:38.188000+00:00,0,NVIDIA B200,33218,0,190.31,44,1965,3996
2026-09-26T07:37:39.188000+00:00,0,NVIDIA B200,33218,0,190.40,44,1965,3996
2026-09-26T07:37:40.188000+00:00,0,NVIDIA B200,33218,0,190.50,44,1965,3996
2026-09-26T07:37:41.188000+00:00,0,NVIDIA B200,33302,0,190.43,44,1965,3996
2026-09-26T07:37:42.189000+00:00,0,NVIDIA B200,33366,0,190.68,44,1965,3996
2026-09-26T07:37:43.189000+00:00,0,NVIDIA B200,33366,0,190.42,44,1965,3996
2026-09-26T07:37:44.189000+00:00,0,NVIDIA B200,33366,0,190.41,44,1965,3996
2026-09-26T07:37:45.189000+00:00,0,NVIDIA B200,33392,0,198.59,44,1965,3996
2026-09-26T07:37:46.190000+00:00,0,NVIDIA B200,33392,0,190.58,44,1965,3996
2026-09-26T07:37:47.190000+00:00,0,NVIDIA B200,33392,0,190.60,44,1965,3996
2026-09-26T07:37:48.190000+00:00,0,NVIDIA B200,33392,0,190.80,44,1965,3996
2026-09-26T07:37:49.191000+00:00,0,NVIDIA B200,33542,9,341.00,46,1965,3996
2026-09-26T07:37:50.191000+00:00,0,NVIDIA B200,34168,0,251.49,45,1965,3996
2026-09-26T07:37:51.191000+00:00,0,NVIDIA B200,34168,0,190.82,44,1965,3996
2026-09-26T07:37:52.192000+00:00,0,NVIDIA B200,34168,0,190.42,44,1965,3996
2026-09-26T07:37:53.192000+00:00,0,NVIDIA B200,33494,40,219.57,47,1965,3996
2026-09-26T07:37:54.192000+00:00,0,NVIDIA B200,33866,17,342.29,46,1965,3996
2026-09-26T07:37:55.193000+00:00,0,NVIDIA B200,34168,0,244.06,45,1965,3996
2026-09-26T07:37:56.193000+00:00,0,NVIDIA B200,34168,0,190.59,45,1965,3996
2026-09-26T07:37:57.193000+00:00,0,NVIDIA B200,34168,0,190.62,44,1965,3996
2026-09-26T07:37:58.194000+00:00,0,NVIDIA B200,33494,38,290.36,48,1965,3996
2026-09-26T07:37:59.194000+00:00,0,NVIDIA B200,34168,16,311.93,47,1965,3996
2026-09-26T07:38:00.194000+00:00,0,NVIDIA B200,34168,0,192.09,45,1965,3996
2026-09-26T07:38:01.195000+00:00,0,NVIDIA B200,34168,0,191.56,45,1965,3996
2026-09-26T07:38:02.195000+00:00,0,NVIDIA B200,33402,0,191.39,45,1965,3996
2026-09-26T07:38:03.195000+00:00,0,NVIDIA B200,33442,13,346.22,47,1965,3996
2026-09-26T07:38:04.196000+00:00,0,NVIDIA B200,34168,0,270.56,46,1965,3996
2026-09-26T07:38:05.196000+00:00,0,NVIDIA B200,34168,0,191.78,45,1965,3996
2026-09-26T07:38:06.196000+00:00,0,NVIDIA B200,34168,0,191.62,45,1965,3996
2026-09-26T07:38:07.196000+00:00,0,NVIDIA B200,33494,26,222.85,46,1965,3996
2026-09-26T07:38:08.197000+00:00,0,NVIDIA B200,33790,14,346.85,47,1965,3996
2026-09-26T07:38:09.197000+00:00,0,NVIDIA B200,34128,0,246.42,46,1965,3996
2026-09-26T07:38:10.198000+00:00,0,NVIDIA B200,34128,0,191.73,45,1965,3996
2026-09-26T07:38:11.198000+00:00,0,NVIDIA B200,34128,0,191.68,45,1965,3996
2026-09-26T07:38:12.198000+00:00,0,NVIDIA B200,33494,40,313.58,49,1965,3996
2026-09-26T07:38:13.198000+00:00,0,NVIDIA B200,34236,0,301.29,47,1965,3996
2026-09-26T07:38:14.199000+00:00,0,NVIDIA B200,34236,0,192.19,45,1965,3996
2026-09-26T07:38:15.199000+00:00,0,NVIDIA B200,34236,0,191.71,45,1965,3996
2026-09-26T07:38:16.199000+00:00,0,NVIDIA B200,33402,0,191.69,45,1965,3996
2026-09-26T07:38:17.200000+00:00,0,NVIDIA B200,33442,16,347.46,48,1965,3996
2026-09-26T07:38:18.200000+00:00,0,NVIDIA B200,34086,0,268.35,46,1965,3996
2026-09-26T07:38:19.200000+00:00,0,NVIDIA B200,34086,0,192.42,45,1965,3996
2026-09-26T07:38:20.200000+00:00,0,NVIDIA B200,34086,0,191.91,45,1965,3996
2026-09-26T07:38:21.201000+00:00,0,NVIDIA B200,33404,5,194.20,45,1965,3996
2026-09-26T07:38:22.201000+00:00,0,NVIDIA B200,33498,8,348.49,47,1965,3996
2026-09-26T07:38:23.201000+00:00,0,NVIDIA B200,34096,0,259.44,46,1965,3996
2026-09-26T07:38:24.201000+00:00,0,NVIDIA B200,34096,0,192.52,46,1965,3996
2026-09-26T07:38:25.202000+00:00,0,NVIDIA B200,34096,0,192.07,45,1965,3996
2026-09-26T07:38:26.202000+00:00,0,NVIDIA B200,33406,4,194.43,45,1965,3996
2026-09-26T07:38:27.202000+00:00,0,NVIDIA B200,33600,9,353.37,47,1965,3996
2026-09-26T07:38:28.203000+00:00,0,NVIDIA B200,34128,0,252.43,46,1965,3996
2026-09-26T07:38:29.203000+00:00,0,NVIDIA B200,34128,0,192.31,46,1965,3996
2026-09-26T07:38:30.203000+00:00,0,NVIDIA B200,34128,0,191.78,46,1965,3996
2026-09-26T07:38:31.204000+00:00,0,NVIDIA B200,33494,32,226.28,47,1965,3996
2026-09-26T07:38:32.204000+00:00,0,NVIDIA B200,33790,15,343.36,47,1965,3996
2026-09-26T07:38:33.204000+00:00,0,NVIDIA B200,34128,0,247.10,46,1965,3996
2026-09-26T07:38:34.204000+00:00,0,NVIDIA B200,34128,0,192.67,46,1965,3996
2026-09-26T07:38:35.205000+00:00,0,NVIDIA B200,34128,0,192.31,46,1965,3996
2026-09-26T07:38:36.205000+00:00,0,NVIDIA B200,33494,40,280.87,49,1965,3996
2026-09-26T07:38:37.205000+00:00,0,NVIDIA B200,34086,35,333.17,48,1965,3996
2026-09-26T07:38:38.205000+00:00,0,NVIDIA B200,34086,0,193.86,46,1965,3996
2026-09-26T07:38:39.206000+00:00,0,NVIDIA B200,34086,0,192.33,46,1965,3996
2026-09-26T07:38:40.206000+00:00,0,NVIDIA B200,33434,0,192.26,46,1965,3996
2026-09-26T07:38:41.207000+00:00,0,NVIDIA B200,33470,25,343.71,49,1965,3996
2026-09-26T07:38:42.207000+00:00,0,NVIDIA B200,34168,0,267.86,47,1965,3996
2026-09-26T07:38:43.207000+00:00,0,NVIDIA B200,34168,0,193.02,46,1965,3996
2026-09-26T07:38:44.207000+00:00,0,NVIDIA B200,34168,0,192.26,46,1965,3996
2026-09-26T07:38:45.208000+00:00,0,NVIDIA B200,33494,4,210.79,46,1965,3996
2026-09-26T07:38:46.208000+00:00,0,NVIDIA B200,33760,12,365.00,48,1965,3996
2026-09-26T07:38:47.208000+00:00,0,NVIDIA B200,34168,0,247.87,46,1965,3996
2026-09-26T07:38:48.209000+00:00,0,NVIDIA B200,34168,0,192.72,46,1965,3996
2026-09-26T07:38:49.209000+00:00,0,NVIDIA B200,34168,0,192.53,46,1965,3996
2026-09-26T07:38:50.209000+00:00,0,NVIDIA B200,33406,42,352.23,50,1965,3996
2026-09-26T07:38:51.210000+00:00,0,NVIDIA B200,34168,0,272.54,47,1965,3996
2026-09-26T07:38:52.210000+00:00,0,NVIDIA B200,34168,0,193.03,46,1965,3996
2026-09-26T07:38:53.210000+00:00,0,NVIDIA B200,34168,0,192.25,46,1965,3996
2026-09-26T07:38:54.211000+00:00,0,NVIDIA B200,33494,17,216.99,47,1965,3996
2026-09-26T07:38:55.211000+00:00,0,NVIDIA B200,33840,14,356.81,48,1965,3996
2026-09-26T07:38:56.211000+00:00,0,NVIDIA B200,34168,0,242.88,46,1965,3996
2026-09-26T07:38:57.212000+00:00,0,NVIDIA B200,34168,0,192.66,46,1965,3996
2026-09-26T07:38:58.212000+00:00,0,NVIDIA B200,34168,0,192.25,46,1965,3996
2026-09-26T07:38:59.212000+00:00,0,NVIDIA B200,33494,41,331.30,50,1965,3996
2026-09-26T07:39:00.212000+00:00,0,NVIDIA B200,34168,0,293.59,47,1965,3996
2026-09-26T07:39:01.213000+00:00,0,NVIDIA B200,34168,0,193.15,46,1965,3996
2026-09-26T07:39:02.213000+00:00,0,NVIDIA B200,34168,0,192.42,46,1965,3996
2026-09-26T07:39:03.214000+00:00,0,NVIDIA B200,33404,5,193.77,46,1965,3996
2026-09-26T07:39:04.214000+00:00,0,NVIDIA B200,33504,10,340.34,48,1965,3996
2026-09-26T07:39:05.214000+00:00,0,NVIDIA B200,34178,0,260.65,47,1965,3996
2026-09-26T07:39:06.215000+00:00,0,NVIDIA B200,34178,0,192.92,46,1965,3996
2026-09-26T07:39:07.215000+00:00,0,NVIDIA B200,34178,0,192.55,46,1965,3996
2026-09-26T07:39:08.216000+00:00,0,NVIDIA B200,33494,9,201.78,46,1965,3996
2026-09-26T07:39:09.216000+00:00,0,NVIDIA B200,33866,12,358.71,48,1965,3996
2026-09-26T07:39:10.216000+00:00,0,NVIDIA B200,34168,0,254.45,47,1965,3996
2026-09-26T07:39:11.216000+00:00,0,NVIDIA B200,34168,0,192.91,46,1965,3996
2026-09-26T07:39:12.217000+00:00,0,NVIDIA B200,34168,0,192.35,46,1965,3996
2026-09-26T07:39:13.217000+00:00,0,NVIDIA B200,34168,0,192.42,46,1965,3996
2026-09-26T07:39:14.217000+00:00,0,NVIDIA B200,34168,0,192.38,46,1965,3996
2026-09-26T07:39:15.218000+00:00,0,NVIDIA B200,34168,0,192.17,46,1965,3996
2026-09-26T07:39:16.218000+00:00,0,NVIDIA B200,34168,0,192.19,46,1965,3996
2026-09-26T07:39:17.218000+00:00,0,NVIDIA B200,34168,0,192.19,46,1965,3996
2026-09-26T07:39:18.219000+00:00,0,NVIDIA B200,34168,0,192.07,46,1965,3996
2026-09-26T07:39:19.219000+00:00,0,NVIDIA B200,34168,0,192.21,46,1965,3996
2026-09-26T07:39:20.220000+00:00,0,NVIDIA B200,34168,0,191.88,46,1965,3996
2026-09-26T07:39:21.220000+00:00,0,NVIDIA B200,34168,0,192.12,46,1965,3996
2026-09-26T07:39:22.220000+00:00,0,NVIDIA B200,34168,0,191.96,45,1965,3996
2026-09-26T07:39:23.220000+00:00,0,NVIDIA B200,34168,0,191.98,45,1965,3996
2026-09-26T07:39:24.221000+00:00,0,NVIDIA B200,34168,0,191.68,45,1965,3996
2026-09-26T07:39:25.221000+00:00,0,NVIDIA B200,34168,0,191.72,45,1965,3996
2026-09-26T07:39:26.222000+00:00,0,NVIDIA B200,34168,0,191.76,45,1965,3996
2026-09-26T07:39:27.222000+00:00,0,NVIDIA B200,34168,0,191.79,45,1965,3996
2026-09-26T07:39:28.222000+00:00,0,NVIDIA B200,34168,0,191.64,45,1965,3996
2026-09-26T07:39:29.222000+00:00,0,NVIDIA B200,34168,0,191.86,45,1965,3996
2026-09-26T07:39:30.223000+00:00,0,NVIDIA B200,34168,0,191.62,45,1965,3996
2026-09-26T07:39:31.223000+00:00,0,NVIDIA B200,34168,0,191.70,45,1965,3996
2026-09-26T07:39:32.224000+00:00,0,NVIDIA B200,34168,0,191.52,45,1965,3996
2026-09-26T07:39:33.224000+00:00,0,NVIDIA B200,34168,0,191.61,45,1965,3996
2026-09-26T07:39:34.224000+00:00,0,NVIDIA B200,34168,0,191.20,45,1965,3996
2026-09-26T07:39:35.225000+00:00,0,NVIDIA B200,34168,0,191.62,45,1965,3996
2026-09-26T07:39:36.225000+00:00,0,NVIDIA B200,34168,0,191.61,45,1965,3996
2026-09-26T07:39:37.225000+00:00,0,NVIDIA B200,34168,0,191.62,45,1965,3996
2026-09-26T07:39:38.226000+00:00,0,NVIDIA B200,34168,0,191.48,45,1965,3996
2026-09-26T07:39:39.226000+00:00,0,NVIDIA B200,34168,0,191.31,45,1965,3996
2026-09-26T07:39:40.227000+00:00,0,NVIDIA B200,34168,0,191.28,45,1965,3996
2026-09-26T07:39:41.227000+00:00,0,NVIDIA B200,34168,0,191.52,45,1965,3996
2026-09-26T07:39:42.227000+00:00,0,NVIDIA B200,34168,0,191.44,45,1965,3996
2026-09-26T07:39:43.228000+00:00,0,NVIDIA B200,34168,0,191.53,45,1965,3996
2026-09-26T07:39:44.228000+00:00,0,NVIDIA B200,34168,0,191.34,45,1965,3996
2026-09-26T07:39:45.228000+00:00,0,NVIDIA B200,34168,0,191.48,45,1965,3996
2026-09-26T07:39:46.229000+00:00,0,NVIDIA B200,34168,0,191.33,45,1965,3996
2026-09-26T07:39:47.229000+00:00,0,NVIDIA B200,34168,0,191.15,45,1965,3996
2026-09-26T07:39:48.230000+00:00,0,NVIDIA B200,34168,0,190.84,45,1965,3996
2026-09-26T07:39:49.230000+00:00,0,NVIDIA B200,33494,39,250.99,48,1965,3996
2026-09-26T07:39:50.230000+00:00,0,NVIDIA B200,33828,24,327.38,47,1965,3996
2026-09-26T07:39:51.231000+00:00,0,NVIDIA B200,34168,0,218.47,45,1965,3996
2026-09-26T07:39:52.231000+00:00,0,NVIDIA B200,34168,0,191.77,45,1965,3996
2026-09-26T07:39:53.231000+00:00,0,NVIDIA B200,34168,0,191.69,45,1965,3996
2026-09-26T07:39:54.231000+00:00,0,NVIDIA B200,33494,40,305.23,49,1965,3996
2026-09-26T07:39:55.232000+00:00,0,NVIDIA B200,34168,28,308.00,47,1965,3996
2026-09-26T07:39:56.232000+00:00,0,NVIDIA B200,34168,0,192.41,45,1965,3996
2026-09-26T07:39:57.232000+00:00,0,NVIDIA B200,34168,0,191.73,45,1965,3996
2026-09-26T07:39:58.233000+00:00,0,NVIDIA B200,33418,0,191.05,45,1965,3996
2026-09-26T07:39:59.233000+00:00,0,NVIDIA B200,33406,39,352.58,49,1965,3996
2026-09-26T07:40:00.234000+00:00,0,NVIDIA B200,34096,0,272.74,46,1965,3996
2026-09-26T07:40:01.234000+00:00,0,NVIDIA B200,34096,0,192.45,45,1965,3996
2026-09-26T07:40:02.234000+00:00,0,NVIDIA B200,34096,0,191.15,45,1965,3996
2026-09-26T07:40:03.235000+00:00,0,NVIDIA B200,33470,3,194.87,45,1965,3996
2026-09-26T07:40:04.235000+00:00,0,NVIDIA B200,33486,8,365.26,47,1965,3996
2026-09-26T07:40:05.235000+00:00,0,NVIDIA B200,34154,0,254.68,46,1965,3996
2026-09-26T07:40:06.235000+00:00,0,NVIDIA B200,34154,0,191.65,45,1965,3996
2026-09-26T07:40:07.236000+00:00,0,NVIDIA B200,34154,0,191.80,45,1965,3996
2026-09-26T07:40:08.236000+00:00,0,NVIDIA B200,33494,40,273.80,48,1965,3996
2026-09-26T07:40:09.237000+00:00,0,NVIDIA B200,34168,23,327.59,48,1965,3996
2026-09-26T07:40:10.237000+00:00,0,NVIDIA B200,34168,0,197.98,45,1965,3996
2026-09-26T07:40:11.237000+00:00,0,NVIDIA B200,34168,0,192.10,45,1965,3996
2026-09-26T07:40:12.237000+00:00,0,NVIDIA B200,33404,4,193.26,45,1965,3996
2026-09-26T07:40:13.238000+00:00,0,NVIDIA B200,33516,4,344.79,47,1965,3996
2026-09-26T07:40:14.238000+00:00,0,NVIDIA B200,34168,0,265.30,46,1965,3996
2026-09-26T07:40:15.238000+00:00,0,NVIDIA B200,34168,0,192.46,45,1965,3996
2026-09-26T07:40:16.239000+00:00,0,NVIDIA B200,34168,0,191.82,45,1965,3996
2026-09-26T07:40:17.239000+00:00,0,NVIDIA B200,33494,38,250.83,48,1965,3996
2026-09-26T07:40:18.239000+00:00,0,NVIDIA B200,33898,18,339.17,47,1965,3996
2026-09-26T07:40:19.239000+00:00,0,NVIDIA B200,34128,0,227.32,46,1965,3996
2026-09-26T07:40:20.240000+00:00,0,NVIDIA B200,34128,0,192.16,45,1965,3996
2026-09-26T07:40:21.240000+00:00,0,NVIDIA B200,34128,0,191.92,45,1965,3996
2026-09-26T07:40:22.240000+00:00,0,NVIDIA B200,33468,40,347.72,50,1965,3996
2026-09-26T07:40:23.240000+00:00,0,NVIDIA B200,34168,0,266.83,47,1965,3996
2026-09-26T07:40:24.240000+00:00,0,NVIDIA B200,34168,0,192.57,46,1965,3996
2026-09-26T07:40:25.241000+00:00,0,NVIDIA B200,34168,0,192.05,46,1965,3996
2026-09-26T07:40:26.241000+00:00,0,NVIDIA B200,33494,3,200.51,46,1965,3996
2026-09-26T07:40:27.241000+00:00,0,NVIDIA B200,33586,8,351.71,47,1965,3996
2026-09-26T07:40:28.241000+00:00,0,NVIDIA B200,34168,0,252.93,46,1965,3996
2026-09-26T07:40:29.242000+00:00,0,NVIDIA B200,34168,0,192.57,46,1965,3996
2026-09-26T07:40:30.242000+00:00,0,NVIDIA B200,34168,0,192.48,46,1965,3996
2026-09-26T07:40:31.242000+00:00,0,NVIDIA B200,33494,38,295.72,49,1965,3996
2026-09-26T07:40:32.242000+00:00,0,NVIDIA B200,34154,47,317.16,48,1965,3996
2026-09-26T07:40:33.243000+00:00,0,NVIDIA B200,34154,0,192.60,46,1965,3996
2026-09-26T07:40:34.243000+00:00,0,NVIDIA B200,34154,0,192.59,46,1965,3996
2026-09-26T07:40:35.243000+00:00,0,NVIDIA B200,33404,4,195.07,46,1965,3996
2026-09-26T07:40:36.244000+00:00,0,NVIDIA B200,33496,9,345.64,48,1965,3996
2026-09-26T07:40:37.244000+00:00,0,NVIDIA B200,34236,0,265.92,46,1965,3996
2026-09-26T07:40:38.244000+00:00,0,NVIDIA B200,34236,0,192.60,46,1965,3996
2026-09-26T07:40:39.245000+00:00,0,NVIDIA B200,34236,0,192.39,46,1965,3996
2026-09-26T07:40:40.245000+00:00,0,NVIDIA B200,33494,41,290.20,49,1965,3996
2026-09-26T07:40:41.245000+00:00,0,NVIDIA B200,34086,21,343.04,49,1965,3996
2026-09-26T07:40:42.246000+00:00,0,NVIDIA B200,34086,0,193.84,46,1965,3996
2026-09-26T07:40:43.246000+00:00,0,NVIDIA B200,34086,0,192.24,46,1965,3996
2026-09-26T07:40:44.246000+00:00,0,NVIDIA B200,33402,3,193.24,46,1965,3996
2026-09-26T07:40:45.247000+00:00,0,NVIDIA B200,33516,5,358.14,48,1965,3996
2026-09-26T07:40:46.247000+00:00,0,NVIDIA B200,34168,0,256.87,46,1965,3996
2026-09-26T07:40:47.248000+00:00,0,NVIDIA B200,34168,0,192.77,46,1965,3996
2026-09-26T07:40:48.248000+00:00,0,NVIDIA B200,34168,0,192.32,46,1965,3996
2026-09-26T07:40:49.248000+00:00,0,NVIDIA B200,33494,3,216.31,47,1965,3996
2026-09-26T07:40:50.248000+00:00,0,NVIDIA B200,33760,11,361.42,47,1965,3996
2026-09-26T07:40:51.249000+00:00,0,NVIDIA B200,34168,0,245.71,46,1965,3996
2026-09-26T07:40:52.249000+00:00,0,NVIDIA B200,34168,0,192.58,46,1965,3996
2026-09-26T07:40:53.249000+00:00,0,NVIDIA B200,34168,0,192.26,46,1965,3996
2026-09-26T07:40:54.249000+00:00,0,NVIDIA B200,33494,41,243.97,48,1965,3996
2026-09-26T07:40:55.250000+00:00,0,NVIDIA B200,33828,22,344.22,48,1965,3996
2026-09-26T07:40:56.250000+00:00,0,NVIDIA B200,34168,0,218.55,46,1965,3996
2026-09-26T07:40:57.250000+00:00,0,NVIDIA B200,34168,0,192.40,45,1965,3996
2026-09-26T07:40:58.251000+00:00,0,NVIDIA B200,34168,0,192.07,45,1965,3996
2026-09-26T07:40:59.251000+00:00,0,NVIDIA B200,33494,41,316.07,49,1965,3996
2026-09-26T07:41:00.251000+00:00,0,NVIDIA B200,34168,0,305.97,47,1965,3996
2026-09-26T07:41:01.251000+00:00,0,NVIDIA B200,34168,0,192.60,45,1965,3996
2026-09-26T07:41:02.252000+00:00,0,NVIDIA B200,34168,0,192.19,45,1965,3996
2026-09-26T07:41:03.252000+00:00,0,NVIDIA B200,33404,3,194.48,45,1965,3996
2026-09-26T07:41:04.252000+00:00,0,NVIDIA B200,33466,11,337.95,47,1965,3996
2026-09-26T07:41:05.253000+00:00,0,NVIDIA B200,34168,0,260.92,46,1965,3996
2026-09-26T07:41:06.253000+00:00,0,NVIDIA B200,34168,0,192.54,45,1965,3996
2026-09-26T07:41:07.253000+00:00,0,NVIDIA B200,34168,0,192.22,45,1965,3996
2026-09-26T07:41:08.253000+00:00,0,NVIDIA B200,33494,23,204.49,47,1965,3996
2026-09-26T07:41:09.254000+00:00,0,NVIDIA B200,33718,12,352.32,47,1965,3996
2026-09-26T07:41:10.254000+00:00,0,NVIDIA B200,34046,0,249.51,46,1965,3996
2026-09-26T07:41:11.254000+00:00,0,NVIDIA B200,34046,0,191.97,45,1965,3996
2026-09-26T07:41:12.254000+00:00,0,NVIDIA B200,34046,0,191.82,45,1965,3996
2026-09-26T07:41:13.255000+00:00,0,NVIDIA B200,33494,40,284.77,48,1965,3996
2026-09-26T07:41:14.255000+00:00,0,NVIDIA B200,34154,35,337.08,48,1965,3996
2026-09-26T07:41:15.255000+00:00,0,NVIDIA B200,34154,0,193.54,45,1965,3996
2026-09-26T07:41:16.256000+00:00,0,NVIDIA B200,34154,0,191.59,45,1965,3996
2026-09-26T07:41:17.256000+00:00,0,NVIDIA B200,33402,4,191.73,45,1965,3996
2026-09-26T07:41:18.256000+00:00,0,NVIDIA B200,33452,10,346.40,47,1965,3996
2026-09-26T07:41:19.257000+00:00,0,NVIDIA B200,34168,0,262.28,46,1965,3996
2026-09-26T07:41:20.257000+00:00,0,NVIDIA B200,34168,0,191.85,45,1965,3996
2026-09-26T07:41:21.257000+00:00,0,NVIDIA B200,34168,0,191.87,45,1965,3996
2026-09-26T07:41:22.258000+00:00,0,NVIDIA B200,33494,37,244.21,47,1965,3996
2026-09-26T07:41:23.258000+00:00,0,NVIDIA B200,33866,23,336.67,48,1965,3996
2026-09-26T07:41:24.258000+00:00,0,NVIDIA B200,34168,0,230.17,45,1965,3996
2026-09-26T07:41:25.258000+00:00,0,NVIDIA B200,34168,0,192.05,45,1965,3996
2026-09-26T07:41:26.259000+00:00,0,NVIDIA B200,34168,0,191.94,45,1965,3996
2026-09-26T07:41:27.259000+00:00,0,NVIDIA B200,33494,38,345.54,49,1965,3996
2026-09-26T07:41:28.259000+00:00,0,NVIDIA B200,34236,0,276.98,46,1965,3996
2026-09-26T07:41:29.260000+00:00,0,NVIDIA B200,34236,0,192.52,45,1965,3996
2026-09-26T07:41:30.260000+00:00,0,NVIDIA B200,34236,0,192.03,45,1965,3996
2026-09-26T07:41:31.261000+00:00,0,NVIDIA B200,33408,3,195.30,45,1965,3996
2026-09-26T07:41:32.261000+00:00,0,NVIDIA B200,33530,8,346.53,47,1965,3996
2026-09-26T07:41:33.261000+00:00,0,NVIDIA B200,34086,0,253.35,46,1965,3996
2026-09-26T07:41:34.261000+00:00,0,NVIDIA B200,34086,0,192.11,45,1965,3996
2026-09-26T07:41:35.262000+00:00,0,NVIDIA B200,34086,0,191.73,45,1965,3996
2026-09-26T07:41:36.262000+00:00,0,NVIDIA B200,33494,40,232.47,47,1965,3996
2026-09-26T07:41:37.262000+00:00,0,NVIDIA B200,33808,17,342.23,47,1965,3996
2026-09-26T07:41:38.263000+00:00,0,NVIDIA B200,34168,0,243.41,45,1965,3996
2026-09-26T07:41:39.263000+00:00,0,NVIDIA B200,34168,0,191.87,45,1965,3996
2026-09-26T07:41:40.264000+00:00,0,NVIDIA B200,34168,0,191.74,45,1965,3996
2026-09-26T07:41:41.264000+00:00,0,NVIDIA B200,33494,41,271.23,48,1965,3996
2026-09-26T07:41:42.264000+00:00,0,NVIDIA B200,34128,21,339.28,50,1965,3996
2026-09-26T07:41:43.264000+00:00,0,NVIDIA B200,34128,0,211.41,45,1965,3996
2026-09-26T07:41:44.265000+00:00,0,NVIDIA B200,34128,0,192.27,45,1965,3996
2026-09-26T07:41:45.265000+00:00,0,NVIDIA B200,34128,0,191.61,45,1965,3996
2026-09-26T07:41:46.265000+00:00,0,NVIDIA B200,33494,40,304.58,49,1965,3996
2026-09-26T07:41:47.266000+00:00,0,NVIDIA B200,34168,0,299.33,47,1965,3996
2026-09-26T07:41:48.266000+00:00,0,NVIDIA B200,34168,0,192.53,45,1965,3996
2026-09-26T07:41:49.266000+00:00,0,NVIDIA B200,34168,0,191.93,45,1965,3996
2026-09-26T07:41:50.266000+00:00,0,NVIDIA B200,34168,0,191.21,45,1965,3996
2026-09-26T07:41:51.267000+00:00,0,NVIDIA B200,33406,41,338.78,49,1965,3996
2026-09-26T07:41:52.267000+00:00,0,NVIDIA B200,34168,0,265.00,46,1965,3996
2026-09-26T07:41:53.267000+00:00,0,NVIDIA B200,34168,0,192.29,45,1965,3996
2026-09-26T07:41:54.268000+00:00,0,NVIDIA B200,34168,0,192.03,45,1965,3996
2026-09-26T07:41:55.268000+00:00,0,NVIDIA B200,33402,3,192.62,45,1965,3996
2026-09-26T07:41:56.269000+00:00,0,NVIDIA B200,33470,10,352.39,47,1965,3996
2026-09-26T07:41:57.269000+00:00,0,NVIDIA B200,34168,0,270.40,46,1965,3996
2026-09-26T07:41:58.269000+00:00,0,NVIDIA B200,34168,0,192.57,45,1965,3996
2026-09-26T07:41:59.270000+00:00,0,NVIDIA B200,34168,0,192.17,45,1965,3996
2026-09-26T07:42:00.270000+00:00,0,NVIDIA B200,33494,31,214.16,47,1965,3996
2026-09-26T07:42:01.270000+00:00,0,NVIDIA B200,33840,15,342.89,47,1965,3996
2026-09-26T07:42:02.270000+00:00,0,NVIDIA B200,34168,0,238.49,46,1965,3996
2026-09-26T07:42:03.271000+00:00,0,NVIDIA B200,34168,0,192.19,45,1965,3996
2026-09-26T07:42:04.271000+00:00,0,NVIDIA B200,34168,0,191.80,45,1965,3996
2026-09-26T07:42:05.271000+00:00,0,NVIDIA B200,33468,29,335.32,49,1965,3996
2026-09-26T07:42:06.271000+00:00,0,NVIDIA B200,34128,0,265.83,47,1965,3996
2026-09-26T07:42:07.272000+00:00,0,NVIDIA B200,34128,0,192.58,46,1965,3996
2026-09-26T07:42:08.272000+00:00,0,NVIDIA B200,34128,0,192.29,45,1965,3996
2026-09-26T07:42:09.273000+00:00,0,NVIDIA B200,33494,11,207.74,45,1965,3996
2026-09-26T07:42:10.273000+00:00,0,NVIDIA B200,33576,10,355.63,47,1965,3996
2026-09-26T07:42:11.273000+00:00,0,NVIDIA B200,34168,0,248.50,46,1965,3996
2026-09-26T07:42:12.273000+00:00,0,NVIDIA B200,34168,0,192.58,46,1965,3996
2026-09-26T07:42:13.274000+00:00,0,NVIDIA B200,34168,0,192.41,46,1965,3996
2026-09-26T07:42:14.274000+00:00,0,NVIDIA B200,33494,40,302.27,49,1965,3996
2026-09-26T07:42:15.274000+00:00,0,NVIDIA B200,34168,0,306.37,47,1965,3996
2026-09-26T07:42:16.275000+00:00,0,NVIDIA B200,34168,0,193.04,46,1965,3996
2026-09-26T07:42:17.275000+00:00,0,NVIDIA B200,34168,0,192.44,46,1965,3996
2026-09-26T07:42:18.276000+00:00,0,NVIDIA B200,34168,0,192.27,46,1965,3996
2026-09-26T07:42:19.276000+00:00,0,NVIDIA B200,34168,0,192.33,46,1965,3996
2026-09-26T07:42:20.276000+00:00,0,NVIDIA B200,34168,0,192.25,46,1965,3996
2026-09-26T07:42:21.276000+00:00,0,NVIDIA B200,34168,0,192.35,45,1965,3996
2026-09-26T07:42:22.277000+00:00,0,NVIDIA B200,34168,0,192.27,45,1965,3996
2026-09-26T07:42:23.277000+00:00,0,NVIDIA B200,34168,0,192.26,45,1965,3996
2026-09-26T07:42:24.277000+00:00,0,NVIDIA B200,34168,0,192.23,45,1965,3996
2026-09-26T07:42:25.278000+00:00,0,NVIDIA B200,34168,0,192.04,45,1965,3996
2026-09-26T07:42:26.278000+00:00,0,NVIDIA B200,34168,0,192.11,45,1965,3996
2026-09-26T07:42:27.278000+00:00,0,NVIDIA B200,34168,0,191.96,45,1965,3996
2026-09-26T07:42:28.279000+00:00,0,NVIDIA B200,34168,0,191.75,45,1965,3996
2026-09-26T07:42:29.279000+00:00,0,NVIDIA B200,34168,0,191.99,45,1965,3996
2026-09-26T07:42:30.279000+00:00,0,NVIDIA B200,34168,0,191.75,45,1965,3996
2026-09-26T07:42:31.280000+00:00,0,NVIDIA B200,34168,0,191.91,45,1965,3996
2026-09-26T07:42:32.280000+00:00,0,NVIDIA B200,34168,0,191.79,45,1965,3996
2026-09-26T07:42:33.280000+00:00,0,NVIDIA B200,34168,0,191.89,45,1965,3996
2026-09-26T07:42:34.281000+00:00,0,NVIDIA B200,34168,0,191.71,45,1965,3996
2026-09-26T07:42:35.281000+00:00,0,NVIDIA B200,34168,0,191.92,45,1965,3996
2026-09-26T07:42:36.281000+00:00,0,NVIDIA B200,34168,0,191.87,45,1965,3996
2026-09-26T07:42:37.281000+00:00,0,NVIDIA B200,34168,0,192.18,45,1965,3996
2026-09-26T07:42:38.282000+00:00,0,NVIDIA B200,34168,0,191.67,45,1965,3996
2026-09-26T07:42:39.282000+00:00,0,NVIDIA B200,34168,0,191.59,45,1965,3996
2026-09-26T07:42:40.282000+00:00,0,NVIDIA B200,34168,0,191.96,45,1965,3996
2026-09-26T07:42:41.283000+00:00,0,NVIDIA B200,34168,0,191.79,45,1965,3996
2026-09-26T07:42:42.283000+00:00,0,NVIDIA B200,34168,0,191.59,45,1965,3996
2026-09-26T07:42:43.284000+00:00,0,NVIDIA B200,34168,0,191.76,45,1965,3996
2026-09-26T07:42:44.284000+00:00,0,NVIDIA B200,34168,0,191.48,45,1965,3996
2026-09-26T07:42:45.284000+00:00,0,NVIDIA B200,34168,0,191.69,45,1965,3996
2026-09-26T07:42:46.285000+00:00,0,NVIDIA B200,34168,0,191.62,45,1965,3996
2026-09-26T07:42:47.285000+00:00,0,NVIDIA B200,34168,0,191.70,45,1965,3996
2026-09-26T07:42:48.285000+00:00,0,NVIDIA B200,34168,0,191.77,45,1965,3996
2026-09-26T07:42:49.286000+00:00,0,NVIDIA B200,34168,0,191.69,45,1965,3996
2026-09-26T07:42:50.286000+00:00,0,NVIDIA B200,34168,0,191.48,45,1965,3996
2026-09-26T07:42:51.286000+00:00,0,NVIDIA B200,34168,0,191.51,45,1965,3996
2026-09-26T07:42:52.287000+00:00,0,NVIDIA B200,34168,0,191.59,45,1965,3996
2026-09-26T07:42:53.287000+00:00,0,NVIDIA B200,34168,0,191.30,45,1965,3996
2026-09-26T07:42:54.287000+00:00,0,NVIDIA B200,34168,0,191.43,45,1965,3996
2026-09-26T07:42:55.288000+00:00,0,NVIDIA B200,34168,0,191.43,45,1965,3996
2026-09-26T07:42:56.288000+00:00,0,NVIDIA B200,34168,0,191.44,45,1965,3996
2026-09-26T07:42:57.288000+00:00,0,NVIDIA B200,34168,0,191.29,45,1965,3996
2026-09-26T07:42:58.289000+00:00,0,NVIDIA B200,34168,0,190.76,45,1965,3996
2026-09-26T07:42:59.289000+00:00,0,NVIDIA B200,34168,0,190.75,45,1965,3996
2026-09-26T07:43:00.289000+00:00,0,NVIDIA B200,34168,0,190.73,45,1965,3996
2026-09-26T07:43:01.290000+00:00,0,NVIDIA B200,34168,0,190.94,45,1965,3996
2026-09-26T07:43:02.290000+00:00,0,NVIDIA B200,34168,0,190.81,45,1965,3996
2026-09-26T07:43:03.290000+00:00,0,NVIDIA B200,34168,0,190.81,45,1965,3996
2026-09-26T07:43:04.291000+00:00,0,NVIDIA B200,34168,0,190.69,44,1965,3996
2026-09-26T07:43:05.291000+00:00,0,NVIDIA B200,34168,0,190.88,45,1965,3996
2026-09-26T07:43:06.292000+00:00,0,NVIDIA B200,34168,0,190.85,45,1965,3996
2026-09-26T07:43:07.292000+00:00,0,NVIDIA B200,34168,0,190.52,45,1965,3996
2026-09-26T07:43:08.292000+00:00,0,NVIDIA B200,34168,0,190.82,45,1965,3996
2026-09-26T07:43:09.292000+00:00,0,NVIDIA B200,34168,0,190.84,45,1965,3996
2026-09-26T07:43:10.293000+00:00,0,NVIDIA B200,34168,0,190.51,45,1965,3996
2026-09-26T07:43:11.293000+00:00,0,NVIDIA B200,34168,0,191.09,44,1965,3996
2026-09-26T07:43:12.293000+00:00,0,NVIDIA B200,34168,0,190.45,44,1965,3996
2026-09-26T07:43:13.294000+00:00,0,NVIDIA B200,34168,0,190.45,44,1965,3996
2026-09-26T07:43:14.294000+00:00,0,NVIDIA B200,34168,0,190.20,44,1965,3996
2026-09-26T07:43:15.294000+00:00,0,NVIDIA B200,34168,0,190.26,44,1965,3996
2026-09-26T07:43:16.295000+00:00,0,NVIDIA B200,34168,0,190.36,44,1965,3996
2026-09-26T07:43:17.295000+00:00,0,NVIDIA B200,33494,12,206.96,44,1965,3996
2026-09-26T07:43:18.296000+00:00,0,NVIDIA B200,33742,13,350.99,46,1965,3996
2026-09-26T07:43:19.296000+00:00,0,NVIDIA B200,34086,0,244.86,45,1965,3996
2026-09-26T07:43:20.296000+00:00,0,NVIDIA B200,34086,0,191.12,44,1965,3996
2026-09-26T07:43:21.297000+00:00,0,NVIDIA B200,34086,0,190.42,44,1965,3996
2026-09-26T07:43:22.297000+00:00,0,NVIDIA B200,34086,0,190.77,44,1965,3996
2026-09-26T07:43:23.297000+00:00,0,NVIDIA B200,33494,41,347.73,48,1965,3996
2026-09-26T07:43:24.298000+00:00,0,NVIDIA B200,34168,0,278.05,46,1965,3996
2026-09-26T07:43:25.298000+00:00,0,NVIDIA B200,34168,0,191.86,45,1965,3996
2026-09-26T07:43:26.299000+00:00,0,NVIDIA B200,34168,0,191.15,45,1965,3996
2026-09-26T07:43:27.299000+00:00,0,NVIDIA B200,34168,0,190.79,45,1965,3996
2026-09-26T07:43:28.299000+00:00,0,NVIDIA B200,33494,3,197.89,45,1965,3996
2026-09-26T07:43:29.299000+00:00,0,NVIDIA B200,33576,9,356.69,46,1965,3996
2026-09-26T07:43:30.300000+00:00,0,NVIDIA B200,34086,0,245.10,45,1965,3996
2026-09-26T07:43:31.300000+00:00,0,NVIDIA B200,34086,0,191.87,45,1965,3996
2026-09-26T07:43:32.300000+00:00,0,NVIDIA B200,34086,0,191.57,45,1965,3996
2026-09-26T07:43:33.301000+00:00,0,NVIDIA B200,34086,0,191.48,45,1965,3996
2026-09-26T07:43:34.301000+00:00,0,NVIDIA B200,33494,40,318.65,49,1965,3996
2026-09-26T07:43:35.301000+00:00,0,NVIDIA B200,34154,0,289.07,47,1965,3996
2026-09-26T07:43:36.302000+00:00,0,NVIDIA B200,34154,0,192.46,45,1965,3996
2026-09-26T07:43:37.302000+00:00,0,NVIDIA B200,34154,0,191.77,45,1965,3996
2026-09-26T07:43:38.302000+00:00,0,NVIDIA B200,34154,0,191.46,45,1965,3996
2026-09-26T07:43:39.303000+00:00,0,NVIDIA B200,33494,26,217.34,46,1965,3996
2026-09-26T07:43:40.303000+00:00,0,NVIDIA B200,33808,15,346.08,47,1965,3996
2026-09-26T07:43:41.303000+00:00,0,NVIDIA B200,34168,0,239.01,45,1965,3996
2026-09-26T07:43:42.304000+00:00,0,NVIDIA B200,34168,0,192.26,45,1965,3996
2026-09-26T07:43:43.304000+00:00,0,NVIDIA B200,34168,0,191.63,45,1965,3996
2026-09-26T07:43:44.304000+00:00,0,NVIDIA B200,33418,0,191.81,45,1965,3996
2026-09-26T07:43:45.304000+00:00,0,NVIDIA B200,33442,17,345.76,48,1965,3996
2026-09-26T07:43:46.304000+00:00,0,NVIDIA B200,34236,0,266.12,46,1965,3996
2026-09-26T07:43:47.305000+00:00,0,NVIDIA B200,34236,0,192.26,45,1965,3996
2026-09-26T07:43:48.305000+00:00,0,NVIDIA B200,34236,0,191.84,45,1965,3996
2026-09-26T07:43:49.305000+00:00,0,NVIDIA B200,34236,0,191.55,45,1965,3996
2026-09-26T07:43:50.305000+00:00,0,NVIDIA B200,33494,41,235.55,47,1965,3996
2026-09-26T07:43:51.305000+00:00,0,NVIDIA B200,33838,18,345.06,47,1965,3996
2026-09-26T07:43:52.306000+00:00,0,NVIDIA B200,34132,0,228.93,46,1965,3996
2026-09-26T07:43:53.306000+00:00,0,NVIDIA B200,34132,0,191.94,45,1965,3996
2026-09-26T07:43:54.306000+00:00,0,NVIDIA B200,34132,0,192.05,45,1965,3996
2026-09-26T07:43:55.306000+00:00,0,NVIDIA B200,33418,0,191.90,45,1965,3996
2026-09-26T07:43:56.307000+00:00,0,NVIDIA B200,33470,23,340.96,48,1965,3996
2026-09-26T07:43:57.307000+00:00,0,NVIDIA B200,34086,0,270.91,46,1965,3996
2026-09-26T07:43:58.307000+00:00,0,NVIDIA B200,34086,0,192.47,45,1965,3996
2026-09-26T07:43:59.307000+00:00,0,NVIDIA B200,34086,0,191.54,45,1965,3996
2026-09-26T07:44:00.308000+00:00,0,NVIDIA B200,34086,0,191.76,45,1965,3996
2026-09-26T07:44:01.308000+00:00,0,NVIDIA B200,33494,39,246.89,48,1965,3996
2026-09-26T07:44:02.308000+00:00,0,NVIDIA B200,33948,21,334.98,48,1965,3996
2026-09-26T07:44:03.308000+00:00,0,NVIDIA B200,34168,0,222.93,45,1965,3996
2026-09-26T07:44:04.309000+00:00,0,NVIDIA B200,34168,0,192.12,45,1965,3996
2026-09-26T07:44:05.309000+00:00,0,NVIDIA B200,34168,0,191.83,45,1965,3996
2026-09-26T07:44:06.309000+00:00,0,NVIDIA B200,33402,3,191.85,45,1965,3996
2026-09-26T07:44:07.309000+00:00,0,NVIDIA B200,33482,10,347.76,47,1965,3996
2026-09-26T07:44:08.310000+00:00,0,NVIDIA B200,34168,0,264.89,46,1965,3996
2026-09-26T07:44:09.310000+00:00,0,NVIDIA B200,34168,0,191.77,45,1965,3996
2026-09-26T07:44:10.310000+00:00,0,NVIDIA B200,34168,0,191.38,45,1965,3996
2026-09-26T07:44:11.311000+00:00,0,NVIDIA B200,34168,0,191.51,45,1965,3996
2026-09-26T07:44:12.311000+00:00,0,NVIDIA B200,33494,36,252.12,47,1965,3996
2026-09-26T07:44:13.311000+00:00,0,NVIDIA B200,33806,21,327.57,47,1965,3996
2026-09-26T07:44:14.312000+00:00,0,NVIDIA B200,34236,0,238.92,45,1965,3996
2026-09-26T07:44:15.312000+00:00,0,NVIDIA B200,34236,0,191.84,45,1965,3996
2026-09-26T07:44:16.312000+00:00,0,NVIDIA B200,34236,0,191.71,45,1965,3996
2026-09-26T07:44:17.313000+00:00,0,NVIDIA B200,33402,0,191.53,45,1965,3996
2026-09-26T07:44:18.313000+00:00,0,NVIDIA B200,33470,40,354.36,48,1965,3996
2026-09-26T07:44:19.313000+00:00,0,NVIDIA B200,34236,0,271.98,46,1965,3996
2026-09-26T07:44:20.313000+00:00,0,NVIDIA B200,34236,0,192.29,45,1965,3996
2026-09-26T07:44:21.313000+00:00,0,NVIDIA B200,34236,0,191.55,45,1965,3996
2026-09-26T07:44:22.314000+00:00,0,NVIDIA B200,34236,0,191.41,45,1965,3996
2026-09-26T07:44:23.314000+00:00,0,NVIDIA B200,33494,4,200.17,46,1965,3996
2026-09-26T07:44:24.314000+00:00,0,NVIDIA B200,33808,8,359.65,47,1965,3996
2026-09-26T07:44:25.314000+00:00,0,NVIDIA B200,34168,0,247.17,45,1965,3996
2026-09-26T07:44:26.315000+00:00,0,NVIDIA B200,34168,0,191.80,45,1965,3996
2026-09-26T07:44:27.315000+00:00,0,NVIDIA B200,34168,0,191.83,45,1965,3996
2026-09-26T07:44:28.315000+00:00,0,NVIDIA B200,33402,0,191.47,45,1965,3996
2026-09-26T07:44:29.315000+00:00,0,NVIDIA B200,33442,41,343.15,48,1965,3996
2026-09-26T07:44:30.316000+00:00,0,NVIDIA B200,34168,0,264.60,46,1965,3996
2026-09-26T07:44:31.316000+00:00,0,NVIDIA B200,34168,0,192.28,45,1965,3996
2026-09-26T07:44:32.316000+00:00,0,NVIDIA B200,34168,0,192.23,45,1965,3996
2026-09-26T07:44:33.317000+00:00,0,NVIDIA B200,34168,0,191.58,45,1965,3996
2026-09-26T07:44:34.317000+00:00,0,NVIDIA B200,33494,3,203.37,47,1965,3996
2026-09-26T07:44:35.317000+00:00,0,NVIDIA B200,33808,11,348.42,47,1965,3996
2026-09-26T07:44:36.317000+00:00,0,NVIDIA B200,34132,0,246.66,46,1965,3996
2026-09-26T07:44:37.318000+00:00,0,NVIDIA B200,34132,0,191.79,45,1965,3996
2026-09-26T07:44:38.318000+00:00,0,NVIDIA B200,34132,0,191.69,45,1965,3996
2026-09-26T07:44:39.318000+00:00,0,NVIDIA B200,34132,0,191.52,45,1965,3996
2026-09-26T07:44:40.319000+00:00,0,NVIDIA B200,33406,39,324.52,49,1965,3996
2026-09-26T07:44:41.319000+00:00,0,NVIDIA B200,34168,42,283.60,47,1965,3996
2026-09-26T07:44:42.319000+00:00,0,NVIDIA B200,34168,0,192.68,45,1965,3996
2026-09-26T07:44:43.320000+00:00,0,NVIDIA B200,34168,0,192.02,45,1965,3996
2026-09-26T07:44:44.320000+00:00,0,NVIDIA B200,34168,0,191.96,45,1965,3996
2026-09-26T07:44:45.320000+00:00,0,NVIDIA B200,33494,5,193.79,45,1965,3996
2026-09-26T07:44:46.320000+00:00,0,NVIDIA B200,33586,10,355.96,47,1965,3996
2026-09-26T07:44:47.320000+00:00,0,NVIDIA B200,34168,0,255.59,46,1965,3996
2026-09-26T07:44:48.321000+00:00,0,NVIDIA B200,34168,0,192.32,45,1965,3996
2026-09-26T07:44:49.321000+00:00,0,NVIDIA B200,34168,0,192.07,45,1965,3996
2026-09-26T07:44:50.321000+00:00,0,NVIDIA B200,34168,0,192.07,45,1965,3996
2026-09-26T07:44:51.321000+00:00,0,NVIDIA B200,33494,41,309.95,50,1965,3996
2026-09-26T07:44:52.321000+00:00,0,NVIDIA B200,34168,22,315.82,47,1965,3996
2026-09-26T07:44:53.322000+00:00,0,NVIDIA B200,34168,0,192.86,46,1965,3996
2026-09-26T07:44:54.322000+00:00,0,NVIDIA B200,34168,0,192.49,46,1965,3996
2026-09-26T07:44:55.323000+00:00,0,NVIDIA B200,34168,0,192.23,46,1965,3996
2026-09-26T07:44:56.323000+00:00,0,NVIDIA B200,33494,4,198.51,46,1965,3996
2026-09-26T07:44:57.323000+00:00,0,NVIDIA B200,33760,10,345.91,47,1965,3996
2026-09-26T07:44:58.324000+00:00,0,NVIDIA B200,34132,0,256.23,46,1965,3996
2026-09-26T07:44:59.324000+00:00,0,NVIDIA B200,34132,0,192.60,46,1965,3996
2026-09-26T07:45:00.324000+00:00,0,NVIDIA B200,34132,0,192.80,46,1965,3996
2026-09-26T07:45:01.325000+00:00,0,NVIDIA B200,34132,0,192.65,46,1965,3996
2026-09-26T07:45:02.325000+00:00,0,NVIDIA B200,33494,41,320.97,50,1965,3996
2026-09-26T07:45:03.325000+00:00,0,NVIDIA B200,34168,8,303.21,47,1965,3996
2026-09-26T07:45:04.325000+00:00,0,NVIDIA B200,34168,0,193.23,46,1965,3996
2026-09-26T07:45:05.326000+00:00,0,NVIDIA B200,34168,0,192.22,46,1965,3996
2026-09-26T07:45:06.326000+00:00,0,NVIDIA B200,34168,0,192.42,46,1965,3996
2026-09-26T07:45:07.326000+00:00,0,NVIDIA B200,34168,0,192.63,46,1965,3996
2026-09-26T07:45:08.327000+00:00,0,NVIDIA B200,34168,0,192.42,46,1965,3996
2026-09-26T07:45:09.327000+00:00,0,NVIDIA B200,34168,0,192.37,46,1965,3996
2026-09-26T07:45:10.327000+00:00,0,NVIDIA B200,34168,0,192.15,46,1965,3996
2026-09-26T07:45:11.327000+00:00,0,NVIDIA B200,34168,0,192.21,46,1965,3996
2026-09-26T07:45:12.328000+00:00,0,NVIDIA B200,34168,0,192.41,46,1965,3996
2026-09-26T07:45:13.328000+00:00,0,NVIDIA B200,34168,0,192.43,46,1965,3996
2026-09-26T07:45:14.328000+00:00,0,NVIDIA B200,34168,0,192.47,46,1965,3996
2026-09-26T07:45:15.329000+00:00,0,NVIDIA B200,34168,0,192.10,46,1965,3996
2026-09-26T07:45:16.329000+00:00,0,NVIDIA B200,34168,0,192.40,46,1965,3996
2026-09-26T07:45:17.330000+00:00,0,NVIDIA B200,34168,0,192.40,46,1965,3996
2026-09-26T07:45:18.330000+00:00,0,NVIDIA B200,34168,0,192.26,46,1965,3996
2026-09-26T07:45:19.330000+00:00,0,NVIDIA B200,34168,0,192.31,46,1965,3996
2026-09-26T07:45:20.331000+00:00,0,NVIDIA B200,34168,0,192.39,46,1965,3996
2026-09-26T07:45:21.331000+00:00,0,NVIDIA B200,34168,0,191.98,46,1965,3996
2026-09-26T07:45:22.331000+00:00,0,NVIDIA B200,34168,0,192.45,46,1965,3996
2026-09-26T07:45:23.331000+00:00,0,NVIDIA B200,34168,0,191.91,46,1965,3996
2026-09-26T07:45:24.332000+00:00,0,NVIDIA B200,34168,0,192.13,46,1965,3996
2026-09-26T07:45:25.332000+00:00,0,NVIDIA B200,34168,0,192.00,46,1965,3996
2026-09-26T07:45:26.333000+00:00,0,NVIDIA B200,34168,0,192.12,46,1965,3996
2026-09-26T07:45:27.333000+00:00,0,NVIDIA B200,34168,0,192.15,46,1965,3996
2026-09-26T07:45:28.333000+00:00,0,NVIDIA B200,34168,0,192.32,46,1965,3996
2026-09-26T07:45:29.334000+00:00,0,NVIDIA B200,34168,0,192.41,46,1965,3996
2026-09-26T07:45:30.334000+00:00,0,NVIDIA B200,34168,0,192.38,46,1965,3996
2026-09-26T07:45:31.334000+00:00,0,NVIDIA B200,33406,39,320.21,50,1965,3996
2026-09-26T07:45:32.335000+00:00,0,NVIDIA B200,34128,8,290.53,48,1965,3996
2026-09-26T07:45:33.335000+00:00,0,NVIDIA B200,34128,0,193.30,46,1965,3996
2026-09-26T07:45:34.335000+00:00,0,NVIDIA B200,34128,0,192.51,46,1965,3996
2026-09-26T07:45:35.336000+00:00,0,NVIDIA B200,33494,32,243.66,49,1965,3996
2026-09-26T07:45:36.336000+00:00,0,NVIDIA B200,33872,16,341.73,51,1965,3996
2026-09-26T07:45:37.336000+00:00,0,NVIDIA B200,34168,0,228.90,46,1965,3996
2026-09-26T07:45:38.337000+00:00,0,NVIDIA B200,34168,0,193.02,46,1965,3996
2026-09-26T07:45:39.337000+00:00,0,NVIDIA B200,33406,4,194.31,46,1965,3996
2026-09-26T07:45:40.338000+00:00,0,NVIDIA B200,33600,7,359.23,48,1965,3996
2026-09-26T07:45:41.338000+00:00,0,NVIDIA B200,34168,0,258.05,47,1965,3996
2026-09-26T07:45:42.338000+00:00,0,NVIDIA B200,34168,0,193.06,46,1965,3996
2026-09-26T07:45:43.339000+00:00,0,NVIDIA B200,34168,0,193.04,46,1965,3996
2026-09-26T07:45:44.339000+00:00,0,NVIDIA B200,33406,40,326.03,51,1965,3996
2026-09-26T07:45:45.339000+00:00,0,NVIDIA B200,34168,0,284.49,48,1965,3996
2026-09-26T07:45:46.340000+00:00,0,NVIDIA B200,34168,0,193.63,47,1965,3996
2026-09-26T07:45:47.340000+00:00,0,NVIDIA B200,34168,0,193.24,46,1965,3996
2026-09-26T07:45:48.340000+00:00,0,NVIDIA B200,33494,17,231.17,49,1965,3996
2026-09-26T07:45:49.341000+00:00,0,NVIDIA B200,34068,12,346.38,48,1965,3996
2026-09-26T07:45:50.341000+00:00,0,NVIDIA B200,34168,0,232.67,47,1965,3996
2026-09-26T07:45:51.341000+00:00,0,NVIDIA B200,34168,0,193.73,47,1965,3996
2026-09-26T07:45:52.341000+00:00,0,NVIDIA B200,33428,4,196.71,47,1965,3996
2026-09-26T07:45:53.341000+00:00,0,NVIDIA B200,33486,10,347.15,48,1965,3996
2026-09-26T07:45:54.342000+00:00,0,NVIDIA B200,34132,0,260.39,47,1965,3996
2026-09-26T07:45:55.342000+00:00,0,NVIDIA B200,34132,0,193.46,47,1965,3996
2026-09-26T07:45:56.342000+00:00,0,NVIDIA B200,33402,0,193.26,47,1965,3996
2026-09-26T07:45:57.342000+00:00,0,NVIDIA B200,33452,40,352.08,49,1965,3996
2026-09-26T07:45:58.343000+00:00,0,NVIDIA B200,34168,0,273.96,48,1965,3996
2026-09-26T07:45:59.343000+00:00,0,NVIDIA B200,34168,0,193.44,47,1965,3996
2026-09-26T07:46:00.344000+00:00,0,NVIDIA B200,34168,0,193.30,47,1965,3996
2026-09-26T07:46:01.344000+00:00,0,NVIDIA B200,33494,39,310.21,50,1965,3996
2026-09-26T07:46:02.345000+00:00,0,NVIDIA B200,34168,38,304.29,49,1965,3996
2026-09-26T07:46:03.345000+00:00,0,NVIDIA B200,34168,0,193.90,47,1965,3996
2026-09-26T07:46:04.345000+00:00,0,NVIDIA B200,34168,0,193.52,47,1965,3996
2026-09-26T07:46:05.346000+00:00,0,NVIDIA B200,33494,3,229.59,49,1965,3996
2026-09-26T07:46:06.346000+00:00,0,NVIDIA B200,33944,9,353.64,49,1965,3996
2026-09-26T07:46:07.346000+00:00,0,NVIDIA B200,34168,0,249.74,47,1965,3996
2026-09-26T07:46:08.347000+00:00,0,NVIDIA B200,34168,0,193.66,47,1965,3996
2026-09-26T07:46:09.347000+00:00,0,NVIDIA B200,33402,0,193.45,47,1965,3996
2026-09-26T07:46:10.347000+00:00,0,NVIDIA B200,33466,38,342.88,49,1965,3996
2026-09-26T07:46:11.348000+00:00,0,NVIDIA B200,34150,0,264.04,48,1965,3996
2026-09-26T07:46:12.348000+00:00,0,NVIDIA B200,34150,0,193.99,47,1965,3996
2026-09-26T07:46:13.348000+00:00,0,NVIDIA B200,34150,0,193.47,47,1965,3996
2026-09-26T07:46:14.349000+00:00,0,NVIDIA B200,33494,39,253.90,50,1965,3996
2026-09-26T07:46:15.349000+00:00,0,NVIDIA B200,34128,18,346.33,49,1965,3996
2026-09-26T07:46:16.350000+00:00,0,NVIDIA B200,34128,0,215.34,47,1965,3996
2026-09-26T07:46:17.350000+00:00,0,NVIDIA B200,34128,0,193.59,47,1965,3996
2026-09-26T07:46:18.350000+00:00,0,NVIDIA B200,33404,1,195.49,47,1965,3996
2026-09-26T07:46:19.350000+00:00,0,NVIDIA B200,33548,5,363.89,49,1965,3996
2026-09-26T07:46:20.351000+00:00,0,NVIDIA B200,34168,0,267.74,48,1965,3996
2026-09-26T07:46:21.351000+00:00,0,NVIDIA B200,34168,0,193.32,47,1965,3996
2026-09-26T07:46:22.351000+00:00,0,NVIDIA B200,34168,0,193.79,47,1965,3996
2026-09-26T07:46:23.351000+00:00,0,NVIDIA B200,33494,40,292.04,50,1965,3996
2026-09-26T07:46:24.352000+00:00,0,NVIDIA B200,34168,42,319.74,49,1965,3996
2026-09-26T07:46:25.352000+00:00,0,NVIDIA B200,34168,0,194.53,47,1965,3996
2026-09-26T07:46:26.352000+00:00,0,NVIDIA B200,34168,0,193.72,47,1965,3996
2026-09-26T07:46:27.353000+00:00,0,NVIDIA B200,33494,4,204.90,48,1965,3996
2026-09-26T07:46:28.353000+00:00,0,NVIDIA B200,33842,8,351.39,48,1965,3996
2026-09-26T07:46:29.353000+00:00,0,NVIDIA B200,34168,0,253.48,47,1965,3996
2026-09-26T07:46:30.354000+00:00,0,NVIDIA B200,34168,0,193.66,47,1965,3996
2026-09-26T07:46:31.354000+00:00,0,NVIDIA B200,33402,0,193.46,47,1965,3996
2026-09-26T07:46:32.355000+00:00,0,NVIDIA B200,33452,40,349.72,49,1965,3996
2026-09-26T07:46:33.355000+00:00,0,NVIDIA B200,34168,0,266.51,48,1965,3996
2026-09-26T07:46:34.355000+00:00,0,NVIDIA B200,34168,0,193.97,47,1965,3996
2026-09-26T07:46:35.356000+00:00,0,NVIDIA B200,34168,0,193.64,47,1965,3996
2026-09-26T07:46:36.356000+00:00,0,NVIDIA B200,33494,38,251.03,50,1965,3996
2026-09-26T07:46:37.356000+00:00,0,NVIDIA B200,34236,15,338.85,49,1965,3996
2026-09-26T07:46:38.357000+00:00,0,NVIDIA B200,34236,0,227.39,47,1965,3996
2026-09-26T07:46:39.357000+00:00,0,NVIDIA B200,34236,0,193.78,47,1965,3996
2026-09-26T07:46:40.357000+00:00,0,NVIDIA B200,33472,2,196.90,47,1965,3996
2026-09-26T07:46:41.357000+00:00,0,NVIDIA B200,33486,7,357.27,49,1965,3996
2026-09-26T07:46:42.358000+00:00,0,NVIDIA B200,34168,0,259.88,48,1965,3996
2026-09-26T07:46:43.358000+00:00,0,NVIDIA B200,34168,0,194.04,47,1965,3996
2026-09-26T07:46:44.358000+00:00,0,NVIDIA B200,34168,0,193.63,47,1965,3996
2026-09-26T07:46:45.359000+00:00,0,NVIDIA B200,33406,40,331.71,51,1965,3996
2026-09-26T07:46:46.359000+00:00,0,NVIDIA B200,34178,9,285.21,49,1965,3996
2026-09-26T07:46:47.359000+00:00,0,NVIDIA B200,34178,0,194.46,47,1965,3996
2026-09-26T07:46:48.359000+00:00,0,NVIDIA B200,34178,0,193.73,47,1965,3996
2026-09-26T07:46:49.360000+00:00,0,NVIDIA B200,33494,12,239.02,49,1965,3996
2026-09-26T07:46:50.360000+00:00,0,NVIDIA B200,33840,10,333.31,49,1965,3996
2026-09-26T07:46:51.360000+00:00,0,NVIDIA B200,34168,0,241.37,48,1965,3996
2026-09-26T07:46:52.360000+00:00,0,NVIDIA B200,34168,0,194.06,47,1965,3996
2026-09-26T07:46:53.361000+00:00,0,NVIDIA B200,33404,0,194.39,47,1965,3996
2026-09-26T07:46:54.361000+00:00,0,NVIDIA B200,33466,22,355.24,49,1965,3996
2026-09-26T07:46:55.361000+00:00,0,NVIDIA B200,34086,0,266.06,48,1965,3996
2026-09-26T07:46:56.362000+00:00,0,NVIDIA B200,34086,0,194.20,47,1965,3996
2026-09-26T07:46:57.362000+00:00,0,NVIDIA B200,34086,0,193.53,47,1965,3996
2026-09-26T07:46:58.362000+00:00,0,NVIDIA B200,33494,38,312.00,50,1965,3996
2026-09-26T07:46:59.363000+00:00,0,NVIDIA B200,34168,45,299.76,49,1965,3996
2026-09-26T07:47:00.363000+00:00,0,NVIDIA B200,34168,0,194.73,48,1965,3996
2026-09-26T07:47:01.363000+00:00,0,NVIDIA B200,34168,0,194.10,47,1965,3996
2026-09-26T07:47:02.364000+00:00,0,NVIDIA B200,33494,3,220.59,49,1965,3996
2026-09-26T07:47:03.364000+00:00,0,NVIDIA B200,33950,12,348.73,50,1965,3996
2026-09-26T07:47:04.364000+00:00,0,NVIDIA B200,34168,0,236.87,48,1965,3996
2026-09-26T07:47:05.365000+00:00,0,NVIDIA B200,34168,0,194.21,47,1965,3996
2026-09-26T07:47:06.365000+00:00,0,NVIDIA B200,33406,3,195.63,47,1965,3996
2026-09-26T07:47:07.365000+00:00,0,NVIDIA B200,33488,10,347.51,49,1965,3996
2026-09-26T07:47:08.366000+00:00,0,NVIDIA B200,34096,0,261.96,48,1965,3996
2026-09-26T07:47:09.366000+00:00,0,NVIDIA B200,34096,0,194.53,47,1965,3996
2026-09-26T07:47:10.367000+00:00,0,NVIDIA B200,34096,0,193.93,47,1965,3996
2026-09-26T07:47:11.367000+00:00,0,NVIDIA B200,33494,39,324.39,51,1965,3996
2026-09-26T07:47:12.367000+00:00,0,NVIDIA B200,34154,33,296.89,49,1965,3996
2026-09-26T07:47:13.368000+00:00,0,NVIDIA B200,34154,0,194.79,48,1965,3996
2026-09-26T07:47:14.368000+00:00,0,NVIDIA B200,34154,0,194.21,47,1965,3996
2026-09-26T07:47:15.368000+00:00,0,NVIDIA B200,33494,7,226.82,50,1965,3996
2026-09-26T07:47:16.369000+00:00,0,NVIDIA B200,33950,10,339.96,49,1965,3996
2026-09-26T07:47:17.369000+00:00,0,NVIDIA B200,34168,0,237.23,48,1965,3996
2026-09-26T07:47:18.369000+00:00,0,NVIDIA B200,34168,0,194.52,47,1965,3996
2026-09-26T07:47:19.370000+00:00,0,NVIDIA B200,33404,0,194.71,48,1965,3996
2026-09-26T07:47:20.370000+00:00,0,NVIDIA B200,33482,22,351.00,50,1965,3996
2026-09-26T07:47:21.370000+00:00,0,NVIDIA B200,34150,0,266.50,48,1965,3996
2026-09-26T07:47:22.371000+00:00,0,NVIDIA B200,34150,0,194.49,48,1965,3996
2026-09-26T07:47:23.371000+00:00,0,NVIDIA B200,34150,0,194.25,47,1965,3996
2026-09-26T07:47:24.371000+00:00,0,NVIDIA B200,33494,40,302.90,51,1965,3996
2026-09-26T07:47:25.371000+00:00,0,NVIDIA B200,34128,37,307.48,50,1965,3996
2026-09-26T07:47:26.372000+00:00,0,NVIDIA B200,34128,0,194.86,48,1965,3996
2026-09-26T07:47:27.372000+00:00,0,NVIDIA B200,34128,0,194.30,48,1965,3996
2026-09-26T07:47:28.372000+00:00,0,NVIDIA B200,33494,3,228.21,49,1965,3996
2026-09-26T07:47:29.373000+00:00,0,NVIDIA B200,33868,8,352.23,49,1965,3996
2026-09-26T07:47:30.373000+00:00,0,NVIDIA B200,34168,0,246.54,48,1965,3996
2026-09-26T07:47:31.373000+00:00,0,NVIDIA B200,34168,0,194.42,48,1965,3996
2026-09-26T07:47:32.373000+00:00,0,NVIDIA B200,33402,0,194.65,48,1965,3996
2026-09-26T07:47:33.374000+00:00,0,NVIDIA B200,33508,40,355.73,52,1965,3996
2026-09-26T07:47:34.374000+00:00,0,NVIDIA B200,34168,0,264.34,49,1965,3996
2026-09-26T07:47:35.374000+00:00,0,NVIDIA B200,34168,0,194.94,48,1965,3996
2026-09-26T07:47:36.375000+00:00,0,NVIDIA B200,34168,0,194.24,48,1965,3996
2026-09-26T07:47:37.375000+00:00,0,NVIDIA B200,33494,39,284.73,51,1965,3996
2026-09-26T07:47:38.375000+00:00,0,NVIDIA B200,34150,22,344.51,52,1965,3996
2026-09-26T07:47:39.376000+00:00,0,NVIDIA B200,34150,0,201.21,48,1965,3996
2026-09-26T07:47:40.376000+00:00,0,NVIDIA B200,34150,0,194.60,48,1965,3996
2026-09-26T07:47:41.376000+00:00,0,NVIDIA B200,33494,4,200.22,48,1965,3996
2026-09-26T07:47:42.377000+00:00,0,NVIDIA B200,33842,9,362.66,49,1965,3996
2026-09-26T07:47:43.377000+00:00,0,NVIDIA B200,34096,0,253.38,48,1965,3996
2026-09-26T07:47:44.377000+00:00,0,NVIDIA B200,34096,0,194.32,48,1965,3996
2026-09-26T07:47:45.378000+00:00,0,NVIDIA B200,33402,0,195.36,48,1965,3996
2026-09-26T07:47:46.378000+00:00,0,NVIDIA B200,33464,39,351.91,50,1965,3996
2026-09-26T07:47:47.378000+00:00,0,NVIDIA B200,34128,0,262.91,49,1965,3996
2026-09-26T07:47:48.379000+00:00,0,NVIDIA B200,34128,0,194.86,48,1965,3996
2026-09-26T07:47:49.379000+00:00,0,NVIDIA B200,34128,0,194.25,48,1965,3996
2026-09-26T07:47:50.379000+00:00,0,NVIDIA B200,34128,0,194.17,48,1965,3996
2026-09-26T07:47:51.379000+00:00,0,NVIDIA B200,34128,0,194.22,48,1965,3996
2026-09-26T07:47:52.380000+00:00,0,NVIDIA B200,34128,0,194.21,48,1965,3996
2026-09-26T07:47:53.380000+00:00,0,NVIDIA B200,34128,0,193.87,47,1965,3996
2026-09-26T07:47:54.380000+00:00,0,NVIDIA B200,34128,0,193.91,47,1965,3996
2026-09-26T07:47:55.381000+00:00,0,NVIDIA B200,34128,0,193.66,47,1965,3996
2026-09-26T07:47:56.381000+00:00,0,NVIDIA B200,34128,0,193.69,47,1965,3996
2026-09-26T07:47:57.381000+00:00,0,NVIDIA B200,34128,0,193.66,47,1965,3996
2026-09-26T07:47:58.381000+00:00,0,NVIDIA B200,34128,0,193.75,47,1965,3996
2026-09-26T07:47:59.382000+00:00,0,NVIDIA B200,34128,0,193.88,47,1965,3996
2026-09-26T07:48:00.382000+00:00,0,NVIDIA B200,34128,0,193.75,47,1965,3996
2026-09-26T07:48:01.382000+00:00,0,NVIDIA B200,34128,0,193.47,47,1965,3996
2026-09-26T07:48:02.383000+00:00,0,NVIDIA B200,34128,0,193.87,47,1965,3996
2026-09-26T07:48:03.383000+00:00,0,NVIDIA B200,34128,0,193.48,47,1965,3996
2026-09-26T07:48:04.383000+00:00,0,NVIDIA B200,34128,0,193.66,47,1965,3996
2026-09-26T07:48:05.383000+00:00,0,NVIDIA B200,34128,0,193.68,47,1965,3996
2026-09-26T07:48:06.384000+00:00,0,NVIDIA B200,34128,0,193.69,47,1965,3996
2026-09-26T07:48:07.384000+00:00,0,NVIDIA B200,34128,0,193.84,47,1965,3996
2026-09-26T07:48:08.384000+00:00,0,NVIDIA B200,34128,0,193.50,47,1965,3996
2026-09-26T07:48:09.384000+00:00,0,NVIDIA B200,34128,0,193.48,47,1965,3996
2026-09-26T07:48:10.384000+00:00,0,NVIDIA B200,34128,0,193.46,47,1965,3996
2026-09-26T07:48:11.385000+00:00,0,NVIDIA B200,34128,0,193.35,47,1965,3996
2026-09-26T07:48:12.385000+00:00,0,NVIDIA B200,34128,0,193.64,47,1965,3996
2026-09-26T07:48:13.385000+00:00,0,NVIDIA B200,34128,0,193.62,47,1965,3996
2026-09-26T07:48:14.386000+00:00,0,NVIDIA B200,34128,0,193.45,47,1965,3996
2026-09-26T07:48:15.386000+00:00,0,NVIDIA B200,34128,0,193.63,47,1965,3996
2026-09-26T07:48:16.387000+00:00,0,NVIDIA B200,34128,0,193.60,47,1965,3996
2026-09-26T07:48:17.387000+00:00,0,NVIDIA B200,34128,0,193.44,47,1965,3996
2026-09-26T07:48:18.387000+00:00,0,NVIDIA B200,34128,0,193.37,47,1965,3996
2026-09-26T07:48:19.387000+00:00,0,NVIDIA B200,34128,0,193.64,47,1965,3996
2026-09-26T07:48:20.388000+00:00,0,NVIDIA B200,34128,0,193.26,47,1965,3996
2026-09-26T07:48:21.388000+00:00,0,NVIDIA B200,34128,0,193.48,47,1965,3996
2026-09-26T07:48:22.388000+00:00,0,NVIDIA B200,34128,0,193.32,47,1965,3996
2026-09-26T07:48:23.388000+00:00,0,NVIDIA B200,34128,0,193.46,47,1965,3996
2026-09-26T07:48:24.389000+00:00,0,NVIDIA B200,34128,0,193.72,47,1965,3996
2026-09-26T07:48:25.389000+00:00,0,NVIDIA B200,34128,0,193.54,47,1965,3996
2026-09-26T07:48:26.389000+00:00,0,NVIDIA B200,34128,0,193.43,47,1965,3996
2026-09-26T07:48:27.390000+00:00,0,NVIDIA B200,34128,0,193.44,47,1965,3996
2026-09-26T07:48:28.390000+00:00,0,NVIDIA B200,34128,0,193.62,47,1965,3996
2026-09-26T07:48:29.390000+00:00,0,NVIDIA B200,34128,0,193.71,47,1965,3996
2026-09-26T07:48:30.390000+00:00,0,NVIDIA B200,34128,0,193.63,47,1965,3996
2026-09-26T07:48:31.391000+00:00,0,NVIDIA B200,34128,0,193.42,47,1965,3996
2026-09-26T07:48:32.391000+00:00,0,NVIDIA B200,34128,0,193.52,47,1965,3996
2026-09-26T07:48:33.391000+00:00,0,NVIDIA B200,34128,0,193.46,47,1965,3996
2026-09-26T07:48:34.392000+00:00,0,NVIDIA B200,34128,0,193.34,47,1965,3996
2026-09-26T07:48:35.392000+00:00,0,NVIDIA B200,34128,0,193.41,47,1965,3996
2026-09-26T07:48:36.392000+00:00,0,NVIDIA B200,33496,39,258.79,50,1965,3996
2026-09-26T07:48:37.392000+00:00,0,NVIDIA B200,34168,15,339.68,49,1965,3996
2026-09-26T07:48:38.393000+00:00,0,NVIDIA B200,34168,0,221.62,48,1965,3996
2026-09-26T07:48:39.393000+00:00,0,NVIDIA B200,33402,0,194.09,47,1965,3996
2026-09-26T07:48:40.393000+00:00,0,NVIDIA B200,33482,41,335.16,52,1965,3996
2026-09-26T07:48:41.394000+00:00,0,NVIDIA B200,34168,0,270.67,49,1965,3996
2026-09-26T07:48:42.394000+00:00,0,NVIDIA B200,34168,0,194.49,48,1965,3996
2026-09-26T07:48:43.394000+00:00,0,NVIDIA B200,33496,3,212.24,48,1965,3996
2026-09-26T07:48:44.395000+00:00,0,NVIDIA B200,33868,11,351.55,49,1965,3996
2026-09-26T07:48:45.395000+00:00,0,NVIDIA B200,34168,0,254.39,48,1965,3996
2026-09-26T07:48:46.395000+00:00,0,NVIDIA B200,34168,0,194.97,48,1965,3996
2026-09-26T07:48:47.395000+00:00,0,NVIDIA B200,33496,40,308.91,51,1965,3996
2026-09-26T07:48:48.396000+00:00,0,NVIDIA B200,34236,43,323.35,50,1965,3996
2026-09-26T07:48:49.396000+00:00,0,NVIDIA B200,34236,0,195.12,48,1965,3996
2026-09-26T07:48:50.396000+00:00,0,NVIDIA B200,33406,3,195.82,48,1965,3996
2026-09-26T07:48:51.397000+00:00,0,NVIDIA B200,33600,5,352.08,51,1965,3996
2026-09-26T07:48:52.397000+00:00,0,NVIDIA B200,34168,0,262.61,49,1965,3996
2026-09-26T07:48:53.397000+00:00,0,NVIDIA B200,34168,0,194.74,48,1965,3996
2026-09-26T07:48:54.397000+00:00,0,NVIDIA B200,33496,41,270.88,51,1965,3996
2026-09-26T07:48:55.398000+00:00,0,NVIDIA B200,34168,18,350.78,53,1965,3996
2026-09-26T07:48:56.398000+00:00,0,NVIDIA B200,34168,0,207.76,48,1965,3996
2026-09-26T07:48:57.398000+00:00,0,NVIDIA B200,33404,0,195.37,48,1965,3996
2026-09-26T07:48:58.399000+00:00,0,NVIDIA B200,33488,28,351.76,50,1965,3996
2026-09-26T07:48:59.399000+00:00,0,NVIDIA B200,34236,0,270.70,49,1965,3996
2026-09-26T07:49:00.399000+00:00,0,NVIDIA B200,34236,0,195.23,48,1965,3996
2026-09-26T07:49:01.400000+00:00,0,NVIDIA B200,33496,39,260.21,52,1965,3996
2026-09-26T07:49:02.400000+00:00,0,NVIDIA B200,34168,17,333.15,53,1965,3996
2026-09-26T07:49:03.400000+00:00,0,NVIDIA B200,34168,0,218.54,48,1965,3996
2026-09-26T07:49:04.400000+00:00,0,NVIDIA B200,33404,0,195.34,48,1965,3996
2026-09-26T07:49:05.401000+00:00,0,NVIDIA B200,33516,41,346.84,50,1965,3996
2026-09-26T07:49:06.401000+00:00,0,NVIDIA B200,34168,0,263.22,49,1965,3996
2026-09-26T07:49:07.401000+00:00,0,NVIDIA B200,34168,0,195.22,48,1965,3996
2026-09-26T07:49:08.402000+00:00,0,NVIDIA B200,33496,3,231.40,51,1965,3996
2026-09-26T07:49:09.402000+00:00,0,NVIDIA B200,33926,10,333.67,50,1965,3996
2026-09-26T07:49:10.403000+00:00,0,NVIDIA B200,34128,0,244.95,49,1965,3996
2026-09-26T07:49:11.403000+00:00,0,NVIDIA B200,34128,0,194.90,48,1965,3996
2026-09-26T07:49:12.403000+00:00,0,NVIDIA B200,33496,39,307.52,52,1965,3996
2026-09-26T07:49:13.404000+00:00,0,NVIDIA B200,34132,21,303.69,50,1965,3996
2026-09-26T07:49:14.404000+00:00,0,NVIDIA B200,34132,0,195.91,48,1965,3996
2026-09-26T07:49:15.404000+00:00,0,NVIDIA B200,33404,0,196.88,48,1965,3996
2026-09-26T07:49:16.404000+00:00,0,NVIDIA B200,33496,22,357.05,50,1965,3996
2026-09-26T07:49:17.404000+00:00,0,NVIDIA B200,34168,0,262.81,49,1965,3996
2026-09-26T07:49:18.405000+00:00,0,NVIDIA B200,34168,0,195.45,48,1965,3996
2026-09-26T07:49:19.405000+00:00,0,NVIDIA B200,33496,4,225.98,51,1965,3996
2026-09-26T07:49:20.405000+00:00,0,NVIDIA B200,33868,8,334.06,50,1965,3996
2026-09-26T07:49:21.406000+00:00,0,NVIDIA B200,34168,0,249.77,49,1965,3996
2026-09-26T07:49:22.406000+00:00,0,NVIDIA B200,34168,0,195.24,48,1965,3996
2026-09-26T07:49:23.406000+00:00,0,NVIDIA B200,33496,39,306.27,52,1965,3996
2026-09-26T07:49:24.407000+00:00,0,NVIDIA B200,34210,46,331.13,50,1965,3996
2026-09-26T07:49:25.407000+00:00,0,NVIDIA B200,34210,0,195.80,48,1965,3996
2026-09-26T07:49:26.407000+00:00,0,NVIDIA B200,33404,3,196.15,48,1965,3996
2026-09-26T07:49:27.408000+00:00,0,NVIDIA B200,33516,13,360.96,50,1965,3996
2026-09-26T07:49:28.408000+00:00,0,NVIDIA B200,34086,0,272.35,49,1965,3996
2026-09-26T07:49:29.408000+00:00,0,NVIDIA B200,34086,0,195.44,48,1965,3996
2026-09-26T07:49:30.409000+00:00,0,NVIDIA B200,33496,3,206.94,50,1965,3996
2026-09-26T07:49:31.409000+00:00,0,NVIDIA B200,33842,11,357.29,50,1965,3996
2026-09-26T07:49:32.409000+00:00,0,NVIDIA B200,34168,0,257.49,49,1965,3996
2026-09-26T07:49:33.409000+00:00,0,NVIDIA B200,34168,0,195.18,48,1965,3996
2026-09-26T07:49:34.410000+00:00,0,NVIDIA B200,33496,37,293.37,52,1965,3996
2026-09-26T07:49:35.410000+00:00,0,NVIDIA B200,34086,18,310.98,51,1965,3996
2026-09-26T07:49:36.410000+00:00,0,NVIDIA B200,34086,0,196.11,49,1965,3996
2026-09-26T07:49:37.411000+00:00,0,NVIDIA B200,33402,0,196.34,48,1965,3996
2026-09-26T07:49:38.411000+00:00,0,NVIDIA B200,33506,24,352.96,50,1965,3996
2026-09-26T07:49:39.411000+00:00,0,NVIDIA B200,34178,0,266.49,49,1965,3996
2026-09-26T07:49:40.412000+00:00,0,NVIDIA B200,34178,0,195.50,48,1965,3996
2026-09-26T07:49:41.412000+00:00,0,NVIDIA B200,33496,8,229.93,51,1965,3996
2026-09-26T07:49:42.412000+00:00,0,NVIDIA B200,33840,15,358.79,50,1965,3996
2026-09-26T07:49:43.413000+00:00,0,NVIDIA B200,34178,0,248.20,49,1965,3996
2026-09-26T07:49:44.413000+00:00,0,NVIDIA B200,34178,0,195.26,48,1965,3996
2026-09-26T07:49:45.413000+00:00,0,NVIDIA B200,33404,41,335.14,53,1965,3996
2026-09-26T07:49:46.413000+00:00,0,NVIDIA B200,34154,0,289.45,50,1965,3996
2026-09-26T07:49:47.413000+00:00,0,NVIDIA B200,34154,0,195.65,49,1965,3996
2026-09-26T07:49:48.414000+00:00,0,NVIDIA B200,33496,4,197.45,48,1965,3996
2026-09-26T07:49:49.414000+00:00,0,NVIDIA B200,33762,10,359.70,50,1965,3996
2026-09-26T07:49:50.414000+00:00,0,NVIDIA B200,34168,0,249.51,49,1965,3996
2026-09-26T07:49:51.415000+00:00,0,NVIDIA B200,34168,0,194.98,48,1965,3996
2026-09-26T07:49:52.415000+00:00,0,NVIDIA B200,33496,40,301.17,52,1965,3996
2026-09-26T07:49:53.415000+00:00,0,NVIDIA B200,34178,32,316.11,51,1965,3996
2026-09-26T07:49:54.416000+00:00,0,NVIDIA B200,34178,0,195.88,49,1965,3996
2026-09-26T07:49:55.416000+00:00,0,NVIDIA B200,33406,4,198.65,48,1965,3996
2026-09-26T07:49:56.416000+00:00,0,NVIDIA B200,33548,6,353.42,50,1965,3996
2026-09-26T07:49:57.416000+00:00,0,NVIDIA B200,34168,0,261.46,49,1965,3996
2026-09-26T07:49:58.417000+00:00,0,NVIDIA B200,34168,0,195.03,48,1965,3996
2026-09-26T07:49:59.417000+00:00,0,NVIDIA B200,33496,39,268.90,51,1965,3996
2026-09-26T07:50:00.417000+00:00,0,NVIDIA B200,34168,22,349.17,51,1965,3996
2026-09-26T07:50:01.418000+00:00,0,NVIDIA B200,34168,0,204.78,49,1965,3996
2026-09-26T07:50:02.418000+00:00,0,NVIDIA B200,33402,0,195.22,48,1965,3996
2026-09-26T07:50:03.418000+00:00,0,NVIDIA B200,33442,40,351.40,51,1965,3996
2026-09-26T07:50:04.419000+00:00,0,NVIDIA B200,34168,0,264.92,49,1965,3996
2026-09-26T07:50:05.419000+00:00,0,NVIDIA B200,34168,0,195.74,48,1965,3996
2026-09-26T07:50:06.419000+00:00,0,NVIDIA B200,33496,3,212.03,50,1965,3996
2026-09-26T07:50:07.419000+00:00,0,NVIDIA B200,33842,8,355.00,50,1965,3996
2026-09-26T07:50:08.420000+00:00,0,NVIDIA B200,34168,0,249.62,49,1965,3996
2026-09-26T07:50:09.420000+00:00,0,NVIDIA B200,34168,0,195.23,48,1965,3996
2026-09-26T07:50:10.421000+00:00,0,NVIDIA B200,33404,39,337.57,52,1965,3996
2026-09-26T07:50:11.421000+00:00,0,NVIDIA B200,34086,12,290.84,50,1965,3996
2026-09-26T07:50:12.421000+00:00,0,NVIDIA B200,34086,0,195.45,48,1965,3996
2026-09-26T07:50:13.421000+00:00,0,NVIDIA B200,33496,4,198.66,48,1965,3996
2026-09-26T07:50:14.422000+00:00,0,NVIDIA B200,33688,9,350.18,50,1965,3996
2026-09-26T07:50:15.422000+00:00,0,NVIDIA B200,34168,0,251.02,49,1965,3996
2026-09-26T07:50:16.422000+00:00,0,NVIDIA B200,34168,0,195.18,48,1965,3996
2026-09-26T07:50:17.423000+00:00,0,NVIDIA B200,33496,39,287.55,52,1965,3996
2026-09-26T07:50:18.423000+00:00,0,NVIDIA B200,34168,21,327.25,50,1965,3996
2026-09-26T07:50:19.423000+00:00,0,NVIDIA B200,34168,0,195.71,48,1965,3996
2026-09-26T07:50:20.424000+00:00,0,NVIDIA B200,33408,4,197.44,48,1965,3996
2026-09-26T07:50:21.424000+00:00,0,NVIDIA B200,33548,6,354.20,50,1965,3996
2026-09-26T07:50:22.424000+00:00,0,NVIDIA B200,34168,0,267.20,49,1965,3996
2026-09-26T07:50:23.425000+00:00,0,NVIDIA B200,34168,0,195.25,48,1965,3996
2026-09-26T07:50:24.425000+00:00,0,NVIDIA B200,33496,40,291.51,52,1965,3996
2026-09-26T07:50:25.425000+00:00,0,NVIDIA B200,34168,22,331.76,53,1965,3996
2026-09-26T07:50:26.425000+00:00,0,NVIDIA B200,34168,0,197.11,48,1965,3996
2026-09-26T07:50:27.425000+00:00,0,NVIDIA B200,33404,3,195.87,48,1965,3996
2026-09-26T07:50:28.426000+00:00,0,NVIDIA B200,33488,5,346.52,50,1965,3996
2026-09-26T07:50:29.426000+00:00,0,NVIDIA B200,34086,0,266.12,49,1965,3996
2026-09-26T07:50:30.426000+00:00,0,NVIDIA B200,34086,0,194.96,48,1965,3996
2026-09-26T07:50:31.427000+00:00,0,NVIDIA B200,34086,0,194.94,48,1965,3996
2026-09-26T07:50:32.427000+00:00,0,NVIDIA B200,34086,0,194.48,48,1965,3996
2026-09-26T07:50:33.428000+00:00,0,NVIDIA B200,34086,0,194.50,48,1965,3996
2026-09-26T07:50:34.428000+00:00,0,NVIDIA B200,34086,0,194.31,48,1965,3996
2026-09-26T07:50:35.428000+00:00,0,NVIDIA B200,34086,0,194.18,48,1965,3996
2026-09-26T07:50:36.429000+00:00,0,NVIDIA B200,34086,0,194.31,48,1965,3996
2026-09-26T07:50:37.429000+00:00,0,NVIDIA B200,34086,0,194.55,48,1965,3996
2026-09-26T07:50:38.429000+00:00,0,NVIDIA B200,34086,0,194.36,48,1965,3996
2026-09-26T07:50:39.430000+00:00,0,NVIDIA B200,34086,0,194.15,48,1965,3996
2026-09-26T07:50:40.430000+00:00,0,NVIDIA B200,34086,0,194.08,48,1965,3996
2026-09-26T07:50:41.430000+00:00,0,NVIDIA B200,34086,0,194.27,47,1965,3996
2026-09-26T07:50:42.431000+00:00,0,NVIDIA B200,34086,0,194.13,47,1965,3996
2026-09-26T07:50:43.431000+00:00,0,NVIDIA B200,34086,0,194.06,47,1965,3996
2026-09-26T07:50:44.432000+00:00,0,NVIDIA B200,34086,0,194.03,47,1965,3996
2026-09-26T07:50:45.432000+00:00,0,NVIDIA B200,34086,0,194.28,47,1965,3996
2026-09-26T07:50:46.432000+00:00,0,NVIDIA B200,34086,0,193.87,47,1965,3996
2026-09-26T07:50:47.433000+00:00,0,NVIDIA B200,34086,0,193.74,47,1965,3996
2026-09-26T07:50:48.433000+00:00,0,NVIDIA B200,34086,0,193.90,47,1965,3996
2026-09-26T07:50:49.433000+00:00,0,NVIDIA B200,34086,0,193.51,47,1965,3996
2026-09-26T07:50:50.434000+00:00,0,NVIDIA B200,34086,0,193.95,47,1965,3996
2026-09-26T07:50:51.434000+00:00,0,NVIDIA B200,34086,0,193.77,47,1965,3996
2026-09-26T07:50:52.434000+00:00,0,NVIDIA B200,34086,0,193.83,47,1965,3996
2026-09-26T07:50:53.435000+00:00,0,NVIDIA B200,34086,0,193.45,47,1965,3996
2026-09-26T07:50:54.435000+00:00,0,NVIDIA B200,34086,0,193.76,47,1965,3996
2026-09-26T07:50:55.436000+00:00,0,NVIDIA B200,34086,0,193.77,47,1965,3996
2026-09-26T07:50:56.436000+00:00,0,NVIDIA B200,34086,0,193.52,47,1965,3996
2026-09-26T07:50:57.436000+00:00,0,NVIDIA B200,34086,0,193.66,47,1965,3996
2026-09-26T07:50:58.437000+00:00,0,NVIDIA B200,34086,0,193.39,47,1965,3996
2026-09-26T07:50:59.437000+00:00,0,NVIDIA B200,34086,0,193.62,47,1965,3996
2026-09-26T07:51:00.437000+00:00,0,NVIDIA B200,34086,0,193.97,47,1965,3996
2026-09-26T07:51:01.438000+00:00,0,NVIDIA B200,34086,0,193.58,47,1965,3996
2026-09-26T07:51:02.438000+00:00,0,NVIDIA B200,34086,0,193.62,47,1965,3996
2026-09-26T07:51:03.438000+00:00,0,NVIDIA B200,34086,0,193.11,47,1965,3996
2026-09-26T07:51:04.438000+00:00,0,NVIDIA B200,34086,0,193.10,47,1965,3996
2026-09-26T07:51:05.439000+00:00,0,NVIDIA B200,34086,0,193.30,47,1965,3996
2026-09-26T07:51:06.439000+00:00,0,NVIDIA B200,34086,0,193.56,47,1965,3996
2026-09-26T07:51:07.439000+00:00,0,NVIDIA B200,34086,0,193.52,47,1965,3996
2026-09-26T07:51:08.440000+00:00,0,NVIDIA B200,34086,0,193.26,47,1965,3996
2026-09-26T07:51:09.440000+00:00,0,NVIDIA B200,34086,0,193.26,47,1965,3996
2026-09-26T07:51:10.441000+00:00,0,NVIDIA B200,34086,0,193.18,47,1965,3996
2026-09-26T07:51:11.441000+00:00,0,NVIDIA B200,34086,0,193.39,47,1965,3996
2026-09-26T07:51:12.441000+00:00,0,NVIDIA B200,33494,17,237.34,49,1965,3996
2026-09-26T07:51:13.441000+00:00,0,NVIDIA B200,33830,14,336.36,51,1965,3996
2026-09-26T07:51:14.441000+00:00,0,NVIDIA B200,34168,0,235.65,47,1965,3996
2026-09-26T07:51:15.442000+00:00,0,NVIDIA B200,34168,0,193.85,47,1965,3996
2026-09-26T07:51:16.442000+00:00,0,NVIDIA B200,33494,41,267.06,50,1965,3996
2026-09-26T07:51:17.442000+00:00,0,NVIDIA B200,34168,22,341.22,50,1965,3996
2026-09-26T07:51:18.442000+00:00,0,NVIDIA B200,34168,0,200.05,47,1965,3996
2026-09-26T07:51:19.443000+00:00,0,NVIDIA B200,34168,0,193.85,47,1965,3996
2026-09-26T07:51:20.443000+00:00,0,NVIDIA B200,33494,41,332.65,51,1965,3996
2026-09-26T07:51:21.444000+00:00,0,NVIDIA B200,34210,33,303.93,49,1965,3996
2026-09-26T07:51:22.444000+00:00,0,NVIDIA B200,34210,0,194.21,47,1965,3996
2026-09-26T07:51:23.444000+00:00,0,NVIDIA B200,34210,0,193.86,47,1965,3996
2026-09-26T07:51:24.445000+00:00,0,NVIDIA B200,33406,41,357.79,51,1965,3996
2026-09-26T07:51:25.445000+00:00,0,NVIDIA B200,34168,0,270.88,49,1965,3996
2026-09-26T07:51:26.445000+00:00,0,NVIDIA B200,34168,0,194.37,47,1965,3996
2026-09-26T07:51:27.445000+00:00,0,NVIDIA B200,33404,0,194.77,48,1965,3996
2026-09-26T07:51:28.446000+00:00,0,NVIDIA B200,33516,31,340.11,49,1965,3996
2026-09-26T07:51:29.446000+00:00,0,NVIDIA B200,34086,0,268.37,48,1965,3996
2026-09-26T07:51:30.446000+00:00,0,NVIDIA B200,34086,0,194.71,47,1965,3996
2026-09-26T07:51:31.446000+00:00,0,NVIDIA B200,33490,3,196.09,47,1965,3996
2026-09-26T07:51:32.447000+00:00,0,NVIDIA B200,33612,8,349.34,49,1965,3996
2026-09-26T07:51:33.447000+00:00,0,NVIDIA B200,34168,0,254.18,48,1965,3996
2026-09-26T07:51:34.448000+00:00,0,NVIDIA B200,34168,0,194.17,47,1965,3996
2026-09-26T07:51:35.448000+00:00,0,NVIDIA B200,33494,3,197.23,47,1965,3996
2026-09-26T07:51:36.448000+00:00,0,NVIDIA B200,33582,11,361.38,49,1965,3996
2026-09-26T07:51:37.449000+00:00,0,NVIDIA B200,34150,0,263.89,48,1965,3996
2026-09-26T07:51:38.449000+00:00,0,NVIDIA B200,34150,0,194.05,48,1965,3996
2026-09-26T07:51:39.449000+00:00,0,NVIDIA B200,33494,2,196.51,48,1965,3996
2026-09-26T07:51:40.450000+00:00,0,NVIDIA B200,33688,11,360.20,49,1965,3996
2026-09-26T07:51:41.450000+00:00,0,NVIDIA B200,34168,0,253.53,48,1965,3996
2026-09-26T07:51:42.450000+00:00,0,NVIDIA B200,34168,0,194.51,48,1965,3996
2026-09-26T07:51:43.450000+00:00,0,NVIDIA B200,33494,3,197.77,48,1965,3996
2026-09-26T07:51:44.451000+00:00,0,NVIDIA B200,33588,9,379.97,50,1965,3996
2026-09-26T07:51:45.451000+00:00,0,NVIDIA B200,34168,0,252.38,48,1965,3996
2026-09-26T07:51:46.451000+00:00,0,NVIDIA B200,34168,0,194.53,48,1965,3996
2026-09-26T07:51:47.452000+00:00,0,NVIDIA B200,33494,2,197.22,48,1965,3996
2026-09-26T07:51:48.452000+00:00,0,NVIDIA B200,33688,11,361.57,49,1965,3996
2026-09-26T07:51:49.452000+00:00,0,NVIDIA B200,34168,0,254.07,48,1965,3996
2026-09-26T07:51:50.453000+00:00,0,NVIDIA B200,34168,0,194.45,48,1965,3996
2026-09-26T07:51:51.453000+00:00,0,NVIDIA B200,33494,3,208.95,48,1965,3996
2026-09-26T07:51:52.454000+00:00,0,NVIDIA B200,33842,8,354.53,49,1965,3996
2026-09-26T07:51:53.454000+00:00,0,NVIDIA B200,34168,0,248.76,48,1965,3996
2026-09-26T07:51:54.455000+00:00,0,NVIDIA B200,34168,0,194.57,48,1965,3996
2026-09-26T07:51:55.455000+00:00,0,NVIDIA B200,33494,4,214.75,48,1965,3996
2026-09-26T07:51:56.455000+00:00,0,NVIDIA B200,33842,9,333.25,49,1965,3996
2026-09-26T07:51:57.455000+00:00,0,NVIDIA B200,34168,0,250.09,48,1965,3996
2026-09-26T07:51:58.456000+00:00,0,NVIDIA B200,34168,0,194.66,48,1965,3996
2026-09-26T07:51:59.456000+00:00,0,NVIDIA B200,33494,2,221.25,49,1965,3996
2026-09-26T07:52:00.456000+00:00,0,NVIDIA B200,33944,8,342.13,49,1965,3996
2026-09-26T07:52:01.457000+00:00,0,NVIDIA B200,34168,0,237.34,48,1965,3996
2026-09-26T07:52:02.457000+00:00,0,NVIDIA B200,34168,0,194.18,48,1965,3996
2026-09-26T07:52:03.457000+00:00,0,NVIDIA B200,33494,9,245.35,50,1965,3996
2026-09-26T07:52:04.457000+00:00,0,NVIDIA B200,33884,13,351.99,49,1965,3996
2026-09-26T07:52:05.457000+00:00,0,NVIDIA B200,34178,0,230.40,48,1965,3996
2026-09-26T07:52:06.458000+00:00,0,NVIDIA B200,34178,0,194.90,48,1965,3996
2026-09-26T07:52:07.458000+00:00,0,NVIDIA B200,33494,39,266.53,51,1965,3996
2026-09-26T07:52:08.458000+00:00,0,NVIDIA B200,34128,18,335.44,50,1965,3996
2026-09-26T07:52:09.458000+00:00,0,NVIDIA B200,34128,0,213.45,48,1965,3996
2026-09-26T07:52:10.459000+00:00,0,NVIDIA B200,34128,0,194.32,48,1965,3996
2026-09-26T07:52:11.459000+00:00,0,NVIDIA B200,33494,39,290.75,51,1965,3996
2026-09-26T07:52:12.459000+00:00,0,NVIDIA B200,34168,16,327.57,51,1965,3996
2026-09-26T07:52:13.460000+00:00,0,NVIDIA B200,34168,0,194.86,48,1965,3996
2026-09-26T07:52:14.460000+00:00,0,NVIDIA B200,34168,0,194.34,48,1965,3996
2026-09-26T07:52:15.460000+00:00,0,NVIDIA B200,33494,40,321.99,51,1965,3996
2026-09-26T07:52:16.461000+00:00,0,NVIDIA B200,34168,33,298.62,49,1965,3996
2026-09-26T07:52:17.461000+00:00,0,NVIDIA B200,34168,0,195.00,48,1965,3996
2026-09-26T07:52:18.461000+00:00,0,NVIDIA B200,34168,0,194.38,48,1965,3996
2026-09-26T07:52:19.462000+00:00,0,NVIDIA B200,33468,41,343.65,52,1965,3996
2026-09-26T07:52:20.462000+00:00,0,NVIDIA B200,34168,0,266.17,49,1965,3996
2026-09-26T07:52:21.462000+00:00,0,NVIDIA B200,34168,0,194.84,48,1965,3996
2026-09-26T07:52:22.463000+00:00,0,NVIDIA B200,33402,0,194.25,48,1965,3996
2026-09-26T07:52:23.463000+00:00,0,NVIDIA B200,33482,41,356.61,50,1965,3996
2026-09-26T07:52:24.463000+00:00,0,NVIDIA B200,34128,0,267.25,49,1965,3996
2026-09-26T07:52:25.464000+00:00,0,NVIDIA B200,34128,0,194.49,48,1965,3996
2026-09-26T07:52:26.464000+00:00,0,NVIDIA B200,33404,0,194.72,48,1965,3996
2026-09-26T07:52:27.464000+00:00,0,NVIDIA B200,33516,38,341.20,50,1965,3996
2026-09-26T07:52:28.464000+00:00,0,NVIDIA B200,34168,0,268.80,49,1965,3996
2026-09-26T07:52:29.465000+00:00,0,NVIDIA B200,34168,0,194.79,48,1965,3996
2026-09-26T07:52:30.465000+00:00,0,NVIDIA B200,33404,0,196.45,48,1965,3996
2026-09-26T07:52:31.465000+00:00,0,NVIDIA B200,33488,12,347.46,50,1965,3996
2026-09-26T07:52:32.465000+00:00,0,NVIDIA B200,34168,0,257.11,49,1965,3996
2026-09-26T07:52:33.466000+00:00,0,NVIDIA B200,34168,0,194.29,48,1965,3996
2026-09-26T07:52:34.466000+00:00,0,NVIDIA B200,33492,4,197.53,48,1965,3996
2026-09-26T07:52:35.466000+00:00,0,NVIDIA B200,33612,10,365.76,50,1965,3996
2026-09-26T07:52:36.467000+00:00,0,NVIDIA B200,34168,0,255.48,48,1965,3996
2026-09-26T07:52:37.467000+00:00,0,NVIDIA B200,34168,0,194.57,48,1965,3996
2026-09-26T07:52:38.467000+00:00,0,NVIDIA B200,33494,3,202.37,49,1965,3996
2026-09-26T07:52:39.468000+00:00,0,NVIDIA B200,33868,10,357.18,49,1965,3996
2026-09-26T07:52:40.468000+00:00,0,NVIDIA B200,34168,0,249.68,48,1965,3996
2026-09-26T07:52:41.468000+00:00,0,NVIDIA B200,34168,0,194.48,48,1965,3996
2026-09-26T07:52:42.468000+00:00,0,NVIDIA B200,33494,4,241.67,51,1965,3996
2026-09-26T07:52:43.469000+00:00,0,NVIDIA B200,34068,10,340.28,51,1965,3996
2026-09-26T07:52:44.469000+00:00,0,NVIDIA B200,34168,0,226.42,48,1965,3996
2026-09-26T07:52:45.469000+00:00,0,NVIDIA B200,34168,0,194.57,48,1965,3996
2026-09-26T07:52:46.469000+00:00,0,NVIDIA B200,33494,38,288.23,51,1965,3996
2026-09-26T07:52:47.470000+00:00,0,NVIDIA B200,34086,18,344.55,53,1965,3996
2026-09-26T07:52:48.470000+00:00,0,NVIDIA B200,34086,0,197.41,48,1965,3996
2026-09-26T07:52:49.470000+00:00,0,NVIDIA B200,34086,0,194.51,48,1965,3996
2026-09-26T07:52:50.471000+00:00,0,NVIDIA B200,33494,40,299.67,51,1965,3996
2026-09-26T07:52:51.471000+00:00,0,NVIDIA B200,34168,22,322.05,50,1965,3996
2026-09-26T07:52:52.471000+00:00,0,NVIDIA B200,34168,0,195.13,48,1965,3996
2026-09-26T07:52:53.472000+00:00,0,NVIDIA B200,34168,0,194.50,48,1965,3996
2026-09-26T07:52:54.472000+00:00,0,NVIDIA B200,33494,41,325.55,52,1965,3996
2026-09-26T07:52:55.472000+00:00,0,NVIDIA B200,34128,41,283.98,49,1965,3996
2026-09-26T07:52:56.473000+00:00,0,NVIDIA B200,34128,0,195.11,48,1965,3996
2026-09-26T07:52:57.473000+00:00,0,NVIDIA B200,33418,0,194.29,48,1965,3996
2026-09-26T07:52:58.473000+00:00,0,NVIDIA B200,33442,42,343.95,51,1965,3996
2026-09-26T07:52:59.473000+00:00,0,NVIDIA B200,34236,0,270.31,49,1965,3996
2026-09-26T07:53:00.473000+00:00,0,NVIDIA B200,34236,0,194.92,48,1965,3996
2026-09-26T07:53:01.474000+00:00,0,NVIDIA B200,33404,4,195.49,48,1965,3996
2026-09-26T07:53:02.474000+00:00,0,NVIDIA B200,33488,10,352.11,50,1965,3996
2026-09-26T07:53:03.474000+00:00,0,NVIDIA B200,34236,0,260.84,48,1965,3996
2026-09-26T07:53:04.475000+00:00,0,NVIDIA B200,34236,0,194.49,48,1965,3996
2026-09-26T07:53:05.475000+00:00,0,NVIDIA B200,33494,3,196.10,48,1965,3996
2026-09-26T07:53:06.475000+00:00,0,NVIDIA B200,33578,10,356.75,49,1965,3996
2026-09-26T07:53:07.475000+00:00,0,NVIDIA B200,34128,0,256.73,48,1965,3996
2026-09-26T07:53:08.476000+00:00,0,NVIDIA B200,34128,0,194.64,48,1965,3996
2026-09-26T07:53:09.476000+00:00,0,NVIDIA B200,33494,8,226.76,50,1965,3996
2026-09-26T07:53:10.477000+00:00,0,NVIDIA B200,33868,14,357.11,49,1965,3996
2026-09-26T07:53:11.477000+00:00,0,NVIDIA B200,34168,0,249.29,48,1965,3996
2026-09-26T07:53:12.477000+00:00,0,NVIDIA B200,34168,0,194.78,48,1965,3996
2026-09-26T07:53:13.477000+00:00,0,NVIDIA B200,33494,41,279.96,51,1965,3996
2026-09-26T07:53:14.477000+00:00,0,NVIDIA B200,34128,21,337.23,50,1965,3996
2026-09-26T07:53:15.477000+00:00,0,NVIDIA B200,34128,0,195.10,48,1965,3996
2026-09-26T07:53:16.478000+00:00,0,NVIDIA B200,34128,0,194.33,47,1965,3996
2026-09-26T07:53:17.478000+00:00,0,NVIDIA B200,34128,0,193.98,47,1965,3996
2026-09-26T07:53:18.478000+00:00,0,NVIDIA B200,34128,0,193.88,47,1965,3996
2026-09-26T07:53:19.479000+00:00,0,NVIDIA B200,34128,0,193.76,47,1965,3996
2026-09-26T07:53:20.479000+00:00,0,NVIDIA B200,34128,0,194.17,47,1965,3996
2026-09-26T07:53:21.479000+00:00,0,NVIDIA B200,34128,0,193.80,47,1965,3996
2026-09-26T07:53:22.480000+00:00,0,NVIDIA B200,34128,0,193.92,47,1965,3996
2026-09-26T07:53:23.480000+00:00,0,NVIDIA B200,34128,0,193.83,47,1965,3996
2026-09-26T07:53:24.480000+00:00,0,NVIDIA B200,34128,0,193.70,47,1965,3996
2026-09-26T07:53:25.480000+00:00,0,NVIDIA B200,34128,0,193.68,47,1965,3996
2026-09-26T07:53:26.481000+00:00,0,NVIDIA B200,34128,0,193.46,47,1965,3996
2026-09-26T07:53:27.481000+00:00,0,NVIDIA B200,34128,0,193.46,47,1965,3996
2026-09-26T07:53:28.481000+00:00,0,NVIDIA B200,34128,0,193.44,47,1965,3996
2026-09-26T07:53:29.482000+00:00,0,NVIDIA B200,34128,0,193.63,47,1965,3996
2026-09-26T07:53:30.482000+00:00,0,NVIDIA B200,34128,0,193.48,47,1965,3996
2026-09-26T07:53:31.482000+00:00,0,NVIDIA B200,34128,0,193.41,47,1965,3996
2026-09-26T07:53:32.482000+00:00,0,NVIDIA B200,34128,0,193.55,47,1965,3996
2026-09-26T07:53:33.483000+00:00,0,NVIDIA B200,34128,0,193.16,47,1965,3996
2026-09-26T07:53:34.483000+00:00,0,NVIDIA B200,34128,0,193.45,47,1965,3996
2026-09-26T07:53:35.483000+00:00,0,NVIDIA B200,34128,0,193.32,47,1965,3996
2026-09-26T07:53:36.484000+00:00,0,NVIDIA B200,34128,0,193.19,47,1965,3996
2026-09-26T07:53:37.484000+00:00,0,NVIDIA B200,34128,0,193.28,47,1965,3996
2026-09-26T07:53:38.485000+00:00,0,NVIDIA B200,34128,0,193.21,47,1965,3996
2026-09-26T07:53:39.485000+00:00,0,NVIDIA B200,34128,0,193.18,47,1965,3996
2026-09-26T07:53:40.485000+00:00,0,NVIDIA B200,34128,0,193.29,47,1965,3996
2026-09-26T07:53:41.486000+00:00,0,NVIDIA B200,34128,0,193.06,47,1965,3996
2026-09-26T07:53:42.486000+00:00,0,NVIDIA B200,34128,0,192.87,47,1965,3996
2026-09-26T07:53:43.486000+00:00,0,NVIDIA B200,34128,0,193.17,46,1965,3996
2026-09-26T07:53:44.487000+00:00,0,NVIDIA B200,34128,0,192.89,47,1965,3996
2026-09-26T07:53:45.487000+00:00,0,NVIDIA B200,34128,0,193.12,46,1965,3996
2026-09-26T07:53:46.487000+00:00,0,NVIDIA B200,34128,0,193.09,46,1965,3996
2026-09-26T07:53:47.487000+00:00,0,NVIDIA B200,34128,0,192.86,46,1965,3996
2026-09-26T07:53:48.488000+00:00,0,NVIDIA B200,34128,0,192.83,46,1965,3996
2026-09-26T07:53:49.488000+00:00,0,NVIDIA B200,34128,0,193.04,46,1965,3996
2026-09-26T07:53:50.488000+00:00,0,NVIDIA B200,34128,0,192.69,46,1965,3996
2026-09-26T07:53:51.489000+00:00,0,NVIDIA B200,34128,0,193.04,46,1965,3996
2026-09-26T07:53:52.489000+00:00,0,NVIDIA B200,34128,0,192.79,46,1965,3996
2026-09-26T07:53:53.489000+00:00,0,NVIDIA B200,34128,0,192.99,46,1965,3996
2026-09-26T07:53:54.490000+00:00,0,NVIDIA B200,34128,0,193.16,46,1965,3996
2026-09-26T07:53:55.490000+00:00,0,NVIDIA B200,34128,0,193.10,46,1965,3996
2026-09-26T07:53:56.490000+00:00,0,NVIDIA B200,34128,0,192.95,46,1965,3996
2026-09-26T07:53:57.491000+00:00,0,NVIDIA B200,34128,0,192.98,46,1965,3996
2026-09-26T07:53:58.491000+00:00,0,NVIDIA B200,33404,39,330.31,51,1965,3996
2026-09-26T07:53:59.491000+00:00,0,NVIDIA B200,34168,0,277.66,48,1965,3996
2026-09-26T07:54:00.491000+00:00,0,NVIDIA B200,34168,0,193.59,47,1965,3996
2026-09-26T07:54:01.491000+00:00,0,NVIDIA B200,33474,3,195.76,47,1965,3996
2026-09-26T07:54:02.492000+00:00,0,NVIDIA B200,33578,11,348.02,48,1965,3996
2026-09-26T07:54:03.492000+00:00,0,NVIDIA B200,34168,0,253.39,47,1965,3996
2026-09-26T07:54:04.492000+00:00,0,NVIDIA B200,34168,0,193.63,47,1965,3996
2026-09-26T07:54:05.493000+00:00,0,NVIDIA B200,33496,39,288.72,50,1965,3996
2026-09-26T07:54:06.493000+00:00,0,NVIDIA B200,34168,22,322.71,53,1965,3996
2026-09-26T07:54:07.494000+00:00,0,NVIDIA B200,34168,0,194.75,47,1965,3996
2026-09-26T07:54:08.494000+00:00,0,NVIDIA B200,33402,0,193.88,47,1965,3996
2026-09-26T07:54:09.494000+00:00,0,NVIDIA B200,33442,40,344.81,49,1965,3996
2026-09-26T07:54:10.495000+00:00,0,NVIDIA B200,34168,0,270.68,48,1965,3996
2026-09-26T07:54:11.495000+00:00,0,NVIDIA B200,34168,0,194.17,47,1965,3996
2026-09-26T07:54:12.495000+00:00,0,NVIDIA B200,33496,3,213.72,49,1965,3996
2026-09-26T07:54:13.496000+00:00,0,NVIDIA B200,33868,11,356.61,49,1965,3996
2026-09-26T07:54:14.496000+00:00,0,NVIDIA B200,34168,0,249.28,48,1965,3996
2026-09-26T07:54:15.496000+00:00,0,NVIDIA B200,34168,0,193.95,47,1965,3996
2026-09-26T07:54:16.497000+00:00,0,NVIDIA B200,33496,41,306.68,51,1965,3996
2026-09-26T07:54:17.497000+00:00,0,NVIDIA B200,34086,37,306.17,49,1965,3996
2026-09-26T07:54:18.497000+00:00,0,NVIDIA B200,34086,0,194.30,47,1965,3996
2026-09-26T07:54:19.497000+00:00,0,NVIDIA B200,33404,4,195.12,47,1965,3996
2026-09-26T07:54:20.497000+00:00,0,NVIDIA B200,33488,6,353.02,49,1965,3996
2026-09-26T07:54:21.498000+00:00,0,NVIDIA B200,34086,0,261.60,48,1965,3996
2026-09-26T07:54:22.498000+00:00,0,NVIDIA B200,34086,0,193.90,47,1965,3996
2026-09-26T07:54:23.498000+00:00,0,NVIDIA B200,33496,40,246.15,50,1965,3996
2026-09-26T07:54:24.499000+00:00,0,NVIDIA B200,33808,14,335.76,50,1965,3996
2026-09-26T07:54:25.499000+00:00,0,NVIDIA B200,34236,0,219.17,48,1965,3996
2026-09-26T07:54:26.500000+00:00,0,NVIDIA B200,34236,0,194.09,47,1965,3996
2026-09-26T07:54:27.500000+00:00,0,NVIDIA B200,33496,39,305.49,51,1965,3996
2026-09-26T07:54:28.500000+00:00,0,NVIDIA B200,34168,24,295.05,49,1965,3996
2026-09-26T07:54:29.501000+00:00,0,NVIDIA B200,34168,0,194.24,48,1965,3996
2026-09-26T07:54:30.501000+00:00,0,NVIDIA B200,33404,0,195.32,47,1965,3996
2026-09-26T07:54:31.501000+00:00,0,NVIDIA B200,33498,14,345.50,49,1965,3996
2026-09-26T07:54:32.502000+00:00,0,NVIDIA B200,34178,0,265.54,48,1965,3996
2026-09-26T07:54:33.502000+00:00,0,NVIDIA B200,34178,0,194.71,48,1965,3996
2026-09-26T07:54:34.502000+00:00,0,NVIDIA B200,33496,3,220.29,50,1965,3996
2026-09-26T07:54:35.503000+00:00,0,NVIDIA B200,33842,11,350.11,49,1965,3996
2026-09-26T07:54:36.503000+00:00,0,NVIDIA B200,34168,0,246.77,48,1965,3996
2026-09-26T07:54:37.503000+00:00,0,NVIDIA B200,34168,0,194.12,48,1965,3996
2026-09-26T07:54:38.504000+00:00,0,NVIDIA B200,33496,40,301.33,51,1965,3996
2026-09-26T07:54:39.504000+00:00,0,NVIDIA B200,34086,40,314.85,50,1965,3996
2026-09-26T07:54:40.504000+00:00,0,NVIDIA B200,34086,0,195.00,48,1965,3996
2026-09-26T07:54:41.505000+00:00,0,NVIDIA B200,33402,0,194.81,48,1965,3996
2026-09-26T07:54:42.505000+00:00,0,NVIDIA B200,33464,27,348.32,50,1965,3996
2026-09-26T07:54:43.505000+00:00,0,NVIDIA B200,34168,0,266.94,49,1965,3996
2026-09-26T07:54:44.506000+00:00,0,NVIDIA B200,34168,0,194.74,48,1965,3996
2026-09-26T07:54:45.506000+00:00,0,NVIDIA B200,33496,3,218.74,49,1965,3996
2026-09-26T07:54:46.506000+00:00,0,NVIDIA B200,33810,10,347.17,49,1965,3996
2026-09-26T07:54:47.507000+00:00,0,NVIDIA B200,34168,0,243.10,48,1965,3996
2026-09-26T07:54:48.507000+00:00,0,NVIDIA B200,34168,0,194.38,48,1965,3996
2026-09-26T07:54:49.507000+00:00,0,NVIDIA B200,33496,41,333.21,52,1965,3996
2026-09-26T07:54:50.507000+00:00,0,NVIDIA B200,34178,0,286.53,49,1965,3996
2026-09-26T07:54:51.508000+00:00,0,NVIDIA B200,34178,0,194.97,48,1965,3996
2026-09-26T07:54:52.508000+00:00,0,NVIDIA B200,33428,4,197.59,48,1965,3996
2026-09-26T07:54:53.508000+00:00,0,NVIDIA B200,33486,8,368.65,50,1965,3996
2026-09-26T07:54:54.508000+00:00,0,NVIDIA B200,34168,0,256.61,48,1965,3996
2026-09-26T07:54:55.509000+00:00,0,NVIDIA B200,34168,0,194.70,48,1965,3996
2026-09-26T07:54:56.509000+00:00,0,NVIDIA B200,33496,40,291.37,51,1965,3996
2026-09-26T07:54:57.509000+00:00,0,NVIDIA B200,34128,22,335.50,52,1965,3996
2026-09-26T07:54:58.509000+00:00,0,NVIDIA B200,34128,0,195.19,48,1965,3996
2026-09-26T07:54:59.510000+00:00,0,NVIDIA B200,33402,0,196.47,48,1965,3996
2026-09-26T07:55:00.510000+00:00,0,NVIDIA B200,33446,27,354.73,50,1965,3996
2026-09-26T07:55:01.510000+00:00,0,NVIDIA B200,34178,0,263.74,49,1965,3996
2026-09-26T07:55:02.511000+00:00,0,NVIDIA B200,34178,0,194.90,48,1965,3996
2026-09-26T07:55:03.511000+00:00,0,NVIDIA B200,33496,3,215.68,49,1965,3996
2026-09-26T07:55:04.511000+00:00,0,NVIDIA B200,33844,8,352.80,50,1965,3996
2026-09-26T07:55:05.512000+00:00,0,NVIDIA B200,34152,0,249.94,48,1965,3996
2026-09-26T07:55:06.512000+00:00,0,NVIDIA B200,34152,0,194.79,48,1965,3996
2026-09-26T07:55:07.512000+00:00,0,NVIDIA B200,33496,40,314.67,52,1965,3996
2026-09-26T07:55:08.513000+00:00,0,NVIDIA B200,34168,44,321.51,50,1965,3996
2026-09-26T07:55:09.513000+00:00,0,NVIDIA B200,34168,0,195.34,48,1965,3996
2026-09-26T07:55:10.513000+00:00,0,NVIDIA B200,33404,0,195.63,48,1965,3996
2026-09-26T07:55:11.513000+00:00,0,NVIDIA B200,33466,11,351.89,51,1965,3996
2026-09-26T07:55:12.514000+00:00,0,NVIDIA B200,34168,0,269.57,49,1965,3996
2026-09-26T07:55:13.514000+00:00,0,NVIDIA B200,34168,0,195.02,48,1965,3996
2026-09-26T07:55:14.514000+00:00,0,NVIDIA B200,33496,15,233.27,51,1965,3996
2026-09-26T07:55:15.514000+00:00,0,NVIDIA B200,33854,15,343.97,50,1965,3996
2026-09-26T07:55:16.515000+00:00,0,NVIDIA B200,34236,0,238.84,49,1965,3996
2026-09-26T07:55:17.515000+00:00,0,NVIDIA B200,34236,0,194.83,48,1965,3996
2026-09-26T07:55:18.516000+00:00,0,NVIDIA B200,33496,39,329.85,52,1965,3996
2026-09-26T07:55:19.516000+00:00,0,NVIDIA B200,34178,1,290.06,50,1965,3996
2026-09-26T07:55:20.516000+00:00,0,NVIDIA B200,34178,0,195.32,48,1965,3996
2026-09-26T07:55:21.516000+00:00,0,NVIDIA B200,33404,4,197.25,48,1965,3996
2026-09-26T07:55:22.517000+00:00,0,NVIDIA B200,33496,5,369.58,50,1965,3996
2026-09-26T07:55:23.517000+00:00,0,NVIDIA B200,34086,0,263.44,49,1965,3996
2026-09-26T07:55:24.517000+00:00,0,NVIDIA B200,34086,0,195.21,48,1965,3996
2026-09-26T07:55:25.518000+00:00,0,NVIDIA B200,33496,20,244.03,51,1965,3996
2026-09-26T07:55:26.518000+00:00,0,NVIDIA B200,34050,12,343.33,50,1965,3996
2026-09-26T07:55:27.518000+00:00,0,NVIDIA B200,34086,0,232.54,49,1965,3996
2026-09-26T07:55:28.519000+00:00,0,NVIDIA B200,34086,0,195.12,48,1965,3996
2026-09-26T07:55:29.519000+00:00,0,NVIDIA B200,33496,39,314.84,52,1965,3996
2026-09-26T07:55:30.519000+00:00,0,NVIDIA B200,34178,37,308.38,50,1965,3996
2026-09-26T07:55:31.520000+00:00,0,NVIDIA B200,34178,0,195.64,48,1965,3996
2026-09-26T07:55:32.520000+00:00,0,NVIDIA B200,33440,0,196.76,48,1965,3996
2026-09-26T07:55:33.520000+00:00,0,NVIDIA B200,33516,17,351.86,51,1965,3996
2026-09-26T07:55:34.521000+00:00,0,NVIDIA B200,34168,0,268.87,49,1965,3996
2026-09-26T07:55:35.521000+00:00,0,NVIDIA B200,34168,0,195.49,48,1965,3996
2026-09-26T07:55:36.521000+00:00,0,NVIDIA B200,33496,16,232.05,51,1965,3996
2026-09-26T07:55:37.522000+00:00,0,NVIDIA B200,33840,10,339.36,50,1965,3996
2026-09-26T07:55:38.522000+00:00,0,NVIDIA B200,34086,0,238.89,49,1965,3996
2026-09-26T07:55:39.523000+00:00,0,NVIDIA B200,34086,0,195.01,48,1965,3996
2026-09-26T07:55:40.523000+00:00,0,NVIDIA B200,33496,40,331.27,52,1965,3996
2026-09-26T07:55:41.523000+00:00,0,NVIDIA B200,34168,16,293.47,50,1965,3996
2026-09-26T07:55:42.524000+00:00,0,NVIDIA B200,34168,0,195.73,49,1965,3996
2026-09-26T07:55:43.524000+00:00,0,NVIDIA B200,33428,4,197.24,48,1965,3996
2026-09-26T07:55:44.524000+00:00,0,NVIDIA B200,33600,9,361.17,50,1965,3996
2026-09-26T07:55:45.525000+00:00,0,NVIDIA B200,34178,0,251.32,49,1965,3996
2026-09-26T07:55:46.525000+00:00,0,NVIDIA B200,34178,0,195.26,48,1965,3996
2026-09-26T07:55:47.525000+00:00,0,NVIDIA B200,33496,37,282.37,51,1965,3996
2026-09-26T07:55:48.525000+00:00,0,NVIDIA B200,34178,18,334.23,51,1965,3996
2026-09-26T07:55:49.526000+00:00,0,NVIDIA B200,34178,0,216.38,49,1965,3996
2026-09-26T07:55:50.526000+00:00,0,NVIDIA B200,33404,0,195.04,48,1965,3996
2026-09-26T07:55:51.527000+00:00,0,NVIDIA B200,33472,39,355.80,53,1965,3996
2026-09-26T07:55:52.527000+00:00,0,NVIDIA B200,34128,0,264.42,50,1965,3996
2026-09-26T07:55:53.527000+00:00,0,NVIDIA B200,34128,0,195.39,49,1965,3996
2026-09-26T07:55:54.528000+00:00,0,NVIDIA B200,34128,0,195.05,48,1965,3996
2026-09-26T07:55:55.528000+00:00,0,NVIDIA B200,34128,0,194.89,48,1965,3996
2026-09-26T07:55:56.528000+00:00,0,NVIDIA B200,34128,0,194.73,48,1965,3996
2026-09-26T07:55:57.528000+00:00,0,NVIDIA B200,34128,0,195.00,48,1965,3996
2026-09-26T07:55:58.529000+00:00,0,NVIDIA B200,34128,0,194.71,48,1965,3996
2026-09-26T07:55:59.529000+00:00,0,NVIDIA B200,34128,0,194.75,48,1965,3996
2026-09-26T07:56:00.529000+00:00,0,NVIDIA B200,34128,0,194.70,48,1965,3996
2026-09-26T07:56:01.530000+00:00,0,NVIDIA B200,34128,0,194.68,48,1965,3996
2026-09-26T07:56:02.530000+00:00,0,NVIDIA B200,34128,0,194.54,48,1965,3996
2026-09-26T07:56:03.530000+00:00,0,NVIDIA B200,34128,0,194.22,48,1965,3996
2026-09-26T07:56:04.531000+00:00,0,NVIDIA B200,34128,0,194.59,48,1965,3996
2026-09-26T07:56:05.531000+00:00,0,NVIDIA B200,34128,0,194.56,48,1965,3996
2026-09-26T07:56:06.531000+00:00,0,NVIDIA B200,34128,0,194.60,48,1965,3996
2026-09-26T07:56:07.531000+00:00,0,NVIDIA B200,34128,0,194.45,48,1965,3996
2026-09-26T07:56:08.532000+00:00,0,NVIDIA B200,34128,0,194.31,48,1965,3996
2026-09-26T07:56:09.532000+00:00,0,NVIDIA B200,34128,0,194.27,48,1965,3996
2026-09-26T07:56:10.532000+00:00,0,NVIDIA B200,34128,0,194.59,48,1965,3996
2026-09-26T07:56:11.533000+00:00,0,NVIDIA B200,34128,0,194.48,48,1965,3996
2026-09-26T07:56:12.533000+00:00,0,NVIDIA B200,34128,0,194.06,48,1965,3996
2026-09-26T07:56:13.534000+00:00,0,NVIDIA B200,34128,0,194.06,48,1965,3996
2026-09-26T07:56:14.534000+00:00,0,NVIDIA B200,34128,0,194.52,48,1965,3996
2026-09-26T07:56:15.534000+00:00,0,NVIDIA B200,34128,0,193.98,48,1965,3996
2026-09-26T07:56:16.534000+00:00,0,NVIDIA B200,34128,0,194.06,48,1965,3996
2026-09-26T07:56:17.535000+00:00,0,NVIDIA B200,34128,0,193.97,48,1965,3996
2026-09-26T07:56:18.535000+00:00,0,NVIDIA B200,34128,0,194.12,48,1965,3996
2026-09-26T07:56:19.535000+00:00,0,NVIDIA B200,34128,0,193.85,48,1965,3996
2026-09-26T07:56:20.536000+00:00,0,NVIDIA B200,34128,0,194.12,48,1965,3996
2026-09-26T07:56:21.536000+00:00,0,NVIDIA B200,34128,0,193.89,48,1965,3996
2026-09-26T07:56:22.536000+00:00,0,NVIDIA B200,34128,0,194.00,48,1965,3996
2026-09-26T07:56:23.536000+00:00,0,NVIDIA B200,34128,0,194.05,48,1965,3996
2026-09-26T07:56:24.537000+00:00,0,NVIDIA B200,34128,0,193.79,48,1965,3996
2026-09-26T07:56:25.537000+00:00,0,NVIDIA B200,34128,0,194.13,48,1965,3996
2026-09-26T07:56:26.537000+00:00,0,NVIDIA B200,34128,0,194.22,48,1965,3996
2026-09-26T07:56:27.537000+00:00,0,NVIDIA B200,34128,0,194.28,48,1965,3996
2026-09-26T07:56:28.538000+00:00,0,NVIDIA B200,34128,0,193.98,48,1965,3996
2026-09-26T07:56:29.538000+00:00,0,NVIDIA B200,34128,0,193.95,48,1965,3996
2026-09-26T07:56:30.538000+00:00,0,NVIDIA B200,34128,0,194.10,48,1965,3996
2026-09-26T07:56:31.539000+00:00,0,NVIDIA B200,34128,0,193.97,48,1965,3996
2026-09-26T07:56:32.539000+00:00,0,NVIDIA B200,34128,0,193.96,47,1965,3996
2026-09-26T07:56:33.539000+00:00,0,NVIDIA B200,34128,0,193.85,47,1965,3996
2026-09-26T07:56:34.540000+00:00,0,NVIDIA B200,34128,0,193.93,47,1965,3996
2026-09-26T07:56:35.540000+00:00,0,NVIDIA B200,34128,0,193.98,47,1965,3996
2026-09-26T07:56:36.540000+00:00,0,NVIDIA B200,34128,0,193.94,47,1965,3996
2026-09-26T07:56:37.541000+00:00,0,NVIDIA B200,34128,0,193.79,47,1965,3996
2026-09-26T07:56:38.541000+00:00,0,NVIDIA B200,34128,0,193.74,47,1965,3996
2026-09-26T07:56:39.541000+00:00,0,NVIDIA B200,34128,0,193.85,47,1965,3996
2026-09-26T07:56:40.542000+00:00,0,NVIDIA B200,34128,0,193.75,47,1965,3996
2026-09-26T07:56:41.542000+00:00,0,NVIDIA B200,34128,0,193.88,47,1965,3996
2026-09-26T07:56:42.542000+00:00,0,NVIDIA B200,34128,0,193.68,47,1965,3996
2026-09-26T07:56:43.543000+00:00,0,NVIDIA B200,33494,3,235.41,50,1965,3996
2026-09-26T07:56:44.543000+00:00,0,NVIDIA B200,33868,10,344.04,49,1965,3996
2026-09-26T07:56:45.543000+00:00,0,NVIDIA B200,34168,0,244.56,48,1965,3996
2026-09-26T07:56:46.543000+00:00,0,NVIDIA B200,34168,0,194.08,48,1965,3996
2026-09-26T07:56:47.544000+00:00,0,NVIDIA B200,33404,0,195.04,48,1965,3996
2026-09-26T07:56:48.544000+00:00,0,NVIDIA B200,33516,31,355.38,50,1965,3996
2026-09-26T07:56:49.544000+00:00,0,NVIDIA B200,34168,0,266.46,49,1965,3996
2026-09-26T07:56:50.545000+00:00,0,NVIDIA B200,34168,0,194.51,48,1965,3996
2026-09-26T07:56:51.545000+00:00,0,NVIDIA B200,34168,0,194.22,48,1965,3996
2026-09-26T07:56:52.545000+00:00,0,NVIDIA B200,33494,41,320.61,51,1965,3996
2026-09-26T07:56:53.546000+00:00,0,NVIDIA B200,34168,37,287.01,50,1965,3996
2026-09-26T07:56:54.546000+00:00,0,NVIDIA B200,34168,0,194.97,48,1965,3996
2026-09-26T07:56:55.546000+00:00,0,NVIDIA B200,34168,0,194.22,48,1965,3996
2026-09-26T07:56:56.547000+00:00,0,NVIDIA B200,33494,3,240.85,49,1965,3996
2026-09-26T07:56:57.547000+00:00,0,NVIDIA B200,33868,8,344.45,50,1965,3996
2026-09-26T07:56:58.547000+00:00,0,NVIDIA B200,34168,0,245.78,48,1965,3996
2026-09-26T07:56:59.548000+00:00,0,NVIDIA B200,34168,0,194.73,48,1965,3996
2026-09-26T07:57:00.548000+00:00,0,NVIDIA B200,33404,0,195.64,48,1965,3996
2026-09-26T07:57:01.549000+00:00,0,NVIDIA B200,33488,8,368.39,50,1965,3996
2026-09-26T07:57:02.549000+00:00,0,NVIDIA B200,34086,0,262.52,49,1965,3996
2026-09-26T07:57:03.549000+00:00,0,NVIDIA B200,34086,0,194.65,48,1965,3996
2026-09-26T07:57:04.550000+00:00,0,NVIDIA B200,34086,0,194.52,48,1965,3996
2026-09-26T07:57:05.550000+00:00,0,NVIDIA B200,33494,39,349.85,52,1965,3996
2026-09-26T07:57:06.551000+00:00,0,NVIDIA B200,34168,31,276.72,49,1965,3996
2026-09-26T07:57:07.551000+00:00,0,NVIDIA B200,34168,0,194.94,48,1965,3996
2026-09-26T07:57:08.551000+00:00,0,NVIDIA B200,34168,0,194.41,48,1965,3996
2026-09-26T07:57:09.551000+00:00,0,NVIDIA B200,33494,32,264.98,51,1965,3996
2026-09-26T07:57:10.552000+00:00,0,NVIDIA B200,34168,14,347.14,52,1965,3996
2026-09-26T07:57:11.552000+00:00,0,NVIDIA B200,34168,0,214.27,48,1965,3996
2026-09-26T07:57:12.553000+00:00,0,NVIDIA B200,34168,0,194.59,48,1965,3996
2026-09-26T07:57:13.553000+00:00,0,NVIDIA B200,33406,4,198.56,48,1965,3996
2026-09-26T07:57:14.553000+00:00,0,NVIDIA B200,33530,6,366.28,51,1965,3996
2026-09-26T07:57:15.554000+00:00,0,NVIDIA B200,34086,0,261.12,49,1965,3996
2026-09-26T07:57:16.554000+00:00,0,NVIDIA B200,34086,0,194.83,48,1965,3996
2026-09-26T07:57:17.554000+00:00,0,NVIDIA B200,34086,0,194.90,48,1965,3996
2026-09-26T07:57:18.555000+00:00,0,NVIDIA B200,33494,39,322.34,52,1965,3996
2026-09-26T07:57:19.555000+00:00,0,NVIDIA B200,34168,35,304.73,50,1965,3996
2026-09-26T07:57:20.555000+00:00,0,NVIDIA B200,34168,0,195.47,48,1965,3996
2026-09-26T07:57:21.555000+00:00,0,NVIDIA B200,34168,0,194.79,48,1965,3996
2026-09-26T07:57:22.556000+00:00,0,NVIDIA B200,33494,4,204.32,49,1965,3996
2026-09-26T07:57:23.556000+00:00,0,NVIDIA B200,33692,9,352.42,51,1965,3996
2026-09-26T07:57:24.556000+00:00,0,NVIDIA B200,34168,0,250.57,49,1965,3996
2026-09-26T07:57:25.556000+00:00,0,NVIDIA B200,34168,0,195.22,48,1965,3996
2026-09-26T07:57:26.557000+00:00,0,NVIDIA B200,33418,0,194.66,48,1965,3996
2026-09-26T07:57:27.557000+00:00,0,NVIDIA B200,33468,40,351.74,51,1965,3996
2026-09-26T07:57:28.557000+00:00,0,NVIDIA B200,34178,0,271.90,49,1965,3996
2026-09-26T07:57:29.558000+00:00,0,NVIDIA B200,34178,0,195.15,48,1965,3996
2026-09-26T07:57:30.558000+00:00,0,NVIDIA B200,34178,0,194.73,48,1965,3996
2026-09-26T07:57:31.558000+00:00,0,NVIDIA B200,33494,40,280.31,52,1965,3996
2026-09-26T07:57:32.559000+00:00,0,NVIDIA B200,34168,23,345.44,54,1965,3996
2026-09-26T07:57:33.559000+00:00,0,NVIDIA B200,34168,0,199.45,48,1965,3996
2026-09-26T07:57:34.559000+00:00,0,NVIDIA B200,34168,0,194.98,48,1965,3996
2026-09-26T07:57:35.559000+00:00,0,NVIDIA B200,33494,23,233.46,51,1965,3996
2026-09-26T07:57:36.560000+00:00,0,NVIDIA B200,33842,10,336.71,50,1965,3996
2026-09-26T07:57:37.560000+00:00,0,NVIDIA B200,34168,0,241.05,48,1965,3996
2026-09-26T07:57:38.560000+00:00,0,NVIDIA B200,34168,0,194.95,48,1965,3996
2026-09-26T07:57:39.561000+00:00,0,NVIDIA B200,33494,4,207.14,49,1965,3996
2026-09-26T07:57:40.561000+00:00,0,NVIDIA B200,33692,8,362.13,50,1965,3996
2026-09-26T07:57:41.561000+00:00,0,NVIDIA B200,34236,0,247.40,49,1965,3996
2026-09-26T07:57:42.562000+00:00,0,NVIDIA B200,34236,0,194.96,48,1965,3996
2026-09-26T07:57:43.562000+00:00,0,NVIDIA B200,33494,4,201.05,48,1965,3996
2026-09-26T07:57:44.562000+00:00,0,NVIDIA B200,33578,8,364.66,50,1965,3996
2026-09-26T07:57:45.562000+00:00,0,NVIDIA B200,34178,0,253.27,49,1965,3996
2026-09-26T07:57:46.563000+00:00,0,NVIDIA B200,34178,0,194.79,48,1965,3996
2026-09-26T07:57:47.563000+00:00,0,NVIDIA B200,33406,3,197.54,48,1965,3996
2026-09-26T07:57:48.563000+00:00,0,NVIDIA B200,33564,8,349.33,50,1965,3996
2026-09-26T07:57:49.564000+00:00,0,NVIDIA B200,34134,0,261.55,49,1965,3996
2026-09-26T07:57:50.564000+00:00,0,NVIDIA B200,34134,0,195.09,48,1965,3996
2026-09-26T07:57:51.565000+00:00,0,NVIDIA B200,33418,0,194.99,48,1965,3996
2026-09-26T07:57:52.565000+00:00,0,NVIDIA B200,33406,40,348.32,51,1965,3996
2026-09-26T07:57:53.565000+00:00,0,NVIDIA B200,34086,0,273.47,49,1965,3996
2026-09-26T07:57:54.566000+00:00,0,NVIDIA B200,34086,0,195.29,48,1965,3996
2026-09-26T07:57:55.566000+00:00,0,NVIDIA B200,34086,0,195.05,48,1965,3996
2026-09-26T07:57:56.566000+00:00,0,NVIDIA B200,33494,40,294.32,52,1965,3996
2026-09-26T07:57:57.567000+00:00,0,NVIDIA B200,34178,23,325.03,51,1965,3996
2026-09-26T07:57:58.567000+00:00,0,NVIDIA B200,34178,0,195.76,49,1965,3996
2026-09-26T07:57:59.567000+00:00,0,NVIDIA B200,34178,0,195.09,48,1965,3996
2026-09-26T07:58:00.568000+00:00,0,NVIDIA B200,33494,3,202.98,49,1965,3996
2026-09-26T07:58:01.568000+00:00,0,NVIDIA B200,33588,9,357.96,50,1965,3996
2026-09-26T07:58:02.568000+00:00,0,NVIDIA B200,34168,0,255.64,49,1965,3996
2026-09-26T07:58:03.569000+00:00,0,NVIDIA B200,34168,0,195.15,48,1965,3996
2026-09-26T07:58:04.569000+00:00,0,NVIDIA B200,33418,0,195.13,48,1965,3996
2026-09-26T07:58:05.569000+00:00,0,NVIDIA B200,33470,40,352.63,51,1965,3996
2026-09-26T07:58:06.570000+00:00,0,NVIDIA B200,34168,0,275.40,49,1965,3996
2026-09-26T07:58:07.570000+00:00,0,NVIDIA B200,34168,0,195.57,49,1965,3996
2026-09-26T07:58:08.570000+00:00,0,NVIDIA B200,34168,0,195.31,48,1965,3996
2026-09-26T07:58:09.571000+00:00,0,NVIDIA B200,34168,0,195.18,48,1965,3996
2026-09-26T07:58:10.571000+00:00,0,NVIDIA B200,34168,0,195.22,48,1965,3996
2026-09-26T07:58:11.571000+00:00,0,NVIDIA B200,34168,0,194.68,48,1965,3996
2026-09-26T07:58:12.571000+00:00,0,NVIDIA B200,34168,0,194.81,48,1965,3996
2026-09-26T07:58:13.572000+00:00,0,NVIDIA B200,34168,0,194.49,48,1965,3996
2026-09-26T07:58:14.572000+00:00,0,NVIDIA B200,34168,0,194.60,48,1965,3996
2026-09-26T07:58:15.572000+00:00,0,NVIDIA B200,34168,0,194.70,48,1965,3996
2026-09-26T07:58:16.573000+00:00,0,NVIDIA B200,34168,0,194.71,48,1965,3996
2026-09-26T07:58:17.573000+00:00,0,NVIDIA B200,34168,0,194.67,48,1965,3996
2026-09-26T07:58:18.573000+00:00,0,NVIDIA B200,34168,0,194.49,48,1965,3996
2026-09-26T07:58:19.573000+00:00,0,NVIDIA B200,34168,0,194.48,48,1965,3996
2026-09-26T07:58:20.574000+00:00,0,NVIDIA B200,34168,0,194.38,48,1965,3996
2026-09-26T07:58:21.574000+00:00,0,NVIDIA B200,34168,0,194.59,48,1965,3996
2026-09-26T07:58:22.574000+00:00,0,NVIDIA B200,34168,0,194.54,48,1965,3996
2026-09-26T07:58:23.575000+00:00,0,NVIDIA B200,34168,0,194.54,48,1965,3996
2026-09-26T07:58:24.575000+00:00,0,NVIDIA B200,34168,0,194.50,48,1965,3996
2026-09-26T07:58:25.575000+00:00,0,NVIDIA B200,34168,0,194.54,48,1965,3996
2026-09-26T07:58:26.576000+00:00,0,NVIDIA B200,34168,0,194.61,48,1965,3996
2026-09-26T07:58:27.576000+00:00,0,NVIDIA B200,34168,0,194.58,48,1965,3996
2026-09-26T07:58:28.576000+00:00,0,NVIDIA B200,34168,0,194.38,48,1965,3996
2026-09-26T07:58:29.576000+00:00,0,NVIDIA B200,34168,0,194.38,48,1965,3996
2026-09-26T07:58:30.577000+00:00,0,NVIDIA B200,34168,0,194.50,48,1965,3996
2026-09-26T07:58:31.577000+00:00,0,NVIDIA B200,34168,0,194.44,48,1965,3996
2026-09-26T07:58:32.577000+00:00,0,NVIDIA B200,34168,0,194.24,48,1965,3996
2026-09-26T07:58:33.578000+00:00,0,NVIDIA B200,34168,0,194.34,48,1965,3996
2026-09-26T07:58:34.578000+00:00,0,NVIDIA B200,34168,0,194.39,48,1965,3996
2026-09-26T07:58:35.578000+00:00,0,NVIDIA B200,34168,0,194.27,48,1965,3996
2026-09-26T07:58:36.579000+00:00,0,NVIDIA B200,34168,0,194.43,48,1965,3996
2026-09-26T07:58:37.579000+00:00,0,NVIDIA B200,34168,0,194.40,48,1965,3996
2026-09-26T07:58:38.579000+00:00,0,NVIDIA B200,34168,0,194.21,48,1965,3996
2026-09-26T07:58:39.580000+00:00,0,NVIDIA B200,34168,0,194.33,48,1965,3996
2026-09-26T07:58:40.580000+00:00,0,NVIDIA B200,33494,40,311.09,52,1965,3996
2026-09-26T07:58:41.580000+00:00,0,NVIDIA B200,34168,42,324.52,50,1965,3996
2026-09-26T07:58:42.581000+00:00,0,NVIDIA B200,34168,0,195.51,48,1965,3996
2026-09-26T07:58:43.581000+00:00,0,NVIDIA B200,34168,0,194.78,48,1965,3996
2026-09-26T07:58:44.581000+00:00,0,NVIDIA B200,34168,0,194.26,48,1965,3996
2026-09-26T07:58:45.582000+00:00,0,NVIDIA B200,33494,3,201.94,48,1965,3996
2026-09-26T07:58:46.582000+00:00,0,NVIDIA B200,33578,9,364.33,50,1965,3996
2026-09-26T07:58:47.582000+00:00,0,NVIDIA B200,34086,0,252.28,49,1965,3996
2026-09-26T07:58:48.583000+00:00,0,NVIDIA B200,34086,0,194.82,48,1965,3996
2026-09-26T07:58:49.583000+00:00,0,NVIDIA B200,34086,0,194.58,48,1965,3996
2026-09-26T07:58:50.584000+00:00,0,NVIDIA B200,34086,0,194.47,48,1965,3996
2026-09-26T07:58:51.584000+00:00,0,NVIDIA B200,33494,39,297.91,51,1965,3996
2026-09-26T07:58:52.584000+00:00,0,NVIDIA B200,34236,17,328.03,52,1965,3996
2026-09-26T07:58:53.585000+00:00,0,NVIDIA B200,34236,0,195.41,48,1965,3996
2026-09-26T07:58:54.585000+00:00,0,NVIDIA B200,34236,0,194.75,48,1965,3996
2026-09-26T07:58:55.585000+00:00,0,NVIDIA B200,34236,0,194.58,48,1965,3996
2026-09-26T07:58:56.586000+00:00,0,NVIDIA B200,33406,5,196.44,48,1965,3996
2026-09-26T07:58:57.586000+00:00,0,NVIDIA B200,33496,5,348.99,50,1965,3996
2026-09-26T07:58:58.586000+00:00,0,NVIDIA B200,34086,0,262.76,49,1965,3996
2026-09-26T07:58:59.587000+00:00,0,NVIDIA B200,34086,0,195.04,48,1965,3996
2026-09-26T07:59:00.587000+00:00,0,NVIDIA B200,34086,0,194.79,48,1965,3996
2026-09-26T07:59:01.587000+00:00,0,NVIDIA B200,34086,0,194.61,48,1965,3996
2026-09-26T07:59:02.588000+00:00,0,NVIDIA B200,33494,38,262.40,51,1965,3996
2026-09-26T07:59:03.588000+00:00,0,NVIDIA B200,34168,18,343.70,50,1965,3996
2026-09-26T07:59:04.588000+00:00,0,NVIDIA B200,34168,0,214.69,49,1965,3996
2026-09-26T07:59:05.589000+00:00,0,NVIDIA B200,34168,0,194.95,48,1965,3996
2026-09-26T07:59:06.589000+00:00,0,NVIDIA B200,34168,0,194.91,48,1965,3996
2026-09-26T07:59:07.590000+00:00,0,NVIDIA B200,33404,3,196.06,48,1965,3996
2026-09-26T07:59:08.590000+00:00,0,NVIDIA B200,33464,14,353.97,50,1965,3996
2026-09-26T07:59:09.590000+00:00,0,NVIDIA B200,34086,0,264.97,49,1965,3996
2026-09-26T07:59:10.590000+00:00,0,NVIDIA B200,34086,0,195.10,48,1965,3996
2026-09-26T07:59:11.591000+00:00,0,NVIDIA B200,34086,0,195.05,48,1965,3996
2026-09-26T07:59:12.591000+00:00,0,NVIDIA B200,34086,0,194.84,48,1965,3996
2026-09-26T07:59:13.591000+00:00,0,NVIDIA B200,33494,38,256.37,51,1965,3996
2026-09-26T07:59:14.592000+00:00,0,NVIDIA B200,33808,14,336.67,50,1965,3996
2026-09-26T07:59:15.592000+00:00,0,NVIDIA B200,34236,0,221.35,48,1965,3996
2026-09-26T07:59:16.592000+00:00,0,NVIDIA B200,34236,0,194.77,48,1965,3996
2026-09-26T07:59:17.593000+00:00,0,NVIDIA B200,34236,0,194.72,48,1965,3996
2026-09-26T07:59:18.593000+00:00,0,NVIDIA B200,33402,0,195.54,48,1965,3996
2026-09-26T07:59:19.593000+00:00,0,NVIDIA B200,33452,26,357.50,50,1965,3996
2026-09-26T07:59:20.593000+00:00,0,NVIDIA B200,34086,0,273.91,49,1965,3996
2026-09-26T07:59:21.594000+00:00,0,NVIDIA B200,34086,0,195.18,48,1965,3996
2026-09-26T07:59:22.594000+00:00,0,NVIDIA B200,34086,0,194.65,48,1965,3996
2026-09-26T07:59:23.595000+00:00,0,NVIDIA B200,34086,0,194.30,48,1965,3996
2026-09-26T07:59:24.595000+00:00,0,NVIDIA B200,33494,36,306.76,51,1965,3996
2026-09-26T07:59:25.595000+00:00,0,NVIDIA B200,34178,25,321.73,50,1965,3996
2026-09-26T07:59:26.595000+00:00,0,NVIDIA B200,34178,0,195.64,48,1965,3996
2026-09-26T07:59:27.596000+00:00,0,NVIDIA B200,34178,0,194.85,48,1965,3996
2026-09-26T07:59:28.596000+00:00,0,NVIDIA B200,34178,0,194.56,48,1965,3996
2026-09-26T07:59:29.596000+00:00,0,NVIDIA B200,33494,4,200.65,48,1965,3996
2026-09-26T07:59:30.596000+00:00,0,NVIDIA B200,33578,8,353.64,50,1965,3996
2026-09-26T07:59:31.597000+00:00,0,NVIDIA B200,34086,0,263.11,49,1965,3996
2026-09-26T07:59:32.597000+00:00,0,NVIDIA B200,34086,0,195.04,48,1965,3996
2026-09-26T07:59:33.597000+00:00,0,NVIDIA B200,34086,0,194.44,48,1965,3996
2026-09-26T07:59:34.597000+00:00,0,NVIDIA B200,33418,0,194.52,48,1965,3996
2026-09-26T07:59:35.598000+00:00,0,NVIDIA B200,33406,40,345.10,51,1965,3996
2026-09-26T07:59:36.598000+00:00,0,NVIDIA B200,34086,0,272.82,49,1965,3996
2026-09-26T07:59:37.598000+00:00,0,NVIDIA B200,34086,0,195.06,48,1965,3996
2026-09-26T07:59:38.599000+00:00,0,NVIDIA B200,34086,0,194.56,48,1965,3996
2026-09-26T07:59:39.599000+00:00,0,NVIDIA B200,34086,0,194.82,48,1965,3996
2026-09-26T07:59:40.599000+00:00,0,NVIDIA B200,33494,41,268.85,51,1965,3996
2026-09-26T07:59:41.600000+00:00,0,NVIDIA B200,34168,24,341.30,51,1965,3996
2026-09-26T07:59:42.600000+00:00,0,NVIDIA B200,34168,0,197.71,48,1965,3996
2026-09-26T07:59:43.600000+00:00,0,NVIDIA B200,34168,0,194.99,48,1965,3996
2026-09-26T07:59:44.601000+00:00,0,NVIDIA B200,34168,0,194.68,48,1965,3996
2026-09-26T07:59:45.601000+00:00,0,NVIDIA B200,33406,4,195.91,48,1965,3996
2026-09-26T07:59:46.601000+00:00,0,NVIDIA B200,33548,6,360.89,51,1965,3996
2026-09-26T07:59:47.602000+00:00,0,NVIDIA B200,34086,0,259.11,49,1965,3996
2026-09-26T07:59:48.602000+00:00,0,NVIDIA B200,34086,0,195.12,48,1965,3996
2026-09-26T07:59:49.602000+00:00,0,NVIDIA B200,34086,0,194.70,48,1965,3996
2026-09-26T07:59:50.603000+00:00,0,NVIDIA B200,34086,0,194.67,48,1965,3996
2026-09-26T07:59:51.603000+00:00,0,NVIDIA B200,33494,40,291.25,52,1965,3996
2026-09-26T07:59:52.603000+00:00,0,NVIDIA B200,34168,23,332.40,51,1965,3996
2026-09-26T07:59:53.604000+00:00,0,NVIDIA B200,34168,0,195.71,49,1965,3996
2026-09-26T07:59:54.604000+00:00,0,NVIDIA B200,34168,0,195.09,48,1965,3996
2026-09-26T07:59:55.604000+00:00,0,NVIDIA B200,34168,0,194.80,48,1965,3996
2026-09-26T07:59:56.604000+00:00,0,NVIDIA B200,33408,5,197.07,48,1965,3996
2026-09-26T07:59:57.605000+00:00,0,NVIDIA B200,33598,10,353.79,50,1965,3996
2026-09-26T07:59:58.605000+00:00,0,NVIDIA B200,34086,0,256.64,49,1965,3996
2026-09-26T07:59:59.605000+00:00,0,NVIDIA B200,34086,0,195.14,48,1965,3996
2026-09-26T08:00:00.605000+00:00,0,NVIDIA B200,34086,0,195.07,48,1965,3996
2026-09-26T08:00:01.606000+00:00,0,NVIDIA B200,34086,0,194.81,48,1965,3996
2026-09-26T08:00:02.606000+00:00,0,NVIDIA B200,33494,41,318.36,52,1965,3996
2026-09-26T08:00:03.606000+00:00,0,NVIDIA B200,34168,39,312.07,50,1965,3996
2026-09-26T08:00:04.607000+00:00,0,NVIDIA B200,34168,0,195.45,49,1965,3996
2026-09-26T08:00:05.607000+00:00,0,NVIDIA B200,34168,0,194.93,48,1965,3996
2026-09-26T08:00:06.607000+00:00,0,NVIDIA B200,34168,0,194.89,48,1965,3996
2026-09-26T08:00:07.608000+00:00,0,NVIDIA B200,33494,3,210.21,48,1965,3996
2026-09-26T08:00:08.608000+00:00,0,NVIDIA B200,33688,9,358.96,50,1965,3996
2026-09-26T08:00:09.608000+00:00,0,NVIDIA B200,34178,0,254.42,49,1965,3996
2026-09-26T08:00:10.609000+00:00,0,NVIDIA B200,34178,0,195.04,48,1965,3996
2026-09-26T08:00:11.609000+00:00,0,NVIDIA B200,34178,0,195.07,48,1965,3996
2026-09-26T08:00:12.609000+00:00,0,NVIDIA B200,34178,0,194.56,48,1965,3996
2026-09-26T08:00:13.610000+00:00,0,NVIDIA B200,33474,39,357.50,52,1965,3996
2026-09-26T08:00:14.610000+00:00,0,NVIDIA B200,34096,0,270.75,50,1965,3996
2026-09-26T08:00:15.610000+00:00,0,NVIDIA B200,34096,0,195.61,48,1965,3996
2026-09-26T08:00:16.611000+00:00,0,NVIDIA B200,34096,0,195.07,48,1965,3996
2026-09-26T08:00:17.611000+00:00,0,NVIDIA B200,34096,0,194.77,48,1965,3996
2026-09-26T08:00:18.611000+00:00,0,NVIDIA B200,33494,20,242.04,51,1965,3996
2026-09-26T08:00:19.611000+00:00,0,NVIDIA B200,33950,12,336.30,51,1965,3996
2026-09-26T08:00:20.612000+00:00,0,NVIDIA B200,34086,0,234.50,49,1965,3996
2026-09-26T08:00:21.612000+00:00,0,NVIDIA B200,34086,0,194.64,48,1965,3996
2026-09-26T08:00:22.613000+00:00,0,NVIDIA B200,34086,0,194.68,48,1965,3996
2026-09-26T08:00:23.613000+00:00,0,NVIDIA B200,33408,4,196.60,48,1965,3996
2026-09-26T08:00:24.613000+00:00,0,NVIDIA B200,33548,7,358.09,51,1965,3996
2026-09-26T08:00:25.613000+00:00,0,NVIDIA B200,34168,0,259.86,49,1965,3996
2026-09-26T08:00:26.614000+00:00,0,NVIDIA B200,34168,0,195.18,48,1965,3996
2026-09-26T08:00:27.614000+00:00,0,NVIDIA B200,34168,0,195.07,48,1965,3996
2026-09-26T08:00:28.614000+00:00,0,NVIDIA B200,34168,0,194.61,48,1965,3996
2026-09-26T08:00:29.615000+00:00,0,NVIDIA B200,33406,40,343.18,52,1965,3996
2026-09-26T08:00:30.615000+00:00,0,NVIDIA B200,34046,0,273.60,50,1965,3996
2026-09-26T08:00:31.615000+00:00,0,NVIDIA B200,34046,0,194.95,48,1965,3996
2026-09-26T08:00:32.615000+00:00,0,NVIDIA B200,34046,0,194.85,48,1965,3996
2026-09-26T08:00:33.616000+00:00,0,NVIDIA B200,34046,0,194.90,48,1965,3996
2026-09-26T08:00:34.616000+00:00,0,NVIDIA B200,33494,38,279.77,51,1965,3996
2026-09-26T08:00:35.617000+00:00,0,NVIDIA B200,34168,21,342.85,51,1965,3996
2026-09-26T08:00:36.617000+00:00,0,NVIDIA B200,34168,0,200.29,49,1965,3996
2026-09-26T08:00:37.617000+00:00,0,NVIDIA B200,34168,0,194.99,48,1965,3996
2026-09-26T08:00:38.618000+00:00,0,NVIDIA B200,34168,0,194.79,48,1965,3996
2026-09-26T08:00:39.618000+00:00,0,NVIDIA B200,33494,3,201.87,48,1965,3996
2026-09-26T08:00:40.619000+00:00,0,NVIDIA B200,33688,9,358.67,50,1965,3996
2026-09-26T08:00:41.619000+00:00,0,NVIDIA B200,34168,0,255.62,49,1965,3996
2026-09-26T08:00:42.619000+00:00,0,NVIDIA B200,34168,0,195.10,48,1965,3996
2026-09-26T08:00:43.620000+00:00,0,NVIDIA B200,34168,0,194.85,48,1965,3996
2026-09-26T08:00:44.620000+00:00,0,NVIDIA B200,33402,0,195.46,48,1965,3996
2026-09-26T08:00:45.620000+00:00,0,NVIDIA B200,33470,38,360.98,51,1965,3996
2026-09-26T08:00:46.620000+00:00,0,NVIDIA B200,34168,0,273.14,49,1965,3996
2026-09-26T08:00:47.621000+00:00,0,NVIDIA B200,34168,0,195.29,48,1965,3996
2026-09-26T08:00:48.621000+00:00,0,NVIDIA B200,34168,0,195.01,48,1965,3996
2026-09-26T08:00:49.621000+00:00,0,NVIDIA B200,34168,0,194.57,48,1965,3996
2026-09-26T08:00:50.622000+00:00,0,NVIDIA B200,33494,2,219.42,50,1965,3996
2026-09-26T08:00:51.622000+00:00,0,NVIDIA B200,33764,9,335.96,50,1965,3996
2026-09-26T08:00:52.622000+00:00,0,NVIDIA B200,34176,0,249.52,49,1965,3996
2026-09-26T08:00:53.623000+00:00,0,NVIDIA B200,34176,0,195.09,48,1965,3996
2026-09-26T08:00:54.623000+00:00,0,NVIDIA B200,34176,0,194.82,48,1965,3996
2026-09-26T08:00:55.623000+00:00,0,NVIDIA B200,34176,0,194.51,48,1965,3996
2026-09-26T08:00:56.624000+00:00,0,NVIDIA B200,33494,39,296.89,52,1965,3996
2026-09-26T08:00:57.624000+00:00,0,NVIDIA B200,34168,23,332.35,51,1965,3996
2026-09-26T08:00:58.624000+00:00,0,NVIDIA B200,34168,0,195.64,49,1965,3996
2026-09-26T08:00:59.625000+00:00,0,NVIDIA B200,34168,0,194.75,48,1965,3996
2026-09-26T08:01:00.625000+00:00,0,NVIDIA B200,34168,0,194.65,48,1965,3996
2026-09-26T08:01:01.625000+00:00,0,NVIDIA B200,33418,0,194.54,48,1965,3996
2026-09-26T08:01:02.625000+00:00,0,NVIDIA B200,33406,39,345.81,52,1965,3996
2026-09-26T08:01:03.626000+00:00,0,NVIDIA B200,34168,0,271.76,49,1965,3996
2026-09-26T08:01:04.626000+00:00,0,NVIDIA B200,34168,0,195.23,48,1965,3996
2026-09-26T08:01:05.626000+00:00,0,NVIDIA B200,34168,0,194.79,48,1965,3996
2026-09-26T08:01:06.627000+00:00,0,NVIDIA B200,34168,0,194.71,48,1965,3996
2026-09-26T08:01:07.627000+00:00,0,NVIDIA B200,33406,4,197.07,48,1965,3996
2026-09-26T08:01:08.627000+00:00,0,NVIDIA B200,33600,7,361.93,51,1965,3996
2026-09-26T08:01:09.628000+00:00,0,NVIDIA B200,34168,0,263.12,49,1965,3996
2026-09-26T08:01:10.628000+00:00,0,NVIDIA B200,34168,0,194.93,48,1965,3996
2026-09-26T08:01:11.628000+00:00,0,NVIDIA B200,34168,0,194.71,48,1965,3996
2026-09-26T08:01:12.629000+00:00,0,NVIDIA B200,34168,0,194.84,48,1965,3996
2026-09-26T08:01:13.629000+00:00,0,NVIDIA B200,34168,0,194.64,48,1965,3996
2026-09-26T08:01:14.629000+00:00,0,NVIDIA B200,34168,0,194.67,48,1965,3996
2026-09-26T08:01:15.630000+00:00,0,NVIDIA B200,34168,0,194.50,48,1965,3996
2026-09-26T08:01:16.630000+00:00,0,NVIDIA B200,34168,0,194.51,48,1965,3996
2026-09-26T08:01:17.630000+00:00,0,NVIDIA B200,34168,0,194.24,48,1965,3996
2026-09-26T08:01:18.631000+00:00,0,NVIDIA B200,34168,0,194.55,48,1965,3996
2026-09-26T08:01:19.631000+00:00,0,NVIDIA B200,34168,0,194.47,48,1965,3996
2026-09-26T08:01:20.631000+00:00,0,NVIDIA B200,34168,0,194.40,48,1965,3996
2026-09-26T08:01:21.632000+00:00,0,NVIDIA B200,34168,0,194.35,48,1965,3996
2026-09-26T08:01:22.632000+00:00,0,NVIDIA B200,34168,0,194.58,48,1965,3996
2026-09-26T08:01:23.632000+00:00,0,NVIDIA B200,34168,0,194.26,48,1965,3996
2026-09-26T08:01:24.633000+00:00,0,NVIDIA B200,34168,0,194.22,48,1965,3996
2026-09-26T08:01:25.633000+00:00,0,NVIDIA B200,34168,0,194.28,48,1965,3996
2026-09-26T08:01:26.633000+00:00,0,NVIDIA B200,34168,0,194.38,48,1965,3996
2026-09-26T08:01:27.634000+00:00,0,NVIDIA B200,34168,0,194.30,48,1965,3996
2026-09-26T08:01:28.634000+00:00,0,NVIDIA B200,34168,0,194.12,48,1965,3996
2026-09-26T08:01:29.634000+00:00,0,NVIDIA B200,34168,0,194.01,48,1965,3996
2026-09-26T08:01:30.635000+00:00,0,NVIDIA B200,34168,0,194.02,48,1965,3996
2026-09-26T08:01:31.635000+00:00,0,NVIDIA B200,34168,0,194.07,48,1965,3996
2026-09-26T08:01:32.635000+00:00,0,NVIDIA B200,34168,0,194.10,48,1965,3996
2026-09-26T08:01:33.636000+00:00,0,NVIDIA B200,34168,0,194.26,48,1965,3996
2026-09-26T08:01:34.636000+00:00,0,NVIDIA B200,34168,0,194.11,48,1965,3996
2026-09-26T08:01:35.637000+00:00,0,NVIDIA B200,34168,0,194.10,48,1965,3996
2026-09-26T08:01:36.637000+00:00,0,NVIDIA B200,34168,0,194.20,48,1965,3996
2026-09-26T08:01:37.637000+00:00,0,NVIDIA B200,34168,0,194.02,48,1965,3996
2026-09-26T08:01:38.637000+00:00,0,NVIDIA B200,34168,0,194.22,48,1965,3996
2026-09-26T08:01:39.637000+00:00,0,NVIDIA B200,34168,0,194.09,48,1965,3996
2026-09-26T08:01:40.638000+00:00,0,NVIDIA B200,34168,0,194.25,48,1965,3996
2026-09-26T08:01:41.638000+00:00,0,NVIDIA B200,34168,0,193.91,48,1965,3996
2026-09-26T08:01:42.639000+00:00,0,NVIDIA B200,34168,0,194.09,48,1965,3996
2026-09-26T08:01:43.639000+00:00,0,NVIDIA B200,34168,0,194.25,48,1965,3996
2026-09-26T08:01:44.639000+00:00,0,NVIDIA B200,33406,38,321.36,52,1965,3996
2026-09-26T08:01:45.640000+00:00,0,NVIDIA B200,34168,2,287.47,50,1965,3996
2026-09-26T08:01:46.640000+00:00,0,NVIDIA B200,34168,0,195.29,48,1965,3996
2026-09-26T08:01:47.640000+00:00,0,NVIDIA B200,34168,0,194.93,48,1965,3996
2026-09-26T08:01:48.641000+00:00,0,NVIDIA B200,33494,39,280.82,52,1965,3996
2026-09-26T08:01:49.641000+00:00,0,NVIDIA B200,34168,37,336.48,54,1965,3996
2026-09-26T08:01:50.641000+00:00,0,NVIDIA B200,34168,0,196.55,48,1965,3996
2026-09-26T08:01:51.642000+00:00,0,NVIDIA B200,34168,0,194.92,48,1965,3996
2026-09-26T08:01:52.642000+00:00,0,NVIDIA B200,33494,37,269.15,51,1965,3996
2026-09-26T08:01:53.642000+00:00,0,NVIDIA B200,34148,21,347.57,52,1965,3996
2026-09-26T08:01:54.642000+00:00,0,NVIDIA B200,34148,0,223.48,49,1965,3996
2026-09-26T08:01:55.642000+00:00,0,NVIDIA B200,34148,0,195.06,48,1965,3996
2026-09-26T08:01:56.643000+00:00,0,NVIDIA B200,33494,40,220.83,50,1965,3996
2026-09-26T08:01:57.643000+00:00,0,NVIDIA B200,33808,12,351.58,51,1965,3996
2026-09-26T08:01:58.643000+00:00,0,NVIDIA B200,34168,0,248.31,49,1965,3996
2026-09-26T08:01:59.643000+00:00,0,NVIDIA B200,34168,0,195.08,48,1965,3996
2026-09-26T08:02:00.644000+00:00,0,NVIDIA B200,33494,3,197.38,48,1965,3996
2026-09-26T08:02:01.644000+00:00,0,NVIDIA B200,33690,9,368.73,50,1965,3996
2026-09-26T08:02:02.644000+00:00,0,NVIDIA B200,34168,0,257.46,49,1965,3996
2026-09-26T08:02:03.645000+00:00,0,NVIDIA B200,34168,0,195.42,49,1965,3996
2026-09-26T08:02:04.645000+00:00,0,NVIDIA B200,33494,3,198.32,49,1965,3996
2026-09-26T08:02:05.645000+00:00,0,NVIDIA B200,33586,10,366.17,51,1965,3996
2026-09-26T08:02:06.645000+00:00,0,NVIDIA B200,34178,0,250.35,49,1965,3996
2026-09-26T08:02:07.646000+00:00,0,NVIDIA B200,34178,0,195.54,49,1965,3996
2026-09-26T08:02:08.646000+00:00,0,NVIDIA B200,33406,3,197.44,49,1965,3996
2026-09-26T08:02:09.646000+00:00,0,NVIDIA B200,33488,9,350.17,51,1965,3996
2026-09-26T08:02:10.647000+00:00,0,NVIDIA B200,34210,0,262.67,49,1965,3996
2026-09-26T08:02:11.647000+00:00,0,NVIDIA B200,34210,0,195.71,49,1965,3996
2026-09-26T08:02:12.647000+00:00,0,NVIDIA B200,33404,4,195.70,49,1965,3996
2026-09-26T08:02:13.648000+00:00,0,NVIDIA B200,33464,4,351.21,51,1965,3996
2026-09-26T08:02:14.648000+00:00,0,NVIDIA B200,34168,0,269.28,50,1965,3996
2026-09-26T08:02:15.648000+00:00,0,NVIDIA B200,34168,0,195.93,49,1965,3996
2026-09-26T08:02:16.649000+00:00,0,NVIDIA B200,33418,0,195.56,49,1965,3996
2026-09-26T08:02:17.649000+00:00,0,NVIDIA B200,33406,40,347.63,52,1965,3996
2026-09-26T08:02:18.649000+00:00,0,NVIDIA B200,34168,0,289.44,50,1965,3996
2026-09-26T08:02:19.649000+00:00,0,NVIDIA B200,34168,0,196.09,49,1965,3996
2026-09-26T08:02:20.650000+00:00,0,NVIDIA B200,34168,0,195.66,49,1965,3996
2026-09-26T08:02:21.650000+00:00,0,NVIDIA B200,33494,37,300.04,52,1965,3996
2026-09-26T08:02:22.650000+00:00,0,NVIDIA B200,34086,19,304.38,51,1965,3996
2026-09-26T08:02:23.650000+00:00,0,NVIDIA B200,34086,0,196.45,49,1965,3996
2026-09-26T08:02:24.651000+00:00,0,NVIDIA B200,34086,0,195.74,49,1965,3996
2026-09-26T08:02:25.651000+00:00,0,NVIDIA B200,33494,38,271.05,52,1965,3996
2026-09-26T08:02:26.652000+00:00,0,NVIDIA B200,34168,21,333.06,55,1965,3996
2026-09-26T08:02:27.652000+00:00,0,NVIDIA B200,34168,0,215.90,49,1965,3996
2026-09-26T08:02:28.652000+00:00,0,NVIDIA B200,34168,0,195.94,49,1965,3996
2026-09-26T08:02:29.653000+00:00,0,NVIDIA B200,33494,32,219.27,51,1965,3996
2026-09-26T08:02:30.653000+00:00,0,NVIDIA B200,33866,12,346.51,51,1965,3996
2026-09-26T08:02:31.653000+00:00,0,NVIDIA B200,34168,0,246.66,49,1965,3996
2026-09-26T08:02:32.654000+00:00,0,NVIDIA B200,34168,0,195.61,49,1965,3996
2026-09-26T08:02:33.654000+00:00,0,NVIDIA B200,33494,4,198.96,49,1965,3996
2026-09-26T08:02:34.654000+00:00,0,NVIDIA B200,33544,9,368.60,51,1965,3996
2026-09-26T08:02:35.655000+00:00,0,NVIDIA B200,34134,0,266.90,49,1965,3996
2026-09-26T08:02:36.655000+00:00,0,NVIDIA B200,34134,0,195.79,49,1965,3996
2026-09-26T08:02:37.655000+00:00,0,NVIDIA B200,33404,4,196.58,49,1965,3996
2026-09-26T08:02:38.656000+00:00,0,NVIDIA B200,33464,4,348.93,51,1965,3996
2026-09-26T08:02:39.656000+00:00,0,NVIDIA B200,34086,0,266.34,50,1965,3996
2026-09-26T08:02:40.657000+00:00,0,NVIDIA B200,34086,0,196.22,49,1965,3996
2026-09-26T08:02:41.657000+00:00,0,NVIDIA B200,33418,0,195.49,49,1965,3996
2026-09-26T08:02:42.657000+00:00,0,NVIDIA B200,33468,38,335.32,53,1965,3996
2026-09-26T08:02:43.658000+00:00,0,NVIDIA B200,34150,0,279.30,50,1965,3996
2026-09-26T08:02:44.658000+00:00,0,NVIDIA B200,34150,0,196.05,49,1965,3996
2026-09-26T08:02:45.658000+00:00,0,NVIDIA B200,34150,0,195.56,49,1965,3996
2026-09-26T08:02:46.659000+00:00,0,NVIDIA B200,33494,37,317.21,53,1965,3996
2026-09-26T08:02:47.659000+00:00,0,NVIDIA B200,34236,26,319.68,51,1965,3996
2026-09-26T08:02:48.659000+00:00,0,NVIDIA B200,34236,0,196.12,49,1965,3996
2026-09-26T08:02:49.660000+00:00,0,NVIDIA B200,34236,0,195.73,49,1965,3996
2026-09-26T08:02:50.660000+00:00,0,NVIDIA B200,33494,39,266.34,52,1965,3996
2026-09-26T08:02:51.660000+00:00,0,NVIDIA B200,34128,22,332.52,53,1965,3996
2026-09-26T08:02:52.661000+00:00,0,NVIDIA B200,34128,0,218.56,49,1965,3996
2026-09-26T08:02:53.661000+00:00,0,NVIDIA B200,34128,0,195.71,49,1965,3996
2026-09-26T08:02:54.661000+00:00,0,NVIDIA B200,33494,39,245.81,51,1965,3996
2026-09-26T08:02:55.662000+00:00,0,NVIDIA B200,33860,21,325.86,52,1965,3996
2026-09-26T08:02:56.662000+00:00,0,NVIDIA B200,34128,0,232.20,49,1965,3996
2026-09-26T08:02:57.662000+00:00,0,NVIDIA B200,34128,0,195.49,49,1965,3996
2026-09-26T08:02:58.663000+00:00,0,NVIDIA B200,33494,38,231.58,51,1965,3996
2026-09-26T08:02:59.663000+00:00,0,NVIDIA B200,33838,14,355.00,50,1965,3996
2026-09-26T08:03:00.664000+00:00,0,NVIDIA B200,34168,0,250.01,49,1965,3996
2026-09-26T08:03:01.664000+00:00,0,NVIDIA B200,34168,0,195.91,49,1965,3996
2026-09-26T08:03:02.664000+00:00,0,NVIDIA B200,33494,3,197.94,49,1965,3996
2026-09-26T08:03:03.664000+00:00,0,NVIDIA B200,33760,9,366.22,51,1965,3996
2026-09-26T08:03:04.665000+00:00,0,NVIDIA B200,34168,0,255.62,49,1965,3996
2026-09-26T08:03:05.665000+00:00,0,NVIDIA B200,34168,0,195.71,49,1965,3996
2026-09-26T08:03:06.666000+00:00,0,NVIDIA B200,33494,4,199.25,49,1965,3996
2026-09-26T08:03:07.666000+00:00,0,NVIDIA B200,33576,11,359.51,51,1965,3996
2026-09-26T08:03:08.666000+00:00,0,NVIDIA B200,34168,0,250.69,50,1965,3996
2026-09-26T08:03:09.667000+00:00,0,NVIDIA B200,34168,0,195.70,49,1965,3996
2026-09-26T08:03:10.667000+00:00,0,NVIDIA B200,33494,3,198.26,49,1965,3996
2026-09-26T08:03:11.667000+00:00,0,NVIDIA B200,33586,10,355.52,51,1965,3996
2026-09-26T08:03:12.667000+00:00,0,NVIDIA B200,34168,0,259.71,50,1965,3996
2026-09-26T08:03:13.668000+00:00,0,NVIDIA B200,34168,0,195.68,49,1965,3996
2026-09-26T08:03:14.668000+00:00,0,NVIDIA B200,33494,2,201.65,49,1965,3996
2026-09-26T08:03:15.668000+00:00,0,NVIDIA B200,33686,8,352.29,51,1965,3996
2026-09-26T08:03:16.669000+00:00,0,NVIDIA B200,34168,0,259.28,50,1965,3996
2026-09-26T08:03:17.669000+00:00,0,NVIDIA B200,34168,0,195.85,49,1965,3996
2026-09-26T08:03:18.669000+00:00,0,NVIDIA B200,33494,4,213.09,49,1965,3996
2026-09-26T08:03:19.670000+00:00,0,NVIDIA B200,33866,10,355.34,51,1965,3996
2026-09-26T08:03:20.670000+00:00,0,NVIDIA B200,34168,0,261.91,49,1965,3996
2026-09-26T08:03:21.670000+00:00,0,NVIDIA B200,34168,0,195.98,49,1965,3996
2026-09-26T08:03:22.671000+00:00,0,NVIDIA B200,33494,24,221.50,51,1965,3996
2026-09-26T08:03:23.671000+00:00,0,NVIDIA B200,33808,12,346.15,50,1965,3996
2026-09-26T08:03:24.671000+00:00,0,NVIDIA B200,34168,0,251.68,49,1965,3996
2026-09-26T08:03:25.672000+00:00,0,NVIDIA B200,34168,0,195.82,49,1965,3996
2026-09-26T08:03:26.672000+00:00,0,NVIDIA B200,33494,30,226.42,51,1965,3996
2026-09-26T08:03:27.673000+00:00,0,NVIDIA B200,33896,13,348.31,52,1965,3996
2026-09-26T08:03:28.673000+00:00,0,NVIDIA B200,34128,0,253.60,49,1965,3996
2026-09-26T08:03:29.673000+00:00,0,NVIDIA B200,34128,0,195.82,49,1965,3996
2026-09-26T08:03:30.673000+00:00,0,NVIDIA B200,33494,32,228.45,51,1965,3996
2026-09-26T08:03:31.674000+00:00,0,NVIDIA B200,33866,11,344.80,51,1965,3996
2026-09-26T08:03:32.674000+00:00,0,NVIDIA B200,34168,0,249.24,49,1965,3996
2026-09-26T08:03:33.675000+00:00,0,NVIDIA B200,34168,0,195.76,49,1965,3996
2026-09-26T08:03:34.675000+00:00,0,NVIDIA B200,33494,37,226.51,51,1965,3996
2026-09-26T08:03:35.675000+00:00,0,NVIDIA B200,34048,14,349.17,51,1965,3996
2026-09-26T08:03:36.676000+00:00,0,NVIDIA B200,34168,0,246.97,49,1965,3996
2026-09-26T08:03:37.676000+00:00,0,NVIDIA B200,34168,0,195.98,49,1965,3996
2026-09-26T08:03:38.676000+00:00,0,NVIDIA B200,33494,40,234.55,52,1965,3996
2026-09-26T08:03:39.677000+00:00,0,NVIDIA B200,33872,17,349.44,53,1965,3996
2026-09-26T08:03:40.677000+00:00,0,NVIDIA B200,34168,0,230.79,49,1965,3996
2026-09-26T08:03:41.677000+00:00,0,NVIDIA B200,34168,0,195.70,49,1965,3996
2026-09-26T08:03:42.677000+00:00,0,NVIDIA B200,33494,39,264.86,52,1965,3996
2026-09-26T08:03:43.678000+00:00,0,NVIDIA B200,34086,25,342.42,52,1965,3996
2026-09-26T08:03:44.678000+00:00,0,NVIDIA B200,34086,0,214.38,49,1965,3996
2026-09-26T08:03:45.678000+00:00,0,NVIDIA B200,34086,0,195.83,49,1965,3996
2026-09-26T08:03:46.679000+00:00,0,NVIDIA B200,33494,40,279.47,53,1965,3996
2026-09-26T08:03:47.679000+00:00,0,NVIDIA B200,34210,43,337.38,52,1965,3996
2026-09-26T08:03:48.680000+00:00,0,NVIDIA B200,34210,0,198.72,49,1965,3996
2026-09-26T08:03:49.680000+00:00,0,NVIDIA B200,34210,0,195.87,49,1965,3996
2026-09-26T08:03:50.680000+00:00,0,NVIDIA B200,33494,40,292.14,52,1965,3996
2026-09-26T08:03:51.681000+00:00,0,NVIDIA B200,34168,44,326.98,54,1965,3996
