timestamp_utc,gpu_index,gpu_name,memory_mib,utilization_pct,power_w,temperature_c,sm_clock_mhz,memory_clock_mhz
2026-09-28T11:52:59.189000+00:00,0,NVIDIA B200,33194,0,189.36,36,1965,3996
2026-09-28T11:52:59.189000+00:00,1,NVIDIA B200,33194,0,185.32,33,1965,3996
2026-09-28T11:52:59.190000+00:00,2,NVIDIA B200,33194,0,188.47,36,1965,3996
2026-09-28T11:52:59.190000+00:00,3,NVIDIA B200,33194,0,183.23,32,1965,3996
2026-09-28T11:52:59.190000+00:00,4,NVIDIA B200,33194,0,188.86,36,1965,3996
2026-09-28T11:52:59.190000+00:00,5,NVIDIA B200,33194,0,187.31,32,1965,3996
2026-09-28T11:52:59.190000+00:00,6,NVIDIA B200,33194,0,195.28,42,1965,3996
2026-09-28T11:52:59.190000+00:00,7,NVIDIA B200,33194,0,188.48,32,1965,3996
2026-09-28T11:53:00.190000+00:00,0,NVIDIA B200,33194,0,190.03,36,1965,3996
2026-09-28T11:53:00.190000+00:00,1,NVIDIA B200,33194,0,185.33,33,1965,3996
2026-09-28T11:53:00.190000+00:00,2,NVIDIA B200,33194,0,188.49,36,1965,3996
2026-09-28T11:53:00.190000+00:00,3,NVIDIA B200,33216,0,184.18,32,1965,3996
2026-09-28T11:53:00.190000+00:00,4,NVIDIA B200,33194,0,188.91,36,1965,3996
2026-09-28T11:53:00.190000+00:00,5,NVIDIA B200,33216,1,187.86,32,1965,3996
2026-09-28T11:53:00.190000+00:00,6,NVIDIA B200,33194,0,195.26,42,1965,3996
2026-09-28T11:53:00.190000+00:00,7,NVIDIA B200,33194,0,188.47,32,1965,3996
2026-09-28T11:53:01.190000+00:00,0,NVIDIA B200,33194,0,189.27,36,1965,3996
2026-09-28T11:53:01.190000+00:00,1,NVIDIA B200,33194,0,185.51,33,1965,3996
2026-09-28T11:53:01.190000+00:00,2,NVIDIA B200,33218,2,189.76,36,1965,3996
2026-09-28T11:53:01.190000+00:00,3,NVIDIA B200,33218,0,185.47,32,1965,3996
2026-09-28T11:53:01.190000+00:00,4,NVIDIA B200,33194,0,189.06,36,1965,3996
2026-09-28T11:53:01.190000+00:00,5,NVIDIA B200,33218,0,188.65,32,1965,3996
2026-09-28T11:53:01.190000+00:00,6,NVIDIA B200,33216,0,196.50,42,1965,3996
2026-09-28T11:53:01.190000+00:00,7,NVIDIA B200,33218,0,191.35,32,1965,3996
2026-09-28T11:53:02.191000+00:00,0,NVIDIA B200,33218,1,192.80,36,1965,3996
2026-09-28T11:53:02.191000+00:00,1,NVIDIA B200,33226,0,185.37,33,1965,3996
2026-09-28T11:53:02.191000+00:00,2,NVIDIA B200,33218,0,189.85,36,1965,3996
2026-09-28T11:53:02.191000+00:00,3,NVIDIA B200,33346,0,189.97,32,1965,3996
2026-09-28T11:53:02.191000+00:00,4,NVIDIA B200,33194,0,188.93,36,1965,3996
2026-09-28T11:53:02.191000+00:00,5,NVIDIA B200,33346,0,195.15,32,1965,3996
2026-09-28T11:53:02.191000+00:00,6,NVIDIA B200,33218,0,197.13,42,1965,3996
2026-09-28T11:53:02.191000+00:00,7,NVIDIA B200,33346,0,195.43,32,1965,3996
2026-09-28T11:53:03.191000+00:00,0,NVIDIA B200,33218,0,189.48,36,1965,3996
2026-09-28T11:53:03.193000+00:00,1,NVIDIA B200,33218,2,188.38,33,1965,3996
2026-09-28T11:53:03.194000+00:00,2,NVIDIA B200,33218,0,188.63,36,1965,3996
2026-09-28T11:53:03.194000+00:00,3,NVIDIA B200,33346,0,182.94,32,1965,3996
2026-09-28T11:53:03.194000+00:00,4,NVIDIA B200,33216,2,189.80,36,1965,3996
2026-09-28T11:53:03.194000+00:00,5,NVIDIA B200,33346,0,187.01,32,1965,3996
2026-09-28T11:53:03.195000+00:00,6,NVIDIA B200,33218,0,195.37,42,1965,3996
2026-09-28T11:53:03.239000+00:00,7,NVIDIA B200,33346,0,188.33,32,1965,3996
2026-09-28T11:53:04.239000+00:00,0,NVIDIA B200,33218,0,189.96,36,1965,3996
2026-09-28T11:53:04.239000+00:00,1,NVIDIA B200,33218,0,185.41,33,1965,3996
2026-09-28T11:53:04.239000+00:00,2,NVIDIA B200,33218,0,188.53,36,1965,3996
2026-09-28T11:53:04.239000+00:00,3,NVIDIA B200,33346,0,182.88,32,1965,3996
2026-09-28T11:53:04.239000+00:00,4,NVIDIA B200,33218,0,189.93,36,1965,3996
2026-09-28T11:53:04.239000+00:00,5,NVIDIA B200,33346,0,186.93,32,1965,3996
2026-09-28T11:53:04.239000+00:00,6,NVIDIA B200,33218,0,195.31,42,1965,3996
2026-09-28T11:53:04.239000+00:00,7,NVIDIA B200,33346,0,188.14,32,1965,3996
2026-09-28T11:53:05.239000+00:00,0,NVIDIA B200,33218,0,189.80,36,1965,3996
2026-09-28T11:53:05.240000+00:00,1,NVIDIA B200,33218,0,185.46,33,1965,3996
2026-09-28T11:53:05.240000+00:00,2,NVIDIA B200,33538,0,188.52,36,1965,3996
2026-09-28T11:53:05.240000+00:00,3,NVIDIA B200,33538,42,223.36,33,1965,3996
2026-09-28T11:53:05.240000+00:00,4,NVIDIA B200,33218,0,189.12,36,1965,3996
2026-09-28T11:53:05.240000+00:00,5,NVIDIA B200,33538,31,231.35,33,1965,3996
2026-09-28T11:53:05.240000+00:00,6,NVIDIA B200,33538,25,237.68,43,1965,3996
2026-09-28T11:53:05.240000+00:00,7,NVIDIA B200,33538,43,230.87,33,1965,3996
2026-09-28T11:53:06.240000+00:00,0,NVIDIA B200,33366,0,189.49,36,1965,3996
2026-09-28T11:53:06.240000+00:00,1,NVIDIA B200,33218,0,185.54,33,1965,3996
2026-09-28T11:53:06.240000+00:00,2,NVIDIA B200,33538,0,232.93,36,1965,3996
2026-09-28T11:53:06.240000+00:00,3,NVIDIA B200,33538,0,204.70,33,1965,3996
2026-09-28T11:53:06.240000+00:00,4,NVIDIA B200,33366,0,188.96,36,1965,3996
2026-09-28T11:53:06.240000+00:00,5,NVIDIA B200,33538,0,218.95,33,1965,3996
2026-09-28T11:53:06.240000+00:00,6,NVIDIA B200,33538,0,227.36,43,1965,3996
2026-09-28T11:53:06.240000+00:00,7,NVIDIA B200,33538,0,202.01,32,1965,3996
2026-09-28T11:53:07.240000+00:00,0,NVIDIA B200,33494,0,193.77,36,1965,3996
2026-09-28T11:53:07.240000+00:00,1,NVIDIA B200,33366,0,185.29,33,1965,3996
2026-09-28T11:53:07.240000+00:00,2,NVIDIA B200,33538,0,223.92,36,1965,3996
2026-09-28T11:53:07.240000+00:00,3,NVIDIA B200,33538,0,202.44,32,1965,3996
2026-09-28T11:53:07.240000+00:00,4,NVIDIA B200,33366,0,188.65,36,1965,3996
2026-09-28T11:53:07.240000+00:00,5,NVIDIA B200,33538,0,199.35,32,1965,3996
2026-09-28T11:53:07.240000+00:00,6,NVIDIA B200,33538,0,206.30,42,1965,3996
2026-09-28T11:53:07.241000+00:00,7,NVIDIA B200,33538,0,209.73,32,1965,3996
2026-09-28T11:53:08.241000+00:00,0,NVIDIA B200,33494,0,188.74,36,1965,3996
2026-09-28T11:53:08.241000+00:00,1,NVIDIA B200,33366,0,185.13,33,1965,3996
2026-09-28T11:53:08.241000+00:00,2,NVIDIA B200,33538,0,188.34,36,1965,3996
2026-09-28T11:53:08.241000+00:00,3,NVIDIA B200,33538,0,182.97,32,1965,3996
2026-09-28T11:53:08.241000+00:00,4,NVIDIA B200,33366,0,188.70,36,1965,3996
2026-09-28T11:53:08.241000+00:00,5,NVIDIA B200,33538,0,187.04,32,1965,3996
2026-09-28T11:53:08.241000+00:00,6,NVIDIA B200,33538,0,195.14,42,1965,3996
2026-09-28T11:53:08.241000+00:00,7,NVIDIA B200,33538,0,188.21,32,1965,3996
2026-09-28T11:53:09.241000+00:00,0,NVIDIA B200,33494,0,189.72,36,1965,3996
2026-09-28T11:53:09.241000+00:00,1,NVIDIA B200,33366,0,185.03,33,1965,3996
2026-09-28T11:53:09.241000+00:00,2,NVIDIA B200,33538,0,188.25,36,1965,3996
2026-09-28T11:53:09.241000+00:00,3,NVIDIA B200,33538,0,182.91,32,1965,3996
2026-09-28T11:53:09.241000+00:00,4,NVIDIA B200,33366,0,188.55,36,1965,3996
2026-09-28T11:53:09.241000+00:00,5,NVIDIA B200,33540,0,186.90,32,1965,3996
2026-09-28T11:53:09.241000+00:00,6,NVIDIA B200,33540,0,194.99,42,1965,3996
2026-09-28T11:53:09.241000+00:00,7,NVIDIA B200,33538,0,188.20,32,1965,3996
2026-09-28T11:53:10.241000+00:00,0,NVIDIA B200,33520,0,251.52,36,1965,3996
2026-09-28T11:53:10.242000+00:00,1,NVIDIA B200,33520,13,245.80,34,1965,3996
2026-09-28T11:53:10.242000+00:00,2,NVIDIA B200,33564,0,252.63,37,1965,3996
2026-09-28T11:53:10.242000+00:00,3,NVIDIA B200,33564,0,246.88,33,1965,3996
2026-09-28T11:53:10.242000+00:00,4,NVIDIA B200,33520,0,250.46,37,1965,3996
2026-09-28T11:53:10.242000+00:00,5,NVIDIA B200,33564,0,247.95,33,1965,3996
2026-09-28T11:53:10.242000+00:00,6,NVIDIA B200,33566,0,255.72,42,1965,3996
2026-09-28T11:53:10.242000+00:00,7,NVIDIA B200,33564,0,250.46,33,1965,3996
2026-09-28T11:53:11.242000+00:00,0,NVIDIA B200,33520,0,190.24,36,1965,3996
2026-09-28T11:53:11.242000+00:00,1,NVIDIA B200,33520,0,185.89,33,1965,3996
2026-09-28T11:53:11.242000+00:00,2,NVIDIA B200,33564,0,189.07,36,1965,3996
2026-09-28T11:53:11.242000+00:00,3,NVIDIA B200,33564,0,183.80,32,1965,3996
2026-09-28T11:53:11.242000+00:00,4,NVIDIA B200,33520,0,189.43,36,1965,3996
2026-09-28T11:53:11.242000+00:00,5,NVIDIA B200,33564,0,187.79,32,1965,3996
2026-09-28T11:53:11.242000+00:00,6,NVIDIA B200,33566,0,195.89,42,1965,3996
2026-09-28T11:53:11.242000+00:00,7,NVIDIA B200,33564,0,189.07,32,1965,3996
2026-09-28T11:53:12.242000+00:00,0,NVIDIA B200,33520,21,207.25,36,1965,3996
2026-09-28T11:53:12.242000+00:00,1,NVIDIA B200,33520,47,202.69,34,1965,3996
2026-09-28T11:53:12.243000+00:00,2,NVIDIA B200,33564,0,205.58,37,1965,3996
2026-09-28T11:53:12.243000+00:00,3,NVIDIA B200,33564,10,200.66,33,1965,3996
2026-09-28T11:53:12.243000+00:00,4,NVIDIA B200,33520,15,206.97,36,1965,3996
2026-09-28T11:53:12.243000+00:00,5,NVIDIA B200,33564,30,203.71,32,1965,3996
2026-09-28T11:53:12.243000+00:00,6,NVIDIA B200,33566,0,212.80,43,1965,3996
2026-09-28T11:53:12.243000+00:00,7,NVIDIA B200,33564,32,206.24,33,1965,3996
2026-09-28T11:53:13.243000+00:00,0,NVIDIA B200,33520,0,208.49,36,1965,3996
2026-09-28T11:53:13.243000+00:00,1,NVIDIA B200,33520,12,189.28,33,1965,3996
2026-09-28T11:53:13.243000+00:00,2,NVIDIA B200,33564,28,206.82,36,1965,3996
2026-09-28T11:53:13.243000+00:00,3,NVIDIA B200,33564,2,200.65,33,1965,3996
2026-09-28T11:53:13.243000+00:00,4,NVIDIA B200,33520,1,207.60,36,1965,3996
2026-09-28T11:53:13.243000+00:00,5,NVIDIA B200,33564,1,204.94,32,1965,3996
2026-09-28T11:53:13.243000+00:00,6,NVIDIA B200,33566,35,214.33,42,1965,3996
2026-09-28T11:53:13.243000+00:00,7,NVIDIA B200,33564,1,205.65,33,1965,3996
2026-09-28T11:53:14.244000+00:00,0,NVIDIA B200,33520,0,190.20,36,1965,3996
2026-09-28T11:53:14.244000+00:00,1,NVIDIA B200,33520,0,185.38,33,1965,3996
2026-09-28T11:53:14.244000+00:00,2,NVIDIA B200,33564,0,188.77,36,1965,3996
2026-09-28T11:53:14.244000+00:00,3,NVIDIA B200,33564,0,183.28,32,1965,3996
2026-09-28T11:53:14.244000+00:00,4,NVIDIA B200,33520,0,189.01,36,1965,3996
2026-09-28T11:53:14.244000+00:00,5,NVIDIA B200,33564,0,187.24,32,1965,3996
2026-09-28T11:53:14.244000+00:00,6,NVIDIA B200,33566,0,195.49,42,1965,3996
2026-09-28T11:53:14.244000+00:00,7,NVIDIA B200,33564,0,188.59,32,1965,3996
2026-09-28T11:53:15.244000+00:00,0,NVIDIA B200,33520,0,189.35,36,1965,3996
2026-09-28T11:53:15.244000+00:00,1,NVIDIA B200,33520,0,185.25,33,1965,3996
2026-09-28T11:53:15.244000+00:00,2,NVIDIA B200,33564,0,188.62,36,1965,3996
2026-09-28T11:53:15.244000+00:00,3,NVIDIA B200,33564,0,183.30,32,1965,3996
2026-09-28T11:53:15.244000+00:00,4,NVIDIA B200,33520,0,189.00,36,1965,3996
2026-09-28T11:53:15.244000+00:00,5,NVIDIA B200,33564,0,187.32,32,1965,3996
2026-09-28T11:53:15.244000+00:00,6,NVIDIA B200,33566,0,195.43,42,1965,3996
2026-09-28T11:53:15.244000+00:00,7,NVIDIA B200,33564,0,188.47,32,1965,3996
2026-09-28T11:53:16.245000+00:00,0,NVIDIA B200,33520,0,217.92,36,1965,3996
2026-09-28T11:53:16.245000+00:00,1,NVIDIA B200,33520,0,211.97,33,1965,3996
2026-09-28T11:53:16.245000+00:00,2,NVIDIA B200,33564,0,215.15,36,1965,3996
2026-09-28T11:53:16.245000+00:00,3,NVIDIA B200,33564,0,207.40,33,1965,3996
2026-09-28T11:53:16.245000+00:00,4,NVIDIA B200,33520,0,215.31,36,1965,3996
2026-09-28T11:53:16.245000+00:00,5,NVIDIA B200,33564,4,212.93,32,1965,3996
2026-09-28T11:53:16.245000+00:00,6,NVIDIA B200,33566,22,221.73,42,1965,3996
2026-09-28T11:53:16.245000+00:00,7,NVIDIA B200,33564,48,214.41,33,1965,3996
2026-09-28T11:53:17.245000+00:00,0,NVIDIA B200,33520,0,189.73,36,1965,3996
2026-09-28T11:53:17.245000+00:00,1,NVIDIA B200,33520,0,185.56,33,1965,3996
2026-09-28T11:53:17.245000+00:00,2,NVIDIA B200,33564,0,188.99,36,1965,3996
2026-09-28T11:53:17.245000+00:00,3,NVIDIA B200,33564,0,183.49,32,1965,3996
2026-09-28T11:53:17.245000+00:00,4,NVIDIA B200,33520,0,189.28,36,1965,3996
2026-09-28T11:53:17.245000+00:00,5,NVIDIA B200,33564,0,187.46,32,1965,3996
2026-09-28T11:53:17.245000+00:00,6,NVIDIA B200,33566,0,195.78,42,1965,3996
2026-09-28T11:53:17.245000+00:00,7,NVIDIA B200,33564,0,188.90,32,1965,3996
2026-09-28T11:53:18.246000+00:00,0,NVIDIA B200,33616,40,321.31,40,1965,3996
2026-09-28T11:53:18.246000+00:00,1,NVIDIA B200,33616,41,302.11,37,1965,3996
2026-09-28T11:53:18.246000+00:00,2,NVIDIA B200,33660,39,309.17,40,1965,3996
2026-09-28T11:53:18.246000+00:00,3,NVIDIA B200,33660,37,293.96,36,1965,3996
2026-09-28T11:53:18.246000+00:00,4,NVIDIA B200,33616,36,291.36,40,1965,3996
2026-09-28T11:53:18.246000+00:00,5,NVIDIA B200,33660,39,319.59,36,1965,3996
2026-09-28T11:53:18.246000+00:00,6,NVIDIA B200,33662,40,314.24,45,1965,3996
2026-09-28T11:53:18.246000+00:00,7,NVIDIA B200,33662,39,288.94,36,1965,3996
2026-09-28T11:53:19.246000+00:00,0,NVIDIA B200,34168,15,276.91,38,1965,3996
2026-09-28T11:53:19.246000+00:00,1,NVIDIA B200,34200,36,277.98,38,1965,3996
2026-09-28T11:53:19.246000+00:00,2,NVIDIA B200,34178,18,275.87,39,1965,3996
2026-09-28T11:53:19.246000+00:00,3,NVIDIA B200,34258,20,284.91,35,1965,3996
2026-09-28T11:53:19.246000+00:00,4,NVIDIA B200,34128,44,302.25,38,1965,3996
2026-09-28T11:53:19.246000+00:00,5,NVIDIA B200,34170,21,268.37,35,1965,3996
2026-09-28T11:53:19.246000+00:00,6,NVIDIA B200,34252,23,292.11,46,1965,3996
2026-09-28T11:53:19.246000+00:00,7,NVIDIA B200,34250,22,289.63,34,1965,3996
2026-09-28T11:53:20.246000+00:00,0,NVIDIA B200,34168,0,190.04,37,1965,3996
2026-09-28T11:53:20.246000+00:00,1,NVIDIA B200,34200,0,185.85,33,1965,3996
2026-09-28T11:53:20.246000+00:00,2,NVIDIA B200,34178,0,189.18,37,1965,3996
2026-09-28T11:53:20.246000+00:00,3,NVIDIA B200,34258,0,183.70,33,1965,3996
2026-09-28T11:53:20.246000+00:00,4,NVIDIA B200,34128,0,189.72,37,1965,3996
2026-09-28T11:53:20.246000+00:00,5,NVIDIA B200,34170,0,187.75,33,1965,3996
2026-09-28T11:53:20.246000+00:00,6,NVIDIA B200,34252,0,196.39,43,1965,3996
2026-09-28T11:53:20.246000+00:00,7,NVIDIA B200,34250,0,190.20,33,1965,3996
2026-09-28T11:53:21.247000+00:00,0,NVIDIA B200,34168,0,190.25,36,1965,3996
2026-09-28T11:53:21.247000+00:00,1,NVIDIA B200,34200,0,185.38,33,1965,3996
2026-09-28T11:53:21.247000+00:00,2,NVIDIA B200,34178,0,188.82,36,1965,3996
2026-09-28T11:53:21.247000+00:00,3,NVIDIA B200,34258,0,183.29,33,1965,3996
2026-09-28T11:53:21.247000+00:00,4,NVIDIA B200,33404,4,190.44,37,1965,3996
2026-09-28T11:53:21.247000+00:00,5,NVIDIA B200,34170,0,187.43,32,1965,3996
2026-09-28T11:53:21.247000+00:00,6,NVIDIA B200,33512,0,196.55,42,1965,3996
2026-09-28T11:53:21.247000+00:00,7,NVIDIA B200,34250,0,188.63,32,1965,3996
2026-09-28T11:53:22.247000+00:00,0,NVIDIA B200,33404,4,190.42,36,1965,3996
2026-09-28T11:53:22.247000+00:00,1,NVIDIA B200,34200,0,185.24,33,1965,3996
2026-09-28T11:53:22.247000+00:00,2,NVIDIA B200,34178,0,188.61,36,1965,3996
2026-09-28T11:53:22.247000+00:00,3,NVIDIA B200,33538,27,223.74,35,1965,3996
2026-09-28T11:53:22.247000+00:00,4,NVIDIA B200,33466,5,342.70,39,1965,3996
2026-09-28T11:53:22.247000+00:00,5,NVIDIA B200,33538,38,333.12,36,1965,3996
2026-09-28T11:53:22.247000+00:00,6,NVIDIA B200,33514,27,353.16,44,1965,3996
2026-09-28T11:53:22.247000+00:00,7,NVIDIA B200,33538,27,227.31,35,1965,3996
2026-09-28T11:53:23.248000+00:00,0,NVIDIA B200,33516,7,343.75,38,1965,3996
2026-09-28T11:53:23.248000+00:00,1,NVIDIA B200,33494,35,314.98,36,1965,3996
2026-09-28T11:53:23.248000+00:00,2,NVIDIA B200,33510,0,189.25,36,1965,3996
2026-09-28T11:53:23.248000+00:00,3,NVIDIA B200,33970,13,326.72,35,1965,3996
2026-09-28T11:53:23.248000+00:00,4,NVIDIA B200,34128,0,253.64,38,1965,3996
2026-09-28T11:53:23.248000+00:00,5,NVIDIA B200,34178,0,273.78,34,1965,3996
2026-09-28T11:53:23.248000+00:00,6,NVIDIA B200,34170,0,260.59,44,1965,3996
2026-09-28T11:53:23.248000+00:00,7,NVIDIA B200,33970,13,343.07,37,1965,3996
2026-09-28T11:53:24.248000+00:00,0,NVIDIA B200,34146,0,251.97,37,1965,3996
2026-09-28T11:53:24.248000+00:00,1,NVIDIA B200,34168,0,285.44,35,1965,3996
2026-09-28T11:53:24.248000+00:00,2,NVIDIA B200,33514,36,340.84,39,1965,3996
2026-09-28T11:53:24.248000+00:00,3,NVIDIA B200,34178,0,213.36,33,1965,3996
2026-09-28T11:53:24.248000+00:00,4,NVIDIA B200,34128,0,189.40,37,1965,3996
2026-09-28T11:53:24.248000+00:00,5,NVIDIA B200,34178,0,187.74,33,1965,3996
2026-09-28T11:53:24.248000+00:00,6,NVIDIA B200,34170,0,195.98,43,1965,3996
2026-09-28T11:53:24.248000+00:00,7,NVIDIA B200,34178,0,233.94,33,1965,3996
2026-09-28T11:53:25.248000+00:00,0,NVIDIA B200,34146,0,190.46,37,1965,3996
2026-09-28T11:53:25.249000+00:00,1,NVIDIA B200,34168,0,185.97,33,1965,3996
2026-09-28T11:53:25.249000+00:00,2,NVIDIA B200,34258,0,259.42,38,1965,3996
2026-09-28T11:53:25.249000+00:00,3,NVIDIA B200,34178,0,183.36,33,1965,3996
2026-09-28T11:53:25.249000+00:00,4,NVIDIA B200,33496,37,258.89,40,1965,3996
2026-09-28T11:53:25.249000+00:00,5,NVIDIA B200,33512,0,189.99,33,1965,3996
2026-09-28T11:53:25.249000+00:00,6,NVIDIA B200,33540,33,254.16,45,1965,3996
2026-09-28T11:53:25.249000+00:00,7,NVIDIA B200,34178,0,188.60,33,1965,3996
2026-09-28T11:53:26.249000+00:00,0,NVIDIA B200,34146,0,189.84,36,1965,3996
2026-09-28T11:53:26.249000+00:00,1,NVIDIA B200,34168,0,185.55,33,1965,3996
2026-09-28T11:53:26.249000+00:00,2,NVIDIA B200,34258,0,189.27,37,1965,3996
2026-09-28T11:53:26.249000+00:00,3,NVIDIA B200,33514,3,186.02,33,1965,3996
2026-09-28T11:53:26.249000+00:00,4,NVIDIA B200,34236,23,326.93,40,1965,3996
2026-09-28T11:53:26.249000+00:00,5,NVIDIA B200,33514,25,327.64,34,1965,3996
2026-09-28T11:53:26.249000+00:00,6,NVIDIA B200,33852,12,331.29,47,1965,3996
2026-09-28T11:53:26.249000+00:00,7,NVIDIA B200,33538,7,207.66,35,1965,3996
2026-09-28T11:53:27.249000+00:00,0,NVIDIA B200,33494,38,254.35,39,1965,3996
2026-09-28T11:53:27.249000+00:00,1,NVIDIA B200,33418,0,185.29,33,1965,3996
2026-09-28T11:53:27.249000+00:00,2,NVIDIA B200,34258,0,188.78,36,1965,3996
2026-09-28T11:53:27.249000+00:00,3,NVIDIA B200,33574,10,337.85,35,1965,3996
2026-09-28T11:53:27.249000+00:00,4,NVIDIA B200,34236,0,212.87,37,1965,3996
2026-09-28T11:53:27.249000+00:00,5,NVIDIA B200,34170,0,259.89,33,1965,3996
2026-09-28T11:53:27.249000+00:00,6,NVIDIA B200,34170,0,230.75,43,1965,3996
2026-09-28T11:53:27.249000+00:00,7,NVIDIA B200,33862,11,327.62,34,1965,3996
2026-09-28T11:53:28.250000+00:00,0,NVIDIA B200,34174,22,335.09,39,1965,3996
2026-09-28T11:53:28.250000+00:00,1,NVIDIA B200,33406,36,331.15,37,1965,3996
2026-09-28T11:53:28.250000+00:00,2,NVIDIA B200,34258,0,188.66,36,1965,3996
2026-09-28T11:53:28.250000+00:00,3,NVIDIA B200,34250,0,242.93,33,1965,3996
2026-09-28T11:53:28.250000+00:00,4,NVIDIA B200,33402,0,189.58,37,1965,3996
2026-09-28T11:53:28.250000+00:00,5,NVIDIA B200,34170,0,187.54,33,1965,3996
2026-09-28T11:53:28.250000+00:00,6,NVIDIA B200,33510,0,195.95,43,1965,3996
2026-09-28T11:53:28.250000+00:00,7,NVIDIA B200,34130,0,245.17,33,1965,3996
2026-09-28T11:53:29.250000+00:00,0,NVIDIA B200,34174,0,214.76,37,1965,3996
2026-09-28T11:53:29.250000+00:00,1,NVIDIA B200,34168,0,269.36,35,1965,3996
2026-09-28T11:53:29.250000+00:00,2,NVIDIA B200,33538,37,256.23,39,1965,3996
2026-09-28T11:53:29.250000+00:00,3,NVIDIA B200,34250,0,183.46,33,1965,3996
2026-09-28T11:53:29.250000+00:00,4,NVIDIA B200,33470,37,339.91,39,1965,3996
2026-09-28T11:53:29.250000+00:00,5,NVIDIA B200,33538,3,191.62,33,1965,3996
2026-09-28T11:53:29.250000+00:00,6,NVIDIA B200,33512,35,346.33,47,1965,3996
2026-09-28T11:53:29.250000+00:00,7,NVIDIA B200,34130,0,188.74,33,1965,3996
2026-09-28T11:53:30.250000+00:00,0,NVIDIA B200,34174,0,190.41,37,1965,3996
2026-09-28T11:53:30.250000+00:00,1,NVIDIA B200,34168,0,185.87,33,1965,3996
2026-09-28T11:53:30.250000+00:00,2,NVIDIA B200,34178,14,344.48,41,1965,3996
2026-09-28T11:53:30.250000+00:00,3,NVIDIA B200,33510,0,184.24,33,1965,3996
2026-09-28T11:53:30.250000+00:00,4,NVIDIA B200,34168,0,266.01,38,1965,3996
2026-09-28T11:53:30.250000+00:00,5,NVIDIA B200,33640,9,354.99,35,1965,3996
2026-09-28T11:53:30.251000+00:00,6,NVIDIA B200,34088,0,276.77,44,1965,3996
2026-09-28T11:53:30.251000+00:00,7,NVIDIA B200,33538,3,206.11,35,1965,3996
2026-09-28T11:53:31.251000+00:00,0,NVIDIA B200,33404,3,189.95,37,1965,3996
2026-09-28T11:53:31.251000+00:00,1,NVIDIA B200,34168,0,185.59,33,1965,3996
2026-09-28T11:53:31.251000+00:00,2,NVIDIA B200,34178,0,213.36,37,1965,3996
2026-09-28T11:53:31.251000+00:00,3,NVIDIA B200,33514,36,329.74,36,1965,3996
2026-09-28T11:53:31.251000+00:00,4,NVIDIA B200,34168,0,189.71,37,1965,3996
2026-09-28T11:53:31.251000+00:00,5,NVIDIA B200,34130,0,248.71,33,1965,3996
2026-09-28T11:53:31.251000+00:00,6,NVIDIA B200,34088,0,196.75,43,1965,3996
2026-09-28T11:53:31.251000+00:00,7,NVIDIA B200,33900,12,351.93,35,1965,3996
2026-09-28T11:53:32.251000+00:00,0,NVIDIA B200,33470,3,332.80,39,1965,3996
2026-09-28T11:53:32.258000+00:00,1,NVIDIA B200,33404,2,186.77,33,1965,3996
2026-09-28T11:53:32.258000+00:00,2,NVIDIA B200,34178,0,189.22,37,1965,3996
2026-09-28T11:53:32.258000+00:00,3,NVIDIA B200,34170,0,261.17,34,1965,3996
2026-09-28T11:53:32.258000+00:00,4,NVIDIA B200,33486,2,192.37,37,1965,3996
2026-09-28T11:53:32.258000+00:00,5,NVIDIA B200,34130,0,187.74,33,1965,3996
2026-09-28T11:53:32.258000+00:00,6,NVIDIA B200,33514,2,197.99,43,1965,3996
2026-09-28T11:53:32.258000+00:00,7,NVIDIA B200,34250,0,236.23,33,1965,3996
2026-09-28T11:53:33.258000+00:00,0,NVIDIA B200,34146,0,267.31,38,1965,3996
2026-09-28T11:53:33.258000+00:00,1,NVIDIA B200,33460,10,337.74,35,1965,3996
2026-09-28T11:53:33.258000+00:00,2,NVIDIA B200,34178,0,189.03,37,1965,3996
2026-09-28T11:53:33.258000+00:00,3,NVIDIA B200,34170,0,183.65,33,1965,3996
2026-09-28T11:53:33.258000+00:00,4,NVIDIA B200,33598,11,350.03,39,1965,3996
2026-09-28T11:53:33.258000+00:00,5,NVIDIA B200,33538,30,246.77,35,1965,3996
2026-09-28T11:53:33.258000+00:00,6,NVIDIA B200,33566,3,358.16,45,1965,3996
2026-09-28T11:53:33.258000+00:00,7,NVIDIA B200,34250,0,188.97,33,1965,3996
2026-09-28T11:53:34.258000+00:00,0,NVIDIA B200,34146,0,190.67,37,1965,3996
2026-09-28T11:53:34.259000+00:00,1,NVIDIA B200,34226,0,259.07,34,1965,3996
2026-09-28T11:53:34.259000+00:00,2,NVIDIA B200,33510,0,189.66,37,1965,3996
2026-09-28T11:53:34.259000+00:00,3,NVIDIA B200,34170,0,183.36,33,1965,3996
2026-09-28T11:53:34.259000+00:00,4,NVIDIA B200,34086,0,252.48,38,1965,3996
2026-09-28T11:53:34.259000+00:00,5,NVIDIA B200,33962,11,330.19,35,1965,3996
2026-09-28T11:53:34.259000+00:00,6,NVIDIA B200,34088,0,255.04,44,1965,3996
2026-09-28T11:53:34.259000+00:00,7,NVIDIA B200,33538,3,196.61,34,1965,3996
2026-09-28T11:53:35.259000+00:00,0,NVIDIA B200,34146,0,190.10,37,1965,3996
2026-09-28T11:53:35.267000+00:00,1,NVIDIA B200,34226,0,185.87,33,1965,3996
2026-09-28T11:53:35.267000+00:00,2,NVIDIA B200,33514,39,355.33,40,1965,3996
2026-09-28T11:53:35.267000+00:00,3,NVIDIA B200,33538,37,268.93,36,1965,3996
2026-09-28T11:53:35.267000+00:00,4,NVIDIA B200,34086,0,189.96,37,1965,3996
2026-09-28T11:53:35.267000+00:00,5,NVIDIA B200,34170,0,213.33,33,1965,3996
2026-09-28T11:53:35.267000+00:00,6,NVIDIA B200,34088,0,196.34,43,1965,3996
2026-09-28T11:53:35.268000+00:00,7,NVIDIA B200,33582,10,321.96,34,1965,3996
2026-09-28T11:53:36.268000+00:00,0,NVIDIA B200,33494,37,242.55,39,1965,3996
2026-09-28T11:53:36.268000+00:00,1,NVIDIA B200,34226,0,185.58,33,1965,3996
2026-09-28T11:53:36.268000+00:00,2,NVIDIA B200,34250,0,261.35,38,1965,3996
2026-09-28T11:53:36.268000+00:00,3,NVIDIA B200,34170,21,326.03,35,1965,3996
2026-09-28T11:53:36.268000+00:00,4,NVIDIA B200,33496,37,282.47,41,1965,3996
2026-09-28T11:53:36.268000+00:00,5,NVIDIA B200,34170,0,187.68,33,1965,3996
2026-09-28T11:53:36.268000+00:00,6,NVIDIA B200,33540,31,262.08,46,1965,3996
2026-09-28T11:53:36.268000+00:00,7,NVIDIA B200,34258,0,253.87,33,1965,3996
2026-09-28T11:53:37.269000+00:00,0,NVIDIA B200,33870,16,339.55,39,1965,3996
2026-09-28T11:53:37.269000+00:00,1,NVIDIA B200,33494,29,210.85,35,1965,3996
2026-09-28T11:53:37.269000+00:00,2,NVIDIA B200,34250,0,189.45,37,1965,3996
2026-09-28T11:53:37.269000+00:00,3,NVIDIA B200,34170,0,185.83,33,1965,3996
2026-09-28T11:53:37.269000+00:00,4,NVIDIA B200,34168,16,326.92,43,1965,3996
2026-09-28T11:53:37.269000+00:00,5,NVIDIA B200,33538,38,301.59,36,1965,3996
2026-09-28T11:53:37.269000+00:00,6,NVIDIA B200,33962,14,336.54,45,1965,3996
2026-09-28T11:53:37.269000+00:00,7,NVIDIA B200,34258,0,189.09,33,1965,3996
2026-09-28T11:53:38.269000+00:00,0,NVIDIA B200,34196,0,217.81,37,1965,3996
2026-09-28T11:53:38.269000+00:00,1,NVIDIA B200,33818,9,333.40,35,1965,3996
2026-09-28T11:53:38.269000+00:00,2,NVIDIA B200,34250,0,189.13,37,1965,3996
2026-09-28T11:53:38.269000+00:00,3,NVIDIA B200,34170,0,183.39,33,1965,3996
2026-09-28T11:53:38.269000+00:00,4,NVIDIA B200,34168,0,199.20,38,1965,3996
2026-09-28T11:53:38.269000+00:00,5,NVIDIA B200,34178,19,306.94,34,1965,3996
2026-09-28T11:53:38.269000+00:00,6,NVIDIA B200,34088,0,233.35,43,1965,3996
2026-09-28T11:53:38.269000+00:00,7,NVIDIA B200,33514,3,190.94,33,1965,3996
2026-09-28T11:53:39.270000+00:00,0,NVIDIA B200,34196,0,190.69,37,1965,3996
2026-09-28T11:53:39.270000+00:00,1,NVIDIA B200,34184,0,244.90,34,1965,3996
2026-09-28T11:53:39.270000+00:00,2,NVIDIA B200,34250,0,188.89,37,1965,3996
2026-09-28T11:53:39.270000+00:00,3,NVIDIA B200,33538,3,199.72,34,1965,3996
2026-09-28T11:53:39.270000+00:00,4,NVIDIA B200,33406,3,192.01,37,1965,3996
2026-09-28T11:53:39.270000+00:00,5,NVIDIA B200,34178,0,187.98,33,1965,3996
2026-09-28T11:53:39.270000+00:00,6,NVIDIA B200,34088,0,196.24,43,1965,3996
2026-09-28T11:53:39.270000+00:00,7,NVIDIA B200,33566,8,350.04,35,1965,3996
2026-09-28T11:53:40.270000+00:00,0,NVIDIA B200,33402,0,189.85,37,1965,3996
2026-09-28T11:53:40.270000+00:00,1,NVIDIA B200,34184,0,185.81,33,1965,3996
2026-09-28T11:53:40.270000+00:00,2,NVIDIA B200,33538,3,218.32,38,1965,3996
2026-09-28T11:53:40.270000+00:00,3,NVIDIA B200,33682,9,327.20,34,1965,3996
2026-09-28T11:53:40.270000+00:00,4,NVIDIA B200,33488,7,350.50,40,1965,3996
2026-09-28T11:53:40.270000+00:00,5,NVIDIA B200,34178,0,187.60,33,1965,3996
2026-09-28T11:53:40.270000+00:00,6,NVIDIA B200,33540,37,326.15,46,1965,3996
2026-09-28T11:53:40.270000+00:00,7,NVIDIA B200,34170,0,260.24,33,1965,3996
2026-09-28T11:53:41.270000+00:00,0,NVIDIA B200,33470,23,356.96,40,1965,3996
2026-09-28T11:53:41.271000+00:00,1,NVIDIA B200,34184,0,185.59,33,1965,3996
2026-09-28T11:53:41.271000+00:00,2,NVIDIA B200,33812,10,351.16,39,1965,3996
2026-09-28T11:53:41.271000+00:00,3,NVIDIA B200,34178,0,238.89,33,1965,3996
2026-09-28T11:53:41.271000+00:00,4,NVIDIA B200,34128,0,257.95,38,1965,3996
2026-09-28T11:53:41.271000+00:00,5,NVIDIA B200,33538,37,343.98,37,1965,3996
2026-09-28T11:53:41.271000+00:00,6,NVIDIA B200,34088,33,288.17,45,1965,3996
2026-09-28T11:53:41.271000+00:00,7,NVIDIA B200,34170,0,189.20,33,1965,3996
2026-09-28T11:53:42.271000+00:00,0,NVIDIA B200,34174,0,263.85,38,1965,3996
2026-09-28T11:53:42.271000+00:00,1,NVIDIA B200,33494,36,302.02,36,1965,3996
2026-09-28T11:53:42.271000+00:00,2,NVIDIA B200,34142,0,234.53,37,1965,3996
2026-09-28T11:53:42.271000+00:00,3,NVIDIA B200,34178,0,183.58,33,1965,3996
2026-09-28T11:53:42.271000+00:00,4,NVIDIA B200,34128,0,189.93,38,1965,3996
2026-09-28T11:53:42.271000+00:00,5,NVIDIA B200,34258,0,271.24,34,1965,3996
2026-09-28T11:53:42.271000+00:00,6,NVIDIA B200,34088,0,196.82,43,1965,3996
2026-09-28T11:53:42.271000+00:00,7,NVIDIA B200,33510,0,188.79,33,1965,3996
2026-09-28T11:53:43.271000+00:00,0,NVIDIA B200,34174,0,190.95,37,1965,3996
2026-09-28T11:53:43.271000+00:00,1,NVIDIA B200,34086,25,308.94,36,1965,3996
2026-09-28T11:53:43.271000+00:00,2,NVIDIA B200,34142,0,189.24,37,1965,3996
2026-09-28T11:53:43.271000+00:00,3,NVIDIA B200,33510,0,183.99,33,1965,3996
2026-09-28T11:53:43.271000+00:00,4,NVIDIA B200,33496,37,283.78,41,1965,3996
2026-09-28T11:53:43.272000+00:00,5,NVIDIA B200,34258,0,187.99,33,1965,3996
2026-09-28T11:53:43.272000+00:00,6,NVIDIA B200,33514,3,200.20,43,1965,3996
2026-09-28T11:53:43.272000+00:00,7,NVIDIA B200,33514,38,337.45,36,1965,3996
2026-09-28T11:53:44.272000+00:00,0,NVIDIA B200,34174,0,189.97,37,1965,3996
2026-09-28T11:53:44.272000+00:00,1,NVIDIA B200,34086,0,186.16,34,1965,3996
2026-09-28T11:53:44.272000+00:00,2,NVIDIA B200,34142,0,189.03,37,1965,3996
2026-09-28T11:53:44.272000+00:00,3,NVIDIA B200,33514,38,330.44,35,1965,3996
2026-09-28T11:53:44.272000+00:00,4,NVIDIA B200,34236,40,329.98,40,1965,3996
2026-09-28T11:53:44.272000+00:00,5,NVIDIA B200,33510,0,187.79,33,1965,3996
2026-09-28T11:53:44.272000+00:00,6,NVIDIA B200,33566,5,357.16,45,1965,3996
2026-09-28T11:53:44.272000+00:00,7,NVIDIA B200,34142,0,272.12,34,1965,3996
2026-09-28T11:53:45.272000+00:00,0,NVIDIA B200,33494,16,207.48,38,1965,3996
2026-09-28T11:53:45.272000+00:00,1,NVIDIA B200,34086,0,185.57,33,1965,3996
2026-09-28T11:53:45.272000+00:00,2,NVIDIA B200,34142,0,188.91,37,1965,3996
2026-09-28T11:53:45.272000+00:00,3,NVIDIA B200,34178,0,250.86,34,1965,3996
2026-09-28T11:53:45.272000+00:00,4,NVIDIA B200,34236,0,190.71,38,1965,3996
2026-09-28T11:53:45.272000+00:00,5,NVIDIA B200,33516,38,347.42,35,1965,3996
2026-09-28T11:53:45.272000+00:00,6,NVIDIA B200,34088,0,260.48,44,1965,3996
2026-09-28T11:53:45.272000+00:00,7,NVIDIA B200,34142,0,189.22,33,1965,3996
2026-09-28T11:53:46.273000+00:00,0,NVIDIA B200,33718,9,334.42,39,1965,3996
2026-09-28T11:53:46.273000+00:00,1,NVIDIA B200,33434,0,185.57,33,1965,3996
2026-09-28T11:53:46.273000+00:00,2,NVIDIA B200,33538,39,301.23,40,1965,3996
2026-09-28T11:53:46.273000+00:00,3,NVIDIA B200,34178,0,184.03,33,1965,3996
2026-09-28T11:53:46.273000+00:00,4,NVIDIA B200,33406,3,191.74,38,1965,3996
2026-09-28T11:53:46.273000+00:00,5,NVIDIA B200,34170,0,259.04,34,1965,3996
2026-09-28T11:53:46.273000+00:00,6,NVIDIA B200,34088,0,196.71,43,1965,3996
2026-09-28T11:53:46.273000+00:00,7,NVIDIA B200,34142,0,189.07,33,1965,3996
2026-09-28T11:53:47.273000+00:00,0,NVIDIA B200,34128,0,249.62,38,1965,3996
2026-09-28T11:53:47.273000+00:00,1,NVIDIA B200,33406,36,333.16,36,1965,3996
2026-09-28T11:53:47.273000+00:00,2,NVIDIA B200,34178,21,306.67,40,1965,3996
2026-09-28T11:53:47.273000+00:00,3,NVIDIA B200,34178,0,183.61,33,1965,3996
2026-09-28T11:53:47.273000+00:00,4,NVIDIA B200,33600,10,349.94,39,1965,3996
2026-09-28T11:53:47.273000+00:00,5,NVIDIA B200,34170,0,187.73,33,1965,3996
2026-09-28T11:53:47.273000+00:00,6,NVIDIA B200,33540,37,267.65,46,1965,3996
2026-09-28T11:53:47.273000+00:00,7,NVIDIA B200,33538,38,278.63,36,1965,3996
2026-09-28T11:53:48.273000+00:00,0,NVIDIA B200,34128,0,190.77,37,1965,3996
2026-09-28T11:53:48.273000+00:00,1,NVIDIA B200,34132,0,262.46,35,1965,3996
2026-09-28T11:53:48.273000+00:00,2,NVIDIA B200,34178,0,189.71,37,1965,3996
2026-09-28T11:53:48.273000+00:00,3,NVIDIA B200,33538,36,287.98,36,1965,3996
2026-09-28T11:53:48.273000+00:00,4,NVIDIA B200,34178,0,250.29,38,1965,3996
2026-09-28T11:53:48.273000+00:00,5,NVIDIA B200,33512,1,189.96,33,1965,3996
2026-09-28T11:53:48.273000+00:00,6,NVIDIA B200,34170,16,339.44,48,1965,3996
2026-09-28T11:53:48.273000+00:00,7,NVIDIA B200,34130,42,341.86,36,1965,3996
2026-09-28T11:53:49.274000+00:00,0,NVIDIA B200,34128,0,190.03,37,1965,3996
2026-09-28T11:53:49.274000+00:00,1,NVIDIA B200,34132,0,185.86,34,1965,3996
2026-09-28T11:53:49.274000+00:00,2,NVIDIA B200,34178,0,189.32,37,1965,3996
2026-09-28T11:53:49.274000+00:00,3,NVIDIA B200,34178,38,296.16,35,1965,3996
2026-09-28T11:53:49.274000+00:00,4,NVIDIA B200,34178,0,190.07,38,1965,3996
2026-09-28T11:53:49.274000+00:00,5,NVIDIA B200,33592,4,333.14,35,1965,3996
2026-09-28T11:53:49.274000+00:00,6,NVIDIA B200,34170,0,226.74,44,1965,3996
2026-09-28T11:53:49.274000+00:00,7,NVIDIA B200,34130,0,193.21,33,1965,3996
2026-09-28T11:53:50.274000+00:00,0,NVIDIA B200,33494,38,295.57,40,1965,3996
2026-09-28T11:53:50.274000+00:00,1,NVIDIA B200,34132,0,185.55,33,1965,3996
2026-09-28T11:53:50.274000+00:00,2,NVIDIA B200,34178,0,189.05,37,1965,3996
2026-09-28T11:53:50.274000+00:00,3,NVIDIA B200,34178,0,184.08,33,1965,3996
2026-09-28T11:53:50.274000+00:00,4,NVIDIA B200,33496,33,295.56,41,1965,3996
2026-09-28T11:53:50.274000+00:00,5,NVIDIA B200,34170,0,254.53,34,1965,3996
2026-09-28T11:53:50.274000+00:00,6,NVIDIA B200,34170,0,196.58,43,1965,3996
2026-09-28T11:53:50.274000+00:00,7,NVIDIA B200,34130,0,189.07,33,1965,3996
2026-09-28T11:53:51.274000+00:00,0,NVIDIA B200,34146,35,314.11,40,1965,3996
2026-09-28T11:53:51.274000+00:00,1,NVIDIA B200,34132,0,185.59,33,1965,3996
2026-09-28T11:53:51.274000+00:00,2,NVIDIA B200,33510,0,189.22,37,1965,3996
2026-09-28T11:53:51.274000+00:00,3,NVIDIA B200,34178,0,183.65,33,1965,3996
2026-09-28T11:53:51.274000+00:00,4,NVIDIA B200,34236,31,310.01,40,1965,3996
2026-09-28T11:53:51.274000+00:00,5,NVIDIA B200,34170,0,187.94,33,1965,3996
2026-09-28T11:53:51.274000+00:00,6,NVIDIA B200,33512,37,344.77,47,1965,3996
2026-09-28T11:53:51.274000+00:00,7,NVIDIA B200,33538,38,214.19,35,1965,3996
2026-09-28T11:53:52.275000+00:00,0,NVIDIA B200,34146,0,191.74,37,1965,3996
2026-09-28T11:53:52.283000+00:00,1,NVIDIA B200,33494,36,328.79,36,1965,3996
2026-09-28T11:53:52.283000+00:00,2,NVIDIA B200,33536,35,339.51,40,1965,3996
2026-09-28T11:53:52.283000+00:00,3,NVIDIA B200,33538,6,207.52,34,1965,3996
2026-09-28T11:53:52.283000+00:00,4,NVIDIA B200,34236,0,190.64,38,1965,3996
2026-09-28T11:53:52.283000+00:00,5,NVIDIA B200,33514,2,190.69,33,1965,3996
2026-09-28T11:53:52.283000+00:00,6,NVIDIA B200,34178,33,278.16,45,1965,3996
2026-09-28T11:53:52.283000+00:00,7,NVIDIA B200,33664,6,331.74,34,1965,3996
2026-09-28T11:53:53.283000+00:00,0,NVIDIA B200,34146,0,190.20,37,1965,3996
2026-09-28T11:53:53.283000+00:00,1,NVIDIA B200,34198,0,283.95,35,1965,3996
2026-09-28T11:53:53.283000+00:00,2,NVIDIA B200,34178,27,268.07,39,1965,3996
2026-09-28T11:53:53.283000+00:00,3,NVIDIA B200,33700,7,339.50,34,1965,3996
2026-09-28T11:53:53.283000+00:00,4,NVIDIA B200,33406,3,193.34,38,1965,3996
2026-09-28T11:53:53.283000+00:00,5,NVIDIA B200,33566,7,331.17,36,1965,3996
2026-09-28T11:53:53.283000+00:00,6,NVIDIA B200,34178,0,197.30,43,1965,3996
2026-09-28T11:53:53.284000+00:00,7,NVIDIA B200,34142,0,245.85,33,1965,3996
2026-09-28T11:53:54.284000+00:00,0,NVIDIA B200,33404,3,191.87,37,1965,3996
2026-09-28T11:53:54.284000+00:00,1,NVIDIA B200,34198,0,186.07,34,1965,3996
2026-09-28T11:53:54.284000+00:00,2,NVIDIA B200,34178,0,189.62,37,1965,3996
2026-09-28T11:53:54.284000+00:00,3,NVIDIA B200,34258,0,230.71,33,1965,3996
2026-09-28T11:53:54.284000+00:00,4,NVIDIA B200,33540,9,343.59,40,1965,3996
2026-09-28T11:53:54.284000+00:00,5,NVIDIA B200,34130,0,249.92,34,1965,3996
2026-09-28T11:53:54.284000+00:00,6,NVIDIA B200,33514,0,198.25,43,1965,3996
2026-09-28T11:53:54.284000+00:00,7,NVIDIA B200,34142,0,189.15,33,1965,3996
2026-09-28T11:53:55.284000+00:00,0,NVIDIA B200,33474,37,342.48,41,1965,3996
2026-09-28T11:53:55.294000+00:00,1,NVIDIA B200,34198,0,185.71,33,1965,3996
2026-09-28T11:53:55.295000+00:00,2,NVIDIA B200,34178,0,189.55,37,1965,3996
2026-09-28T11:53:55.295000+00:00,3,NVIDIA B200,34258,0,183.76,33,1965,3996
2026-09-28T11:53:55.295000+00:00,4,NVIDIA B200,34236,0,260.98,39,1965,3996
2026-09-28T11:53:55.295000+00:00,5,NVIDIA B200,34130,0,188.06,33,1965,3996
2026-09-28T11:53:55.295000+00:00,6,NVIDIA B200,33514,36,350.00,45,1965,3996
2026-09-28T11:53:55.295000+00:00,7,NVIDIA B200,33512,3,191.17,33,1965,3996
2026-09-28T11:53:56.295000+00:00,0,NVIDIA B200,34146,0,261.28,39,1965,3996
2026-09-28T11:53:56.296000+00:00,1,NVIDIA B200,34198,0,185.66,33,1965,3996
2026-09-28T11:53:56.296000+00:00,2,NVIDIA B200,34178,0,189.37,37,1965,3996
2026-09-28T11:53:56.296000+00:00,3,NVIDIA B200,33516,3,185.58,33,1965,3996
2026-09-28T11:53:56.296000+00:00,4,NVIDIA B200,34236,0,190.39,38,1965,3996
2026-09-28T11:53:56.296000+00:00,5,NVIDIA B200,33538,8,213.40,35,1965,3996
2026-09-28T11:53:56.297000+00:00,6,NVIDIA B200,34250,0,267.38,45,1965,3996
2026-09-28T11:53:56.297000+00:00,7,NVIDIA B200,33514,6,359.98,35,1965,3996
2026-09-28T11:53:57.297000+00:00,0,NVIDIA B200,34146,0,190.63,37,1965,3996
2026-09-28T11:53:57.297000+00:00,1,NVIDIA B200,33494,36,311.84,37,1965,3996
2026-09-28T11:53:57.297000+00:00,2,NVIDIA B200,33510,0,190.30,37,1965,3996
2026-09-28T11:53:57.297000+00:00,3,NVIDIA B200,33574,3,326.15,35,1965,3996
2026-09-28T11:53:57.297000+00:00,4,NVIDIA B200,33496,37,221.05,40,1965,3996
2026-09-28T11:53:57.297000+00:00,5,NVIDIA B200,33744,11,332.37,35,1965,3996
2026-09-28T11:53:57.297000+00:00,6,NVIDIA B200,34250,0,197.35,43,1965,3996
2026-09-28T11:53:57.297000+00:00,7,NVIDIA B200,34250,0,256.48,34,1965,3996
2026-09-28T11:53:58.297000+00:00,0,NVIDIA B200,34146,0,190.39,37,1965,3996
2026-09-28T11:53:58.297000+00:00,1,NVIDIA B200,34236,0,286.29,35,1965,3996
2026-09-28T11:53:58.297000+00:00,2,NVIDIA B200,33514,37,352.17,39,1965,3996
2026-09-28T11:53:58.297000+00:00,3,NVIDIA B200,34178,0,249.12,34,1965,3996
2026-09-28T11:53:58.297000+00:00,4,NVIDIA B200,33740,15,330.29,39,1965,3996
2026-09-28T11:53:58.297000+00:00,5,NVIDIA B200,34142,0,237.71,33,1965,3996
2026-09-28T11:53:58.297000+00:00,6,NVIDIA B200,33540,4,217.84,45,1965,3996
2026-09-28T11:53:58.297000+00:00,7,NVIDIA B200,34250,0,189.35,33,1965,3996
2026-09-28T11:53:59.297000+00:00,0,NVIDIA B200,33494,4,195.19,37,1965,3996
2026-09-28T11:53:59.297000+00:00,1,NVIDIA B200,34236,0,186.07,34,1965,3996
2026-09-28T11:53:59.297000+00:00,2,NVIDIA B200,34178,0,259.28,38,1965,3996
2026-09-28T11:53:59.297000+00:00,3,NVIDIA B200,34178,0,183.80,33,1965,3996
2026-09-28T11:53:59.297000+00:00,4,NVIDIA B200,34236,0,245.92,38,1965,3996
2026-09-28T11:53:59.297000+00:00,5,NVIDIA B200,34142,0,187.73,33,1965,3996
2026-09-28T11:53:59.298000+00:00,6,NVIDIA B200,33836,10,350.81,45,1965,3996
2026-09-28T11:53:59.298000+00:00,7,NVIDIA B200,33510,0,189.12,33,1965,3996
2026-09-28T11:54:00.298000+00:00,0,NVIDIA B200,33610,10,360.85,39,1965,3996
2026-09-28T11:54:00.298000+00:00,1,NVIDIA B200,34236,0,185.68,33,1965,3996
2026-09-28T11:54:00.298000+00:00,2,NVIDIA B200,34178,0,189.74,37,1965,3996
2026-09-28T11:54:00.298000+00:00,3,NVIDIA B200,34178,0,183.43,33,1965,3996
2026-09-28T11:54:00.298000+00:00,4,NVIDIA B200,34236,0,190.28,38,1965,3996
2026-09-28T11:54:00.298000+00:00,5,NVIDIA B200,33538,38,238.36,36,1965,3996
2026-09-28T11:54:00.298000+00:00,6,NVIDIA B200,34130,0,255.70,44,1965,3996
2026-09-28T11:54:00.298000+00:00,7,NVIDIA B200,33514,37,332.92,35,1965,3996
2026-09-28T11:54:01.298000+00:00,0,NVIDIA B200,34174,0,248.66,38,1965,3996
2026-09-28T11:54:01.298000+00:00,1,NVIDIA B200,33418,0,185.53,33,1965,3996
2026-09-28T11:54:01.298000+00:00,2,NVIDIA B200,34178,0,189.73,37,1965,3996
2026-09-28T11:54:01.298000+00:00,3,NVIDIA B200,33538,39,303.82,37,1965,3996
2026-09-28T11:54:01.298000+00:00,4,NVIDIA B200,33496,37,312.03,42,1965,3996
2026-09-28T11:54:01.298000+00:00,5,NVIDIA B200,33962,20,321.01,35,1965,3996
2026-09-28T11:54:01.298000+00:00,6,NVIDIA B200,34130,0,196.91,43,1965,3996
2026-09-28T11:54:01.298000+00:00,7,NVIDIA B200,34170,0,261.25,34,1965,3996
2026-09-28T11:54:02.298000+00:00,0,NVIDIA B200,34174,0,190.55,37,1965,3996
2026-09-28T11:54:02.298000+00:00,1,NVIDIA B200,33406,37,326.58,37,1965,3996
2026-09-28T11:54:02.298000+00:00,2,NVIDIA B200,34178,0,189.10,37,1965,3996
2026-09-28T11:54:02.298000+00:00,3,NVIDIA B200,34258,28,282.90,35,1965,3996
2026-09-28T11:54:02.298000+00:00,4,NVIDIA B200,34168,0,297.74,40,1965,3996
2026-09-28T11:54:02.298000+00:00,5,NVIDIA B200,34170,0,218.74,33,1965,3996
2026-09-28T11:54:02.299000+00:00,6,NVIDIA B200,33540,36,310.79,47,1965,3996
2026-09-28T11:54:02.299000+00:00,7,NVIDIA B200,34170,0,189.35,33,1965,3996
2026-09-28T11:54:03.299000+00:00,0,NVIDIA B200,34174,0,190.84,37,1965,3996
2026-09-28T11:54:03.299000+00:00,1,NVIDIA B200,34132,0,280.65,35,1965,3996
2026-09-28T11:54:03.299000+00:00,2,NVIDIA B200,33538,3,213.10,39,1965,3996
2026-09-28T11:54:03.299000+00:00,3,NVIDIA B200,34258,0,184.01,33,1965,3996
2026-09-28T11:54:03.299000+00:00,4,NVIDIA B200,34168,0,190.59,38,1965,3996
2026-09-28T11:54:03.299000+00:00,5,NVIDIA B200,34170,0,187.90,33,1965,3996
2026-09-28T11:54:03.299000+00:00,6,NVIDIA B200,34130,21,310.58,45,1965,3996
2026-09-28T11:54:03.299000+00:00,7,NVIDIA B200,34170,0,188.94,33,1965,3996
2026-09-28T11:54:04.299000+00:00,0,NVIDIA B200,33494,38,273.51,40,1965,3996
2026-09-28T11:54:04.299000+00:00,1,NVIDIA B200,34132,0,185.98,34,1965,3996
2026-09-28T11:54:04.299000+00:00,2,NVIDIA B200,33756,9,344.06,39,1965,3996
2026-09-28T11:54:04.299000+00:00,3,NVIDIA B200,34258,0,183.46,33,1965,3996
2026-09-28T11:54:04.299000+00:00,4,NVIDIA B200,33496,26,205.29,40,1965,3996
2026-09-28T11:54:04.299000+00:00,5,NVIDIA B200,33538,37,272.05,36,1965,3996
2026-09-28T11:54:04.299000+00:00,6,NVIDIA B200,34130,0,198.09,44,1965,3996
2026-09-28T11:54:04.299000+00:00,7,NVIDIA B200,33514,37,339.59,36,1965,3996
2026-09-28T11:54:05.299000+00:00,0,NVIDIA B200,34146,26,331.23,41,1965,3996
2026-09-28T11:54:05.299000+00:00,1,NVIDIA B200,34132,0,185.67,33,1965,3996
2026-09-28T11:54:05.299000+00:00,2,NVIDIA B200,34130,0,242.29,38,1965,3996
2026-09-28T11:54:05.299000+00:00,3,NVIDIA B200,33538,38,248.34,36,1965,3996
2026-09-28T11:54:05.299000+00:00,4,NVIDIA B200,33762,12,348.25,40,1965,3996
2026-09-28T11:54:05.300000+00:00,5,NVIDIA B200,34170,20,329.72,37,1965,3996
2026-09-28T11:54:05.300000+00:00,6,NVIDIA B200,34130,0,196.81,43,1965,3996
2026-09-28T11:54:05.300000+00:00,7,NVIDIA B200,34170,0,260.91,34,1965,3996
2026-09-28T11:54:06.300000+00:00,0,NVIDIA B200,34146,0,192.84,38,1965,3996
2026-09-28T11:54:06.300000+00:00,1,NVIDIA B200,33402,0,185.47,33,1965,3996
2026-09-28T11:54:06.300000+00:00,2,NVIDIA B200,34130,0,189.71,37,1965,3996
2026-09-28T11:54:06.300000+00:00,3,NVIDIA B200,34170,17,320.08,35,1965,3996
2026-09-28T11:54:06.300000+00:00,4,NVIDIA B200,34168,0,246.32,39,1965,3996
2026-09-28T11:54:06.300000+00:00,5,NVIDIA B200,34170,0,188.61,33,1965,3996
2026-09-28T11:54:06.300000+00:00,6,NVIDIA B200,34130,0,196.37,43,1965,3996
2026-09-28T11:54:06.300000+00:00,7,NVIDIA B200,34170,0,189.40,33,1965,3996
2026-09-28T11:54:07.300000+00:00,0,NVIDIA B200,34146,0,191.17,37,1965,3996
2026-09-28T11:54:07.300000+00:00,1,NVIDIA B200,33406,36,341.21,36,1965,3996
2026-09-28T11:54:07.300000+00:00,2,NVIDIA B200,34130,0,189.41,37,1965,3996
2026-09-28T11:54:07.300000+00:00,3,NVIDIA B200,34170,0,195.57,33,1965,3996
2026-09-28T11:54:07.300000+00:00,4,NVIDIA B200,34168,0,190.39,38,1965,3996
2026-09-28T11:54:07.300000+00:00,5,NVIDIA B200,34170,0,187.88,33,1965,3996
2026-09-28T11:54:07.300000+00:00,6,NVIDIA B200,34130,0,196.33,43,1965,3996
2026-09-28T11:54:07.300000+00:00,7,NVIDIA B200,33510,0,189.16,33,1965,3996
2026-09-28T11:54:08.300000+00:00,0,NVIDIA B200,33406,2,193.40,37,1965,3996
2026-09-28T11:54:08.300000+00:00,1,NVIDIA B200,34226,0,256.61,35,1965,3996
2026-09-28T11:54:08.300000+00:00,2,NVIDIA B200,34130,0,189.24,37,1965,3996
2026-09-28T11:54:08.301000+00:00,3,NVIDIA B200,34170,0,183.76,33,1965,3996
2026-09-28T11:54:08.301000+00:00,4,NVIDIA B200,34168,0,190.14,38,1965,3996
2026-09-28T11:54:08.301000+00:00,5,NVIDIA B200,33538,38,298.95,37,1965,3996
2026-09-28T11:54:08.301000+00:00,6,NVIDIA B200,34130,0,196.25,43,1965,3996
2026-09-28T11:54:08.301000+00:00,7,NVIDIA B200,33514,38,331.96,37,1965,3996
2026-09-28T11:54:09.301000+00:00,0,NVIDIA B200,33496,9,357.39,39,1965,3996
2026-09-28T11:54:09.301000+00:00,1,NVIDIA B200,34226,0,185.87,34,1965,3996
2026-09-28T11:54:09.301000+00:00,2,NVIDIA B200,33538,39,301.88,41,1965,3996
2026-09-28T11:54:09.301000+00:00,3,NVIDIA B200,33538,37,255.62,36,1965,3996
2026-09-28T11:54:09.301000+00:00,4,NVIDIA B200,34168,0,189.79,38,1965,3996
2026-09-28T11:54:09.301000+00:00,5,NVIDIA B200,34178,31,302.65,35,1965,3996
2026-09-28T11:54:09.301000+00:00,6,NVIDIA B200,34130,0,196.15,43,1965,3996
2026-09-28T11:54:09.301000+00:00,7,NVIDIA B200,34142,0,274.55,34,1965,3996
2026-09-28T11:54:10.301000+00:00,0,NVIDIA B200,34146,0,257.74,38,1965,3996
2026-09-28T11:54:10.301000+00:00,1,NVIDIA B200,34226,0,185.68,33,1965,3996
2026-09-28T11:54:10.301000+00:00,2,NVIDIA B200,34142,22,322.44,39,1965,3996
2026-09-28T11:54:10.301000+00:00,3,NVIDIA B200,34170,15,335.36,35,1965,3996
2026-09-28T11:54:10.301000+00:00,4,NVIDIA B200,34168,0,189.97,38,1965,3996
2026-09-28T11:54:10.301000+00:00,5,NVIDIA B200,34178,0,188.25,33,1965,3996
2026-09-28T11:54:10.301000+00:00,6,NVIDIA B200,34130,0,196.15,43,1965,3996
2026-09-28T11:54:10.301000+00:00,7,NVIDIA B200,34142,0,189.33,33,1965,3996
2026-09-28T11:54:11.302000+00:00,0,NVIDIA B200,34146,0,191.35,38,1965,3996
2026-09-28T11:54:11.302000+00:00,1,NVIDIA B200,33494,4,187.04,33,1965,3996
2026-09-28T11:54:11.302000+00:00,2,NVIDIA B200,34142,0,190.24,38,1965,3996
2026-09-28T11:54:11.302000+00:00,3,NVIDIA B200,34170,0,203.85,33,1965,3996
2026-09-28T11:54:11.302000+00:00,4,NVIDIA B200,34168,0,189.70,38,1965,3996
2026-09-28T11:54:11.302000+00:00,5,NVIDIA B200,33510,0,189.50,33,1965,3996
2026-09-28T11:54:11.302000+00:00,6,NVIDIA B200,34130,0,196.29,43,1965,3996
2026-09-28T11:54:11.302000+00:00,7,NVIDIA B200,33510,0,189.23,33,1965,3996
2026-09-28T11:54:12.302000+00:00,0,NVIDIA B200,34146,0,190.54,37,1965,3996
2026-09-28T11:54:12.302000+00:00,1,NVIDIA B200,33536,7,343.53,36,1965,3996
2026-09-28T11:54:12.302000+00:00,2,NVIDIA B200,34142,0,189.66,37,1965,3996
2026-09-28T11:54:12.302000+00:00,3,NVIDIA B200,34170,0,183.72,33,1965,3996
2026-09-28T11:54:12.303000+00:00,4,NVIDIA B200,34168,0,189.67,38,1965,3996
2026-09-28T11:54:12.303000+00:00,5,NVIDIA B200,33514,38,329.68,35,1965,3996
2026-09-28T11:54:12.303000+00:00,6,NVIDIA B200,34130,0,196.27,43,1965,3996
2026-09-28T11:54:12.303000+00:00,7,NVIDIA B200,33514,38,328.87,37,1965,3996
2026-09-28T11:54:13.303000+00:00,0,NVIDIA B200,33494,37,294.65,41,1965,3996
2026-09-28T11:54:13.303000+00:00,1,NVIDIA B200,34150,0,250.90,34,1965,3996
2026-09-28T11:54:13.303000+00:00,2,NVIDIA B200,34142,0,189.43,37,1965,3996
2026-09-28T11:54:13.303000+00:00,3,NVIDIA B200,33538,5,231.50,35,1965,3996
2026-09-28T11:54:13.303000+00:00,4,NVIDIA B200,34168,0,189.70,38,1965,3996
2026-09-28T11:54:13.303000+00:00,5,NVIDIA B200,34170,0,258.68,34,1965,3996
2026-09-28T11:54:13.303000+00:00,6,NVIDIA B200,34130,0,196.12,43,1965,3996
2026-09-28T11:54:13.303000+00:00,7,NVIDIA B200,34130,0,276.14,34,1965,3996
2026-09-28T11:54:14.303000+00:00,0,NVIDIA B200,34146,22,322.04,40,1965,3996
2026-09-28T11:54:14.303000+00:00,1,NVIDIA B200,34150,0,185.80,34,1965,3996
2026-09-28T11:54:14.303000+00:00,2,NVIDIA B200,33532,4,191.28,37,1965,3996
2026-09-28T11:54:14.303000+00:00,3,NVIDIA B200,33852,11,321.75,36,1965,3996
2026-09-28T11:54:14.303000+00:00,4,NVIDIA B200,34168,0,189.70,37,1965,3996
2026-09-28T11:54:14.303000+00:00,5,NVIDIA B200,34170,0,188.15,33,1965,3996
2026-09-28T11:54:14.303000+00:00,6,NVIDIA B200,34130,0,196.13,43,1965,3996
2026-09-28T11:54:14.303000+00:00,7,NVIDIA B200,34130,0,189.43,33,1965,3996
2026-09-28T11:54:15.304000+00:00,0,NVIDIA B200,34146,0,193.34,38,1965,3996
2026-09-28T11:54:15.304000+00:00,1,NVIDIA B200,34150,0,185.69,33,1965,3996
2026-09-28T11:54:15.304000+00:00,2,NVIDIA B200,33574,4,341.57,39,1965,3996
2026-09-28T11:54:15.304000+00:00,3,NVIDIA B200,34170,0,230.95,34,1965,3996
2026-09-28T11:54:15.304000+00:00,4,NVIDIA B200,34168,0,189.86,37,1965,3996
2026-09-28T11:54:15.304000+00:00,5,NVIDIA B200,33514,3,191.31,33,1965,3996
2026-09-28T11:54:15.304000+00:00,6,NVIDIA B200,34130,0,196.09,43,1965,3996
2026-09-28T11:54:15.304000+00:00,7,NVIDIA B200,34130,0,189.22,33,1965,3996
2026-09-28T11:54:16.304000+00:00,0,NVIDIA B200,34146,0,191.02,38,1965,3996
2026-09-28T11:54:16.304000+00:00,1,NVIDIA B200,33494,36,253.06,36,1965,3996
2026-09-28T11:54:16.304000+00:00,2,NVIDIA B200,34258,0,249.51,38,1965,3996
2026-09-28T11:54:16.304000+00:00,3,NVIDIA B200,34170,0,183.88,33,1965,3996
2026-09-28T11:54:16.304000+00:00,4,NVIDIA B200,34168,0,189.63,37,1965,3996
2026-09-28T11:54:16.304000+00:00,5,NVIDIA B200,33514,9,322.52,35,1965,3996
2026-09-28T11:54:16.304000+00:00,6,NVIDIA B200,34130,0,196.47,43,1965,3996
2026-09-28T11:54:16.304000+00:00,7,NVIDIA B200,33538,38,275.99,36,1965,3996
2026-09-28T11:54:17.304000+00:00,0,NVIDIA B200,33404,3,192.90,38,1965,3996
2026-09-28T11:54:17.304000+00:00,1,NVIDIA B200,34236,21,334.43,35,1965,3996
2026-09-28T11:54:17.304000+00:00,2,NVIDIA B200,34258,0,189.80,38,1965,3996
2026-09-28T11:54:17.304000+00:00,3,NVIDIA B200,34170,0,183.65,33,1965,3996
2026-09-28T11:54:17.304000+00:00,4,NVIDIA B200,34168,0,189.62,37,1965,3996
2026-09-28T11:54:17.304000+00:00,5,NVIDIA B200,34170,0,255.61,34,1965,3996
2026-09-28T11:54:17.305000+00:00,6,NVIDIA B200,34130,0,196.07,43,1965,3996
2026-09-28T11:54:17.305000+00:00,7,NVIDIA B200,34178,26,317.59,35,1965,3996
2026-09-28T11:54:18.305000+00:00,0,NVIDIA B200,33466,7,348.84,39,1965,3996
2026-09-28T11:54:18.305000+00:00,1,NVIDIA B200,34236,0,209.52,34,1965,3996
2026-09-28T11:54:18.305000+00:00,2,NVIDIA B200,34258,0,189.52,37,1965,3996
2026-09-28T11:54:18.305000+00:00,3,NVIDIA B200,34170,0,183.48,33,1965,3996
2026-09-28T11:54:18.305000+00:00,4,NVIDIA B200,34168,0,189.52,37,1965,3996
2026-09-28T11:54:18.305000+00:00,5,NVIDIA B200,34170,0,188.15,33,1965,3996
2026-09-28T11:54:18.305000+00:00,6,NVIDIA B200,34130,0,196.00,43,1965,3996
2026-09-28T11:54:18.305000+00:00,7,NVIDIA B200,34178,0,189.61,33,1965,3996
2026-09-28T11:54:19.305000+00:00,0,NVIDIA B200,34146,0,259.57,38,1965,3996
2026-09-28T11:54:19.305000+00:00,1,NVIDIA B200,34236,0,185.72,33,1965,3996
2026-09-28T11:54:19.305000+00:00,2,NVIDIA B200,34258,0,189.36,37,1965,3996
2026-09-28T11:54:19.305000+00:00,3,NVIDIA B200,34170,0,183.36,33,1965,3996
2026-09-28T11:54:19.305000+00:00,4,NVIDIA B200,34168,0,189.53,37,1965,3996
2026-09-28T11:54:19.305000+00:00,5,NVIDIA B200,33538,13,223.40,35,1965,3996
2026-09-28T11:54:19.305000+00:00,6,NVIDIA B200,34130,0,195.87,43,1965,3996
2026-09-28T11:54:19.305000+00:00,7,NVIDIA B200,34178,0,189.09,33,1965,3996
2026-09-28T11:54:20.305000+00:00,0,NVIDIA B200,34146,0,191.54,38,1965,3996
2026-09-28T11:54:20.305000+00:00,1,NVIDIA B200,33418,0,185.59,33,1965,3996
2026-09-28T11:54:20.305000+00:00,2,NVIDIA B200,33538,5,246.32,40,1965,3996
2026-09-28T11:54:20.305000+00:00,3,NVIDIA B200,34170,0,183.37,33,1965,3996
2026-09-28T11:54:20.305000+00:00,4,NVIDIA B200,34168,0,189.77,37,1965,3996
2026-09-28T11:54:20.306000+00:00,5,NVIDIA B200,33686,10,338.77,35,1965,3996
2026-09-28T11:54:20.306000+00:00,6,NVIDIA B200,0,0,198.31,43,1965,3996
2026-09-28T11:54:20.306000+00:00,7,NVIDIA B200,33538,38,213.46,35,1965,3996
2026-09-28T11:54:21.306000+00:00,0,NVIDIA B200,34146,0,190.37,38,1965,3996
2026-09-28T11:54:21.306000+00:00,1,NVIDIA B200,33406,33,341.52,37,1965,3996
2026-09-28T11:54:21.306000+00:00,2,NVIDIA B200,33962,12,342.70,41,1965,3996
2026-09-28T11:54:21.306000+00:00,3,NVIDIA B200,34170,0,183.52,33,1965,3996
2026-09-28T11:54:21.306000+00:00,4,NVIDIA B200,34168,0,189.59,37,1965,3996
2026-09-28T11:54:21.306000+00:00,5,NVIDIA B200,34258,0,242.15,34,1965,3996
2026-09-28T11:54:21.306000+00:00,6,NVIDIA B200,0,0,190.23,42,1057,3996
2026-09-28T11:54:21.306000+00:00,7,NVIDIA B200,33882,15,330.78,35,1965,3996
2026-09-28T11:54:22.306000+00:00,0,NVIDIA B200,33494,12,221.58,40,1965,3996
2026-09-28T11:54:22.373000+00:00,1,NVIDIA B200,34226,0,256.12,34,1965,3996
2026-09-28T11:54:22.373000+00:00,2,NVIDIA B200,34170,0,194.72,38,1965,3996
2026-09-28T11:54:22.374000+00:00,3,NVIDIA B200,34170,0,183.24,33,1965,3996
2026-09-28T11:54:22.374000+00:00,4,NVIDIA B200,4,2,191.41,37,1965,3996
2026-09-28T11:54:22.374000+00:00,5,NVIDIA B200,34258,0,188.03,33,1965,3996
2026-09-28T11:54:22.374000+00:00,6,NVIDIA B200,0,0,149.51,42,577,3996
2026-09-28T11:54:22.374000+00:00,7,NVIDIA B200,34250,0,214.23,34,1965,3996
2026-09-28T11:54:23.374000+00:00,0,NVIDIA B200,33888,10,336.25,39,1965,3996
2026-09-28T11:54:23.374000+00:00,1,NVIDIA B200,34226,0,185.91,34,1965,3996
2026-09-28T11:54:23.374000+00:00,2,NVIDIA B200,34170,0,189.67,38,1965,3996
2026-09-28T11:54:23.374000+00:00,3,NVIDIA B200,34170,0,183.36,33,1965,3996
2026-09-28T11:54:23.374000+00:00,4,NVIDIA B200,0,0,189.88,37,1965,3996
2026-09-28T11:54:23.374000+00:00,5,NVIDIA B200,33538,38,263.64,36,1965,3996
2026-09-28T11:54:23.374000+00:00,6,NVIDIA B200,0,0,145.55,41,225,3996
2026-09-28T11:54:23.374000+00:00,7,NVIDIA B200,34250,0,189.31,33,1965,3996
2026-09-28T11:54:24.374000+00:00,0,NVIDIA B200,34146,0,244.79,38,1965,3996
2026-09-28T11:54:24.374000+00:00,1,NVIDIA B200,34226,0,185.56,33,1965,3996
2026-09-28T11:54:24.374000+00:00,2,NVIDIA B200,34170,0,189.65,37,1965,3996
2026-09-28T11:54:24.374000+00:00,3,NVIDIA B200,34170,0,183.17,33,1965,3996
2026-09-28T11:54:24.374000+00:00,4,NVIDIA B200,0,0,148.55,36,757,3996
2026-09-28T11:54:24.374000+00:00,5,NVIDIA B200,34170,21,340.30,36,1965,3996
2026-09-28T11:54:24.374000+00:00,6,NVIDIA B200,0,0,144.71,41,142,3996
2026-09-28T11:54:24.374000+00:00,7,NVIDIA B200,33538,3,192.99,33,1965,3996
2026-09-28T11:54:25.374000+00:00,0,NVIDIA B200,34146,0,190.66,38,1965,3996
2026-09-28T11:54:25.375000+00:00,1,NVIDIA B200,33404,3,189.08,33,1965,3996
2026-09-28T11:54:25.375000+00:00,2,NVIDIA B200,33510,1,190.25,38,1965,3996
2026-09-28T11:54:25.375000+00:00,3,NVIDIA B200,34170,0,183.16,33,1965,3996
2026-09-28T11:54:25.375000+00:00,4,NVIDIA B200,0,0,142.65,36,255,3996
2026-09-28T11:54:25.375000+00:00,5,NVIDIA B200,34170,0,190.89,33,1965,3996
2026-09-28T11:54:25.375000+00:00,6,NVIDIA B200,0,0,144.28,41,120,3996
2026-09-28T11:54:25.375000+00:00,7,NVIDIA B200,33678,10,358.01,35,1965,3996
2026-09-28T11:54:26.375000+00:00,0,NVIDIA B200,34146,0,191.14,38,1965,3996
2026-09-28T11:54:26.375000+00:00,1,NVIDIA B200,33464,8,337.68,35,1965,3996
2026-09-28T11:54:26.375000+00:00,2,NVIDIA B200,33514,11,345.76,40,1965,3996
2026-09-28T11:54:26.375000+00:00,3,NVIDIA B200,34170,0,183.29,33,1965,3996
2026-09-28T11:54:26.375000+00:00,4,NVIDIA B200,0,0,139.98,36,165,3996
2026-09-28T11:54:26.375000+00:00,5,NVIDIA B200,34170,0,188.06,33,1965,3996
2026-09-28T11:54:26.375000+00:00,6,NVIDIA B200,0,0,144.42,41,120,3996
2026-09-28T11:54:26.375000+00:00,7,NVIDIA B200,34170,0,250.94,34,1965,3996
2026-09-28T11:54:27.375000+00:00,0,NVIDIA B200,33494,38,281.20,41,1965,3996
2026-09-28T11:54:27.375000+00:00,1,NVIDIA B200,34128,0,254.16,34,1965,3996
2026-09-28T11:54:27.375000+00:00,2,NVIDIA B200,34130,0,255.45,38,1965,3996
2026-09-28T11:54:27.376000+00:00,3,NVIDIA B200,34170,0,183.21,33,1965,3996
2026-09-28T11:54:27.376000+00:00,4,NVIDIA B200,0,0,139.38,36,120,3996
2026-09-28T11:54:27.376000+00:00,5,NVIDIA B200,33514,38,344.44,37,1965,3996
2026-09-28T11:54:27.376000+00:00,6,NVIDIA B200,0,0,144.36,41,120,3996
2026-09-28T11:54:27.376000+00:00,7,NVIDIA B200,34170,0,189.43,33,1965,3996
2026-09-28T11:54:28.376000+00:00,0,NVIDIA B200,34114,20,320.50,40,1965,3996
2026-09-28T11:54:28.376000+00:00,1,NVIDIA B200,34128,0,185.94,34,1965,3996
2026-09-28T11:54:28.376000+00:00,2,NVIDIA B200,34130,0,189.99,38,1965,3996
2026-09-28T11:54:28.376000+00:00,3,NVIDIA B200,34170,0,183.11,33,1965,3996
2026-09-28T11:54:28.376000+00:00,4,NVIDIA B200,0,0,139.28,36,120,3996
2026-09-28T11:54:28.376000+00:00,5,NVIDIA B200,34170,0,282.73,35,1965,3996
2026-09-28T11:54:28.376000+00:00,6,NVIDIA B200,0,0,144.18,41,120,3996
2026-09-28T11:54:28.376000+00:00,7,NVIDIA B200,34170,0,189.02,33,1965,3996
2026-09-28T11:54:29.376000+00:00,0,NVIDIA B200,34114,0,191.30,38,1965,3996
2026-09-28T11:54:29.376000+00:00,1,NVIDIA B200,34128,0,185.59,33,1965,3996
2026-09-28T11:54:29.376000+00:00,2,NVIDIA B200,34130,0,189.56,38,1965,3996
2026-09-28T11:54:29.376000+00:00,3,NVIDIA B200,34170,0,183.14,33,1965,3996
2026-09-28T11:54:29.376000+00:00,4,NVIDIA B200,0,0,139.36,36,120,3996
2026-09-28T11:54:29.376000+00:00,5,NVIDIA B200,34170,0,188.37,33,1965,3996
2026-09-28T11:54:29.376000+00:00,6,NVIDIA B200,0,0,144.15,41,120,3996
2026-09-28T11:54:29.376000+00:00,7,NVIDIA B200,34170,0,188.93,33,1965,3996
2026-09-28T11:54:30.376000+00:00,0,NVIDIA B200,34114,0,191.50,38,1965,3996
2026-09-28T11:54:30.376000+00:00,1,NVIDIA B200,33494,4,196.04,33,1965,3996
2026-09-28T11:54:30.376000+00:00,2,NVIDIA B200,34130,0,189.50,37,1965,3996
2026-09-28T11:54:30.377000+00:00,3,NVIDIA B200,34170,0,183.09,33,1965,3996
2026-09-28T11:54:30.377000+00:00,4,NVIDIA B200,0,0,139.42,36,120,3996
2026-09-28T11:54:30.377000+00:00,5,NVIDIA B200,33516,3,189.34,33,1965,3996
2026-09-28T11:54:30.377000+00:00,6,NVIDIA B200,0,0,144.16,41,120,3996
2026-09-28T11:54:30.377000+00:00,7,NVIDIA B200,34170,0,188.94,33,1965,3996
2026-09-28T11:54:31.377000+00:00,0,NVIDIA B200,34114,0,190.51,38,1965,3996
2026-09-28T11:54:31.377000+00:00,1,NVIDIA B200,33460,4,331.83,35,1965,3996
2026-09-28T11:54:31.377000+00:00,2,NVIDIA B200,33516,1,191.24,37,1965,3996
2026-09-28T11:54:31.377000+00:00,3,NVIDIA B200,0,0,185.38,33,1965,3996
2026-09-28T11:54:31.377000+00:00,4,NVIDIA B200,0,0,139.38,36,120,3996
2026-09-28T11:54:31.377000+00:00,5,NVIDIA B200,33514,0,346.29,35,1965,3996
2026-09-28T11:54:31.377000+00:00,6,NVIDIA B200,0,0,144.23,41,120,3996
2026-09-28T11:54:31.377000+00:00,7,NVIDIA B200,34170,0,189.00,33,1965,3996
2026-09-28T11:54:32.377000+00:00,0,NVIDIA B200,34114,0,190.96,38,1965,3996
2026-09-28T11:54:32.377000+00:00,1,NVIDIA B200,34226,0,259.48,34,1965,3996
2026-09-28T11:54:32.377000+00:00,2,NVIDIA B200,33574,10,356.40,39,1965,3996
2026-09-28T11:54:32.377000+00:00,3,NVIDIA B200,0,0,183.68,33,1965,3996
2026-09-28T11:54:32.377000+00:00,4,NVIDIA B200,0,0,139.35,36,120,3996
2026-09-28T11:54:32.377000+00:00,5,NVIDIA B200,34170,0,263.65,34,1965,3996
2026-09-28T11:54:32.377000+00:00,6,NVIDIA B200,0,0,144.16,41,120,3996
2026-09-28T11:54:32.377000+00:00,7,NVIDIA B200,34170,0,188.81,33,1965,3996
2026-09-28T11:54:33.377000+00:00,0,NVIDIA B200,34114,0,190.43,37,1965,3996
2026-09-28T11:54:33.377000+00:00,1,NVIDIA B200,34226,0,185.77,34,1965,3996
2026-09-28T11:54:33.377000+00:00,2,NVIDIA B200,34178,0,252.70,38,1965,3996
2026-09-28T11:54:33.377000+00:00,3,NVIDIA B200,0,0,146.25,32,930,3996
2026-09-28T11:54:33.377000+00:00,4,NVIDIA B200,0,0,139.28,36,120,3996
2026-09-28T11:54:33.378000+00:00,5,NVIDIA B200,34170,0,188.22,33,1965,3996
2026-09-28T11:54:33.378000+00:00,6,NVIDIA B200,0,0,144.06,41,120,3996
2026-09-28T11:54:33.378000+00:00,7,NVIDIA B200,34170,0,188.83,33,1965,3996
2026-09-28T11:54:34.378000+00:00,0,NVIDIA B200,34114,0,190.87,37,1965,3996
2026-09-28T11:54:34.384000+00:00,1,NVIDIA B200,34226,0,185.59,33,1965,3996
2026-09-28T11:54:34.384000+00:00,2,NVIDIA B200,34178,0,190.00,38,1965,3996
2026-09-28T11:54:34.384000+00:00,3,NVIDIA B200,0,0,139.08,32,562,3996
2026-09-28T11:54:34.384000+00:00,4,NVIDIA B200,0,0,139.28,36,120,3996
2026-09-28T11:54:34.385000+00:00,5,NVIDIA B200,33522,2,190.32,33,1965,3996
2026-09-28T11:54:34.385000+00:00,6,NVIDIA B200,0,0,144.06,41,120,3996
2026-09-28T11:54:34.385000+00:00,7,NVIDIA B200,34170,0,188.76,33,1965,3996
2026-09-28T11:54:35.385000+00:00,0,NVIDIA B200,34114,0,190.59,37,1965,3996
2026-09-28T11:54:35.385000+00:00,1,NVIDIA B200,34226,0,185.64,33,1965,3996
2026-09-28T11:54:35.385000+00:00,2,NVIDIA B200,34178,0,189.79,38,1965,3996
2026-09-28T11:54:35.385000+00:00,3,NVIDIA B200,0,0,136.17,31,195,3996
2026-09-28T11:54:35.385000+00:00,4,NVIDIA B200,0,0,139.40,35,120,3996
2026-09-28T11:54:35.385000+00:00,5,NVIDIA B200,33514,6,350.42,35,1965,3996
2026-09-28T11:54:35.385000+00:00,6,NVIDIA B200,0,0,144.03,41,120,3996
2026-09-28T11:54:35.385000+00:00,7,NVIDIA B200,34170,0,188.80,33,1965,3996
2026-09-28T11:54:36.386000+00:00,0,NVIDIA B200,34114,0,190.73,37,1965,3996
2026-09-28T11:54:36.386000+00:00,1,NVIDIA B200,34226,0,185.35,33,1965,3996
2026-09-28T11:54:36.386000+00:00,2,NVIDIA B200,34178,0,189.62,37,1965,3996
2026-09-28T11:54:36.386000+00:00,3,NVIDIA B200,0,0,135.70,31,127,3996
2026-09-28T11:54:36.386000+00:00,4,NVIDIA B200,0,0,139.24,35,120,3996
2026-09-28T11:54:36.386000+00:00,5,NVIDIA B200,34250,0,259.31,34,1965,3996
2026-09-28T11:54:36.386000+00:00,6,NVIDIA B200,0,0,144.17,41,120,3996
2026-09-28T11:54:36.386000+00:00,7,NVIDIA B200,34170,0,188.93,33,1965,3996
2026-09-28T11:54:37.386000+00:00,0,NVIDIA B200,34114,0,190.37,37,1965,3996
2026-09-28T11:54:37.386000+00:00,1,NVIDIA B200,34226,0,185.28,33,1965,3996
2026-09-28T11:54:37.386000+00:00,2,NVIDIA B200,33538,40,272.39,40,1965,3996
2026-09-28T11:54:37.386000+00:00,3,NVIDIA B200,0,0,135.39,31,120,3996
2026-09-28T11:54:37.386000+00:00,4,NVIDIA B200,0,0,139.15,35,120,3996
2026-09-28T11:54:37.386000+00:00,5,NVIDIA B200,34250,0,188.20,33,1965,3996
2026-09-28T11:54:37.386000+00:00,6,NVIDIA B200,0,0,144.04,41,120,3996
2026-09-28T11:54:37.386000+00:00,7,NVIDIA B200,34170,0,188.68,33,1965,3996
2026-09-28T11:54:38.386000+00:00,0,NVIDIA B200,34114,0,190.50,37,1965,3996
2026-09-28T11:54:38.387000+00:00,1,NVIDIA B200,34226,0,185.33,33,1965,3996
2026-09-28T11:54:38.387000+00:00,2,NVIDIA B200,34142,21,331.16,43,1965,3996
2026-09-28T11:54:38.387000+00:00,3,NVIDIA B200,0,0,135.36,31,120,3996
2026-09-28T11:54:38.387000+00:00,4,NVIDIA B200,0,0,139.25,35,120,3996
2026-09-28T11:54:38.387000+00:00,5,NVIDIA B200,33538,3,214.07,34,1965,3996
2026-09-28T11:54:38.387000+00:00,6,NVIDIA B200,0,0,144.09,41,120,3996
2026-09-28T11:54:38.387000+00:00,7,NVIDIA B200,34170,0,188.67,33,1965,3996
2026-09-28T11:54:39.387000+00:00,0,NVIDIA B200,34114,0,190.54,37,1965,3996
2026-09-28T11:54:39.387000+00:00,1,NVIDIA B200,34226,0,185.25,33,1965,3996
2026-09-28T11:54:39.387000+00:00,2,NVIDIA B200,34142,0,193.47,38,1965,3996
2026-09-28T11:54:39.387000+00:00,3,NVIDIA B200,0,0,135.37,31,120,3996
2026-09-28T11:54:39.387000+00:00,4,NVIDIA B200,0,0,139.13,35,120,3996
2026-09-28T11:54:39.387000+00:00,5,NVIDIA B200,33956,8,329.17,36,1965,3996
2026-09-28T11:54:39.387000+00:00,6,NVIDIA B200,0,0,144.03,41,120,3996
2026-09-28T11:54:39.387000+00:00,7,NVIDIA B200,34170,0,188.56,33,1965,3996
2026-09-28T11:54:40.387000+00:00,0,NVIDIA B200,34114,0,190.55,37,1965,3996
2026-09-28T11:54:40.387000+00:00,1,NVIDIA B200,34226,0,185.38,33,1965,3996
2026-09-28T11:54:40.387000+00:00,2,NVIDIA B200,34142,0,189.77,38,1965,3996
2026-09-28T11:54:40.387000+00:00,3,NVIDIA B200,0,0,135.32,31,120,3996
2026-09-28T11:54:40.387000+00:00,4,NVIDIA B200,0,0,139.32,35,120,3996
2026-09-28T11:54:40.387000+00:00,5,NVIDIA B200,34170,0,244.90,34,1965,3996
2026-09-28T11:54:40.387000+00:00,6,NVIDIA B200,0,0,144.02,41,120,3996
2026-09-28T11:54:40.387000+00:00,7,NVIDIA B200,34170,0,188.60,33,1965,3996
2026-09-28T11:54:41.388000+00:00,0,NVIDIA B200,34114,0,190.53,37,1965,3996
2026-09-28T11:54:41.388000+00:00,1,NVIDIA B200,34226,0,185.21,33,1965,3996
2026-09-28T11:54:41.388000+00:00,2,NVIDIA B200,34142,0,189.66,37,1965,3996
2026-09-28T11:54:41.388000+00:00,3,NVIDIA B200,0,0,135.41,31,120,3996
2026-09-28T11:54:41.388000+00:00,4,NVIDIA B200,0,0,139.10,35,120,3996
2026-09-28T11:54:41.388000+00:00,5,NVIDIA B200,34170,0,188.11,33,1965,3996
2026-09-28T11:54:41.388000+00:00,6,NVIDIA B200,0,0,144.09,41,120,3996
2026-09-28T11:54:41.388000+00:00,7,NVIDIA B200,34170,0,188.69,33,1965,3996
2026-09-28T11:54:42.388000+00:00,0,NVIDIA B200,34114,0,190.37,37,1965,3996
2026-09-28T11:54:42.388000+00:00,1,NVIDIA B200,34226,0,185.14,33,1965,3996
2026-09-28T11:54:42.388000+00:00,2,NVIDIA B200,34142,0,189.44,37,1965,3996
2026-09-28T11:54:42.388000+00:00,3,NVIDIA B200,0,0,135.25,31,120,3996
2026-09-28T11:54:42.388000+00:00,4,NVIDIA B200,0,0,139.18,35,120,3996
2026-09-28T11:54:42.388000+00:00,5,NVIDIA B200,33538,38,289.18,36,1965,3996
2026-09-28T11:54:42.388000+00:00,6,NVIDIA B200,0,0,143.95,41,120,3996
2026-09-28T11:54:42.388000+00:00,7,NVIDIA B200,34170,0,188.59,33,1965,3996
2026-09-28T11:54:43.388000+00:00,0,NVIDIA B200,34114,0,190.57,37,1965,3996
2026-09-28T11:54:43.388000+00:00,1,NVIDIA B200,34226,0,185.18,33,1965,3996
2026-09-28T11:54:43.388000+00:00,2,NVIDIA B200,34142,0,189.16,37,1965,3996
2026-09-28T11:54:43.388000+00:00,3,NVIDIA B200,0,0,135.21,31,120,3996
2026-09-28T11:54:43.388000+00:00,4,NVIDIA B200,0,0,139.13,35,120,3996
2026-09-28T11:54:43.388000+00:00,5,NVIDIA B200,34130,37,315.00,35,1965,3996
2026-09-28T11:54:43.388000+00:00,6,NVIDIA B200,0,0,143.94,41,120,3996
2026-09-28T11:54:43.388000+00:00,7,NVIDIA B200,34170,0,188.55,33,1965,3996
2026-09-28T11:54:44.389000+00:00,0,NVIDIA B200,34114,0,190.26,37,1965,3996
2026-09-28T11:54:44.389000+00:00,1,NVIDIA B200,34226,0,185.15,33,1965,3996
2026-09-28T11:54:44.389000+00:00,2,NVIDIA B200,34142,0,189.30,37,1965,3996
2026-09-28T11:54:44.389000+00:00,3,NVIDIA B200,0,0,135.21,31,120,3996
2026-09-28T11:54:44.389000+00:00,4,NVIDIA B200,0,0,139.14,35,120,3996
2026-09-28T11:54:44.389000+00:00,5,NVIDIA B200,34130,0,188.48,33,1965,3996
2026-09-28T11:54:44.389000+00:00,6,NVIDIA B200,0,0,143.90,41,120,3996
2026-09-28T11:54:44.389000+00:00,7,NVIDIA B200,34170,0,188.58,33,1965,3996
2026-09-28T11:54:45.389000+00:00,0,NVIDIA B200,34114,0,190.69,37,1965,3996
2026-09-28T11:54:45.389000+00:00,1,NVIDIA B200,34226,0,185.29,33,1965,3996
2026-09-28T11:54:45.389000+00:00,2,NVIDIA B200,34142,0,189.34,37,1965,3996
2026-09-28T11:54:45.389000+00:00,3,NVIDIA B200,0,0,135.22,31,120,3996
2026-09-28T11:54:45.389000+00:00,4,NVIDIA B200,0,0,139.32,35,120,3996
2026-09-28T11:54:45.389000+00:00,5,NVIDIA B200,33512,0,188.45,33,1965,3996
2026-09-28T11:54:45.389000+00:00,6,NVIDIA B200,0,0,143.99,41,120,3996
2026-09-28T11:54:45.389000+00:00,7,NVIDIA B200,34170,0,188.57,33,1965,3996
2026-09-28T11:54:46.389000+00:00,0,NVIDIA B200,34114,0,190.17,37,1965,3996
2026-09-28T11:54:46.389000+00:00,1,NVIDIA B200,34226,0,185.19,33,1965,3996
2026-09-28T11:54:46.389000+00:00,2,NVIDIA B200,34142,0,189.47,37,1965,3996
2026-09-28T11:54:46.389000+00:00,3,NVIDIA B200,0,0,135.34,31,120,3996
2026-09-28T11:54:46.389000+00:00,4,NVIDIA B200,0,0,139.05,35,120,3996
2026-09-28T11:54:46.389000+00:00,5,NVIDIA B200,33514,30,343.94,35,1965,3996
2026-09-28T11:54:46.389000+00:00,6,NVIDIA B200,0,0,144.05,41,120,3996
2026-09-28T11:54:46.389000+00:00,7,NVIDIA B200,34170,0,188.56,33,1965,3996
2026-09-28T11:54:47.390000+00:00,0,NVIDIA B200,34114,0,190.67,37,1965,3996
2026-09-28T11:54:47.390000+00:00,1,NVIDIA B200,34226,0,185.10,33,1965,3996
2026-09-28T11:54:47.390000+00:00,2,NVIDIA B200,34142,0,189.27,37,1965,3996
2026-09-28T11:54:47.390000+00:00,3,NVIDIA B200,0,0,135.22,31,120,3996
2026-09-28T11:54:47.390000+00:00,4,NVIDIA B200,0,0,139.11,35,120,3996
2026-09-28T11:54:47.390000+00:00,5,NVIDIA B200,34170,0,252.11,34,1965,3996
2026-09-28T11:54:47.390000+00:00,6,NVIDIA B200,0,0,143.85,41,120,3996
2026-09-28T11:54:47.390000+00:00,7,NVIDIA B200,34170,0,188.56,33,1965,3996
2026-09-28T11:54:48.390000+00:00,0,NVIDIA B200,34114,0,190.06,37,1965,3996
2026-09-28T11:54:48.390000+00:00,1,NVIDIA B200,34226,0,185.16,33,1965,3996
2026-09-28T11:54:48.390000+00:00,2,NVIDIA B200,34142,0,189.38,37,1965,3996
2026-09-28T11:54:48.390000+00:00,3,NVIDIA B200,0,0,135.15,31,120,3996
2026-09-28T11:54:48.390000+00:00,4,NVIDIA B200,0,0,139.14,35,120,3996
2026-09-28T11:54:48.390000+00:00,5,NVIDIA B200,34170,0,188.22,33,1965,3996
2026-09-28T11:54:48.390000+00:00,6,NVIDIA B200,0,0,143.90,40,120,3996
2026-09-28T11:54:48.390000+00:00,7,NVIDIA B200,0,0,190.50,33,1965,3996
2026-09-28T11:54:49.390000+00:00,0,NVIDIA B200,34114,0,190.65,37,1965,3996
2026-09-28T11:54:49.390000+00:00,1,NVIDIA B200,34226,0,185.25,33,1965,3996
2026-09-28T11:54:49.390000+00:00,2,NVIDIA B200,34142,0,189.30,37,1965,3996
2026-09-28T11:54:49.390000+00:00,3,NVIDIA B200,0,0,135.25,31,120,3996
2026-09-28T11:54:49.390000+00:00,4,NVIDIA B200,0,0,139.11,35,120,3996
2026-09-28T11:54:49.390000+00:00,5,NVIDIA B200,33538,3,219.94,35,1965,3996
2026-09-28T11:54:49.390000+00:00,6,NVIDIA B200,0,0,143.95,40,120,3996
2026-09-28T11:54:49.390000+00:00,7,NVIDIA B200,0,0,189.06,33,1965,3996
2026-09-28T11:54:50.391000+00:00,0,NVIDIA B200,34114,0,190.03,37,1965,3996
2026-09-28T11:54:50.391000+00:00,1,NVIDIA B200,34226,0,185.42,33,1965,3996
2026-09-28T11:54:50.391000+00:00,2,NVIDIA B200,34142,0,189.29,37,1965,3996
2026-09-28T11:54:50.391000+00:00,3,NVIDIA B200,0,0,135.26,31,120,3996
2026-09-28T11:54:50.391000+00:00,4,NVIDIA B200,0,0,139.27,35,120,3996
2026-09-28T11:54:50.391000+00:00,5,NVIDIA B200,33852,10,339.58,35,1965,3996
2026-09-28T11:54:50.391000+00:00,6,NVIDIA B200,0,0,144.01,40,120,3996
2026-09-28T11:54:50.391000+00:00,7,NVIDIA B200,0,0,167.88,32,772,3996
2026-09-28T11:54:51.391000+00:00,0,NVIDIA B200,34114,0,190.80,37,1965,3996
2026-09-28T11:54:51.391000+00:00,1,NVIDIA B200,34226,0,185.14,33,1965,3996
2026-09-28T11:54:51.391000+00:00,2,NVIDIA B200,34142,0,189.33,37,1965,3996
2026-09-28T11:54:51.391000+00:00,3,NVIDIA B200,0,0,135.35,31,120,3996
2026-09-28T11:54:51.391000+00:00,4,NVIDIA B200,0,0,139.08,35,120,3996
2026-09-28T11:54:51.391000+00:00,5,NVIDIA B200,34170,0,242.15,34,1965,3996
2026-09-28T11:54:51.391000+00:00,6,NVIDIA B200,0,0,143.94,40,120,3996
2026-09-28T11:54:51.391000+00:00,7,NVIDIA B200,0,0,141.68,32,270,3996
2026-09-28T11:54:52.391000+00:00,0,NVIDIA B200,34114,0,190.12,37,1965,3996
2026-09-28T11:54:52.391000+00:00,1,NVIDIA B200,34226,0,185.33,33,1965,3996
2026-09-28T11:54:52.391000+00:00,2,NVIDIA B200,34142,0,189.31,37,1965,3996
2026-09-28T11:54:52.391000+00:00,3,NVIDIA B200,0,0,135.19,31,120,3996
2026-09-28T11:54:52.391000+00:00,4,NVIDIA B200,0,0,139.26,35,120,3996
2026-09-28T11:54:52.391000+00:00,5,NVIDIA B200,34170,0,188.22,33,1965,3996
2026-09-28T11:54:52.391000+00:00,6,NVIDIA B200,0,0,143.84,40,120,3996
2026-09-28T11:54:52.391000+00:00,7,NVIDIA B200,0,0,139.66,32,172,3996
2026-09-28T11:54:53.392000+00:00,0,NVIDIA B200,34114,0,190.85,37,1965,3996
2026-09-28T11:54:53.392000+00:00,1,NVIDIA B200,34226,0,185.13,33,1965,3996
2026-09-28T11:54:53.392000+00:00,2,NVIDIA B200,34142,0,189.22,37,1965,3996
2026-09-28T11:54:53.392000+00:00,3,NVIDIA B200,0,0,135.25,31,120,3996
2026-09-28T11:54:53.392000+00:00,4,NVIDIA B200,0,0,139.36,35,120,3996
2026-09-28T11:54:53.392000+00:00,5,NVIDIA B200,33538,38,296.67,37,1965,3996
2026-09-28T11:54:53.392000+00:00,6,NVIDIA B200,0,0,143.90,40,120,3996
2026-09-28T11:54:53.392000+00:00,7,NVIDIA B200,0,0,139.27,31,120,3996
2026-09-28T11:54:54.392000+00:00,0,NVIDIA B200,34114,0,189.93,37,1965,3996
2026-09-28T11:54:54.396000+00:00,1,NVIDIA B200,34226,0,185.19,33,1965,3996
2026-09-28T11:54:54.397000+00:00,2,NVIDIA B200,34142,0,189.24,37,1965,3996
2026-09-28T11:54:54.397000+00:00,3,NVIDIA B200,0,0,135.21,31,120,3996
2026-09-28T11:54:54.397000+00:00,4,NVIDIA B200,0,0,139.27,35,120,3996
2026-09-28T11:54:54.397000+00:00,5,NVIDIA B200,34170,18,306.43,36,1965,3996
2026-09-28T11:54:54.397000+00:00,6,NVIDIA B200,0,0,143.87,40,120,3996
2026-09-28T11:54:54.397000+00:00,7,NVIDIA B200,0,0,139.21,31,120,3996
2026-09-28T11:54:55.397000+00:00,0,NVIDIA B200,34114,0,190.94,37,1965,3996
2026-09-28T11:54:55.402000+00:00,1,NVIDIA B200,34226,0,185.42,33,1965,3996
2026-09-28T11:54:55.402000+00:00,2,NVIDIA B200,34142,0,189.31,37,1965,3996
2026-09-28T11:54:55.402000+00:00,3,NVIDIA B200,0,0,135.21,31,120,3996
2026-09-28T11:54:55.402000+00:00,4,NVIDIA B200,0,0,139.33,35,120,3996
2026-09-28T11:54:55.402000+00:00,5,NVIDIA B200,34170,0,188.64,33,1965,3996
2026-09-28T11:54:55.403000+00:00,6,NVIDIA B200,0,0,143.79,40,120,3996
2026-09-28T11:54:55.403000+00:00,7,NVIDIA B200,0,0,139.06,31,120,3996
2026-09-28T11:54:56.403000+00:00,0,NVIDIA B200,34114,0,189.99,37,1965,3996
2026-09-28T11:54:56.405000+00:00,1,NVIDIA B200,34226,0,185.13,33,1965,3996
2026-09-28T11:54:56.405000+00:00,2,NVIDIA B200,0,0,191.65,37,1965,3996
2026-09-28T11:54:56.405000+00:00,3,NVIDIA B200,0,0,135.31,31,120,3996
2026-09-28T11:54:56.405000+00:00,4,NVIDIA B200,0,0,139.23,35,120,3996
2026-09-28T11:54:56.405000+00:00,5,NVIDIA B200,33512,0,190.31,33,1965,3996
2026-09-28T11:54:56.405000+00:00,6,NVIDIA B200,0,0,143.95,40,120,3996
2026-09-28T11:54:56.405000+00:00,7,NVIDIA B200,0,0,139.16,31,120,3996
2026-09-28T11:54:57.405000+00:00,0,NVIDIA B200,34114,0,190.67,37,1965,3996
2026-09-28T11:54:57.405000+00:00,1,NVIDIA B200,34226,0,185.07,33,1965,3996
2026-09-28T11:54:57.405000+00:00,2,NVIDIA B200,0,0,189.49,37,1965,3996
2026-09-28T11:54:57.405000+00:00,3,NVIDIA B200,0,0,135.06,31,120,3996
2026-09-28T11:54:57.405000+00:00,4,NVIDIA B200,0,0,139.33,35,120,3996
2026-09-28T11:54:57.405000+00:00,5,NVIDIA B200,33514,37,336.88,35,1965,3996
2026-09-28T11:54:57.405000+00:00,6,NVIDIA B200,0,0,143.83,40,120,3996
2026-09-28T11:54:57.405000+00:00,7,NVIDIA B200,0,0,138.84,31,120,3996
2026-09-28T11:54:58.405000+00:00,0,NVIDIA B200,33494,33,245.27,39,1965,3996
2026-09-28T11:54:58.405000+00:00,1,NVIDIA B200,34226,0,185.08,33,1965,3996
2026-09-28T11:54:58.405000+00:00,2,NVIDIA B200,0,0,150.93,36,682,3996
2026-09-28T11:54:58.405000+00:00,3,NVIDIA B200,0,0,135.10,31,120,3996
2026-09-28T11:54:58.405000+00:00,4,NVIDIA B200,0,0,139.19,35,120,3996
2026-09-28T11:54:58.405000+00:00,5,NVIDIA B200,34130,0,256.60,34,1965,3996
2026-09-28T11:54:58.405000+00:00,6,NVIDIA B200,0,0,143.76,40,120,3996
2026-09-28T11:54:58.405000+00:00,7,NVIDIA B200,0,0,139.05,31,120,3996
2026-09-28T11:54:59.406000+00:00,0,NVIDIA B200,33826,14,326.66,40,1965,3996
2026-09-28T11:54:59.406000+00:00,1,NVIDIA B200,34226,0,185.07,33,1965,3996
2026-09-28T11:54:59.406000+00:00,2,NVIDIA B200,0,0,140.51,36,262,3996
2026-09-28T11:54:59.406000+00:00,3,NVIDIA B200,0,0,135.16,31,120,3996
2026-09-28T11:54:59.406000+00:00,4,NVIDIA B200,0,0,139.32,35,120,3996
2026-09-28T11:54:59.406000+00:00,5,NVIDIA B200,34130,0,188.25,33,1965,3996
2026-09-28T11:54:59.406000+00:00,6,NVIDIA B200,0,0,143.70,40,120,3996
2026-09-28T11:54:59.406000+00:00,7,NVIDIA B200,0,0,139.03,31,120,3996
2026-09-28T11:55:00.406000+00:00,0,NVIDIA B200,34146,0,221.99,38,1965,3996
2026-09-28T11:55:00.406000+00:00,1,NVIDIA B200,34226,0,185.20,33,1965,3996
2026-09-28T11:55:00.406000+00:00,2,NVIDIA B200,0,0,140.01,36,165,3996
2026-09-28T11:55:00.406000+00:00,3,NVIDIA B200,0,0,135.02,31,120,3996
2026-09-28T11:55:00.406000+00:00,4,NVIDIA B200,0,0,139.49,35,120,3996
2026-09-28T11:55:00.406000+00:00,5,NVIDIA B200,33538,4,211.96,35,1965,3996
2026-09-28T11:55:00.406000+00:00,6,NVIDIA B200,0,0,143.73,40,120,3996
2026-09-28T11:55:00.406000+00:00,7,NVIDIA B200,0,0,138.95,31,120,3996
2026-09-28T11:55:01.406000+00:00,0,NVIDIA B200,34146,0,191.07,37,1965,3996
2026-09-28T11:55:01.406000+00:00,1,NVIDIA B200,34226,0,185.05,33,1965,3996
2026-09-28T11:55:01.406000+00:00,2,NVIDIA B200,0,0,139.80,36,120,3996
2026-09-28T11:55:01.406000+00:00,3,NVIDIA B200,0,0,135.18,31,120,3996
2026-09-28T11:55:01.406000+00:00,4,NVIDIA B200,0,0,139.28,35,120,3996
2026-09-28T11:55:01.406000+00:00,5,NVIDIA B200,33754,10,337.71,36,1965,3996
2026-09-28T11:55:01.406000+00:00,6,NVIDIA B200,0,0,143.71,40,120,3996
2026-09-28T11:55:01.406000+00:00,7,NVIDIA B200,0,0,139.11,31,120,3996
2026-09-28T11:55:02.406000+00:00,0,NVIDIA B200,34146,0,190.18,37,1965,3996
2026-09-28T11:55:02.407000+00:00,1,NVIDIA B200,33494,4,200.09,34,1965,3996
2026-09-28T11:55:02.407000+00:00,2,NVIDIA B200,0,0,139.64,35,120,3996
2026-09-28T11:55:02.407000+00:00,3,NVIDIA B200,0,0,135.01,31,120,3996
2026-09-28T11:55:02.407000+00:00,4,NVIDIA B200,0,0,139.13,35,120,3996
2026-09-28T11:55:02.407000+00:00,5,NVIDIA B200,34170,0,244.61,34,1965,3996
2026-09-28T11:55:02.407000+00:00,6,NVIDIA B200,0,0,143.97,40,120,3996
2026-09-28T11:55:02.407000+00:00,7,NVIDIA B200,0,0,138.88,31,120,3996
2026-09-28T11:55:03.407000+00:00,0,NVIDIA B200,33494,4,199.72,37,1965,3996
2026-09-28T11:55:03.407000+00:00,1,NVIDIA B200,33692,11,346.45,35,1965,3996
2026-09-28T11:55:03.407000+00:00,2,NVIDIA B200,0,0,139.62,35,120,3996
2026-09-28T11:55:03.407000+00:00,3,NVIDIA B200,0,0,135.03,31,120,3996
2026-09-28T11:55:03.407000+00:00,4,NVIDIA B200,0,0,139.21,35,120,3996
2026-09-28T11:55:03.407000+00:00,5,NVIDIA B200,34170,0,188.14,33,1965,3996
2026-09-28T11:55:03.407000+00:00,6,NVIDIA B200,0,0,144.12,40,120,3996
2026-09-28T11:55:03.407000+00:00,7,NVIDIA B200,0,0,138.97,31,120,3996
2026-09-28T11:55:04.407000+00:00,0,NVIDIA B200,33578,10,365.52,39,1965,3996
2026-09-28T11:55:04.407000+00:00,1,NVIDIA B200,34236,0,245.11,34,1965,3996
2026-09-28T11:55:04.407000+00:00,2,NVIDIA B200,0,0,139.63,35,120,3996
2026-09-28T11:55:04.407000+00:00,3,NVIDIA B200,0,0,135.11,31,120,3996
2026-09-28T11:55:04.407000+00:00,4,NVIDIA B200,0,0,139.37,35,120,3996
2026-09-28T11:55:04.407000+00:00,5,NVIDIA B200,33538,38,288.73,36,1965,3996
2026-09-28T11:55:04.407000+00:00,6,NVIDIA B200,0,0,144.20,40,120,3996
2026-09-28T11:55:04.407000+00:00,7,NVIDIA B200,0,0,138.86,31,120,3996
2026-09-28T11:55:05.408000+00:00,0,NVIDIA B200,34146,0,249.64,38,1965,3996
2026-09-28T11:55:05.408000+00:00,1,NVIDIA B200,34236,0,185.77,33,1965,3996
2026-09-28T11:55:05.408000+00:00,2,NVIDIA B200,0,0,139.58,35,120,3996
2026-09-28T11:55:05.408000+00:00,3,NVIDIA B200,0,0,135.03,31,120,3996
2026-09-28T11:55:05.408000+00:00,4,NVIDIA B200,0,0,139.40,35,120,3996
2026-09-28T11:55:05.408000+00:00,5,NVIDIA B200,34170,21,316.88,35,1965,3996
2026-09-28T11:55:05.408000+00:00,6,NVIDIA B200,0,0,144.12,40,120,3996
2026-09-28T11:55:05.408000+00:00,7,NVIDIA B200,0,0,138.90,31,120,3996
2026-09-28T11:55:06.408000+00:00,0,NVIDIA B200,34146,0,190.61,37,1965,3996
2026-09-28T11:55:06.408000+00:00,1,NVIDIA B200,33492,4,187.43,33,1965,3996
2026-09-28T11:55:06.408000+00:00,2,NVIDIA B200,0,0,139.57,35,120,3996
2026-09-28T11:55:06.408000+00:00,3,NVIDIA B200,0,0,135.14,31,120,3996
2026-09-28T11:55:06.408000+00:00,4,NVIDIA B200,0,0,139.26,35,120,3996
2026-09-28T11:55:06.408000+00:00,5,NVIDIA B200,34170,0,188.67,34,1965,3996
2026-09-28T11:55:06.408000+00:00,6,NVIDIA B200,0,0,144.21,40,120,3996
2026-09-28T11:55:06.408000+00:00,7,NVIDIA B200,0,0,139.07,31,120,3996
2026-09-28T11:55:07.408000+00:00,0,NVIDIA B200,34146,0,190.88,37,1965,3996
2026-09-28T11:55:07.411000+00:00,1,NVIDIA B200,33548,8,342.26,35,1965,3996
2026-09-28T11:55:07.411000+00:00,2,NVIDIA B200,0,0,139.43,35,120,3996
2026-09-28T11:55:07.411000+00:00,3,NVIDIA B200,0,0,135.18,31,120,3996
2026-09-28T11:55:07.411000+00:00,4,NVIDIA B200,0,0,139.25,35,120,3996
2026-09-28T11:55:07.411000+00:00,5,NVIDIA B200,33510,0,188.43,33,1965,3996
2026-09-28T11:55:07.411000+00:00,6,NVIDIA B200,0,0,144.03,40,120,3996
2026-09-28T11:55:07.411000+00:00,7,NVIDIA B200,0,0,138.91,31,120,3996
2026-09-28T11:55:08.412000+00:00,0,NVIDIA B200,33402,0,191.04,37,1965,3996
2026-09-28T11:55:08.412000+00:00,1,NVIDIA B200,34168,0,245.46,34,1965,3996
2026-09-28T11:55:08.412000+00:00,2,NVIDIA B200,0,0,139.42,35,120,3996
2026-09-28T11:55:08.412000+00:00,3,NVIDIA B200,0,0,135.01,31,120,3996
2026-09-28T11:55:08.412000+00:00,4,NVIDIA B200,0,0,139.22,35,120,3996
2026-09-28T11:55:08.412000+00:00,5,NVIDIA B200,33514,39,348.07,35,1965,3996
2026-09-28T11:55:08.412000+00:00,6,NVIDIA B200,0,0,144.12,40,120,3996
2026-09-28T11:55:08.412000+00:00,7,NVIDIA B200,0,0,138.91,31,120,3996
2026-09-28T11:55:09.412000+00:00,0,NVIDIA B200,33482,19,334.64,39,1965,3996
2026-09-28T11:55:09.412000+00:00,1,NVIDIA B200,34168,0,185.81,33,1965,3996
2026-09-28T11:55:09.412000+00:00,2,NVIDIA B200,0,0,139.35,35,120,3996
2026-09-28T11:55:09.414000+00:00,3,NVIDIA B200,0,0,134.99,31,120,3996
2026-09-28T11:55:09.414000+00:00,4,NVIDIA B200,0,0,139.21,35,120,3996
2026-09-28T11:55:09.414000+00:00,5,NVIDIA B200,34178,0,259.13,34,1965,3996
2026-09-28T11:55:09.414000+00:00,6,NVIDIA B200,0,0,144.04,40,120,3996
2026-09-28T11:55:09.414000+00:00,7,NVIDIA B200,0,0,138.79,31,120,3996
2026-09-28T11:55:10.414000+00:00,0,NVIDIA B200,34196,0,267.70,38,1965,3996
2026-09-28T11:55:10.414000+00:00,1,NVIDIA B200,33402,0,186.42,33,1965,3996
2026-09-28T11:55:10.414000+00:00,2,NVIDIA B200,0,0,139.40,35,120,3996
2026-09-28T11:55:10.414000+00:00,3,NVIDIA B200,0,0,134.96,31,120,3996
2026-09-28T11:55:10.414000+00:00,4,NVIDIA B200,0,0,139.39,35,120,3996
2026-09-28T11:55:10.414000+00:00,5,NVIDIA B200,34178,0,188.31,33,1965,3996
2026-09-28T11:55:10.414000+00:00,6,NVIDIA B200,0,0,144.12,40,120,3996
2026-09-28T11:55:10.414000+00:00,7,NVIDIA B200,0,0,138.86,31,120,3996
2026-09-28T11:55:11.414000+00:00,0,NVIDIA B200,34196,0,191.13,38,1965,3996
2026-09-28T11:55:11.414000+00:00,1,NVIDIA B200,33508,36,337.79,36,1965,3996
2026-09-28T11:55:11.414000+00:00,2,NVIDIA B200,0,0,139.48,35,120,3996
2026-09-28T11:55:11.414000+00:00,3,NVIDIA B200,0,0,135.05,31,120,3996
2026-09-28T11:55:11.414000+00:00,4,NVIDIA B200,0,0,139.39,35,120,3996
2026-09-28T11:55:11.414000+00:00,5,NVIDIA B200,33538,3,209.58,35,1965,3996
2026-09-28T11:55:11.414000+00:00,6,NVIDIA B200,0,0,144.23,40,120,3996
2026-09-28T11:55:11.415000+00:00,7,NVIDIA B200,0,0,138.98,31,120,3996
2026-09-28T11:55:12.415000+00:00,0,NVIDIA B200,34196,0,190.73,37,1965,3996
2026-09-28T11:55:12.415000+00:00,1,NVIDIA B200,34168,0,255.62,35,1965,3996
2026-09-28T11:55:12.415000+00:00,2,NVIDIA B200,0,0,139.49,35,120,3996
2026-09-28T11:55:12.415000+00:00,3,NVIDIA B200,0,0,134.95,31,120,3996
2026-09-28T11:55:12.415000+00:00,4,NVIDIA B200,0,0,139.27,35,120,3996
2026-09-28T11:55:12.415000+00:00,5,NVIDIA B200,33656,11,314.86,35,1965,3996
2026-09-28T11:55:12.415000+00:00,6,NVIDIA B200,0,0,143.96,40,120,3996
2026-09-28T11:55:12.415000+00:00,7,NVIDIA B200,0,0,138.79,31,120,3996
2026-09-28T11:55:13.415000+00:00,0,NVIDIA B200,34196,0,190.57,37,1965,3996
2026-09-28T11:55:13.415000+00:00,1,NVIDIA B200,34168,0,185.92,34,1965,3996
2026-09-28T11:55:13.415000+00:00,2,NVIDIA B200,0,0,139.33,35,120,3996
2026-09-28T11:55:13.415000+00:00,3,NVIDIA B200,0,0,134.97,31,120,3996
2026-09-28T11:55:13.415000+00:00,4,NVIDIA B200,0,0,139.19,35,120,3996
2026-09-28T11:55:13.415000+00:00,5,NVIDIA B200,34142,0,248.24,34,1965,3996
2026-09-28T11:55:13.415000+00:00,6,NVIDIA B200,0,0,144.05,40,120,3996
2026-09-28T11:55:13.415000+00:00,7,NVIDIA B200,0,0,138.78,31,120,3996
2026-09-28T11:55:14.416000+00:00,0,NVIDIA B200,33494,38,305.04,41,1965,3996
2026-09-28T11:55:14.420000+00:00,1,NVIDIA B200,34168,0,185.64,33,1965,3996
2026-09-28T11:55:14.420000+00:00,2,NVIDIA B200,0,0,139.31,35,120,3996
2026-09-28T11:55:14.420000+00:00,3,NVIDIA B200,0,0,135.01,31,120,3996
2026-09-28T11:55:14.420000+00:00,4,NVIDIA B200,0,0,139.15,35,120,3996
2026-09-28T11:55:14.422000+00:00,5,NVIDIA B200,34142,0,188.18,33,1965,3996
2026-09-28T11:55:14.422000+00:00,6,NVIDIA B200,0,0,144.05,40,120,3996
2026-09-28T11:55:14.422000+00:00,7,NVIDIA B200,0,0,138.82,31,120,3996
2026-09-28T11:55:15.422000+00:00,0,NVIDIA B200,33890,14,263.00,39,1965,3996
2026-09-28T11:55:15.422000+00:00,1,NVIDIA B200,33494,36,261.92,36,1965,3996
2026-09-28T11:55:15.422000+00:00,2,NVIDIA B200,0,0,139.33,35,120,3996
2026-09-28T11:55:15.422000+00:00,3,NVIDIA B200,0,0,135.07,31,120,3996
2026-09-28T11:55:15.424000+00:00,4,NVIDIA B200,0,0,139.37,35,120,3996
2026-09-28T11:55:15.424000+00:00,5,NVIDIA B200,33538,4,223.12,36,1965,3996
2026-09-28T11:55:15.424000+00:00,6,NVIDIA B200,0,0,144.10,40,120,3996
2026-09-28T11:55:15.424000+00:00,7,NVIDIA B200,0,0,138.76,31,120,3996
2026-09-28T11:55:16.424000+00:00,0,NVIDIA B200,34146,0,223.47,38,1965,3996
2026-09-28T11:55:16.424000+00:00,1,NVIDIA B200,34160,20,316.35,35,1965,3996
2026-09-28T11:55:16.424000+00:00,2,NVIDIA B200,0,0,139.41,35,120,3996
2026-09-28T11:55:16.424000+00:00,3,NVIDIA B200,0,0,135.25,31,120,3996
2026-09-28T11:55:16.425000+00:00,4,NVIDIA B200,0,0,139.26,35,120,3996
2026-09-28T11:55:16.425000+00:00,5,NVIDIA B200,33880,10,346.24,35,1965,3996
2026-09-28T11:55:16.425000+00:00,6,NVIDIA B200,0,0,144.22,40,120,3996
2026-09-28T11:55:16.425000+00:00,7,NVIDIA B200,0,0,138.87,31,120,3996
2026-09-28T11:55:17.425000+00:00,0,NVIDIA B200,34146,0,190.77,38,1965,3996
2026-09-28T11:55:17.425000+00:00,1,NVIDIA B200,34160,0,204.01,34,1965,3996
2026-09-28T11:55:17.425000+00:00,2,NVIDIA B200,0,0,139.27,35,120,3996
2026-09-28T11:55:17.425000+00:00,3,NVIDIA B200,0,0,134.98,31,120,3996
2026-09-28T11:55:17.425000+00:00,4,NVIDIA B200,0,0,139.21,35,120,3996
2026-09-28T11:55:17.425000+00:00,5,NVIDIA B200,34170,0,239.61,34,1965,3996
2026-09-28T11:55:17.425000+00:00,6,NVIDIA B200,0,0,143.97,40,120,3996
2026-09-28T11:55:17.425000+00:00,7,NVIDIA B200,0,0,138.78,31,120,3996
2026-09-28T11:55:18.425000+00:00,0,NVIDIA B200,34146,0,190.76,37,1965,3996
2026-09-28T11:55:18.425000+00:00,1,NVIDIA B200,34160,0,185.70,33,1965,3996
2026-09-28T11:55:18.425000+00:00,2,NVIDIA B200,0,0,139.29,35,120,3996
2026-09-28T11:55:18.425000+00:00,3,NVIDIA B200,0,0,134.91,31,120,3996
2026-09-28T11:55:18.425000+00:00,4,NVIDIA B200,0,0,139.20,35,120,3996
2026-09-28T11:55:18.425000+00:00,5,NVIDIA B200,34170,0,188.06,33,1965,3996
2026-09-28T11:55:18.425000+00:00,6,NVIDIA B200,0,0,144.08,40,120,3996
2026-09-28T11:55:18.425000+00:00,7,NVIDIA B200,0,0,138.74,31,120,3996
2026-09-28T11:55:19.425000+00:00,0,NVIDIA B200,33406,3,192.74,37,1965,3996
2026-09-28T11:55:19.425000+00:00,1,NVIDIA B200,33494,36,249.55,36,1965,3996
2026-09-28T11:55:19.425000+00:00,2,NVIDIA B200,0,0,139.27,35,120,3996
2026-09-28T11:55:19.425000+00:00,3,NVIDIA B200,0,0,134.93,31,120,3996
2026-09-28T11:55:19.425000+00:00,4,NVIDIA B200,0,0,139.21,35,120,3996
2026-09-28T11:55:19.425000+00:00,5,NVIDIA B200,34170,0,187.91,33,1965,3996
2026-09-28T11:55:19.426000+00:00,6,NVIDIA B200,0,0,144.04,40,120,3996
2026-09-28T11:55:19.426000+00:00,7,NVIDIA B200,0,0,138.73,31,120,3996
2026-09-28T11:55:20.426000+00:00,0,NVIDIA B200,33600,12,353.29,39,1965,3996
2026-09-28T11:55:20.426000+00:00,1,NVIDIA B200,33830,15,327.48,36,1965,3996
2026-09-28T11:55:20.426000+00:00,2,NVIDIA B200,0,0,139.21,35,120,3996
2026-09-28T11:55:20.426000+00:00,3,NVIDIA B200,0,0,134.91,31,120,3996
2026-09-28T11:55:20.426000+00:00,4,NVIDIA B200,0,0,139.38,35,120,3996
2026-09-28T11:55:20.426000+00:00,5,NVIDIA B200,34170,0,187.86,33,1965,3996
2026-09-28T11:55:20.426000+00:00,6,NVIDIA B200,0,0,144.02,40,120,3996
2026-09-28T11:55:20.426000+00:00,7,NVIDIA B200,0,0,138.72,31,120,3996
2026-09-28T11:55:21.426000+00:00,0,NVIDIA B200,34146,0,249.22,38,1965,3996
2026-09-28T11:55:21.426000+00:00,1,NVIDIA B200,34168,0,221.23,34,1965,3996
2026-09-28T11:55:21.426000+00:00,2,NVIDIA B200,0,0,139.23,35,120,3996
2026-09-28T11:55:21.426000+00:00,3,NVIDIA B200,0,0,135.10,31,120,3996
2026-09-28T11:55:21.426000+00:00,4,NVIDIA B200,0,0,139.16,35,120,3996
2026-09-28T11:55:21.426000+00:00,5,NVIDIA B200,34170,0,187.77,33,1965,3996
2026-09-28T11:55:21.426000+00:00,6,NVIDIA B200,0,0,144.09,40,120,3996
2026-09-28T11:55:21.426000+00:00,7,NVIDIA B200,0,0,138.82,31,120,3996
2026-09-28T11:55:22.426000+00:00,0,NVIDIA B200,34146,0,191.23,38,1965,3996
2026-09-28T11:55:22.426000+00:00,1,NVIDIA B200,34168,0,185.68,33,1965,3996
2026-09-28T11:55:22.426000+00:00,2,NVIDIA B200,0,0,139.15,35,120,3996
2026-09-28T11:55:22.426000+00:00,3,NVIDIA B200,0,0,134.92,31,120,3996
2026-09-28T11:55:22.426000+00:00,4,NVIDIA B200,0,0,139.19,35,120,3996
2026-09-28T11:55:22.426000+00:00,5,NVIDIA B200,34170,0,187.71,33,1965,3996
2026-09-28T11:55:22.427000+00:00,6,NVIDIA B200,0,0,144.03,40,120,3996
2026-09-28T11:55:22.427000+00:00,7,NVIDIA B200,0,0,138.70,31,120,3996
2026-09-28T11:55:23.427000+00:00,0,NVIDIA B200,34146,0,190.50,37,1965,3996
2026-09-28T11:55:23.427000+00:00,1,NVIDIA B200,33494,26,231.56,35,1965,3996
2026-09-28T11:55:23.427000+00:00,2,NVIDIA B200,0,0,139.15,35,120,3996
2026-09-28T11:55:23.427000+00:00,3,NVIDIA B200,0,0,134.96,30,120,3996
2026-09-28T11:55:23.427000+00:00,4,NVIDIA B200,0,0,139.12,35,120,3996
2026-09-28T11:55:23.427000+00:00,5,NVIDIA B200,34170,0,187.60,33,1965,3996
2026-09-28T11:55:23.427000+00:00,6,NVIDIA B200,0,0,143.99,40,120,3996
2026-09-28T11:55:23.427000+00:00,7,NVIDIA B200,0,0,138.70,31,120,3996
2026-09-28T11:55:24.427000+00:00,0,NVIDIA B200,33404,2,193.08,37,1965,3996
2026-09-28T11:55:24.427000+00:00,1,NVIDIA B200,33892,9,324.61,38,1965,3996
2026-09-28T11:55:24.427000+00:00,2,NVIDIA B200,0,0,139.11,35,120,3996
2026-09-28T11:55:24.427000+00:00,3,NVIDIA B200,0,0,134.92,30,120,3996
2026-09-28T11:55:24.427000+00:00,4,NVIDIA B200,0,0,139.16,35,120,3996
2026-09-28T11:55:24.427000+00:00,5,NVIDIA B200,34170,0,187.58,33,1965,3996
2026-09-28T11:55:24.427000+00:00,6,NVIDIA B200,0,0,143.96,40,120,3996
2026-09-28T11:55:24.427000+00:00,7,NVIDIA B200,0,0,138.62,31,120,3996
2026-09-28T11:55:25.428000+00:00,0,NVIDIA B200,33516,8,352.07,40,1965,3996
2026-09-28T11:55:25.428000+00:00,1,NVIDIA B200,34148,0,223.30,34,1965,3996
2026-09-28T11:55:25.428000+00:00,2,NVIDIA B200,0,0,138.99,35,120,3996
2026-09-28T11:55:25.428000+00:00,3,NVIDIA B200,0,0,135.03,30,120,3996
2026-09-28T11:55:25.428000+00:00,4,NVIDIA B200,0,0,139.30,35,120,3996
2026-09-28T11:55:25.428000+00:00,5,NVIDIA B200,34170,0,187.56,33,1965,3996
2026-09-28T11:55:25.428000+00:00,6,NVIDIA B200,0,0,143.99,40,120,3996
2026-09-28T11:55:25.428000+00:00,7,NVIDIA B200,0,0,138.67,31,120,3996
2026-09-28T11:55:26.428000+00:00,0,NVIDIA B200,34146,0,257.94,38,1965,3996
2026-09-28T11:55:26.428000+00:00,1,NVIDIA B200,34148,0,185.72,34,1965,3996
2026-09-28T11:55:26.428000+00:00,2,NVIDIA B200,0,0,139.27,35,120,3996
2026-09-28T11:55:26.428000+00:00,3,NVIDIA B200,0,0,135.09,30,120,3996
2026-09-28T11:55:26.428000+00:00,4,NVIDIA B200,0,0,139.09,35,120,3996
2026-09-28T11:55:26.428000+00:00,5,NVIDIA B200,34170,0,187.63,33,1965,3996
2026-09-28T11:55:26.428000+00:00,6,NVIDIA B200,0,0,144.05,40,120,3996
2026-09-28T11:55:26.428000+00:00,7,NVIDIA B200,0,0,138.74,31,120,3996
2026-09-28T11:55:27.428000+00:00,0,NVIDIA B200,34146,0,190.74,38,1965,3996
2026-09-28T11:55:27.428000+00:00,1,NVIDIA B200,33494,3,214.81,35,1965,3996
2026-09-28T11:55:27.428000+00:00,2,NVIDIA B200,0,0,139.20,35,120,3996
2026-09-28T11:55:27.428000+00:00,3,NVIDIA B200,0,0,134.86,30,120,3996
2026-09-28T11:55:27.428000+00:00,4,NVIDIA B200,0,0,139.13,35,120,3996
2026-09-28T11:55:27.428000+00:00,5,NVIDIA B200,34170,0,187.52,33,1965,3996
2026-09-28T11:55:27.428000+00:00,6,NVIDIA B200,0,0,143.91,40,120,3996
2026-09-28T11:55:27.428000+00:00,7,NVIDIA B200,0,0,138.68,31,120,3996
2026-09-28T11:55:28.429000+00:00,0,NVIDIA B200,34146,0,191.10,38,1965,3996
2026-09-28T11:55:28.429000+00:00,1,NVIDIA B200,33818,10,329.99,35,1965,3996
2026-09-28T11:55:28.429000+00:00,2,NVIDIA B200,0,0,139.04,34,120,3996
2026-09-28T11:55:28.429000+00:00,3,NVIDIA B200,0,0,135.00,30,120,3996
2026-09-28T11:55:28.429000+00:00,4,NVIDIA B200,0,0,139.10,35,120,3996
2026-09-28T11:55:28.429000+00:00,5,NVIDIA B200,34170,0,187.52,33,1965,3996
2026-09-28T11:55:28.429000+00:00,6,NVIDIA B200,0,0,143.96,40,120,3996
2026-09-28T11:55:28.429000+00:00,7,NVIDIA B200,0,0,138.62,31,120,3996
2026-09-28T11:55:29.429000+00:00,0,NVIDIA B200,33418,0,190.38,37,1965,3996
2026-09-28T11:55:29.429000+00:00,1,NVIDIA B200,34226,0,238.56,34,1965,3996
2026-09-28T11:55:29.429000+00:00,2,NVIDIA B200,0,0,139.09,34,120,3996
2026-09-28T11:55:29.429000+00:00,3,NVIDIA B200,0,0,134.93,30,120,3996
2026-09-28T11:55:29.429000+00:00,4,NVIDIA B200,0,0,139.16,35,120,3996
2026-09-28T11:55:29.429000+00:00,5,NVIDIA B200,34170,0,187.45,33,1965,3996
2026-09-28T11:55:29.429000+00:00,6,NVIDIA B200,0,0,143.92,40,120,3996
2026-09-28T11:55:29.429000+00:00,7,NVIDIA B200,0,0,138.62,31,120,3996
2026-09-28T11:55:30.429000+00:00,0,NVIDIA B200,33468,37,332.16,41,1965,3996
2026-09-28T11:55:30.430000+00:00,1,NVIDIA B200,34226,0,185.92,34,1965,3996
2026-09-28T11:55:30.430000+00:00,2,NVIDIA B200,0,0,139.03,34,120,3996
2026-09-28T11:55:30.430000+00:00,3,NVIDIA B200,0,0,134.93,30,120,3996
2026-09-28T11:55:30.430000+00:00,4,NVIDIA B200,0,0,139.23,35,120,3996
2026-09-28T11:55:30.430000+00:00,5,NVIDIA B200,34170,0,187.46,33,1965,3996
2026-09-28T11:55:30.430000+00:00,6,NVIDIA B200,0,0,143.91,40,120,3996
2026-09-28T11:55:30.430000+00:00,7,NVIDIA B200,0,0,138.59,31,120,3996
2026-09-28T11:55:31.430000+00:00,0,NVIDIA B200,34146,0,271.04,39,1965,3996
2026-09-28T11:55:31.430000+00:00,1,NVIDIA B200,33494,3,193.36,34,1965,3996
2026-09-28T11:55:31.430000+00:00,2,NVIDIA B200,0,0,139.12,34,120,3996
2026-09-28T11:55:31.430000+00:00,3,NVIDIA B200,0,0,135.04,30,120,3996
2026-09-28T11:55:31.430000+00:00,4,NVIDIA B200,0,0,139.08,35,120,3996
2026-09-28T11:55:31.430000+00:00,5,NVIDIA B200,34170,0,187.57,33,1965,3996
2026-09-28T11:55:31.430000+00:00,6,NVIDIA B200,0,0,144.03,40,120,3996
2026-09-28T11:55:31.430000+00:00,7,NVIDIA B200,0,0,138.81,31,120,3996
2026-09-28T11:55:32.430000+00:00,0,NVIDIA B200,34146,0,191.86,38,1965,3996
2026-09-28T11:55:32.430000+00:00,1,NVIDIA B200,33474,3,339.70,35,1965,3996
2026-09-28T11:55:32.430000+00:00,2,NVIDIA B200,0,0,139.08,34,120,3996
2026-09-28T11:55:32.430000+00:00,3,NVIDIA B200,0,0,134.93,30,120,3996
2026-09-28T11:55:32.430000+00:00,4,NVIDIA B200,0,0,139.05,35,120,3996
2026-09-28T11:55:32.430000+00:00,5,NVIDIA B200,34170,0,187.53,33,1965,3996
2026-09-28T11:55:32.430000+00:00,6,NVIDIA B200,0,0,143.93,40,120,3996
2026-09-28T11:55:32.430000+00:00,7,NVIDIA B200,0,0,138.61,31,120,3996
2026-09-28T11:55:33.430000+00:00,0,NVIDIA B200,34146,0,190.45,38,1965,3996
2026-09-28T11:55:33.431000+00:00,1,NVIDIA B200,34132,0,253.45,34,1965,3996
2026-09-28T11:55:33.431000+00:00,2,NVIDIA B200,0,0,139.06,34,120,3996
2026-09-28T11:55:33.431000+00:00,3,NVIDIA B200,0,0,134.88,30,120,3996
2026-09-28T11:55:33.431000+00:00,4,NVIDIA B200,0,0,139.13,35,120,3996
2026-09-28T11:55:33.431000+00:00,5,NVIDIA B200,34170,0,187.43,33,1965,3996
2026-09-28T11:55:33.431000+00:00,6,NVIDIA B200,0,0,143.82,40,120,3996
2026-09-28T11:55:33.431000+00:00,7,NVIDIA B200,0,0,138.67,31,120,3996
2026-09-28T11:55:34.431000+00:00,0,NVIDIA B200,34146,0,191.11,38,1965,3996
2026-09-28T11:55:34.432000+00:00,1,NVIDIA B200,34132,0,185.93,34,1965,3996
2026-09-28T11:55:34.432000+00:00,2,NVIDIA B200,0,0,139.02,34,120,3996
2026-09-28T11:55:34.432000+00:00,3,NVIDIA B200,0,0,134.90,30,120,3996
2026-09-28T11:55:34.432000+00:00,4,NVIDIA B200,0,0,139.15,35,120,3996
2026-09-28T11:55:34.434000+00:00,5,NVIDIA B200,34170,0,187.50,33,1965,3996
2026-09-28T11:55:34.434000+00:00,6,NVIDIA B200,0,0,143.89,40,120,3996
2026-09-28T11:55:34.434000+00:00,7,NVIDIA B200,0,0,138.60,31,120,3996
2026-09-28T11:55:35.434000+00:00,0,NVIDIA B200,33494,38,282.96,41,1965,3996
2026-09-28T11:55:35.434000+00:00,1,NVIDIA B200,33402,0,186.72,34,1965,3996
2026-09-28T11:55:35.434000+00:00,2,NVIDIA B200,0,0,138.98,34,120,3996
2026-09-28T11:55:35.434000+00:00,3,NVIDIA B200,0,0,134.97,30,120,3996
2026-09-28T11:55:35.434000+00:00,4,NVIDIA B200,0,0,139.20,35,120,3996
2026-09-28T11:55:35.434000+00:00,5,NVIDIA B200,34170,0,187.60,33,1965,3996
2026-09-28T11:55:35.434000+00:00,6,NVIDIA B200,0,0,143.88,40,120,3996
2026-09-28T11:55:35.434000+00:00,7,NVIDIA B200,0,0,138.60,31,120,3996
2026-09-28T11:55:36.434000+00:00,0,NVIDIA B200,34146,22,337.36,42,1965,3996
2026-09-28T11:55:36.434000+00:00,1,NVIDIA B200,33470,36,338.90,37,1965,3996
2026-09-28T11:55:36.434000+00:00,2,NVIDIA B200,0,0,139.08,34,120,3996
2026-09-28T11:55:36.434000+00:00,3,NVIDIA B200,0,0,135.17,30,120,3996
2026-09-28T11:55:36.434000+00:00,4,NVIDIA B200,0,0,139.07,35,120,3996
2026-09-28T11:55:36.434000+00:00,5,NVIDIA B200,34170,0,187.57,33,1965,3996
2026-09-28T11:55:36.434000+00:00,6,NVIDIA B200,0,0,143.98,40,120,3996
2026-09-28T11:55:36.434000+00:00,7,NVIDIA B200,0,0,138.66,31,120,3996
2026-09-28T11:55:37.435000+00:00,0,NVIDIA B200,34146,0,192.12,38,1965,3996
2026-09-28T11:55:37.435000+00:00,1,NVIDIA B200,34226,0,259.95,35,1965,3996
2026-09-28T11:55:37.435000+00:00,2,NVIDIA B200,0,0,138.88,34,120,3996
2026-09-28T11:55:37.435000+00:00,3,NVIDIA B200,0,0,134.93,30,120,3996
2026-09-28T11:55:37.435000+00:00,4,NVIDIA B200,0,0,139.08,35,120,3996
2026-09-28T11:55:37.435000+00:00,5,NVIDIA B200,34170,0,187.43,33,1965,3996
2026-09-28T11:55:37.435000+00:00,6,NVIDIA B200,0,0,143.85,40,120,3996
2026-09-28T11:55:37.435000+00:00,7,NVIDIA B200,0,0,138.54,31,120,3996
2026-09-28T11:55:38.435000+00:00,0,NVIDIA B200,34146,0,191.42,38,1965,3996
2026-09-28T11:55:38.435000+00:00,1,NVIDIA B200,34226,0,186.04,34,1965,3996
2026-09-28T11:55:38.435000+00:00,2,NVIDIA B200,0,0,138.96,34,120,3996
2026-09-28T11:55:38.435000+00:00,3,NVIDIA B200,0,0,134.86,30,120,3996
2026-09-28T11:55:38.435000+00:00,4,NVIDIA B200,0,0,139.15,35,120,3996
2026-09-28T11:55:38.435000+00:00,5,NVIDIA B200,34170,0,187.35,33,1965,3996
2026-09-28T11:55:38.435000+00:00,6,NVIDIA B200,0,0,143.76,40,120,3996
2026-09-28T11:55:38.435000+00:00,7,NVIDIA B200,0,0,138.59,31,120,3996
2026-09-28T11:55:39.435000+00:00,0,NVIDIA B200,34146,0,190.37,38,1965,3996
2026-09-28T11:55:39.435000+00:00,1,NVIDIA B200,34226,0,185.67,34,1965,3996
2026-09-28T11:55:39.435000+00:00,2,NVIDIA B200,0,0,138.99,34,120,3996
2026-09-28T11:55:39.435000+00:00,3,NVIDIA B200,0,0,134.85,30,120,3996
2026-09-28T11:55:39.435000+00:00,4,NVIDIA B200,0,0,139.15,35,120,3996
2026-09-28T11:55:39.435000+00:00,5,NVIDIA B200,34170,0,187.34,33,1965,3996
2026-09-28T11:55:39.435000+00:00,6,NVIDIA B200,0,0,143.74,40,120,3996
2026-09-28T11:55:39.435000+00:00,7,NVIDIA B200,0,0,138.56,31,120,3996
2026-09-28T11:55:40.436000+00:00,0,NVIDIA B200,33494,38,244.57,40,1965,3996
2026-09-28T11:55:40.436000+00:00,1,NVIDIA B200,33494,36,324.17,37,1965,3996
2026-09-28T11:55:40.436000+00:00,2,NVIDIA B200,0,0,138.91,34,120,3996
2026-09-28T11:55:40.436000+00:00,3,NVIDIA B200,0,0,134.95,30,120,3996
2026-09-28T11:55:40.436000+00:00,4,NVIDIA B200,0,0,139.23,35,120,3996
2026-09-28T11:55:40.436000+00:00,5,NVIDIA B200,34170,0,187.35,33,1965,3996
2026-09-28T11:55:40.436000+00:00,6,NVIDIA B200,0,0,143.82,40,120,3996
2026-09-28T11:55:40.436000+00:00,7,NVIDIA B200,0,0,138.51,31,120,3996
2026-09-28T11:55:41.436000+00:00,0,NVIDIA B200,33872,15,343.53,40,1965,3996
2026-09-28T11:55:41.436000+00:00,1,NVIDIA B200,34184,0,274.90,35,1965,3996
2026-09-28T11:55:41.436000+00:00,2,NVIDIA B200,0,0,139.08,34,120,3996
2026-09-28T11:55:41.436000+00:00,3,NVIDIA B200,0,0,134.98,30,120,3996
2026-09-28T11:55:41.436000+00:00,4,NVIDIA B200,0,0,139.04,35,120,3996
2026-09-28T11:55:41.436000+00:00,5,NVIDIA B200,34170,0,187.40,33,1965,3996
2026-09-28T11:55:41.436000+00:00,6,NVIDIA B200,0,0,143.91,40,120,3996
2026-09-28T11:55:41.436000+00:00,7,NVIDIA B200,0,0,138.70,30,120,3996
2026-09-28T11:55:42.436000+00:00,0,NVIDIA B200,34146,0,226.12,38,1965,3996
2026-09-28T11:55:42.436000+00:00,1,NVIDIA B200,34184,0,186.27,34,1965,3996
2026-09-28T11:55:42.436000+00:00,2,NVIDIA B200,0,0,138.90,34,120,3996
2026-09-28T11:55:42.436000+00:00,3,NVIDIA B200,0,0,134.84,30,120,3996
2026-09-28T11:55:42.436000+00:00,4,NVIDIA B200,0,0,139.01,35,120,3996
2026-09-28T11:55:42.436000+00:00,5,NVIDIA B200,34170,0,187.32,33,1965,3996
2026-09-28T11:55:42.436000+00:00,6,NVIDIA B200,0,0,143.85,40,120,3996
2026-09-28T11:55:42.436000+00:00,7,NVIDIA B200,0,0,138.53,30,120,3996
2026-09-28T11:55:43.436000+00:00,0,NVIDIA B200,34146,0,190.56,38,1965,3996
2026-09-28T11:55:43.437000+00:00,1,NVIDIA B200,34184,0,185.76,34,1965,3996
2026-09-28T11:55:43.437000+00:00,2,NVIDIA B200,0,0,138.99,34,120,3996
2026-09-28T11:55:43.437000+00:00,3,NVIDIA B200,0,0,134.82,30,120,3996
2026-09-28T11:55:43.437000+00:00,4,NVIDIA B200,0,0,139.11,35,120,3996
2026-09-28T11:55:43.437000+00:00,5,NVIDIA B200,34170,0,187.32,32,1965,3996
2026-09-28T11:55:43.437000+00:00,6,NVIDIA B200,0,0,143.84,40,120,3996
2026-09-28T11:55:43.437000+00:00,7,NVIDIA B200,0,0,138.54,30,120,3996
2026-09-28T11:55:44.437000+00:00,0,NVIDIA B200,34146,0,191.20,38,1965,3996
2026-09-28T11:55:44.437000+00:00,1,NVIDIA B200,33494,36,321.40,37,1965,3996
2026-09-28T11:55:44.437000+00:00,2,NVIDIA B200,0,0,138.91,34,120,3996
2026-09-28T11:55:44.437000+00:00,3,NVIDIA B200,0,0,134.85,30,120,3996
2026-09-28T11:55:44.437000+00:00,4,NVIDIA B200,0,0,139.09,35,120,3996
2026-09-28T11:55:44.437000+00:00,5,NVIDIA B200,34170,0,187.29,33,1965,3996
2026-09-28T11:55:44.437000+00:00,6,NVIDIA B200,0,0,143.80,40,120,3996
2026-09-28T11:55:44.437000+00:00,7,NVIDIA B200,0,0,138.49,30,120,3996
2026-09-28T11:55:45.437000+00:00,0,NVIDIA B200,33494,3,211.88,39,1965,3996
2026-09-28T11:55:45.437000+00:00,1,NVIDIA B200,34148,13,280.03,35,1965,3996
2026-09-28T11:55:45.437000+00:00,2,NVIDIA B200,0,0,138.87,34,120,3996
2026-09-28T11:55:45.437000+00:00,3,NVIDIA B200,0,0,134.85,30,120,3996
2026-09-28T11:55:45.437000+00:00,4,NVIDIA B200,0,0,139.16,35,120,3996
2026-09-28T11:55:45.437000+00:00,5,NVIDIA B200,34170,0,187.27,32,1965,3996
2026-09-28T11:55:45.437000+00:00,6,NVIDIA B200,0,0,143.76,40,120,3996
2026-09-28T11:55:45.437000+00:00,7,NVIDIA B200,0,0,138.55,30,120,3996
2026-09-28T11:55:46.438000+00:00,0,NVIDIA B200,33688,10,342.65,39,1965,3996
2026-09-28T11:55:46.438000+00:00,1,NVIDIA B200,34148,0,186.06,34,1965,3996
2026-09-28T11:55:46.438000+00:00,2,NVIDIA B200,0,0,139.04,34,120,3996
2026-09-28T11:55:46.438000+00:00,3,NVIDIA B200,0,0,135.05,30,120,3996
2026-09-28T11:55:46.438000+00:00,4,NVIDIA B200,0,0,139.01,35,120,3996
2026-09-28T11:55:46.438000+00:00,5,NVIDIA B200,34170,0,187.38,32,1965,3996
2026-09-28T11:55:46.438000+00:00,6,NVIDIA B200,0,0,143.90,40,120,3996
2026-09-28T11:55:46.438000+00:00,7,NVIDIA B200,0,0,138.72,31,120,3996
2026-09-28T11:55:47.438000+00:00,0,NVIDIA B200,34146,0,246.16,38,1965,3996
2026-09-28T11:55:47.438000+00:00,1,NVIDIA B200,34148,0,185.82,34,1965,3996
2026-09-28T11:55:47.438000+00:00,2,NVIDIA B200,0,0,138.87,34,120,3996
2026-09-28T11:55:47.438000+00:00,3,NVIDIA B200,0,0,134.86,30,120,3996
2026-09-28T11:55:47.438000+00:00,4,NVIDIA B200,0,0,139.10,35,120,3996
2026-09-28T11:55:47.438000+00:00,5,NVIDIA B200,34170,0,187.27,32,1965,3996
2026-09-28T11:55:47.438000+00:00,6,NVIDIA B200,0,0,143.78,40,120,3996
2026-09-28T11:55:47.438000+00:00,7,NVIDIA B200,0,0,138.56,30,120,3996
2026-09-28T11:55:48.438000+00:00,0,NVIDIA B200,34146,0,191.51,38,1965,3996
2026-09-28T11:55:48.438000+00:00,1,NVIDIA B200,33494,36,308.85,37,1965,3996
2026-09-28T11:55:48.438000+00:00,2,NVIDIA B200,0,0,138.93,34,120,3996
2026-09-28T11:55:48.438000+00:00,3,NVIDIA B200,0,0,135.04,30,120,3996
2026-09-28T11:55:48.438000+00:00,4,NVIDIA B200,0,0,139.04,35,120,3996
2026-09-28T11:55:48.438000+00:00,5,NVIDIA B200,34170,0,187.18,32,1965,3996
2026-09-28T11:55:48.438000+00:00,6,NVIDIA B200,0,0,143.77,40,120,3996
2026-09-28T11:55:48.438000+00:00,7,NVIDIA B200,0,0,138.58,30,120,3996
2026-09-28T11:55:49.439000+00:00,0,NVIDIA B200,34146,0,190.42,38,1965,3996
2026-09-28T11:55:49.439000+00:00,1,NVIDIA B200,34132,33,292.07,35,1965,3996
2026-09-28T11:55:49.439000+00:00,2,NVIDIA B200,0,0,138.88,34,120,3996
2026-09-28T11:55:49.439000+00:00,3,NVIDIA B200,0,0,135.06,30,120,3996
2026-09-28T11:55:49.439000+00:00,4,NVIDIA B200,0,0,139.05,35,120,3996
2026-09-28T11:55:49.439000+00:00,5,NVIDIA B200,34170,0,187.33,32,1965,3996
2026-09-28T11:55:49.439000+00:00,6,NVIDIA B200,0,0,143.79,40,120,3996
2026-09-28T11:55:49.439000+00:00,7,NVIDIA B200,0,0,138.52,30,120,3996
2026-09-28T11:55:50.439000+00:00,0,NVIDIA B200,33408,3,194.40,38,1965,3996
2026-09-28T11:55:50.439000+00:00,1,NVIDIA B200,34132,0,186.35,34,1965,3996
2026-09-28T11:55:50.439000+00:00,2,NVIDIA B200,0,0,138.89,34,120,3996
2026-09-28T11:55:50.439000+00:00,3,NVIDIA B200,0,0,135.10,30,120,3996
2026-09-28T11:55:50.439000+00:00,4,NVIDIA B200,0,0,139.21,35,120,3996
2026-09-28T11:55:50.439000+00:00,5,NVIDIA B200,34170,0,187.27,32,1965,3996
2026-09-28T11:55:50.439000+00:00,6,NVIDIA B200,0,0,143.75,40,120,3996
2026-09-28T11:55:50.439000+00:00,7,NVIDIA B200,0,0,138.55,30,120,3996
2026-09-28T11:55:51.439000+00:00,0,NVIDIA B200,33540,9,329.48,40,1965,3996
2026-09-28T11:55:51.439000+00:00,1,NVIDIA B200,34132,0,185.75,34,1965,3996
2026-09-28T11:55:51.439000+00:00,2,NVIDIA B200,0,0,139.02,34,120,3996
2026-09-28T11:55:51.439000+00:00,3,NVIDIA B200,0,0,135.20,30,120,3996
2026-09-28T11:55:51.439000+00:00,4,NVIDIA B200,0,0,139.02,35,120,3996
2026-09-28T11:55:51.440000+00:00,5,NVIDIA B200,34170,0,187.33,32,1965,3996
2026-09-28T11:55:51.440000+00:00,6,NVIDIA B200,0,0,143.87,40,120,3996
2026-09-28T11:55:51.440000+00:00,7,NVIDIA B200,0,0,138.63,30,120,3996
2026-09-28T11:55:52.440000+00:00,0,NVIDIA B200,34114,0,255.89,39,1965,3996
2026-09-28T11:55:52.440000+00:00,1,NVIDIA B200,33494,36,308.89,37,1965,3996
2026-09-28T11:55:52.440000+00:00,2,NVIDIA B200,0,0,138.81,34,120,3996
2026-09-28T11:55:52.440000+00:00,3,NVIDIA B200,0,0,135.13,30,120,3996
2026-09-28T11:55:52.440000+00:00,4,NVIDIA B200,0,0,139.02,35,120,3996
2026-09-28T11:55:52.440000+00:00,5,NVIDIA B200,34170,0,187.35,32,1965,3996
2026-09-28T11:55:52.440000+00:00,6,NVIDIA B200,0,0,143.79,40,120,3996
2026-09-28T11:55:52.440000+00:00,7,NVIDIA B200,0,0,138.53,30,120,3996
2026-09-28T11:55:53.440000+00:00,0,NVIDIA B200,34114,0,190.71,38,1965,3996
2026-09-28T11:55:53.590000+00:00,1,NVIDIA B200,34184,0,270.47,35,1965,3996
2026-09-28T11:55:53.592000+00:00,2,NVIDIA B200,0,0,138.90,34,120,3996
2026-09-28T11:55:53.601000+00:00,3,NVIDIA B200,0,0,135.13,30,120,3996
2026-09-28T11:55:53.601000+00:00,4,NVIDIA B200,0,0,139.06,35,120,3996
2026-09-28T11:55:53.601000+00:00,5,NVIDIA B200,4,2,188.39,32,1965,3996
2026-09-28T11:55:53.601000+00:00,6,NVIDIA B200,0,0,143.81,40,120,3996
2026-09-28T11:55:53.601000+00:00,7,NVIDIA B200,0,0,138.52,30,120,3996
2026-09-28T11:55:54.601000+00:00,0,NVIDIA B200,34114,0,191.45,38,1965,3996
2026-09-28T11:55:54.607000+00:00,1,NVIDIA B200,34184,0,186.15,34,1965,3996
2026-09-28T11:55:54.607000+00:00,2,NVIDIA B200,0,0,138.90,34,120,3996
2026-09-28T11:55:54.607000+00:00,3,NVIDIA B200,0,0,135.13,30,120,3996
2026-09-28T11:55:54.607000+00:00,4,NVIDIA B200,0,0,139.06,35,120,3996
2026-09-28T11:55:54.607000+00:00,5,NVIDIA B200,0,0,188.12,32,1965,3996
2026-09-28T11:55:54.607000+00:00,6,NVIDIA B200,0,0,143.80,40,120,3996
2026-09-28T11:55:54.608000+00:00,7,NVIDIA B200,0,0,138.57,30,120,3996
2026-09-28T11:55:55.609000+00:00,0,NVIDIA B200,33404,3,191.10,38,1965,3996
2026-09-28T11:55:55.609000+00:00,1,NVIDIA B200,34184,0,185.97,34,1965,3996
2026-09-28T11:55:55.609000+00:00,2,NVIDIA B200,0,0,139.00,34,120,3996
2026-09-28T11:55:55.609000+00:00,3,NVIDIA B200,0,0,135.11,30,120,3996
2026-09-28T11:55:55.609000+00:00,4,NVIDIA B200,0,0,139.21,35,120,3996
2026-09-28T11:55:55.609000+00:00,5,NVIDIA B200,0,0,179.12,32,1035,3996
2026-09-28T11:55:55.609000+00:00,6,NVIDIA B200,0,0,143.76,40,120,3996
2026-09-28T11:55:55.609000+00:00,7,NVIDIA B200,0,0,138.53,30,120,3996
2026-09-28T11:55:56.609000+00:00,0,NVIDIA B200,33516,5,338.96,40,1965,3996
2026-09-28T11:55:56.610000+00:00,1,NVIDIA B200,33406,36,320.15,37,1965,3996
2026-09-28T11:55:56.610000+00:00,2,NVIDIA B200,0,0,139.01,34,120,3996
2026-09-28T11:55:56.610000+00:00,3,NVIDIA B200,0,0,135.47,30,120,3996
2026-09-28T11:55:56.610000+00:00,4,NVIDIA B200,0,0,138.97,35,120,3996
2026-09-28T11:55:56.610000+00:00,5,NVIDIA B200,0,0,144.41,31,637,3996
2026-09-28T11:55:56.610000+00:00,6,NVIDIA B200,0,0,143.92,40,120,3996
2026-09-28T11:55:56.610000+00:00,7,NVIDIA B200,0,0,138.57,30,120,3996
2026-09-28T11:55:57.610000+00:00,0,NVIDIA B200,34146,0,260.65,39,1965,3996
2026-09-28T11:55:57.610000+00:00,1,NVIDIA B200,34168,0,281.11,35,1965,3996
2026-09-28T11:55:57.610000+00:00,2,NVIDIA B200,0,0,138.91,34,120,3996
2026-09-28T11:55:57.610000+00:00,3,NVIDIA B200,0,0,135.12,30,120,3996
2026-09-28T11:55:57.610000+00:00,4,NVIDIA B200,0,0,139.01,35,120,3996
2026-09-28T11:55:57.610000+00:00,5,NVIDIA B200,0,0,140.13,31,232,3996
2026-09-28T11:55:57.610000+00:00,6,NVIDIA B200,0,0,143.72,40,120,3996
2026-09-28T11:55:57.610000+00:00,7,NVIDIA B200,0,0,138.52,30,120,3996
2026-09-28T11:55:58.610000+00:00,0,NVIDIA B200,34146,0,191.75,38,1965,3996
2026-09-28T11:55:58.610000+00:00,1,NVIDIA B200,34168,0,186.14,34,1965,3996
2026-09-28T11:55:58.610000+00:00,2,NVIDIA B200,0,0,138.90,34,120,3996
2026-09-28T11:55:58.610000+00:00,3,NVIDIA B200,0,0,135.10,30,120,3996
2026-09-28T11:55:58.610000+00:00,4,NVIDIA B200,0,0,139.03,35,120,3996
2026-09-28T11:55:58.610000+00:00,5,NVIDIA B200,0,0,139.21,31,150,3996
2026-09-28T11:55:58.610000+00:00,6,NVIDIA B200,0,0,143.78,40,120,3996
2026-09-28T11:55:58.610000+00:00,7,NVIDIA B200,0,0,138.58,30,120,3996
2026-09-28T11:55:59.610000+00:00,0,NVIDIA B200,34146,0,190.63,38,1965,3996
2026-09-28T11:55:59.610000+00:00,1,NVIDIA B200,34168,0,185.75,34,1965,3996
2026-09-28T11:55:59.610000+00:00,2,NVIDIA B200,0,0,138.89,34,120,3996
2026-09-28T11:55:59.610000+00:00,3,NVIDIA B200,0,0,135.04,30,120,3996
2026-09-28T11:55:59.611000+00:00,4,NVIDIA B200,0,0,139.06,35,120,3996
2026-09-28T11:55:59.611000+00:00,5,NVIDIA B200,0,0,138.96,31,120,3996
2026-09-28T11:55:59.611000+00:00,6,NVIDIA B200,0,0,143.79,40,120,3996
2026-09-28T11:55:59.611000+00:00,7,NVIDIA B200,0,0,138.48,30,120,3996
2026-09-28T11:56:00.611000+00:00,0,NVIDIA B200,34146,0,191.31,38,1965,3996
2026-09-28T11:56:00.611000+00:00,1,NVIDIA B200,33494,36,294.67,37,1965,3996
2026-09-28T11:56:00.611000+00:00,2,NVIDIA B200,0,0,138.96,34,120,3996
2026-09-28T11:56:00.611000+00:00,3,NVIDIA B200,0,0,135.01,30,120,3996
2026-09-28T11:56:00.611000+00:00,4,NVIDIA B200,0,0,139.11,35,120,3996
2026-09-28T11:56:00.611000+00:00,5,NVIDIA B200,0,0,138.88,31,120,3996
2026-09-28T11:56:00.611000+00:00,6,NVIDIA B200,0,0,143.65,40,120,3996
2026-09-28T11:56:00.611000+00:00,7,NVIDIA B200,0,0,138.56,30,120,3996
2026-09-28T11:56:01.611000+00:00,0,NVIDIA B200,33494,38,320.20,42,1965,3996
2026-09-28T11:56:01.611000+00:00,1,NVIDIA B200,34150,36,308.57,36,1965,3996
2026-09-28T11:56:01.611000+00:00,2,NVIDIA B200,0,0,138.93,34,120,3996
2026-09-28T11:56:01.611000+00:00,3,NVIDIA B200,0,0,135.23,30,120,3996
2026-09-28T11:56:01.611000+00:00,4,NVIDIA B200,0,0,139.00,35,120,3996
2026-09-28T11:56:01.611000+00:00,5,NVIDIA B200,0,0,138.97,31,120,3996
2026-09-28T11:56:01.611000+00:00,6,NVIDIA B200,0,0,143.84,40,120,3996
2026-09-28T11:56:01.611000+00:00,7,NVIDIA B200,0,0,138.62,30,120,3996
2026-09-28T11:56:02.611000+00:00,0,NVIDIA B200,34146,0,290.65,40,1965,3996
2026-09-28T11:56:02.611000+00:00,1,NVIDIA B200,34150,0,186.34,34,1965,3996
2026-09-28T11:56:02.611000+00:00,2,NVIDIA B200,0,0,138.82,34,120,3996
2026-09-28T11:56:02.611000+00:00,3,NVIDIA B200,0,0,135.00,30,120,3996
2026-09-28T11:56:02.611000+00:00,4,NVIDIA B200,0,0,139.06,34,120,3996
2026-09-28T11:56:02.611000+00:00,5,NVIDIA B200,0,0,138.88,31,120,3996
2026-09-28T11:56:02.611000+00:00,6,NVIDIA B200,0,0,143.77,40,120,3996
2026-09-28T11:56:02.611000+00:00,7,NVIDIA B200,0,0,138.61,30,120,3996
2026-09-28T11:56:03.612000+00:00,0,NVIDIA B200,34146,0,191.18,38,1965,3996
2026-09-28T11:56:03.612000+00:00,1,NVIDIA B200,34150,0,185.83,34,1965,3996
2026-09-28T11:56:03.612000+00:00,2,NVIDIA B200,0,0,138.87,34,120,3996
2026-09-28T11:56:03.612000+00:00,3,NVIDIA B200,0,0,135.05,30,120,3996
2026-09-28T11:56:03.612000+00:00,4,NVIDIA B200,0,0,139.07,34,120,3996
2026-09-28T11:56:03.612000+00:00,5,NVIDIA B200,0,0,138.82,31,120,3996
2026-09-28T11:56:03.612000+00:00,6,NVIDIA B200,0,0,143.73,40,120,3996
2026-09-28T11:56:03.612000+00:00,7,NVIDIA B200,0,0,138.46,30,120,3996
2026-09-28T11:56:04.612000+00:00,0,NVIDIA B200,34146,0,191.48,38,1965,3996
2026-09-28T11:56:04.612000+00:00,1,NVIDIA B200,34150,0,185.69,34,1965,3996
2026-09-28T11:56:04.612000+00:00,2,NVIDIA B200,0,0,138.85,34,120,3996
2026-09-28T11:56:04.612000+00:00,3,NVIDIA B200,0,0,135.10,30,120,3996
2026-09-28T11:56:04.612000+00:00,4,NVIDIA B200,0,0,139.04,34,120,3996
2026-09-28T11:56:04.612000+00:00,5,NVIDIA B200,0,0,138.73,31,120,3996
2026-09-28T11:56:04.612000+00:00,6,NVIDIA B200,0,0,143.77,39,120,3996
2026-09-28T11:56:04.612000+00:00,7,NVIDIA B200,0,0,138.54,30,120,3996
2026-09-28T11:56:05.612000+00:00,0,NVIDIA B200,34146,0,190.62,38,1965,3996
2026-09-28T11:56:05.612000+00:00,1,NVIDIA B200,34150,0,185.69,34,1965,3996
2026-09-28T11:56:05.612000+00:00,2,NVIDIA B200,0,0,139.00,34,120,3996
2026-09-28T11:56:05.612000+00:00,3,NVIDIA B200,0,0,135.05,30,120,3996
2026-09-28T11:56:05.612000+00:00,4,NVIDIA B200,0,0,139.13,34,120,3996
2026-09-28T11:56:05.612000+00:00,5,NVIDIA B200,0,0,138.70,31,120,3996
2026-09-28T11:56:05.612000+00:00,6,NVIDIA B200,0,0,143.73,39,120,3996
2026-09-28T11:56:05.612000+00:00,7,NVIDIA B200,0,0,138.52,30,120,3996
2026-09-28T11:56:06.613000+00:00,0,NVIDIA B200,33494,38,270.89,41,1965,3996
2026-09-28T11:56:06.613000+00:00,1,NVIDIA B200,34150,0,185.47,33,1965,3996
2026-09-28T11:56:06.613000+00:00,2,NVIDIA B200,0,0,138.83,34,120,3996
2026-09-28T11:56:06.613000+00:00,3,NVIDIA B200,0,0,135.24,30,120,3996
2026-09-28T11:56:06.613000+00:00,4,NVIDIA B200,0,0,138.98,34,120,3996
2026-09-28T11:56:06.613000+00:00,5,NVIDIA B200,0,0,138.89,31,120,3996
2026-09-28T11:56:06.613000+00:00,6,NVIDIA B200,0,0,143.81,39,120,3996
2026-09-28T11:56:06.613000+00:00,7,NVIDIA B200,0,0,138.64,30,120,3996
2026-09-28T11:56:07.613000+00:00,0,NVIDIA B200,34146,12,327.98,41,1965,3996
2026-09-28T11:56:07.613000+00:00,1,NVIDIA B200,34150,0,185.58,33,1965,3996
2026-09-28T11:56:07.613000+00:00,2,NVIDIA B200,0,0,138.77,34,120,3996
2026-09-28T11:56:07.613000+00:00,3,NVIDIA B200,0,0,135.06,30,120,3996
2026-09-28T11:56:07.613000+00:00,4,NVIDIA B200,0,0,138.99,34,120,3996
2026-09-28T11:56:07.613000+00:00,5,NVIDIA B200,0,0,138.75,31,120,3996
2026-09-28T11:56:07.613000+00:00,6,NVIDIA B200,0,0,143.67,39,120,3996
2026-09-28T11:56:07.613000+00:00,7,NVIDIA B200,0,0,138.50,30,120,3996
2026-09-28T11:56:08.613000+00:00,0,NVIDIA B200,34146,0,222.25,38,1965,3996
2026-09-28T11:56:08.613000+00:00,1,NVIDIA B200,34150,0,185.47,33,1965,3996
2026-09-28T11:56:08.613000+00:00,2,NVIDIA B200,0,0,138.85,34,120,3996
2026-09-28T11:56:08.613000+00:00,3,NVIDIA B200,0,0,135.07,30,120,3996
2026-09-28T11:56:08.613000+00:00,4,NVIDIA B200,0,0,139.04,34,120,3996
2026-09-28T11:56:08.613000+00:00,5,NVIDIA B200,0,0,138.68,31,120,3996
2026-09-28T11:56:08.613000+00:00,6,NVIDIA B200,0,0,143.66,39,120,3996
2026-09-28T11:56:08.613000+00:00,7,NVIDIA B200,0,0,138.51,30,120,3996
2026-09-28T11:56:09.614000+00:00,0,NVIDIA B200,34146,0,190.67,38,1965,3996
2026-09-28T11:56:09.614000+00:00,1,NVIDIA B200,34150,0,185.48,33,1965,3996
2026-09-28T11:56:09.614000+00:00,2,NVIDIA B200,0,0,138.83,34,120,3996
2026-09-28T11:56:09.614000+00:00,3,NVIDIA B200,0,0,135.05,30,120,3996
2026-09-28T11:56:09.614000+00:00,4,NVIDIA B200,0,0,138.99,34,120,3996
2026-09-28T11:56:09.614000+00:00,5,NVIDIA B200,0,0,138.73,31,120,3996
2026-09-28T11:56:09.614000+00:00,6,NVIDIA B200,0,0,143.72,39,120,3996
2026-09-28T11:56:09.614000+00:00,7,NVIDIA B200,0,0,138.50,30,120,3996
2026-09-28T11:56:10.614000+00:00,0,NVIDIA B200,34146,0,191.44,38,1965,3996
2026-09-28T11:56:10.614000+00:00,1,NVIDIA B200,34150,0,185.66,33,1965,3996
2026-09-28T11:56:10.614000+00:00,2,NVIDIA B200,0,0,138.97,34,120,3996
2026-09-28T11:56:10.614000+00:00,3,NVIDIA B200,0,0,135.04,30,120,3996
2026-09-28T11:56:10.614000+00:00,4,NVIDIA B200,0,0,139.16,34,120,3996
2026-09-28T11:56:10.614000+00:00,5,NVIDIA B200,0,0,138.76,31,120,3996
2026-09-28T11:56:10.614000+00:00,6,NVIDIA B200,0,0,143.66,39,120,3996
2026-09-28T11:56:10.614000+00:00,7,NVIDIA B200,0,0,138.50,30,120,3996
2026-09-28T11:56:11.614000+00:00,0,NVIDIA B200,33494,3,193.88,38,1965,3996
2026-09-28T11:56:11.614000+00:00,1,NVIDIA B200,34150,0,185.49,33,1965,3996
2026-09-28T11:56:11.614000+00:00,2,NVIDIA B200,0,0,138.87,34,120,3996
2026-09-28T11:56:11.614000+00:00,3,NVIDIA B200,0,0,135.17,30,120,3996
2026-09-28T11:56:11.614000+00:00,4,NVIDIA B200,0,0,138.89,34,120,3996
2026-09-28T11:56:11.614000+00:00,5,NVIDIA B200,0,0,138.82,31,120,3996
2026-09-28T11:56:11.615000+00:00,6,NVIDIA B200,0,0,143.82,39,120,3996
2026-09-28T11:56:11.615000+00:00,7,NVIDIA B200,0,0,138.57,30,120,3996
2026-09-28T11:56:12.615000+00:00,0,NVIDIA B200,33548,10,356.80,39,1965,3996
2026-09-28T11:56:12.615000+00:00,1,NVIDIA B200,34150,0,185.44,33,1965,3996
2026-09-28T11:56:12.615000+00:00,2,NVIDIA B200,0,0,138.88,34,120,3996
2026-09-28T11:56:12.615000+00:00,3,NVIDIA B200,0,0,135.13,30,120,3996
2026-09-28T11:56:12.615000+00:00,4,NVIDIA B200,0,0,138.99,34,120,3996
2026-09-28T11:56:12.615000+00:00,5,NVIDIA B200,0,0,138.70,31,120,3996
2026-09-28T11:56:12.615000+00:00,6,NVIDIA B200,0,0,143.71,39,120,3996
2026-09-28T11:56:12.615000+00:00,7,NVIDIA B200,0,0,138.56,30,120,3996
2026-09-28T11:56:13.615000+00:00,0,NVIDIA B200,34146,0,260.78,39,1965,3996
2026-09-28T11:56:13.615000+00:00,1,NVIDIA B200,34150,0,185.38,33,1965,3996
2026-09-28T11:56:13.615000+00:00,2,NVIDIA B200,0,0,138.79,34,120,3996
2026-09-28T11:56:13.615000+00:00,3,NVIDIA B200,0,0,135.08,30,120,3996
2026-09-28T11:56:13.616000+00:00,4,NVIDIA B200,0,0,139.00,34,120,3996
2026-09-28T11:56:13.616000+00:00,5,NVIDIA B200,0,0,138.71,31,120,3996
2026-09-28T11:56:13.616000+00:00,6,NVIDIA B200,0,0,143.71,39,120,3996
2026-09-28T11:56:13.616000+00:00,7,NVIDIA B200,0,0,138.49,30,120,3996
2026-09-28T11:56:14.616000+00:00,0,NVIDIA B200,34146,0,191.69,38,1965,3996
2026-09-28T11:56:14.624000+00:00,1,NVIDIA B200,34150,0,185.61,33,1965,3996
2026-09-28T11:56:14.624000+00:00,2,NVIDIA B200,0,0,138.91,34,120,3996
2026-09-28T11:56:14.624000+00:00,3,NVIDIA B200,0,0,135.08,30,120,3996
2026-09-28T11:56:14.624000+00:00,4,NVIDIA B200,0,0,138.92,34,120,3996
2026-09-28T11:56:14.624000+00:00,5,NVIDIA B200,0,0,138.63,31,120,3996
2026-09-28T11:56:14.624000+00:00,6,NVIDIA B200,0,0,143.76,39,120,3996
2026-09-28T11:56:14.625000+00:00,7,NVIDIA B200,0,0,138.50,30,120,3996
2026-09-28T11:56:15.626000+00:00,0,NVIDIA B200,34146,0,190.76,38,1965,3996
2026-09-28T11:56:15.626000+00:00,1,NVIDIA B200,34150,0,185.67,33,1965,3996
2026-09-28T11:56:15.626000+00:00,2,NVIDIA B200,0,0,138.96,34,120,3996
2026-09-28T11:56:15.626000+00:00,3,NVIDIA B200,0,0,135.13,30,120,3996
2026-09-28T11:56:15.626000+00:00,4,NVIDIA B200,0,0,139.18,34,120,3996
2026-09-28T11:56:15.626000+00:00,5,NVIDIA B200,0,0,138.67,31,120,3996
2026-09-28T11:56:15.626000+00:00,6,NVIDIA B200,0,0,143.73,39,120,3996
2026-09-28T11:56:15.626000+00:00,7,NVIDIA B200,0,0,138.53,30,120,3996
2026-09-28T11:56:16.626000+00:00,0,NVIDIA B200,33402,0,191.43,38,1965,3996
2026-09-28T11:56:16.626000+00:00,1,NVIDIA B200,0,0,187.80,33,1965,3996
2026-09-28T11:56:16.626000+00:00,2,NVIDIA B200,0,0,138.78,34,120,3996
2026-09-28T11:56:16.626000+00:00,3,NVIDIA B200,0,0,135.16,30,120,3996
2026-09-28T11:56:16.626000+00:00,4,NVIDIA B200,0,0,138.99,34,120,3996
2026-09-28T11:56:16.626000+00:00,5,NVIDIA B200,0,0,138.74,31,120,3996
2026-09-28T11:56:16.626000+00:00,6,NVIDIA B200,0,0,143.86,39,120,3996
2026-09-28T11:56:16.626000+00:00,7,NVIDIA B200,0,0,138.63,30,120,3996
2026-09-28T11:56:17.626000+00:00,0,NVIDIA B200,33482,26,335.29,41,1965,3996
2026-09-28T11:56:17.626000+00:00,1,NVIDIA B200,0,0,176.87,33,1057,3996
2026-09-28T11:56:17.626000+00:00,2,NVIDIA B200,0,0,138.75,34,120,3996
2026-09-28T11:56:17.626000+00:00,3,NVIDIA B200,0,0,135.06,30,120,3996
2026-09-28T11:56:17.626000+00:00,4,NVIDIA B200,0,0,138.87,34,120,3996
2026-09-28T11:56:17.626000+00:00,5,NVIDIA B200,0,0,138.66,31,120,3996
2026-09-28T11:56:17.626000+00:00,6,NVIDIA B200,0,0,143.70,39,120,3996
2026-09-28T11:56:17.626000+00:00,7,NVIDIA B200,0,0,138.44,30,120,3996
2026-09-28T11:56:18.627000+00:00,0,NVIDIA B200,34146,0,265.61,39,1965,3996
2026-09-28T11:56:18.627000+00:00,1,NVIDIA B200,0,0,143.10,32,645,3996
2026-09-28T11:56:18.627000+00:00,2,NVIDIA B200,0,0,138.77,34,120,3996
2026-09-28T11:56:18.627000+00:00,3,NVIDIA B200,0,0,134.99,30,120,3996
2026-09-28T11:56:18.627000+00:00,4,NVIDIA B200,0,0,138.90,34,120,3996
2026-09-28T11:56:18.627000+00:00,5,NVIDIA B200,0,0,138.61,31,120,3996
2026-09-28T11:56:18.627000+00:00,6,NVIDIA B200,0,0,143.69,39,120,3996
2026-09-28T11:56:18.627000+00:00,7,NVIDIA B200,0,0,138.48,30,120,3996
2026-09-28T11:56:19.627000+00:00,0,NVIDIA B200,34146,0,190.98,38,1965,3996
2026-09-28T11:56:19.627000+00:00,1,NVIDIA B200,0,0,138.57,32,232,3996
2026-09-28T11:56:19.627000+00:00,2,NVIDIA B200,0,0,138.76,34,120,3996
2026-09-28T11:56:19.627000+00:00,3,NVIDIA B200,0,0,135.05,30,120,3996
2026-09-28T11:56:19.627000+00:00,4,NVIDIA B200,0,0,138.88,34,120,3996
2026-09-28T11:56:19.627000+00:00,5,NVIDIA B200,0,0,138.62,31,120,3996
2026-09-28T11:56:19.627000+00:00,6,NVIDIA B200,0,0,143.73,39,120,3996
2026-09-28T11:56:19.627000+00:00,7,NVIDIA B200,0,0,138.50,30,120,3996
2026-09-28T11:56:20.627000+00:00,0,NVIDIA B200,34146,0,191.60,38,1965,3996
2026-09-28T11:56:20.627000+00:00,1,NVIDIA B200,0,0,137.60,32,150,3996
2026-09-28T11:56:20.627000+00:00,2,NVIDIA B200,0,0,138.92,34,120,3996
2026-09-28T11:56:20.627000+00:00,3,NVIDIA B200,0,0,135.01,30,120,3996
2026-09-28T11:56:20.627000+00:00,4,NVIDIA B200,0,0,139.10,34,120,3996
2026-09-28T11:56:20.627000+00:00,5,NVIDIA B200,0,0,138.54,31,120,3996
2026-09-28T11:56:20.627000+00:00,6,NVIDIA B200,0,0,143.66,39,120,3996
2026-09-28T11:56:20.627000+00:00,7,NVIDIA B200,0,0,138.48,30,120,3996
2026-09-28T11:56:21.628000+00:00,0,NVIDIA B200,33418,0,190.39,38,1965,3996
2026-09-28T11:56:21.628000+00:00,1,NVIDIA B200,0,0,137.08,32,120,3996
2026-09-28T11:56:21.628000+00:00,2,NVIDIA B200,0,0,138.80,34,120,3996
2026-09-28T11:56:21.628000+00:00,3,NVIDIA B200,0,0,135.19,30,120,3996
2026-09-28T11:56:21.628000+00:00,4,NVIDIA B200,0,0,139.00,34,120,3996
2026-09-28T11:56:21.628000+00:00,5,NVIDIA B200,0,0,138.67,30,120,3996
2026-09-28T11:56:21.628000+00:00,6,NVIDIA B200,0,0,143.84,39,120,3996
2026-09-28T11:56:21.628000+00:00,7,NVIDIA B200,0,0,138.56,30,120,3996
2026-09-28T11:56:22.628000+00:00,0,NVIDIA B200,33406,38,350.42,42,1965,3996
2026-09-28T11:56:22.628000+00:00,1,NVIDIA B200,0,0,136.93,32,120,3996
2026-09-28T11:56:22.628000+00:00,2,NVIDIA B200,0,0,138.68,34,120,3996
2026-09-28T11:56:22.628000+00:00,3,NVIDIA B200,0,0,135.08,30,120,3996
2026-09-28T11:56:22.628000+00:00,4,NVIDIA B200,0,0,138.97,34,120,3996
2026-09-28T11:56:22.628000+00:00,5,NVIDIA B200,0,0,138.53,30,120,3996
2026-09-28T11:56:22.628000+00:00,6,NVIDIA B200,0,0,143.67,39,120,3996
2026-09-28T11:56:22.628000+00:00,7,NVIDIA B200,0,0,138.46,30,120,3996
2026-09-28T11:56:23.628000+00:00,0,NVIDIA B200,34146,0,268.17,39,1965,3996
2026-09-28T11:56:23.628000+00:00,1,NVIDIA B200,0,0,136.89,32,120,3996
2026-09-28T11:56:23.628000+00:00,2,NVIDIA B200,0,0,138.71,34,120,3996
2026-09-28T11:56:23.628000+00:00,3,NVIDIA B200,0,0,135.12,30,120,3996
2026-09-28T11:56:23.628000+00:00,4,NVIDIA B200,0,0,138.90,34,120,3996
2026-09-28T11:56:23.628000+00:00,5,NVIDIA B200,0,0,138.56,30,120,3996
2026-09-28T11:56:23.628000+00:00,6,NVIDIA B200,0,0,143.69,39,120,3996
2026-09-28T11:56:23.629000+00:00,7,NVIDIA B200,0,0,138.49,30,120,3996
2026-09-28T11:56:24.629000+00:00,0,NVIDIA B200,34146,0,191.84,38,1965,3996
2026-09-28T11:56:24.629000+00:00,1,NVIDIA B200,0,0,136.99,32,120,3996
2026-09-28T11:56:24.629000+00:00,2,NVIDIA B200,0,0,138.75,34,120,3996
2026-09-28T11:56:24.629000+00:00,3,NVIDIA B200,0,0,135.06,30,120,3996
2026-09-28T11:56:24.629000+00:00,4,NVIDIA B200,0,0,138.93,34,120,3996
2026-09-28T11:56:24.629000+00:00,5,NVIDIA B200,0,0,138.57,30,120,3996
2026-09-28T11:56:24.629000+00:00,6,NVIDIA B200,0,0,143.68,39,120,3996
2026-09-28T11:56:24.629000+00:00,7,NVIDIA B200,0,0,138.49,30,120,3996
2026-09-28T11:56:25.629000+00:00,0,NVIDIA B200,34146,0,190.67,38,1965,3996
2026-09-28T11:56:25.629000+00:00,1,NVIDIA B200,0,0,137.00,32,120,3996
2026-09-28T11:56:25.629000+00:00,2,NVIDIA B200,0,0,138.86,34,120,3996
2026-09-28T11:56:25.629000+00:00,3,NVIDIA B200,0,0,135.05,30,120,3996
2026-09-28T11:56:25.629000+00:00,4,NVIDIA B200,0,0,139.06,34,120,3996
2026-09-28T11:56:25.629000+00:00,5,NVIDIA B200,0,0,138.53,30,120,3996
2026-09-28T11:56:25.629000+00:00,6,NVIDIA B200,0,0,143.61,39,120,3996
2026-09-28T11:56:25.629000+00:00,7,NVIDIA B200,0,0,138.51,30,120,3996
2026-09-28T11:56:26.629000+00:00,0,NVIDIA B200,34146,0,191.22,38,1965,3996
2026-09-28T11:56:26.629000+00:00,1,NVIDIA B200,0,0,136.90,32,120,3996
2026-09-28T11:56:26.629000+00:00,2,NVIDIA B200,0,0,138.75,34,120,3996
2026-09-28T11:56:26.629000+00:00,3,NVIDIA B200,0,0,135.20,30,120,3996
2026-09-28T11:56:26.629000+00:00,4,NVIDIA B200,0,0,138.94,34,120,3996
2026-09-28T11:56:26.629000+00:00,5,NVIDIA B200,0,0,138.62,30,120,3996
2026-09-28T11:56:26.630000+00:00,6,NVIDIA B200,0,0,143.73,39,120,3996
2026-09-28T11:56:26.630000+00:00,7,NVIDIA B200,0,0,138.63,30,120,3996
2026-09-28T11:56:27.630000+00:00,0,NVIDIA B200,33406,38,323.95,41,1965,3996
2026-09-28T11:56:27.630000+00:00,1,NVIDIA B200,0,0,136.92,32,120,3996
2026-09-28T11:56:27.630000+00:00,2,NVIDIA B200,0,0,138.73,34,120,3996
2026-09-28T11:56:27.630000+00:00,3,NVIDIA B200,0,0,135.05,30,120,3996
2026-09-28T11:56:27.630000+00:00,4,NVIDIA B200,0,0,138.93,34,120,3996
2026-09-28T11:56:27.630000+00:00,5,NVIDIA B200,0,0,138.51,30,120,3996
2026-09-28T11:56:27.630000+00:00,6,NVIDIA B200,0,0,143.64,39,120,3996
2026-09-28T11:56:27.630000+00:00,7,NVIDIA B200,0,0,138.54,30,120,3996
2026-09-28T11:56:28.630000+00:00,0,NVIDIA B200,34128,0,285.45,39,1965,3996
2026-09-28T11:56:28.630000+00:00,1,NVIDIA B200,0,0,136.85,32,120,3996
2026-09-28T11:56:28.630000+00:00,2,NVIDIA B200,0,0,138.77,34,120,3996
2026-09-28T11:56:28.630000+00:00,3,NVIDIA B200,0,0,135.09,30,120,3996
2026-09-28T11:56:28.630000+00:00,4,NVIDIA B200,0,0,138.86,34,120,3996
2026-09-28T11:56:28.630000+00:00,5,NVIDIA B200,0,0,138.58,30,120,3996
2026-09-28T11:56:28.630000+00:00,6,NVIDIA B200,0,0,143.58,39,120,3996
2026-09-28T11:56:28.630000+00:00,7,NVIDIA B200,0,0,138.48,30,120,3996
2026-09-28T11:56:29.630000+00:00,0,NVIDIA B200,34128,0,191.10,38,1965,3996
2026-09-28T11:56:29.630000+00:00,1,NVIDIA B200,0,0,136.83,32,120,3996
2026-09-28T11:56:29.630000+00:00,2,NVIDIA B200,0,0,138.75,34,120,3996
2026-09-28T11:56:29.630000+00:00,3,NVIDIA B200,0,0,135.06,30,120,3996
2026-09-28T11:56:29.630000+00:00,4,NVIDIA B200,0,0,138.87,34,120,3996
2026-09-28T11:56:29.630000+00:00,5,NVIDIA B200,0,0,138.50,30,120,3996
2026-09-28T11:56:29.630000+00:00,6,NVIDIA B200,0,0,143.65,39,120,3996
2026-09-28T11:56:29.630000+00:00,7,NVIDIA B200,0,0,138.48,30,120,3996
2026-09-28T11:56:30.631000+00:00,0,NVIDIA B200,34128,0,191.65,38,1965,3996
2026-09-28T11:56:30.631000+00:00,1,NVIDIA B200,0,0,136.99,32,120,3996
2026-09-28T11:56:30.631000+00:00,2,NVIDIA B200,0,0,138.87,34,120,3996
2026-09-28T11:56:30.631000+00:00,3,NVIDIA B200,0,0,135.01,30,120,3996
2026-09-28T11:56:30.631000+00:00,4,NVIDIA B200,0,0,138.96,34,120,3996
2026-09-28T11:56:30.631000+00:00,5,NVIDIA B200,0,0,138.74,30,120,3996
2026-09-28T11:56:30.631000+00:00,6,NVIDIA B200,0,0,143.62,39,120,3996
2026-09-28T11:56:30.631000+00:00,7,NVIDIA B200,0,0,138.51,30,120,3996
2026-09-28T11:56:31.631000+00:00,0,NVIDIA B200,34128,0,190.51,38,1965,3996
2026-09-28T11:56:31.631000+00:00,1,NVIDIA B200,0,0,136.79,31,120,3996
2026-09-28T11:56:31.631000+00:00,2,NVIDIA B200,0,0,138.75,34,120,3996
2026-09-28T11:56:31.631000+00:00,3,NVIDIA B200,0,0,135.18,30,120,3996
2026-09-28T11:56:31.631000+00:00,4,NVIDIA B200,0,0,138.93,34,120,3996
2026-09-28T11:56:31.631000+00:00,5,NVIDIA B200,0,0,138.82,30,120,3996
2026-09-28T11:56:31.631000+00:00,6,NVIDIA B200,0,0,143.66,39,120,3996
2026-09-28T11:56:31.631000+00:00,7,NVIDIA B200,0,0,138.64,30,120,3996
2026-09-28T11:56:32.631000+00:00,0,NVIDIA B200,33494,37,265.50,40,1965,3996
2026-09-28T11:56:32.631000+00:00,1,NVIDIA B200,0,0,136.79,31,120,3996
2026-09-28T11:56:32.631000+00:00,2,NVIDIA B200,0,0,138.73,34,120,3996
2026-09-28T11:56:32.631000+00:00,3,NVIDIA B200,0,0,135.08,30,120,3996
2026-09-28T11:56:32.631000+00:00,4,NVIDIA B200,0,0,138.78,34,120,3996
2026-09-28T11:56:32.631000+00:00,5,NVIDIA B200,0,0,138.71,30,120,3996
2026-09-28T11:56:32.631000+00:00,6,NVIDIA B200,0,0,143.64,39,120,3996
2026-09-28T11:56:32.631000+00:00,7,NVIDIA B200,0,0,138.47,30,120,3996
2026-09-28T11:56:33.632000+00:00,0,NVIDIA B200,34114,13,314.99,40,1965,3996
2026-09-28T11:56:33.632000+00:00,1,NVIDIA B200,0,0,136.87,31,120,3996
2026-09-28T11:56:33.632000+00:00,2,NVIDIA B200,0,0,138.78,34,120,3996
2026-09-28T11:56:33.632000+00:00,3,NVIDIA B200,0,0,135.02,30,120,3996
2026-09-28T11:56:33.632000+00:00,4,NVIDIA B200,0,0,138.94,34,120,3996
2026-09-28T11:56:33.632000+00:00,5,NVIDIA B200,0,0,138.74,30,120,3996
2026-09-28T11:56:33.632000+00:00,6,NVIDIA B200,0,0,143.61,39,120,3996
2026-09-28T11:56:33.632000+00:00,7,NVIDIA B200,0,0,138.48,30,120,3996
2026-09-28T11:56:34.632000+00:00,0,NVIDIA B200,34114,0,211.47,38,1965,3996
2026-09-28T11:56:34.632000+00:00,1,NVIDIA B200,0,0,136.75,31,120,3996
2026-09-28T11:56:34.632000+00:00,2,NVIDIA B200,0,0,138.63,34,120,3996
2026-09-28T11:56:34.632000+00:00,3,NVIDIA B200,0,0,135.04,30,120,3996
2026-09-28T11:56:34.633000+00:00,4,NVIDIA B200,0,0,138.85,34,120,3996
2026-09-28T11:56:34.633000+00:00,5,NVIDIA B200,0,0,138.74,30,120,3996
2026-09-28T11:56:34.633000+00:00,6,NVIDIA B200,0,0,143.56,39,120,3996
2026-09-28T11:56:34.633000+00:00,7,NVIDIA B200,0,0,138.42,30,120,3996
2026-09-28T11:56:35.633000+00:00,0,NVIDIA B200,34114,0,190.84,38,1965,3996
2026-09-28T11:56:35.633000+00:00,1,NVIDIA B200,0,0,136.90,31,120,3996
2026-09-28T11:56:35.633000+00:00,2,NVIDIA B200,0,0,138.93,34,120,3996
2026-09-28T11:56:35.633000+00:00,3,NVIDIA B200,0,0,135.08,30,120,3996
2026-09-28T11:56:35.633000+00:00,4,NVIDIA B200,0,0,138.98,34,120,3996
2026-09-28T11:56:35.633000+00:00,5,NVIDIA B200,0,0,138.73,30,120,3996
2026-09-28T11:56:35.633000+00:00,6,NVIDIA B200,0,0,143.59,39,120,3996
2026-09-28T11:56:35.633000+00:00,7,NVIDIA B200,0,0,138.50,30,120,3996
2026-09-28T11:56:36.633000+00:00,0,NVIDIA B200,34114,0,191.24,38,1965,3996
2026-09-28T11:56:36.633000+00:00,1,NVIDIA B200,0,0,136.76,31,120,3996
2026-09-28T11:56:36.633000+00:00,2,NVIDIA B200,0,0,138.84,34,120,3996
2026-09-28T11:56:36.633000+00:00,3,NVIDIA B200,0,0,135.19,30,120,3996
2026-09-28T11:56:36.633000+00:00,4,NVIDIA B200,0,0,138.85,34,120,3996
2026-09-28T11:56:36.633000+00:00,5,NVIDIA B200,0,0,138.89,30,120,3996
2026-09-28T11:56:36.633000+00:00,6,NVIDIA B200,0,0,143.75,39,120,3996
2026-09-28T11:56:36.633000+00:00,7,NVIDIA B200,0,0,138.60,30,120,3996
2026-09-28T11:56:37.633000+00:00,0,NVIDIA B200,33494,23,231.71,40,1965,3996
2026-09-28T11:56:37.633000+00:00,1,NVIDIA B200,0,0,136.66,31,120,3996
2026-09-28T11:56:37.633000+00:00,2,NVIDIA B200,0,0,138.69,34,120,3996
2026-09-28T11:56:37.633000+00:00,3,NVIDIA B200,0,0,135.09,30,120,3996
2026-09-28T11:56:37.633000+00:00,4,NVIDIA B200,0,0,138.85,34,120,3996
2026-09-28T11:56:37.633000+00:00,5,NVIDIA B200,0,0,138.62,30,120,3996
2026-09-28T11:56:37.634000+00:00,6,NVIDIA B200,0,0,143.70,39,120,3996
2026-09-28T11:56:37.634000+00:00,7,NVIDIA B200,0,0,138.49,30,120,3996
2026-09-28T11:56:38.634000+00:00,0,NVIDIA B200,33890,15,348.46,43,1965,3996
2026-09-28T11:56:38.634000+00:00,1,NVIDIA B200,0,0,136.56,31,120,3996
2026-09-28T11:56:38.634000+00:00,2,NVIDIA B200,0,0,138.65,34,120,3996
2026-09-28T11:56:38.634000+00:00,3,NVIDIA B200,0,0,134.97,30,120,3996
2026-09-28T11:56:38.634000+00:00,4,NVIDIA B200,0,0,138.87,34,120,3996
2026-09-28T11:56:38.634000+00:00,5,NVIDIA B200,0,0,138.61,30,120,3996
2026-09-28T11:56:38.634000+00:00,6,NVIDIA B200,0,0,143.56,39,120,3996
2026-09-28T11:56:38.634000+00:00,7,NVIDIA B200,0,0,138.44,30,120,3996
2026-09-28T11:56:39.634000+00:00,0,NVIDIA B200,34146,0,236.83,38,1965,3996
2026-09-28T11:56:39.634000+00:00,1,NVIDIA B200,0,0,136.75,31,120,3996
2026-09-28T11:56:39.634000+00:00,2,NVIDIA B200,0,0,138.71,34,120,3996
2026-09-28T11:56:39.634000+00:00,3,NVIDIA B200,0,0,135.00,30,120,3996
2026-09-28T11:56:39.634000+00:00,4,NVIDIA B200,0,0,138.83,34,120,3996
2026-09-28T11:56:39.634000+00:00,5,NVIDIA B200,0,0,138.62,30,120,3996
2026-09-28T11:56:39.634000+00:00,6,NVIDIA B200,0,0,143.63,39,120,3996
2026-09-28T11:56:39.634000+00:00,7,NVIDIA B200,0,0,138.44,30,120,3996
2026-09-28T11:56:40.634000+00:00,0,NVIDIA B200,34146,0,191.53,38,1965,3996
2026-09-28T11:56:40.634000+00:00,1,NVIDIA B200,0,0,136.86,31,120,3996
2026-09-28T11:56:40.634000+00:00,2,NVIDIA B200,0,0,138.75,34,120,3996
2026-09-28T11:56:40.634000+00:00,3,NVIDIA B200,0,0,135.03,30,120,3996
2026-09-28T11:56:40.634000+00:00,4,NVIDIA B200,0,0,138.98,34,120,3996
2026-09-28T11:56:40.634000+00:00,5,NVIDIA B200,0,0,138.64,30,120,3996
2026-09-28T11:56:40.634000+00:00,6,NVIDIA B200,0,0,143.59,39,120,3996
2026-09-28T11:56:40.634000+00:00,7,NVIDIA B200,0,0,138.47,30,120,3996
2026-09-28T11:56:41.635000+00:00,0,NVIDIA B200,34146,0,190.51,38,1965,3996
2026-09-28T11:56:41.635000+00:00,1,NVIDIA B200,0,0,136.71,31,120,3996
2026-09-28T11:56:41.635000+00:00,2,NVIDIA B200,0,0,138.74,34,120,3996
2026-09-28T11:56:41.635000+00:00,3,NVIDIA B200,0,0,135.15,30,120,3996
2026-09-28T11:56:41.635000+00:00,4,NVIDIA B200,0,0,138.86,34,120,3996
2026-09-28T11:56:41.635000+00:00,5,NVIDIA B200,0,0,138.75,30,120,3996
2026-09-28T11:56:41.635000+00:00,6,NVIDIA B200,0,0,143.74,39,120,3996
2026-09-28T11:56:41.635000+00:00,7,NVIDIA B200,0,0,138.56,30,120,3996
2026-09-28T11:56:42.635000+00:00,0,NVIDIA B200,33494,14,212.95,40,1965,3996
2026-09-28T11:56:42.635000+00:00,1,NVIDIA B200,0,0,136.66,31,120,3996
2026-09-28T11:56:42.635000+00:00,2,NVIDIA B200,0,0,138.74,34,120,3996
2026-09-28T11:56:42.635000+00:00,3,NVIDIA B200,0,0,135.01,30,120,3996
2026-09-28T11:56:42.635000+00:00,4,NVIDIA B200,0,0,138.84,34,120,3996
2026-09-28T11:56:42.635000+00:00,5,NVIDIA B200,0,0,138.64,30,120,3996
2026-09-28T11:56:42.635000+00:00,6,NVIDIA B200,0,0,143.66,39,120,3996
2026-09-28T11:56:42.635000+00:00,7,NVIDIA B200,0,0,138.41,30,120,3996
2026-09-28T11:56:43.635000+00:00,0,NVIDIA B200,33792,11,340.97,41,1965,3996
2026-09-28T11:56:43.635000+00:00,1,NVIDIA B200,0,0,136.70,31,120,3996
2026-09-28T11:56:43.635000+00:00,2,NVIDIA B200,0,0,138.63,34,120,3996
2026-09-28T11:56:43.635000+00:00,3,NVIDIA B200,0,0,135.08,30,120,3996
2026-09-28T11:56:43.635000+00:00,4,NVIDIA B200,0,0,138.82,34,120,3996
2026-09-28T11:56:43.635000+00:00,5,NVIDIA B200,0,0,138.69,30,120,3996
2026-09-28T11:56:43.636000+00:00,6,NVIDIA B200,0,0,143.57,39,120,3996
2026-09-28T11:56:43.636000+00:00,7,NVIDIA B200,0,0,138.48,30,120,3996
2026-09-28T11:56:44.636000+00:00,0,NVIDIA B200,34128,0,246.64,38,1965,3996
2026-09-28T11:56:44.636000+00:00,1,NVIDIA B200,0,0,136.79,31,120,3996
2026-09-28T11:56:44.636000+00:00,2,NVIDIA B200,0,0,138.68,34,120,3996
2026-09-28T11:56:44.636000+00:00,3,NVIDIA B200,0,0,135.07,30,120,3996
2026-09-28T11:56:44.636000+00:00,4,NVIDIA B200,0,0,138.80,34,120,3996
2026-09-28T11:56:44.636000+00:00,5,NVIDIA B200,0,0,138.61,30,120,3996
2026-09-28T11:56:44.636000+00:00,6,NVIDIA B200,0,0,143.59,39,120,3996
2026-09-28T11:56:44.636000+00:00,7,NVIDIA B200,0,0,138.47,30,120,3996
2026-09-28T11:56:45.636000+00:00,0,NVIDIA B200,34128,0,190.88,38,1965,3996
2026-09-28T11:56:45.636000+00:00,1,NVIDIA B200,0,0,136.83,31,120,3996
2026-09-28T11:56:45.636000+00:00,2,NVIDIA B200,0,0,138.75,34,120,3996
2026-09-28T11:56:45.636000+00:00,3,NVIDIA B200,0,0,135.01,30,120,3996
2026-09-28T11:56:45.636000+00:00,4,NVIDIA B200,0,0,138.93,34,120,3996
2026-09-28T11:56:45.636000+00:00,5,NVIDIA B200,0,0,138.65,30,120,3996
2026-09-28T11:56:45.636000+00:00,6,NVIDIA B200,0,0,143.62,39,120,3996
2026-09-28T11:56:45.636000+00:00,7,NVIDIA B200,0,0,138.41,30,120,3996
2026-09-28T11:56:46.636000+00:00,0,NVIDIA B200,34128,0,191.08,38,1965,3996
2026-09-28T11:56:46.637000+00:00,1,NVIDIA B200,0,0,136.71,31,120,3996
2026-09-28T11:56:46.637000+00:00,2,NVIDIA B200,0,0,138.79,34,120,3996
2026-09-28T11:56:46.637000+00:00,3,NVIDIA B200,0,0,135.09,30,120,3996
2026-09-28T11:56:46.637000+00:00,4,NVIDIA B200,0,0,138.77,34,120,3996
2026-09-28T11:56:46.637000+00:00,5,NVIDIA B200,0,0,138.72,30,120,3996
2026-09-28T11:56:46.637000+00:00,6,NVIDIA B200,0,0,143.77,39,120,3996
2026-09-28T11:56:46.637000+00:00,7,NVIDIA B200,0,0,138.56,30,120,3996
2026-09-28T11:56:47.637000+00:00,0,NVIDIA B200,33494,3,209.16,40,1965,3996
2026-09-28T11:56:47.637000+00:00,1,NVIDIA B200,0,0,136.67,31,120,3996
2026-09-28T11:56:47.637000+00:00,2,NVIDIA B200,0,0,138.70,34,120,3996
2026-09-28T11:56:47.637000+00:00,3,NVIDIA B200,0,0,134.99,30,120,3996
2026-09-28T11:56:47.637000+00:00,4,NVIDIA B200,0,0,138.75,34,120,3996
2026-09-28T11:56:47.637000+00:00,5,NVIDIA B200,0,0,138.58,30,120,3996
2026-09-28T11:56:47.637000+00:00,6,NVIDIA B200,0,0,143.61,39,120,3996
2026-09-28T11:56:47.637000+00:00,7,NVIDIA B200,0,0,138.44,30,120,3996
2026-09-28T11:56:48.637000+00:00,0,NVIDIA B200,33818,9,343.91,39,1965,3996
2026-09-28T11:56:48.637000+00:00,1,NVIDIA B200,0,0,136.59,31,120,3996
2026-09-28T11:56:48.637000+00:00,2,NVIDIA B200,0,0,138.60,34,120,3996
2026-09-28T11:56:48.637000+00:00,3,NVIDIA B200,0,0,135.05,30,120,3996
2026-09-28T11:56:48.637000+00:00,4,NVIDIA B200,0,0,138.74,34,120,3996
2026-09-28T11:56:48.637000+00:00,5,NVIDIA B200,0,0,138.61,30,120,3996
2026-09-28T11:56:48.637000+00:00,6,NVIDIA B200,0,0,143.51,39,120,3996
2026-09-28T11:56:48.637000+00:00,7,NVIDIA B200,0,0,138.42,30,120,3996
2026-09-28T11:56:49.638000+00:00,0,NVIDIA B200,34156,0,248.92,38,1965,3996
2026-09-28T11:56:49.638000+00:00,1,NVIDIA B200,0,0,136.61,31,120,3996
2026-09-28T11:56:49.638000+00:00,2,NVIDIA B200,0,0,138.65,34,120,3996
2026-09-28T11:56:49.638000+00:00,3,NVIDIA B200,0,0,135.02,30,120,3996
2026-09-28T11:56:49.638000+00:00,4,NVIDIA B200,0,0,138.68,34,120,3996
2026-09-28T11:56:49.638000+00:00,5,NVIDIA B200,0,0,138.57,30,120,3996
2026-09-28T11:56:49.638000+00:00,6,NVIDIA B200,0,0,143.54,39,120,3996
2026-09-28T11:56:49.638000+00:00,7,NVIDIA B200,0,0,138.42,30,120,3996
2026-09-28T11:56:50.638000+00:00,0,NVIDIA B200,34156,0,191.40,38,1965,3996
2026-09-28T11:56:50.638000+00:00,1,NVIDIA B200,0,0,136.76,31,120,3996
2026-09-28T11:56:50.638000+00:00,2,NVIDIA B200,0,0,138.80,34,120,3996
2026-09-28T11:56:50.638000+00:00,3,NVIDIA B200,0,0,135.04,30,120,3996
2026-09-28T11:56:50.638000+00:00,4,NVIDIA B200,0,0,138.85,34,120,3996
2026-09-28T11:56:50.638000+00:00,5,NVIDIA B200,0,0,138.55,30,120,3996
2026-09-28T11:56:50.638000+00:00,6,NVIDIA B200,0,0,143.59,39,120,3996
2026-09-28T11:56:50.638000+00:00,7,NVIDIA B200,0,0,138.43,30,120,3996
2026-09-28T11:56:51.638000+00:00,0,NVIDIA B200,34156,0,190.56,38,1965,3996
2026-09-28T11:56:51.638000+00:00,1,NVIDIA B200,0,0,136.66,31,120,3996
2026-09-28T11:56:51.638000+00:00,2,NVIDIA B200,0,0,138.79,34,120,3996
2026-09-28T11:56:51.638000+00:00,3,NVIDIA B200,0,0,135.11,30,120,3996
2026-09-28T11:56:51.638000+00:00,4,NVIDIA B200,0,0,138.76,34,120,3996
2026-09-28T11:56:51.638000+00:00,5,NVIDIA B200,0,0,138.69,30,120,3996
2026-09-28T11:56:51.638000+00:00,6,NVIDIA B200,0,0,143.66,39,120,3996
2026-09-28T11:56:51.639000+00:00,7,NVIDIA B200,0,0,138.56,30,120,3996
2026-09-28T11:56:52.639000+00:00,0,NVIDIA B200,33406,3,193.32,38,1965,3996
2026-09-28T11:56:52.639000+00:00,1,NVIDIA B200,0,0,136.67,31,120,3996
2026-09-28T11:56:52.639000+00:00,2,NVIDIA B200,0,0,138.77,34,120,3996
2026-09-28T11:56:52.639000+00:00,3,NVIDIA B200,0,0,135.06,30,120,3996
2026-09-28T11:56:52.639000+00:00,4,NVIDIA B200,0,0,138.91,34,120,3996
2026-09-28T11:56:52.639000+00:00,5,NVIDIA B200,0,0,138.62,30,120,3996
2026-09-28T11:56:52.639000+00:00,6,NVIDIA B200,0,0,143.55,39,120,3996
2026-09-28T11:56:52.639000+00:00,7,NVIDIA B200,0,0,138.44,30,120,3996
2026-09-28T11:56:53.639000+00:00,0,NVIDIA B200,33548,7,342.50,39,1965,3996
2026-09-28T11:56:53.639000+00:00,1,NVIDIA B200,0,0,136.54,31,120,3996
2026-09-28T11:56:53.639000+00:00,2,NVIDIA B200,0,0,138.61,34,120,3996
2026-09-28T11:56:53.639000+00:00,3,NVIDIA B200,0,0,134.95,30,120,3996
2026-09-28T11:56:53.639000+00:00,4,NVIDIA B200,0,0,138.80,34,120,3996
2026-09-28T11:56:53.639000+00:00,5,NVIDIA B200,0,0,138.59,30,120,3996
2026-09-28T11:56:53.639000+00:00,6,NVIDIA B200,0,0,143.57,39,120,3996
2026-09-28T11:56:53.639000+00:00,7,NVIDIA B200,0,0,138.44,30,120,3996
2026-09-28T11:56:54.639000+00:00,0,NVIDIA B200,34196,0,256.05,38,1965,3996
2026-09-28T11:56:54.646000+00:00,1,NVIDIA B200,0,0,136.56,31,120,3996
2026-09-28T11:56:54.646000+00:00,2,NVIDIA B200,0,0,138.61,34,120,3996
2026-09-28T11:56:54.647000+00:00,3,NVIDIA B200,0,0,135.02,30,120,3996
2026-09-28T11:56:54.647000+00:00,4,NVIDIA B200,0,0,138.65,34,120,3996
2026-09-28T11:56:54.648000+00:00,5,NVIDIA B200,0,0,138.56,30,120,3996
2026-09-28T11:56:54.648000+00:00,6,NVIDIA B200,0,0,143.50,39,120,3996
2026-09-28T11:56:54.648000+00:00,7,NVIDIA B200,0,0,138.45,30,120,3996
2026-09-28T11:56:55.648000+00:00,0,NVIDIA B200,34196,0,190.99,38,1965,3996
2026-09-28T11:56:55.648000+00:00,1,NVIDIA B200,0,0,136.70,31,120,3996
2026-09-28T11:56:55.648000+00:00,2,NVIDIA B200,0,0,138.78,34,120,3996
2026-09-28T11:56:55.648000+00:00,3,NVIDIA B200,0,0,135.01,30,120,3996
2026-09-28T11:56:55.648000+00:00,4,NVIDIA B200,0,0,138.96,34,120,3996
2026-09-28T11:56:55.648000+00:00,5,NVIDIA B200,0,0,138.57,30,120,3996
2026-09-28T11:56:55.648000+00:00,6,NVIDIA B200,0,0,143.62,39,120,3996
2026-09-28T11:56:55.648000+00:00,7,NVIDIA B200,0,0,138.42,30,120,3996
2026-09-28T11:56:56.648000+00:00,0,NVIDIA B200,34196,0,190.88,37,1965,3996
2026-09-28T11:56:56.648000+00:00,1,NVIDIA B200,0,0,136.59,31,120,3996
2026-09-28T11:56:56.648000+00:00,2,NVIDIA B200,0,0,138.60,34,120,3996
2026-09-28T11:56:56.648000+00:00,3,NVIDIA B200,0,0,135.15,30,120,3996
2026-09-28T11:56:56.648000+00:00,4,NVIDIA B200,0,0,138.71,34,120,3996
2026-09-28T11:56:56.648000+00:00,5,NVIDIA B200,0,0,138.63,30,120,3996
2026-09-28T11:56:56.648000+00:00,6,NVIDIA B200,0,0,143.69,39,120,3996
2026-09-28T11:56:56.648000+00:00,7,NVIDIA B200,0,0,138.57,30,120,3996
2026-09-28T11:56:57.648000+00:00,0,NVIDIA B200,33418,0,190.46,37,1965,3996
2026-09-28T11:56:57.649000+00:00,1,NVIDIA B200,0,0,136.58,31,120,3996
2026-09-28T11:56:57.649000+00:00,2,NVIDIA B200,0,0,138.64,34,120,3996
2026-09-28T11:56:57.649000+00:00,3,NVIDIA B200,0,0,135.02,30,120,3996
2026-09-28T11:56:57.649000+00:00,4,NVIDIA B200,0,0,138.74,34,120,3996
2026-09-28T11:56:57.649000+00:00,5,NVIDIA B200,0,0,138.60,30,120,3996
2026-09-28T11:56:57.649000+00:00,6,NVIDIA B200,0,0,143.57,39,120,3996
2026-09-28T11:56:57.649000+00:00,7,NVIDIA B200,0,0,138.44,30,120,3996
2026-09-28T11:56:58.649000+00:00,0,NVIDIA B200,33406,37,339.58,41,1965,3996
2026-09-28T11:56:58.649000+00:00,1,NVIDIA B200,0,0,136.55,31,120,3996
2026-09-28T11:56:58.649000+00:00,2,NVIDIA B200,0,0,138.82,34,120,3996
2026-09-28T11:56:58.649000+00:00,3,NVIDIA B200,0,0,135.01,30,120,3996
2026-09-28T11:56:58.649000+00:00,4,NVIDIA B200,0,0,138.70,34,120,3996
2026-09-28T11:56:58.649000+00:00,5,NVIDIA B200,0,0,138.52,30,120,3996
2026-09-28T11:56:58.649000+00:00,6,NVIDIA B200,0,0,143.53,39,120,3996
2026-09-28T11:56:58.649000+00:00,7,NVIDIA B200,0,0,138.41,30,120,3996
2026-09-28T11:56:59.649000+00:00,0,NVIDIA B200,34128,0,269.66,39,1965,3996
2026-09-28T11:56:59.649000+00:00,1,NVIDIA B200,0,0,136.55,31,120,3996
2026-09-28T11:56:59.649000+00:00,2,NVIDIA B200,0,0,138.73,34,120,3996
2026-09-28T11:56:59.649000+00:00,3,NVIDIA B200,0,0,135.03,30,120,3996
2026-09-28T11:56:59.650000+00:00,4,NVIDIA B200,0,0,138.74,34,120,3996
2026-09-28T11:56:59.650000+00:00,5,NVIDIA B200,0,0,138.54,30,120,3996
2026-09-28T11:56:59.650000+00:00,6,NVIDIA B200,0,0,143.55,39,120,3996
2026-09-28T11:56:59.650000+00:00,7,NVIDIA B200,0,0,138.41,30,120,3996
