unix_seconds,gpu_index,memory_used_mib,utilization_percent,power_watts
1790410232.78,0,59951.0,95.0,420.27
1790410232.78,1,57297.0,94.0,388.02
1790410232.78,2,57189.0,95.0,453.11
1790410232.78,3,57517.0,95.0,422.51
1790410232.78,4,58145.0,95.0,447.27
1790410232.78,5,57499.0,95.0,376.26
1790410232.78,6,57339.0,83.0,404.76
1790410232.78,7,57319.0,95.0,442.12
1790410233.78,0,59951.0,85.0,837.58
1790410233.78,1,57297.0,87.0,859.01
1790410233.78,2,57189.0,100.0,871.44
1790410233.78,3,57517.0,100.0,859.57
1790410233.78,4,58145.0,100.0,871.75
1790410233.78,5,57499.0,87.0,863.64
1790410233.78,6,57339.0,100.0,870.03
1790410233.78,7,57319.0,86.0,844.12
1790410234.781,0,59951.0,0.0,739.09
1790410234.781,1,57297.0,0.0,719.4
1790410234.781,2,57189.0,0.0,674.41
1790410234.781,3,57517.0,0.0,684.84
1790410234.781,4,58145.0,0.0,672.16
1790410234.781,5,57499.0,0.0,711.06
1790410234.781,6,57339.0,0.0,700.23
1790410234.781,7,57319.0,0.0,664.79
1790410235.781,0,59951.0,20.0,280.27
1790410235.781,1,57297.0,61.0,280.45
1790410235.781,2,57189.0,95.0,335.63
1790410235.781,3,57517.0,94.0,296.66
1790410235.781,4,58145.0,56.0,282.0
1790410235.781,5,57499.0,0.0,282.71
1790410235.781,6,57339.0,88.0,319.64
1790410235.781,7,57319.0,23.0,299.5
1790410236.782,0,59951.0,100.0,762.12
1790410236.788,1,57297.0,100.0,737.42
1790410236.788,2,57189.0,100.0,775.71
1790410236.788,3,57517.0,100.0,759.24
1790410236.788,4,58145.0,100.0,826.44
1790410236.788,5,57499.0,99.0,741.13
1790410236.788,6,57339.0,100.0,734.95
1790410236.788,7,57319.0,100.0,771.78
1790410237.788,0,59951.0,100.0,939.35
1790410237.789,1,57297.0,100.0,931.96
1790410237.789,2,57189.0,66.0,872.02
1790410237.789,3,57517.0,73.0,914.89
1790410237.789,4,58145.0,14.0,883.56
1790410237.789,5,57499.0,100.0,925.25
1790410237.789,6,57339.0,95.0,910.39
1790410237.789,7,57319.0,100.0,886.33
1790410238.789,0,59951.0,0.0,206.35
1790410238.789,1,57297.0,0.0,205.98
1790410238.789,2,57189.0,0.0,210.96
1790410238.789,3,57517.0,0.0,193.7
1790410238.789,4,58145.0,0.0,203.84
1790410238.789,5,57499.0,0.0,200.3
1790410238.789,6,57339.0,0.0,206.53
1790410238.789,7,57319.0,0.0,194.39
1790410239.789,0,59951.0,95.0,543.25
1790410239.789,1,57297.0,94.0,471.73
1790410239.789,2,57189.0,95.0,611.24
1790410239.789,3,57517.0,95.0,528.35
1790410239.789,4,58145.0,95.0,541.83
1790410239.789,5,57499.0,95.0,505.31
1790410239.789,6,57339.0,94.0,531.84
1790410239.79,7,57319.0,95.0,535.74
1790410240.79,0,59951.0,100.0,855.03
1790410240.79,1,57297.0,100.0,902.02
1790410240.79,2,57189.0,100.0,864.63
1790410240.79,3,57517.0,100.0,894.59
1790410240.79,4,58145.0,100.0,907.54
1790410240.79,5,57499.0,100.0,879.61
1790410240.79,6,57339.0,100.0,903.89
1790410240.79,7,57319.0,100.0,891.49
1790410241.79,0,59951.0,0.0,588.21
1790410241.79,1,57297.0,0.0,587.91
1790410241.79,2,57189.0,0.0,533.64
1790410241.79,3,57517.0,0.0,529.55
1790410241.79,4,58145.0,0.0,536.41
1790410241.79,5,57499.0,0.0,580.59
1790410241.79,6,57339.0,0.0,563.88
1790410241.79,7,57319.0,0.0,535.95
1790410242.791,0,59951.0,95.0,411.72
1790410242.791,1,57297.0,95.0,383.87
1790410242.791,2,57189.0,95.0,482.02
1790410242.791,3,57517.0,95.0,415.42
1790410242.791,4,58145.0,95.0,434.64
1790410242.791,5,57499.0,91.0,385.91
1790410242.791,6,57339.0,85.0,389.62
1790410242.791,7,57319.0,95.0,413.74
1790410243.791,0,59951.0,85.0,832.34
1790410243.791,1,57297.0,85.0,840.5
1790410243.791,2,57189.0,100.0,841.04
1790410243.791,3,57517.0,100.0,852.63
1790410243.791,4,58145.0,100.0,872.02
1790410243.791,5,57499.0,91.0,852.01
1790410243.791,6,57339.0,98.0,880.66
1790410243.791,7,57319.0,83.0,857.9
1790410244.791,0,59951.0,0.0,727.69
1790410244.791,1,57297.0,0.0,734.49
1790410244.792,2,57189.0,0.0,656.07
1790410244.792,3,57517.0,0.0,678.08
1790410244.792,4,58145.0,0.0,682.46
1790410244.792,5,57499.0,0.0,716.41
1790410244.792,6,57339.0,0.0,696.97
1790410244.792,7,57319.0,0.0,677.79
1790410245.792,0,59951.0,47.0,320.4
1790410245.792,1,57297.0,58.0,286.37
1790410245.792,2,57189.0,95.0,386.7
1790410245.792,3,57517.0,95.0,319.69
1790410245.792,4,58145.0,95.0,345.35
1790410245.792,5,57499.0,66.0,282.45
1790410245.792,6,57339.0,82.0,296.03
1790410245.792,7,57319.0,0.0,281.1
1790410246.792,0,59951.0,100.0,800.41
1790410246.792,1,57297.0,100.0,778.56
1790410246.792,2,57189.0,100.0,763.84
1790410246.792,3,57517.0,100.0,781.29
1790410246.792,4,58145.0,85.0,787.67
1790410246.792,5,57499.0,100.0,805.29
1790410246.792,6,57339.0,100.0,818.2
1790410246.792,7,57319.0,100.0,816.09
1790410247.792,0,59951.0,100.0,858.5
1790410247.793,1,57297.0,100.0,869.35
1790410247.793,2,57189.0,0.0,838.67
1790410247.793,3,57517.0,9.0,839.98
1790410247.793,4,58145.0,0.0,845.65
1790410247.793,5,57499.0,78.0,858.88
1790410247.793,6,57339.0,54.0,863.44
1790410247.793,7,57319.0,27.0,834.14
1790410248.793,0,59951.0,0.0,204.6
1790410248.793,1,57297.0,0.0,200.57
1790410248.793,2,57189.0,0.0,239.91
1790410248.793,3,57517.0,0.0,197.74
1790410248.793,4,58145.0,7.0,209.92
1790410248.793,5,57499.0,0.0,197.82
1790410248.793,6,57339.0,0.0,206.44
1790410248.793,7,57319.0,0.0,193.73
1790410249.793,0,59951.0,57.0,708.61
1790410249.793,1,57297.0,85.0,655.79
1790410249.793,2,57189.0,99.0,734.99
1790410249.793,3,57517.0,72.0,724.05
1790410249.793,4,58145.0,100.0,747.07
1790410249.793,5,57499.0,59.0,694.99
1790410249.793,6,57339.0,100.0,715.85
1790410249.793,7,57319.0,99.0,736.47
1790410250.794,0,59951.0,100.0,980.93
1790410250.794,1,57297.0,100.0,977.9
1790410250.794,2,57189.0,100.0,980.44
1790410250.794,3,57517.0,100.0,982.99
1790410250.794,4,58145.0,100.0,987.41
1790410250.794,5,57499.0,100.0,974.72
1790410250.794,6,57339.0,100.0,983.52
1790410250.794,7,57319.0,100.0,984.08
1790410251.794,0,59951.0,0.0,316.72
1790410251.794,1,57297.0,0.0,321.0
1790410251.794,2,57189.0,0.0,271.1
1790410251.794,3,57517.0,0.0,280.17
1790410251.794,4,58145.0,0.0,259.61
1790410251.794,5,57499.0,0.0,306.66
1790410251.794,6,57339.0,0.0,305.24
1790410251.794,7,57319.0,0.0,261.11
1790410252.794,0,59951.0,95.0,407.93
1790410252.794,1,57297.0,95.0,437.73
1790410252.795,2,57189.0,95.0,502.25
1790410252.795,3,57517.0,95.0,445.31
1790410252.795,4,58145.0,95.0,421.89
1790410252.795,5,57499.0,95.0,405.28
1790410252.795,6,57339.0,94.0,462.0
1790410252.795,7,57319.0,68.0,400.55
1790410253.795,0,59951.0,96.0,836.42
1790410253.795,1,57297.0,87.0,760.25
1790410253.795,2,57189.0,100.0,815.03
1790410253.795,3,57517.0,100.0,816.49
1790410253.795,4,58145.0,100.0,878.1
1790410253.795,5,57499.0,82.0,826.68
1790410253.795,6,57339.0,85.0,786.73
1790410253.795,7,57319.0,97.0,868.82
1790410254.795,0,59951.0,0.0,744.78
1790410254.795,1,57297.0,0.0,739.35
1790410254.795,2,57189.0,0.0,682.89
1790410254.795,3,57517.0,0.0,708.53
1790410254.795,4,58145.0,0.0,682.51
1790410254.795,5,57499.0,0.0,730.05
1790410254.795,6,57339.0,0.0,725.81
1790410254.795,7,57319.0,0.0,691.2
1790410255.796,0,59951.0,12.0,298.13
1790410255.796,1,57297.0,37.0,285.32
1790410255.796,2,57189.0,95.0,326.23
1790410255.796,3,57517.0,95.0,291.9
1790410255.796,4,58145.0,92.0,325.46
1790410255.796,5,57499.0,39.0,273.13
1790410255.796,6,57339.0,55.0,242.5
1790410255.796,7,57319.0,43.0,267.39
1790410256.796,0,59951.0,99.0,716.53
1790410256.801,1,57297.0,100.0,716.12
1790410256.801,2,57189.0,100.0,747.82
1790410256.801,3,57517.0,100.0,710.21
1790410256.801,4,58145.0,100.0,729.48
1790410256.801,5,57499.0,99.0,710.98
1790410256.801,6,57339.0,100.0,762.32
1790410256.801,7,57319.0,100.0,753.4
1790410257.802,0,59951.0,100.0,989.16
1790410257.802,1,57297.0,59.0,905.17
1790410257.802,2,57189.0,100.0,926.19
1790410257.802,3,57517.0,100.0,951.82
1790410257.802,4,58145.0,79.0,924.45
1790410257.802,5,57499.0,100.0,974.58
1790410257.802,6,57339.0,99.0,960.29
1790410257.802,7,57319.0,100.0,935.38
1790410258.802,0,59951.0,0.0,223.99
1790410258.802,1,57297.0,0.0,200.64
1790410258.802,2,57189.0,0.0,211.32
1790410258.802,3,57517.0,0.0,197.48
1790410258.802,4,58145.0,0.0,203.89
1790410258.802,5,57499.0,0.0,212.89
1790410258.802,6,57339.0,0.0,209.98
1790410258.802,7,57319.0,0.0,195.79
1790410259.802,0,59951.0,95.0,618.52
1790410259.803,1,57297.0,89.0,647.25
1790410259.803,2,57189.0,58.0,660.61
1790410259.803,3,57517.0,61.0,608.92
1790410259.803,4,58145.0,71.0,652.03
1790410259.803,5,57499.0,95.0,607.39
1790410259.803,6,57339.0,53.0,626.48
1790410259.803,7,57319.0,95.0,618.54
1790410260.803,0,59951.0,100.0,971.97
1790410260.803,1,57297.0,100.0,982.8
1790410260.803,2,57189.0,100.0,995.48
1790410260.803,3,57517.0,100.0,990.22
1790410260.803,4,58145.0,100.0,998.11
1790410260.803,5,57499.0,100.0,972.79
1790410260.803,6,57339.0,100.0,992.18
1790410260.803,7,57319.0,100.0,995.8
1790410261.803,0,59951.0,0.0,400.62
1790410261.803,1,57297.0,0.0,329.02
1790410261.803,2,57189.0,0.0,347.64
1790410261.803,3,57517.0,0.0,347.86
1790410261.803,4,58145.0,0.0,338.92
1790410261.803,5,57499.0,0.0,391.03
1790410261.803,6,57339.0,0.0,374.99
1790410261.803,7,57319.0,0.0,344.91
1790410262.804,0,59951.0,95.0,552.93
1790410262.804,1,57297.0,95.0,541.2
1790410262.804,2,57189.0,95.0,584.81
1790410262.804,3,57517.0,94.0,534.05
1790410262.804,4,58145.0,95.0,570.77
1790410262.804,5,57499.0,95.0,473.29
1790410262.804,6,57339.0,95.0,518.17
1790410262.804,7,57319.0,95.0,499.53
1790410263.804,0,59951.0,100.0,834.69
1790410263.804,1,57297.0,100.0,888.16
1790410263.804,2,57189.0,100.0,843.35
1790410263.804,3,57517.0,100.0,851.46
1790410263.804,4,58145.0,100.0,867.64
1790410263.804,5,57499.0,100.0,891.4
1790410263.804,6,57339.0,100.0,887.83
1790410263.804,7,57319.0,100.0,891.39
1790410264.805,0,59951.0,0.0,621.76
1790410264.805,1,57297.0,0.0,555.34
1790410264.805,2,57189.0,0.0,578.28
1790410264.805,3,57517.0,0.0,573.74
1790410264.805,4,58145.0,0.0,558.74
1790410264.805,5,57499.0,0.0,616.66
1790410264.805,6,57339.0,0.0,593.96
1790410264.815,7,57319.0,0.0,562.59
1790410265.815,0,59951.0,0.0,221.6
1790410265.816,1,57297.0,62.0,248.17
1790410265.816,2,57189.0,95.0,266.36
1790410265.816,3,57517.0,0.0,223.18
1790410265.816,4,58145.0,7.0,220.04
1790410265.817,5,57499.0,0.0,196.43
1790410265.817,6,57339.0,8.0,205.23
1790410265.817,7,57319.0,0.0,201.04
1790410266.818,0,59951.0,85.0,692.54
1790410266.818,1,57297.0,100.0,709.55
1790410266.818,2,57189.0,100.0,712.13
1790410266.818,3,57517.0,100.0,710.06
1790410266.818,4,58145.0,100.0,739.31
1790410266.818,5,57499.0,55.0,702.25
1790410266.818,6,57339.0,100.0,719.31
1790410266.818,7,57319.0,89.0,708.57
1790410267.818,0,59951.0,100.0,987.18
1790410267.818,1,57297.0,100.0,979.2
1790410267.818,2,57189.0,100.0,979.97
1790410267.818,3,57517.0,100.0,982.71
1790410267.818,4,58145.0,100.0,983.11
1790410267.818,5,57499.0,100.0,973.32
1790410267.818,6,57339.0,100.0,988.42
1790410267.818,7,57319.0,100.0,978.9
1790410268.819,0,59951.0,0.0,305.93
1790410268.819,1,57297.0,0.0,241.97
1790410268.819,2,57189.0,0.0,259.01
1790410268.819,3,57517.0,0.0,247.2
1790410268.819,4,58145.0,0.0,248.86
1790410268.819,5,57499.0,0.0,292.7
1790410268.819,6,57339.0,0.0,292.8
1790410268.819,7,57319.0,0.0,263.83
1790410269.819,0,59951.0,95.0,609.93
1790410269.819,1,57297.0,92.0,605.38
1790410269.819,2,57189.0,59.0,622.68
1790410269.819,3,57517.0,81.0,605.31
1790410269.819,4,58145.0,81.0,608.73
1790410269.819,5,57499.0,95.0,531.91
1790410269.819,6,57339.0,94.0,615.77
1790410269.819,7,57319.0,95.0,542.62
1790410270.82,0,59951.0,100.0,855.38
1790410270.82,1,57297.0,100.0,907.53
1790410270.82,2,57189.0,100.0,898.1
1790410270.82,3,57517.0,100.0,896.27
1790410270.82,4,58145.0,100.0,908.46
1790410270.82,5,57499.0,100.0,924.8
1790410270.82,6,57339.0,100.0,865.87
1790410270.82,7,57319.0,100.0,937.59
1790410271.82,0,59951.0,0.0,520.37
1790410271.82,1,57297.0,0.0,457.86
1790410271.82,2,57189.0,0.0,472.99
1790410271.82,3,57517.0,0.0,466.81
1790410271.82,4,58145.0,0.0,463.32
1790410271.82,5,57499.0,0.0,512.47
1790410271.82,6,57339.0,0.0,510.17
1790410271.82,7,57319.0,0.0,481.13
1790410272.82,0,59951.0,95.0,462.0
1790410272.82,1,57297.0,94.0,480.88
1790410272.82,2,57189.0,95.0,479.32
1790410272.82,3,57517.0,95.0,449.68
1790410272.82,4,58145.0,95.0,473.03
1790410272.821,5,57499.0,95.0,413.42
1790410272.821,6,57339.0,88.0,422.37
1790410272.821,7,57319.0,95.0,470.35
1790410273.821,0,59951.0,86.0,842.35
1790410273.821,1,57297.0,100.0,853.84
1790410273.821,2,57189.0,100.0,881.99
1790410273.821,3,57517.0,100.0,867.95
1790410273.821,4,58145.0,100.0,873.34
1790410273.821,5,57499.0,95.0,859.08
1790410273.821,6,57339.0,100.0,885.84
1790410273.821,7,57319.0,100.0,840.41
1790410274.821,0,59951.0,0.0,677.4
1790410274.821,1,57297.0,0.0,627.57
1790410274.821,2,57189.0,0.0,633.84
1790410274.821,3,57517.0,0.0,640.01
1790410274.821,4,58145.0,0.0,612.86
1790410274.821,5,57499.0,0.0,686.59
1790410274.821,6,57339.0,0.0,681.05
1790410274.821,7,57319.0,0.0,636.33
1790410275.822,0,59951.0,93.0,369.44
1790410275.822,1,57297.0,95.0,337.48
1790410275.822,2,57189.0,95.0,349.55
1790410275.822,3,57517.0,95.0,324.42
1790410275.822,4,58145.0,95.0,410.96
1790410275.822,5,57499.0,95.0,325.43
1790410275.822,6,57339.0,55.0,275.33
1790410275.822,7,57319.0,60.0,295.42
1790410276.822,0,59951.0,100.0,746.64
1790410276.829,1,57297.0,89.0,775.9
1790410276.829,2,57189.0,87.0,791.61
1790410276.829,3,57517.0,91.0,777.18
1790410276.829,4,58145.0,100.0,746.81
1790410276.829,5,57499.0,100.0,765.12
1790410276.829,6,57339.0,100.0,836.5
1790410276.829,7,57319.0,100.0,794.07
1790410277.829,0,59951.0,100.0,897.54
1790410277.829,1,57297.0,0.0,846.66
1790410277.829,2,57189.0,0.0,854.33
1790410277.829,3,57517.0,0.0,849.34
1790410277.829,4,58145.0,13.0,843.68
1790410277.829,5,57499.0,100.0,887.89
1790410277.829,6,57339.0,18.0,890.26
1790410277.829,7,57319.0,84.0,849.91
1790410278.829,0,59951.0,0.0,205.23
1790410278.83,1,57297.0,0.0,200.68
1790410278.83,2,57189.0,0.0,210.64
1790410278.83,3,57517.0,0.0,193.13
1790410278.83,4,58145.0,0.0,203.36
1790410278.83,5,57499.0,0.0,198.29
1790410278.83,6,57339.0,0.0,206.65
1790410278.83,7,57319.0,0.0,194.04
1790410279.83,0,59951.0,94.0,600.24
1790410279.83,1,57297.0,94.0,545.54
1790410279.83,2,57189.0,95.0,589.99
1790410279.83,3,57517.0,95.0,577.07
1790410279.83,4,58145.0,95.0,619.76
1790410279.83,5,57499.0,95.0,513.3
1790410279.83,6,57339.0,95.0,543.1
1790410279.83,7,57319.0,95.0,509.53
1790410280.83,0,59951.0,100.0,841.88
1790410280.83,1,57297.0,100.0,911.59
1790410280.83,2,57189.0,100.0,895.66
1790410280.83,3,57517.0,100.0,894.73
1790410280.83,4,58145.0,100.0,893.23
1790410280.83,5,57499.0,100.0,905.92
1790410280.83,6,57339.0,100.0,900.47
1790410280.83,7,57319.0,100.0,927.77
1790410281.831,0,59951.0,0.0,547.99
1790410281.831,1,57297.0,0.0,476.46
1790410281.831,2,57189.0,0.0,495.65
1790410281.831,3,57517.0,0.0,484.38
1790410281.831,4,58145.0,0.0,478.0
1790410281.831,5,57499.0,0.0,510.4
1790410281.831,6,57339.0,0.0,545.22
1790410281.831,7,57319.0,0.0,499.77
1790410282.831,0,59951.0,95.0,452.22
1790410282.831,1,57297.0,95.0,439.46
1790410282.831,2,57189.0,95.0,455.94
1790410282.831,3,57517.0,95.0,444.62
1790410282.831,4,58145.0,95.0,451.43
1790410282.831,5,57499.0,78.0,376.72
1790410282.831,6,57339.0,95.0,364.35
1790410282.831,7,57319.0,95.0,414.11
1790410283.832,0,59951.0,100.0,773.02
1790410283.832,1,57297.0,100.0,811.07
1790410283.832,2,57189.0,100.0,823.83
1790410283.832,3,57517.0,100.0,811.32
1790410283.832,4,58145.0,100.0,829.78
1790410283.832,5,57499.0,92.0,863.82
1790410283.832,6,57339.0,100.0,869.26
1790410283.832,7,57319.0,86.0,831.79
1790410284.832,0,59951.0,0.0,686.49
1790410284.836,1,57297.0,0.0,704.96
1790410284.836,2,57189.0,0.0,716.83
1790410284.836,3,57517.0,0.0,697.18
1790410284.836,4,58145.0,0.0,703.21
1790410284.836,5,57499.0,0.0,746.44
1790410284.836,6,57339.0,0.0,738.81
1790410284.837,7,57319.0,0.0,718.14
1790410285.837,0,59951.0,95.0,355.62
1790410285.843,1,57297.0,95.0,294.38
1790410285.843,2,57189.0,94.0,314.3
1790410285.843,3,57517.0,95.0,276.48
1790410285.843,4,58145.0,66.0,291.99
1790410285.843,5,57499.0,5.0,236.42
1790410285.844,6,57339.0,57.0,234.39
1790410285.844,7,57319.0,28.0,232.39
1790410286.844,0,59951.0,100.0,748.47
1790410286.844,1,57297.0,100.0,772.34
1790410286.844,2,57189.0,100.0,785.48
1790410286.844,3,57517.0,100.0,772.15
1790410286.844,4,58145.0,100.0,790.41
1790410286.844,5,57499.0,99.0,774.77
1790410286.845,6,57339.0,100.0,794.97
1790410286.845,7,57319.0,100.0,786.42
1790410287.845,0,59951.0,0.0,885.35
1790410287.845,1,57297.0,56.0,894.61
1790410287.845,2,57189.0,37.0,883.99
1790410287.845,3,57517.0,51.0,892.09
1790410287.845,4,58145.0,78.0,892.49
1790410287.845,5,57499.0,100.0,946.65
1790410287.845,6,57339.0,96.0,936.14
1790410287.845,7,57319.0,100.0,915.98
1790410288.845,0,59951.0,14.0,204.84
1790410288.845,1,57297.0,0.0,200.82
1790410288.845,2,57189.0,0.0,210.76
1790410288.845,3,57517.0,0.0,193.4
1790410288.845,4,58145.0,0.0,203.55
1790410288.845,5,57499.0,0.0,200.29
1790410288.845,6,57339.0,0.0,207.34
1790410288.845,7,57319.0,0.0,194.67
1790410289.846,0,59951.0,99.0,637.11
1790410289.846,1,57297.0,88.0,618.3
1790410289.846,2,57189.0,100.0,634.34
1790410289.846,3,57517.0,100.0,610.51
1790410289.846,4,58145.0,54.0,628.42
1790410289.846,5,57499.0,94.0,595.77
1790410289.846,6,57339.0,95.0,637.46
1790410289.846,7,57319.0,95.0,617.27
1790410290.846,0,59951.0,100.0,989.46
1790410290.846,1,57297.0,100.0,994.55
1790410290.846,2,57189.0,100.0,990.62
1790410290.846,3,57517.0,100.0,983.94
1790410290.846,4,58145.0,100.0,1004.38
1790410290.846,5,57499.0,100.0,954.67
1790410290.846,6,57339.0,100.0,954.7
1790410290.846,7,57319.0,100.0,985.98
1790410291.846,0,59951.0,3.0,367.53
1790410291.846,1,57297.0,3.0,370.31
1790410291.846,2,57189.0,3.0,380.77
1790410291.846,3,57517.0,3.0,376.58
1790410291.846,4,58145.0,3.0,377.05
1790410291.846,5,57499.0,3.0,422.59
1790410291.846,6,57339.0,3.0,419.89
1790410291.846,7,57319.0,3.0,372.18
1790410292.847,0,59951.0,4.0,203.43
1790410292.847,1,57297.0,3.0,198.5
1790410292.847,2,57189.0,3.0,208.49
1790410292.847,3,57517.0,3.0,192.12
1790410292.847,4,58145.0,3.0,201.94
1790410292.847,5,57499.0,3.0,196.36
1790410292.847,6,57339.0,4.0,204.33
1790410292.847,7,57319.0,3.0,193.02
1790410293.847,0,59951.0,3.0,202.66
1790410293.847,1,57297.0,3.0,197.29
1790410293.847,2,57189.0,3.0,207.31
1790410293.847,3,57517.0,3.0,191.25
1790410293.847,4,58145.0,3.0,201.07
1790410293.847,5,57499.0,2.0,195.08
1790410293.847,6,57339.0,3.0,203.18
1790410293.847,7,57319.0,3.0,192.17
1790410294.848,0,59951.0,3.0,201.92
1790410294.848,1,57297.0,3.0,196.68
1790410294.848,2,57189.0,3.0,206.34
1790410294.848,3,57517.0,3.0,190.6
1790410294.848,4,58145.0,2.0,200.12
1790410294.848,5,57499.0,3.0,194.65
1790410294.848,6,57339.0,3.0,202.43
1790410294.848,7,57319.0,3.0,191.76
1790410295.848,0,59951.0,3.0,201.48
1790410295.848,1,57297.0,3.0,196.07
1790410295.848,2,57189.0,3.0,205.88
1790410295.848,3,57517.0,3.0,190.33
1790410295.848,4,58145.0,3.0,199.68
1790410295.848,5,57499.0,3.0,194.17
1790410295.848,6,57339.0,3.0,202.08
1790410295.848,7,57319.0,3.0,191.26
1790410296.848,0,59951.0,3.0,201.18
1790410296.848,1,57297.0,3.0,195.72
1790410296.849,2,57189.0,3.0,205.4
1790410296.849,3,57517.0,3.0,189.88
1790410296.849,4,58145.0,3.0,199.21
1790410296.849,5,57499.0,3.0,193.72
1790410296.849,6,57339.0,4.0,201.6
1790410296.849,7,57319.0,3.0,190.86
1790410297.849,0,59951.0,3.0,200.65
1790410297.849,1,57297.0,3.0,195.35
1790410297.849,2,57189.0,3.0,205.01
1790410297.849,3,57517.0,3.0,189.65
1790410297.849,4,58145.0,3.0,198.97
1790410297.849,5,57499.0,3.0,193.51
1790410297.849,6,57339.0,3.0,201.26
1790410297.849,7,57319.0,4.0,190.65
1790410298.849,0,59951.0,3.0,200.5
1790410298.849,1,57297.0,3.0,195.02
1790410298.849,2,57189.0,3.0,204.84
1790410298.849,3,57517.0,3.0,189.53
1790410298.849,4,58145.0,4.0,198.68
1790410298.849,5,57499.0,3.0,193.16
1790410298.849,6,57339.0,3.0,201.1
1790410298.849,7,57319.0,3.0,190.39
1790410299.85,0,59951.0,3.0,200.06
1790410299.85,1,57297.0,3.0,194.57
1790410299.85,2,57189.0,3.0,204.29
1790410299.85,3,57517.0,3.0,189.18
1790410299.85,4,58145.0,3.0,198.45
1790410299.85,5,57499.0,3.0,193.05
1790410299.85,6,57339.0,3.0,200.65
1790410299.85,7,57319.0,3.0,190.41
1790410300.85,0,59951.0,0.0,199.88
1790410300.85,1,57297.0,5.0,194.59
1790410300.85,2,57189.0,5.0,203.97
1790410300.85,3,57517.0,0.0,189.14
1790410300.85,4,58145.0,0.0,198.01
1790410300.85,5,57499.0,12.0,192.8
1790410300.85,6,57339.0,5.0,200.44
1790410300.85,7,57319.0,12.0,190.11
1790410301.851,0,59951.0,0.0,199.13
1790410301.851,1,57297.0,0.0,193.81
1790410301.851,2,57189.0,0.0,203.38
1790410301.851,3,57517.0,0.0,188.5
1790410301.851,4,58145.0,0.0,197.39
1790410301.851,5,57499.0,0.0,192.24
1790410301.851,6,57339.0,0.0,199.62
1790410301.851,7,57319.0,0.0,189.6
1790410302.851,0,59951.0,0.0,198.88
1790410302.851,1,57297.0,0.0,193.57
1790410302.851,2,57189.0,0.0,202.93
1790410302.851,3,57517.0,0.0,188.21
1790410302.851,4,58145.0,0.0,197.11
1790410302.851,5,57499.0,0.0,191.72
1790410302.851,6,57339.0,0.0,199.24
1790410302.851,7,57319.0,0.0,189.25
1790410303.852,0,59951.0,0.0,198.75
1790410303.852,1,57297.0,0.0,193.42
1790410303.852,2,57189.0,0.0,202.77
1790410303.852,3,57517.0,0.0,188.18
1790410303.852,4,58145.0,0.0,197.0
1790410303.852,5,57499.0,0.0,191.61
1790410303.852,6,57339.0,0.0,199.04
1790410303.852,7,57319.0,0.0,189.05
1790410304.852,0,59951.0,0.0,198.4
1790410304.854,1,57297.0,0.0,193.11
1790410304.854,2,57189.0,0.0,202.35
1790410304.854,3,57517.0,0.0,187.98
1790410304.854,4,58145.0,0.0,196.57
1790410304.854,5,57499.0,0.0,191.52
1790410304.855,6,57339.0,0.0,198.71
1790410304.855,7,57319.0,0.0,188.99
1790410305.855,0,59951.0,0.0,198.33
1790410305.857,1,57297.0,0.0,192.97
1790410305.858,2,57189.0,0.0,202.26
1790410305.858,3,57517.0,0.0,187.79
1790410305.858,4,58145.0,0.0,196.49
1790410305.858,5,57499.0,0.0,191.43
1790410305.858,6,57339.0,0.0,198.6
1790410305.858,7,57319.0,0.0,188.8
1790410306.858,0,59951.0,0.0,197.96
1790410306.858,1,57297.0,0.0,192.83
1790410306.858,2,57189.0,0.0,201.98
1790410306.858,3,57517.0,0.0,187.68
1790410306.858,4,58145.0,0.0,196.19
1790410306.858,5,57499.0,0.0,191.08
1790410306.858,6,57339.0,0.0,198.32
1790410306.859,7,57319.0,0.0,188.69
1790410307.859,0,59951.0,0.0,197.64
1790410307.859,1,57297.0,0.0,192.63
1790410307.859,2,57189.0,0.0,201.61
1790410307.859,3,57517.0,0.0,187.5
1790410307.859,4,58145.0,0.0,195.93
1790410307.859,5,57499.0,0.0,190.89
1790410307.859,6,57339.0,0.0,198.01
1790410307.859,7,57319.0,0.0,188.45
1790410308.859,0,59951.0,0.0,197.62
1790410308.859,1,57297.0,0.0,192.49
1790410308.859,2,57189.0,0.0,201.47
1790410308.859,3,57517.0,0.0,187.51
1790410308.859,4,58145.0,0.0,195.8
1790410308.859,5,57499.0,0.0,190.83
1790410308.859,6,57339.0,0.0,197.87
1790410308.859,7,57319.0,0.0,188.39
1790410309.86,0,59951.0,0.0,197.33
1790410309.86,1,57297.0,0.0,192.25
1790410309.86,2,57189.0,0.0,201.09
1790410309.86,3,57517.0,0.0,187.32
1790410309.86,4,58145.0,0.0,195.49
1790410309.86,5,57499.0,0.0,190.75
1790410309.86,6,57339.0,0.0,197.49
1790410309.86,7,57319.0,0.0,188.4
1790410310.86,0,59951.0,0.0,197.1
1790410310.86,1,57297.0,0.0,192.19
1790410310.86,2,57189.0,0.0,200.84
1790410310.86,3,57517.0,0.0,187.21
1790410310.86,4,58145.0,0.0,195.33
1790410310.86,5,57499.0,0.0,190.46
1790410310.86,6,57339.0,0.0,197.36
1790410310.86,7,57319.0,0.0,188.21
1790410311.861,0,59951.0,0.0,196.91
1790410311.861,1,57297.0,0.0,192.03
1790410311.861,2,57189.0,0.0,200.62
1790410311.861,3,57517.0,0.0,187.11
1790410311.861,4,58145.0,0.0,195.12
1790410311.861,5,57499.0,0.0,190.3
1790410311.861,6,57339.0,0.0,197.1
1790410311.861,7,57319.0,0.0,188.03
1790410312.861,0,59951.0,0.0,196.65
1790410312.861,1,57297.0,0.0,191.91
1790410312.861,2,57189.0,0.0,200.41
1790410312.861,3,57517.0,0.0,186.98
1790410312.861,4,58145.0,0.0,194.97
1790410312.862,5,57499.0,0.0,190.25
1790410312.862,6,57339.0,0.0,196.9
1790410312.862,7,57319.0,0.0,187.9
1790410313.862,0,59951.0,0.0,196.65
1790410313.862,1,57297.0,0.0,191.89
1790410313.862,2,57189.0,0.0,200.32
1790410313.862,3,57517.0,0.0,186.98
1790410313.862,4,58145.0,0.0,194.96
1790410313.862,5,57499.0,0.0,190.1
1790410313.862,6,57339.0,0.0,196.81
1790410313.862,7,57319.0,0.0,187.87
1790410314.862,0,59951.0,0.0,196.32
1790410314.862,1,57297.0,0.0,191.65
1790410314.862,2,57189.0,0.0,199.97
1790410314.862,3,57517.0,0.0,186.79
1790410314.862,4,58145.0,0.0,194.62
1790410314.862,5,57499.0,0.0,190.17
1790410314.862,6,57339.0,0.0,196.46
1790410314.862,7,57319.0,0.0,187.81
1790410315.863,0,59951.0,0.0,196.08
1790410315.863,1,57297.0,0.0,191.59
1790410315.863,2,57189.0,0.0,199.84
1790410315.863,3,57517.0,0.0,186.59
1790410315.863,4,58145.0,0.0,194.41
1790410315.863,5,57499.0,0.0,189.87
1790410315.863,6,57339.0,0.0,196.23
1790410315.863,7,57319.0,0.0,187.63
1790410316.863,0,59951.0,0.0,195.92
1790410316.863,1,57297.0,0.0,191.43
1790410316.863,2,57189.0,0.0,199.22
1790410316.864,3,57517.0,0.0,186.61
1790410316.864,4,58145.0,0.0,194.3
1790410316.864,5,57499.0,0.0,189.81
1790410316.864,6,57339.0,0.0,196.03
1790410316.864,7,57319.0,0.0,187.58
1790410317.865,0,59951.0,0.0,195.69
1790410317.865,1,57297.0,0.0,191.28
1790410317.865,2,57189.0,0.0,198.8
1790410317.865,3,57517.0,0.0,186.48
1790410317.865,4,58145.0,0.0,194.06
1790410317.865,5,57499.0,0.0,189.66
1790410317.865,6,57339.0,0.0,195.9
1790410317.865,7,57319.0,0.0,187.51
1790410318.865,0,59951.0,0.0,195.61
1790410318.865,1,57297.0,0.0,191.26
1790410318.865,2,57189.0,0.0,198.75
1790410318.865,3,57517.0,0.0,186.57
1790410318.865,4,58145.0,0.0,194.19
1790410318.865,5,57499.0,0.0,189.59
1790410318.865,6,57339.0,0.0,195.74
1790410318.865,7,57319.0,0.0,187.38
1790410319.865,0,59951.0,0.0,195.32
1790410319.866,1,57297.0,0.0,191.09
1790410319.866,2,57189.0,0.0,198.45
1790410319.866,3,57517.0,0.0,186.27
1790410319.866,4,58145.0,0.0,193.84
1790410319.866,5,57499.0,0.0,189.65
1790410319.866,6,57339.0,0.0,195.48
1790410319.866,7,57319.0,0.0,187.45
1790410320.866,0,59951.0,0.0,195.18
1790410320.866,1,57297.0,0.0,191.08
1790410320.866,2,57189.0,0.0,198.25
1790410320.866,3,57517.0,0.0,186.23
1790410320.866,4,58145.0,0.0,193.82
1790410320.866,5,57499.0,0.0,189.45
1790410320.866,6,57339.0,0.0,195.22
1790410320.866,7,57319.0,0.0,187.21
1790410321.866,0,59951.0,0.0,195.01
1790410321.866,1,57297.0,0.0,190.93
1790410321.866,2,57189.0,0.0,197.73
1790410321.866,3,57517.0,0.0,186.04
1790410321.866,4,58145.0,0.0,193.62
1790410321.866,5,57499.0,0.0,189.38
1790410321.867,6,57339.0,0.0,194.51
1790410321.867,7,57319.0,0.0,187.15
1790410322.867,0,59951.0,0.0,194.99
1790410322.867,1,57297.0,0.0,190.81
1790410322.867,2,57189.0,0.0,197.67
1790410322.867,3,57517.0,0.0,186.03
1790410322.867,4,58145.0,0.0,193.48
1790410322.867,5,57499.0,0.0,189.28
1790410322.867,6,57339.0,0.0,194.24
1790410322.867,7,57319.0,0.0,187.13
1790410323.867,0,59951.0,0.0,194.92
1790410323.867,1,57297.0,0.0,190.89
1790410323.867,2,57189.0,0.0,197.61
1790410323.867,3,57517.0,0.0,186.05
1790410323.867,4,58145.0,0.0,193.47
1790410323.867,5,57499.0,0.0,189.15
1790410323.867,6,57339.0,0.0,194.2
1790410323.867,7,57319.0,0.0,187.04
1790410324.868,0,59951.0,0.0,194.64
1790410324.868,1,57297.0,0.0,190.64
1790410324.868,2,57189.0,0.0,197.33
1790410324.868,3,57517.0,0.0,185.94
1790410324.868,4,58145.0,0.0,193.35
1790410324.868,5,57499.0,0.0,189.24
1790410324.868,6,57339.0,0.0,193.89
1790410324.868,7,57319.0,0.0,187.1
1790410325.868,0,59951.0,0.0,194.58
1790410325.872,1,57297.0,0.0,190.73
1790410325.872,2,57189.0,0.0,197.24
1790410325.872,3,57517.0,0.0,185.78
1790410325.873,4,58145.0,0.0,193.26
1790410325.873,5,57499.0,0.0,189.09
1790410325.873,6,57339.0,0.0,193.86
1790410325.873,7,57319.0,0.0,186.93
1790410326.873,0,59951.0,0.0,194.37
1790410326.873,1,57297.0,0.0,190.62
1790410326.873,2,57189.0,0.0,197.1
1790410326.873,3,57517.0,0.0,185.85
1790410326.873,4,58145.0,0.0,193.14
1790410326.873,5,57499.0,0.0,189.1
1790410326.873,6,57339.0,0.0,193.21
1790410326.873,7,57319.0,0.0,186.87
1790410327.874,0,59951.0,0.0,194.25
1790410327.874,1,57297.0,0.0,190.43
1790410327.874,2,57189.0,0.0,196.91
1790410327.874,3,57517.0,0.0,185.67
1790410327.874,4,58145.0,0.0,192.98
1790410327.874,5,57499.0,0.0,188.95
1790410327.874,6,57339.0,0.0,192.93
1790410327.874,7,57319.0,0.0,186.73
1790410328.874,0,59951.0,0.0,194.25
1790410328.874,1,57297.0,0.0,190.46
1790410328.874,2,57189.0,0.0,196.82
1790410328.874,3,57517.0,0.0,185.71
1790410328.874,4,58145.0,0.0,192.94
1790410328.874,5,57499.0,0.0,188.84
1790410328.874,6,57339.0,0.0,192.84
1790410328.874,7,57319.0,0.0,186.71
1790410329.874,0,59951.0,0.0,194.01
1790410329.874,1,57297.0,0.0,190.28
1790410329.874,2,57189.0,0.0,196.58
1790410329.874,3,57517.0,0.0,185.55
1790410329.874,4,58145.0,0.0,192.63
1790410329.874,5,57499.0,0.0,188.92
1790410329.874,6,57339.0,0.0,192.61
1790410329.874,7,57319.0,0.0,186.77
1790410330.874,0,59951.0,0.0,193.9
1790410330.875,1,57297.0,0.0,190.23
1790410330.875,2,57189.0,0.0,196.45
1790410330.875,3,57517.0,0.0,185.47
1790410330.875,4,58145.0,0.0,192.51
1790410330.875,5,57499.0,0.0,188.61
1790410330.875,6,57339.0,0.0,192.42
1790410330.875,7,57319.0,0.0,186.63
1790410331.875,0,59951.0,0.0,193.74
1790410331.875,1,57297.0,0.0,190.11
1790410331.875,2,57189.0,0.0,196.28
1790410331.875,3,57517.0,0.0,185.47
1790410331.875,4,58145.0,0.0,192.34
1790410331.875,5,57499.0,0.0,188.59
1790410331.875,6,57339.0,0.0,192.29
1790410331.875,7,57319.0,0.0,186.54
1790410332.875,0,59951.0,0.0,193.6
1790410332.875,1,57297.0,0.0,190.03
1790410332.875,2,57189.0,0.0,196.21
1790410332.875,3,57517.0,0.0,185.4
1790410332.875,4,58145.0,0.0,192.33
1790410332.875,5,57499.0,0.0,188.55
1790410332.875,6,57339.0,0.0,192.2
1790410332.875,7,57319.0,0.0,186.5
1790410333.876,0,59951.0,0.0,193.64
1790410333.876,1,57297.0,0.0,190.08
1790410333.876,2,57189.0,0.0,196.2
1790410333.876,3,57517.0,0.0,185.55
1790410333.876,4,58145.0,0.0,192.22
1790410333.876,5,57499.0,0.0,188.47
1790410333.876,6,57339.0,0.0,192.04
1790410333.876,7,57319.0,0.0,186.43
1790410334.876,0,59951.0,0.0,193.41
1790410334.876,1,57297.0,0.0,189.92
1790410334.876,2,57189.0,0.0,195.88
1790410334.876,3,57517.0,0.0,185.37
1790410334.876,4,58145.0,0.0,192.07
1790410334.876,5,57499.0,0.0,188.58
1790410334.876,6,57339.0,0.0,191.86
1790410334.876,7,57319.0,0.0,186.48
1790410335.876,0,59951.0,0.0,193.3
1790410335.877,1,57297.0,0.0,189.83
1790410335.877,2,57189.0,0.0,195.76
1790410335.877,3,57517.0,0.0,185.25
1790410335.877,4,58145.0,0.0,192.01
1790410335.877,5,57499.0,0.0,188.41
1790410335.877,6,57339.0,0.0,191.59
1790410335.877,7,57319.0,0.0,186.38
1790410336.877,0,59951.0,0.0,193.18
1790410336.877,1,57297.0,0.0,189.87
1790410336.877,2,57189.0,0.0,195.69
1790410336.877,3,57517.0,0.0,185.23
1790410336.877,4,58145.0,0.0,191.88
1790410336.877,5,57499.0,0.0,188.38
1790410336.877,6,57339.0,0.0,191.54
1790410336.877,7,57319.0,0.0,186.3
1790410337.877,0,59951.0,0.0,193.02
1790410337.877,1,57297.0,0.0,189.8
1790410337.877,2,57189.0,0.0,195.49
1790410337.877,3,57517.0,0.0,185.23
1790410337.877,4,58145.0,0.0,191.72
1790410337.877,5,57499.0,0.0,188.34
1790410337.877,6,57339.0,0.0,191.46
1790410337.877,7,57319.0,0.0,186.29
1790410338.878,0,59951.0,0.0,193.02
1790410338.878,1,57297.0,0.0,189.85
1790410338.878,2,57189.0,0.0,195.5
1790410338.878,3,57517.0,0.0,185.35
1790410338.878,4,58145.0,0.0,191.83
1790410338.878,5,57499.0,0.0,188.25
1790410338.878,6,57339.0,0.0,191.46
1790410338.878,7,57319.0,0.0,186.22
1790410339.878,0,59951.0,0.0,192.76
1790410339.878,1,57297.0,0.0,189.6
1790410339.878,2,57189.0,0.0,195.27
1790410339.878,3,57517.0,0.0,185.14
1790410339.878,4,58145.0,0.0,191.61
1790410339.878,5,57499.0,0.0,188.34
1790410339.878,6,57339.0,0.0,191.13
1790410339.878,7,57319.0,0.0,186.31
1790410340.879,0,59951.0,0.0,192.68
1790410340.879,1,57297.0,0.0,189.54
1790410340.879,2,57189.0,0.0,195.18
1790410340.879,3,57517.0,0.0,185.07
1790410340.879,4,58145.0,0.0,191.52
1790410340.879,5,57499.0,0.0,188.17
1790410340.879,6,57339.0,0.0,191.07
1790410340.879,7,57319.0,0.0,186.19
1790410341.879,0,59951.0,0.0,192.68
1790410341.879,1,57297.0,0.0,189.52
1790410341.879,2,57189.0,0.0,195.1
1790410341.879,3,57517.0,0.0,185.04
1790410341.879,4,58145.0,0.0,191.37
1790410341.879,5,57499.0,0.0,188.13
1790410341.879,6,57339.0,0.0,190.89
1790410341.879,7,57319.0,0.0,186.11
1790410342.879,0,59951.0,0.0,192.55
1790410342.879,1,57297.0,0.0,189.51
1790410342.879,2,57189.0,0.0,195.04
1790410342.879,3,57517.0,0.0,185.05
1790410342.879,4,58145.0,0.0,191.24
1790410342.879,5,57499.0,0.0,188.09
1790410342.879,6,57339.0,0.0,190.89
1790410342.879,7,57319.0,0.0,186.05
1790410343.88,0,59951.0,0.0,192.56
1790410343.88,1,57297.0,0.0,189.62
1790410343.88,2,57189.0,0.0,195.01
1790410343.88,3,57517.0,0.0,185.17
1790410343.88,4,58145.0,0.0,191.41
1790410343.88,5,57499.0,0.0,188.09
1790410343.88,6,57339.0,0.0,190.97
1790410343.88,7,57319.0,0.0,186.06
1790410344.88,0,59951.0,0.0,192.33
1790410344.88,1,57297.0,0.0,189.4
1790410344.88,2,57189.0,0.0,194.79
1790410344.88,3,57517.0,0.0,184.95
1790410344.88,4,58145.0,0.0,191.1
1790410344.88,5,57499.0,0.0,188.06
1790410344.88,6,57339.0,0.0,190.71
1790410344.88,7,57319.0,0.0,186.11
1790410345.88,0,59951.0,0.0,192.38
1790410345.885,1,57297.0,0.0,189.42
1790410345.885,2,57189.0,0.0,194.76
1790410345.885,3,57517.0,0.0,185.02
1790410345.885,4,58145.0,0.0,191.13
1790410345.885,5,57499.0,0.0,188.05
1790410345.886,6,57339.0,0.0,190.69
1790410345.886,7,57319.0,0.0,185.98
1790410346.886,0,59951.0,0.0,192.25
1790410346.886,1,57297.0,0.0,189.41
1790410346.886,2,57189.0,0.0,194.75
1790410346.886,3,57517.0,0.0,184.99
1790410346.886,4,58145.0,0.0,190.99
1790410346.886,5,57499.0,0.0,188.03
1790410346.886,6,57339.0,0.0,190.58
1790410346.886,7,57319.0,0.0,186.0
1790410347.886,0,59951.0,0.0,192.09
1790410347.886,1,57297.0,0.0,189.27
1790410347.886,2,57189.0,0.0,194.56
1790410347.886,3,57517.0,0.0,184.83
1790410347.886,4,58145.0,0.0,190.95
1790410347.886,5,57499.0,0.0,187.9
1790410347.886,6,57339.0,0.0,190.38
1790410347.886,7,57319.0,0.0,185.92
1790410348.886,0,59951.0,0.0,192.12
1790410348.887,1,57297.0,0.0,189.38
1790410348.887,2,57189.0,0.0,194.68
1790410348.887,3,57517.0,0.0,184.97
1790410348.887,4,58145.0,0.0,191.06
1790410348.887,5,57499.0,0.0,187.89
1790410348.887,6,57339.0,0.0,190.39
1790410348.887,7,57319.0,0.0,185.94
1790410349.887,0,59951.0,0.0,191.9
1790410349.887,1,57297.0,0.0,189.22
1790410349.887,2,57189.0,0.0,194.4
1790410349.887,3,57517.0,0.0,184.8
1790410349.887,4,58145.0,0.0,190.76
1790410349.887,5,57499.0,0.0,187.99
1790410349.887,6,57339.0,0.0,190.22
1790410349.887,7,57319.0,0.0,185.97
1790410350.887,0,59951.0,0.0,191.75
1790410350.887,1,57297.0,0.0,189.21
1790410350.887,2,57189.0,0.0,194.31
1790410350.887,3,57517.0,0.0,184.78
1790410350.887,4,58145.0,0.0,190.69
1790410350.887,5,57499.0,0.0,187.82
1790410350.887,6,57339.0,0.0,190.08
1790410350.887,7,57319.0,0.0,185.81
1790410351.888,0,59951.0,0.0,191.73
1790410351.888,1,57297.0,0.0,189.09
1790410351.888,2,57189.0,0.0,194.28
1790410351.888,3,57517.0,0.0,184.73
1790410351.888,4,58145.0,0.0,190.6
1790410351.888,5,57499.0,0.0,187.79
1790410351.888,6,57339.0,0.0,190.05
1790410351.888,7,57319.0,0.0,185.79
1790410352.888,0,59951.0,0.0,191.67
1790410352.888,1,57297.0,0.0,189.24
1790410352.888,2,57189.0,0.0,194.16
1790410352.888,3,57517.0,0.0,184.73
1790410352.888,4,58145.0,0.0,190.54
1790410352.888,5,57499.0,0.0,187.78
1790410352.888,6,57339.0,0.0,189.98
1790410352.888,7,57319.0,0.0,185.74
1790410353.889,0,59951.0,0.0,191.72
1790410353.889,1,57297.0,0.0,189.32
1790410353.889,2,57189.0,0.0,194.23
1790410353.889,3,57517.0,0.0,184.82
1790410353.889,4,58145.0,0.0,190.62
1790410353.889,5,57499.0,0.0,187.7
1790410353.889,6,57339.0,0.0,190.07
1790410353.889,7,57319.0,0.0,185.71
1790410354.889,0,59951.0,0.0,191.59
1790410354.889,1,57297.0,0.0,189.21
1790410354.889,2,57189.0,0.0,194.08
1790410354.889,3,57517.0,0.0,184.71
1790410354.889,4,58145.0,0.0,190.49
1790410354.889,5,57499.0,0.0,187.86
1790410354.889,6,57339.0,0.0,189.77
1790410354.889,7,57319.0,0.0,185.85
1790410355.889,0,59951.0,0.0,191.4
1790410355.889,1,57297.0,0.0,189.18
1790410355.889,2,57189.0,0.0,193.93
1790410355.889,3,57517.0,0.0,184.62
1790410355.889,4,58145.0,0.0,190.36
1790410355.889,5,57499.0,0.0,187.69
1790410355.889,6,57339.0,0.0,189.63
1790410355.889,7,57319.0,0.0,185.69
1790410356.89,0,59951.0,0.0,191.32
1790410356.89,1,57297.0,0.0,189.16
1790410356.89,2,57189.0,0.0,193.9
1790410356.89,3,57517.0,0.0,184.62
1790410356.89,4,58145.0,0.0,190.33
1790410356.89,5,57499.0,0.0,187.63
1790410356.89,6,57339.0,0.0,189.64
1790410356.89,7,57319.0,0.0,185.68
1790410357.89,0,59951.0,0.0,191.37
1790410357.89,1,57297.0,0.0,189.14
1790410357.89,2,57189.0,0.0,193.81
1790410357.89,3,57517.0,0.0,184.57
1790410357.89,4,58145.0,0.0,190.24
1790410357.89,5,57499.0,0.0,187.67
1790410357.89,6,57339.0,0.0,189.56
1790410357.89,7,57319.0,0.0,185.65
1790410358.89,0,59951.0,0.0,191.34
1790410358.891,1,57297.0,0.0,189.09
1790410358.891,2,57189.0,0.0,193.78
1790410358.891,3,57517.0,0.0,184.68
1790410358.891,4,58145.0,0.0,190.21
1790410358.891,5,57499.0,0.0,187.63
1790410358.891,6,57339.0,0.0,189.68
1790410358.891,7,57319.0,0.0,185.67
1790410359.891,0,59951.0,0.0,191.09
1790410359.891,1,57297.0,0.0,188.97
1790410359.891,2,57189.0,0.0,193.57
1790410359.891,3,57517.0,0.0,184.48
1790410359.891,4,58145.0,0.0,190.1
1790410359.891,5,57499.0,0.0,187.75
1790410359.891,6,57339.0,0.0,189.37
1790410359.891,7,57319.0,0.0,185.77
1790410360.891,0,59951.0,0.0,191.03
1790410360.891,1,57297.0,0.0,189.0
1790410360.891,2,57189.0,0.0,193.55
1790410360.891,3,57517.0,0.0,184.52
1790410360.891,4,58145.0,0.0,190.01
1790410360.891,5,57499.0,0.0,187.57
1790410360.891,6,57339.0,0.0,189.34
1790410360.891,7,57319.0,0.0,185.6
1790410361.892,0,59951.0,0.0,190.98
1790410361.892,1,57297.0,0.0,188.95
1790410361.892,2,57189.0,0.0,193.44
1790410361.892,3,57517.0,0.0,184.46
1790410361.892,4,58145.0,0.0,190.02
1790410361.892,5,57499.0,0.0,187.53
1790410361.892,6,57339.0,0.0,189.26
1790410361.892,7,57319.0,0.0,185.62
1790410362.892,0,59951.0,0.0,190.95
1790410362.892,1,57297.0,0.0,188.91
1790410362.892,2,57189.0,0.0,193.53
1790410362.892,3,57517.0,0.0,184.46
1790410362.892,4,58145.0,0.0,190.05
1790410362.892,5,57499.0,0.0,187.6
1790410362.892,6,57339.0,0.0,189.14
1790410362.892,7,57319.0,0.0,185.57
1790410363.893,0,59951.0,0.0,190.92
1790410363.893,1,57297.0,0.0,189.02
1790410363.893,2,57189.0,0.0,193.54
1790410363.893,3,57517.0,0.0,184.56
1790410363.893,4,58145.0,0.0,190.04
1790410363.893,5,57499.0,0.0,187.48
1790410363.893,6,57339.0,0.0,189.22
1790410363.893,7,57319.0,0.0,185.5
1790410364.893,0,59951.0,0.0,190.74
1790410364.893,1,57297.0,0.0,188.82
1790410364.893,2,57189.0,0.0,193.29
1790410364.893,3,57517.0,0.0,184.49
1790410364.893,4,58145.0,0.0,189.83
1790410364.893,5,57499.0,0.0,187.6
1790410364.893,6,57339.0,0.0,189.03
1790410364.893,7,57319.0,0.0,185.63
1790410365.894,0,59951.0,0.0,190.83
1790410365.895,1,57297.0,0.0,188.88
1790410365.895,2,57189.0,0.0,193.33
1790410365.896,3,57517.0,0.0,184.5
1790410365.896,4,58145.0,0.0,189.89
1790410365.896,5,57499.0,0.0,187.51
1790410365.896,6,57339.0,0.0,189.08
1790410365.896,7,57319.0,0.0,185.57
1790410366.896,0,59951.0,0.0,190.71
1790410366.896,1,57297.0,0.0,188.82
1790410366.896,2,57189.0,0.0,193.28
1790410366.896,3,57517.0,0.0,184.48
1790410366.896,4,58145.0,0.0,189.74
1790410366.896,5,57499.0,0.0,187.52
1790410366.896,6,57339.0,0.0,188.99
1790410366.896,7,57319.0,0.0,185.54
1790410367.896,0,59951.0,0.0,190.63
1790410367.896,1,57297.0,0.0,188.77
1790410367.896,2,57189.0,0.0,193.2
1790410367.896,3,57517.0,0.0,184.36
1790410367.896,4,58145.0,0.0,189.68
1790410367.896,5,57499.0,0.0,187.38
1790410367.896,6,57339.0,0.0,188.9
1790410367.896,7,57319.0,0.0,185.51
1790410368.896,0,59951.0,0.0,190.67
1790410368.896,1,57297.0,0.0,188.85
1790410368.896,2,57189.0,0.0,193.28
1790410368.897,3,57517.0,0.0,184.41
1790410368.897,4,58145.0,0.0,189.68
1790410368.897,5,57499.0,0.0,187.35
1790410368.897,6,57339.0,0.0,189.0
1790410368.897,7,57319.0,0.0,185.52
1790410369.897,0,59951.0,0.0,190.54
1790410369.897,1,57297.0,0.0,188.72
1790410369.897,2,57189.0,0.0,193.09
1790410369.897,3,57517.0,0.0,184.32
1790410369.897,4,58145.0,0.0,189.52
1790410369.897,5,57499.0,0.0,187.46
1790410369.897,6,57339.0,0.0,188.8
1790410369.897,7,57319.0,0.0,185.61
1790410370.897,0,59951.0,0.0,190.42
1790410370.897,1,57297.0,0.0,188.71
1790410370.897,2,57189.0,0.0,193.01
1790410370.897,3,57517.0,0.0,184.37
1790410370.897,4,58145.0,0.0,189.49
1790410370.897,5,57499.0,0.0,187.35
1790410370.897,6,57339.0,0.0,188.79
1790410370.897,7,57319.0,0.0,185.45
1790410371.898,0,59951.0,0.0,190.34
1790410371.898,1,57297.0,0.0,188.62
1790410371.898,2,57189.0,0.0,192.9
1790410371.898,3,57517.0,0.0,184.25
1790410371.898,4,58145.0,0.0,189.43
1790410371.898,5,57499.0,0.0,187.33
1790410371.898,6,57339.0,0.0,188.65
1790410371.898,7,57319.0,0.0,185.42
1790410372.898,0,59951.0,0.0,190.34
1790410372.898,1,57297.0,0.0,188.66
1790410372.898,2,57189.0,0.0,192.82
1790410372.898,3,57517.0,0.0,184.29
1790410372.898,4,58145.0,0.0,189.41
1790410372.898,5,57499.0,0.0,187.32
1790410372.898,6,57339.0,0.0,188.52
1790410372.898,7,57319.0,0.0,185.37
1790410373.898,0,59951.0,0.0,190.43
1790410373.898,1,57297.0,0.0,188.76
1790410373.898,2,57189.0,0.0,192.93
1790410373.898,3,57517.0,0.0,184.43
1790410373.898,4,58145.0,0.0,189.53
1790410373.898,5,57499.0,0.0,187.27
1790410373.898,6,57339.0,0.0,188.7
1790410373.898,7,57319.0,0.0,185.34
1790410374.899,0,59951.0,0.0,190.24
1790410374.899,1,57297.0,0.0,188.65
1790410374.899,2,57189.0,0.0,192.82
1790410374.899,3,57517.0,0.0,184.22
1790410374.899,4,58145.0,0.0,189.44
1790410374.899,5,57499.0,0.0,187.39
1790410374.899,6,57339.0,0.0,188.48
1790410374.899,7,57319.0,0.0,185.46
1790410375.899,0,59951.0,0.0,190.24
1790410375.899,1,57297.0,0.0,188.62
1790410375.899,2,57189.0,0.0,192.75
1790410375.899,3,57517.0,0.0,184.16
1790410375.899,4,58145.0,0.0,189.29
1790410375.899,5,57499.0,0.0,187.24
1790410375.899,6,57339.0,0.0,188.37
1790410375.899,7,57319.0,0.0,185.33
1790410376.899,0,59951.0,0.0,190.22
1790410376.9,1,57297.0,0.0,188.6
1790410376.9,2,57189.0,0.0,192.64
1790410376.9,3,57517.0,0.0,184.2
1790410376.9,4,58145.0,0.0,189.22
1790410376.9,5,57499.0,0.0,187.24
1790410376.9,6,57339.0,0.0,188.34
1790410376.9,7,57319.0,0.0,185.31
1790410377.9,0,59951.0,0.0,190.16
1790410377.9,1,57297.0,0.0,188.57
1790410377.9,2,57189.0,0.0,192.61
1790410377.9,3,57517.0,0.0,184.13
1790410377.9,4,58145.0,0.0,189.22
1790410377.9,5,57499.0,0.0,187.24
1790410377.9,6,57339.0,0.0,188.34
1790410377.9,7,57319.0,0.0,185.28
1790410378.9,0,59951.0,0.0,190.17
1790410378.9,1,57297.0,0.0,188.65
1790410378.9,2,57189.0,0.0,192.67
1790410378.901,3,57517.0,0.0,184.32
1790410378.901,4,58145.0,0.0,189.23
1790410378.901,5,57499.0,0.0,187.2
1790410378.901,6,57339.0,0.0,188.46
1790410378.901,7,57319.0,0.0,185.29
1790410379.901,0,59951.0,0.0,189.96
1790410379.901,1,57297.0,0.0,188.49
1790410379.901,2,57189.0,0.0,192.56
1790410379.901,3,57517.0,0.0,184.18
1790410379.901,4,58145.0,0.0,189.14
1790410379.901,5,57499.0,0.0,187.26
1790410379.901,6,57339.0,0.0,188.28
1790410379.901,7,57319.0,0.0,185.48
1790410380.901,0,59951.0,0.0,189.94
1790410380.901,1,57297.0,0.0,188.53
1790410380.901,2,57189.0,0.0,192.52
1790410380.902,3,57517.0,0.0,184.22
1790410380.902,4,58145.0,0.0,189.05
1790410380.902,5,57499.0,0.0,187.21
1790410380.902,6,57339.0,0.0,188.17
1790410380.902,7,57319.0,0.0,185.28
1790410381.902,0,59951.0,0.0,189.95
1790410381.902,1,57297.0,0.0,188.46
1790410381.902,2,57189.0,0.0,192.52
1790410381.902,3,57517.0,0.0,184.16
1790410381.902,4,58145.0,0.0,189.01
1790410381.902,5,57499.0,0.0,187.2
1790410381.902,6,57339.0,0.0,188.14
1790410381.902,7,57319.0,0.0,185.29
1790410382.902,0,59951.0,0.0,189.92
1790410382.902,1,57297.0,0.0,188.51
1790410382.902,2,57189.0,0.0,192.38
1790410382.903,3,57517.0,0.0,184.18
1790410382.903,4,58145.0,0.0,189.0
1790410382.903,5,57499.0,0.0,187.16
1790410382.903,6,57339.0,0.0,188.1
1790410382.903,7,57319.0,0.0,185.21
1790410383.903,0,59951.0,0.0,189.99
1790410383.903,1,57297.0,0.0,188.58
1790410383.903,2,57189.0,0.0,192.55
1790410383.903,3,57517.0,0.0,184.24
1790410383.903,4,58145.0,0.0,189.08
1790410383.903,5,57499.0,0.0,187.25
1790410383.903,6,57339.0,0.0,188.17
1790410383.903,7,57319.0,0.0,185.22
1790410384.903,0,59951.0,0.0,189.72
1790410384.903,1,57297.0,0.0,188.48
1790410384.903,2,57189.0,0.0,192.37
1790410384.903,3,57517.0,0.0,184.06
1790410384.903,4,58145.0,0.0,188.87
1790410384.903,5,57499.0,0.0,187.29
1790410384.903,6,57339.0,0.0,187.99
1790410384.903,7,57319.0,0.0,185.32
1790410385.903,0,59951.0,0.0,189.79
1790410385.909,1,57297.0,0.0,188.51
1790410385.909,2,57189.0,0.0,192.4
1790410385.909,3,57517.0,0.0,184.12
1790410385.91,4,58145.0,0.0,188.97
1790410385.91,5,57499.0,0.0,187.18
1790410385.91,6,57339.0,0.0,188.1
1790410385.91,7,57319.0,0.0,185.21
1790410386.91,0,59951.0,0.0,189.74
1790410386.91,1,57297.0,0.0,188.48
1790410386.91,2,57189.0,0.0,192.4
1790410386.91,3,57517.0,0.0,184.15
1790410386.91,4,58145.0,0.0,188.86
1790410386.91,5,57499.0,0.0,187.3
1790410386.91,6,57339.0,0.0,187.97
1790410386.91,7,57319.0,0.0,185.33
1790410387.911,0,59951.0,0.0,189.64
1790410387.911,1,57297.0,0.0,188.31
1790410387.911,2,57189.0,0.0,192.22
1790410387.911,3,57517.0,0.0,183.99
1790410387.911,4,58145.0,0.0,188.8
1790410387.911,5,57499.0,0.0,187.12
1790410387.911,6,57339.0,0.0,187.9
1790410387.911,7,57319.0,0.0,185.15
1790410388.911,0,59951.0,0.0,189.73
1790410388.911,1,57297.0,0.0,188.47
1790410388.911,2,57189.0,0.0,192.3
1790410388.911,3,57517.0,0.0,184.14
1790410388.911,4,58145.0,0.0,188.93
1790410388.911,5,57499.0,0.0,187.16
1790410388.911,6,57339.0,0.0,187.95
1790410388.911,7,57319.0,0.0,185.16
1790410389.911,0,59951.0,0.0,189.51
1790410389.911,1,57297.0,0.0,188.35
1790410389.911,2,57189.0,0.0,192.09
1790410389.911,3,57517.0,0.0,184.04
1790410389.911,4,58145.0,0.0,188.79
1790410389.911,5,57499.0,0.0,187.18
1790410389.911,6,57339.0,0.0,187.8
1790410389.911,7,57319.0,0.0,185.26
1790410390.912,0,59951.0,0.0,189.52
1790410390.912,1,57297.0,0.0,188.31
1790410390.912,2,57189.0,0.0,192.09
1790410390.912,3,57517.0,0.0,183.99
1790410390.912,4,58145.0,0.0,188.73
1790410390.912,5,57499.0,0.0,187.05
1790410390.912,6,57339.0,0.0,187.82
1790410390.912,7,57319.0,0.0,185.15
1790410391.912,0,59951.0,0.0,189.47
1790410391.912,1,57297.0,0.0,188.32
1790410391.912,2,57189.0,0.0,192.14
1790410391.912,3,57517.0,0.0,184.03
1790410391.912,4,58145.0,0.0,188.68
1790410391.912,5,57499.0,0.0,187.05
1790410391.912,6,57339.0,0.0,187.73
1790410391.912,7,57319.0,0.0,185.14
1790410392.912,0,59951.0,0.0,189.46
1790410392.912,1,57297.0,0.0,188.32
1790410392.912,2,57189.0,0.0,192.09
1790410392.912,3,57517.0,0.0,183.99
1790410392.912,4,58145.0,0.0,188.76
1790410392.912,5,57499.0,0.0,187.06
1790410392.912,6,57339.0,0.0,187.74
1790410392.913,7,57319.0,0.0,185.13
1790410393.913,0,59951.0,0.0,189.54
1790410393.913,1,57297.0,0.0,188.41
1790410393.913,2,57189.0,0.0,192.11
1790410393.913,3,57517.0,0.0,184.14
1790410393.913,4,58145.0,0.0,188.77
1790410393.913,5,57499.0,0.0,187.05
1790410393.913,6,57339.0,0.0,187.82
1790410393.913,7,57319.0,0.0,185.12
1790410394.913,0,59951.0,0.0,189.41
1790410394.913,1,57297.0,0.0,188.29
1790410394.913,2,57189.0,0.0,191.91
1790410394.913,3,57517.0,0.0,183.99
1790410394.913,4,58145.0,0.0,188.6
1790410394.913,5,57499.0,0.0,187.12
1790410394.913,6,57339.0,0.0,187.66
1790410394.913,7,57319.0,0.0,185.26
1790410395.914,0,59951.0,0.0,189.41
1790410395.914,1,57297.0,0.0,188.24
1790410395.914,2,57189.0,0.0,191.92
1790410395.914,3,57517.0,0.0,183.99
1790410395.914,4,58145.0,0.0,188.56
1790410395.914,5,57499.0,0.0,186.98
1790410395.914,6,57339.0,0.0,187.49
1790410395.914,7,57319.0,0.0,185.13
1790410396.914,0,59951.0,0.0,189.32
1790410396.914,1,57297.0,0.0,188.29
1790410396.914,2,57189.0,0.0,191.97
1790410396.914,3,57517.0,0.0,183.96
1790410396.914,4,58145.0,0.0,188.63
1790410396.914,5,57499.0,0.0,186.99
1790410396.914,6,57339.0,0.0,187.51
1790410396.914,7,57319.0,0.0,185.05
1790410397.915,0,59951.0,0.0,189.28
1790410397.915,1,57297.0,0.0,188.22
1790410397.915,2,57189.0,0.0,191.86
1790410397.915,3,57517.0,0.0,183.96
1790410397.915,4,58145.0,0.0,188.56
1790410397.915,5,57499.0,0.0,187.02
1790410397.915,6,57339.0,0.0,187.56
1790410397.915,7,57319.0,0.0,185.06
1790410398.915,0,59951.0,0.0,189.34
1790410398.915,1,57297.0,0.0,188.39
1790410398.915,2,57189.0,0.0,192.0
1790410398.915,3,57517.0,0.0,184.04
1790410398.915,4,58145.0,0.0,188.66
1790410398.915,5,57499.0,0.0,187.11
1790410398.915,6,57339.0,0.0,187.6
1790410398.915,7,57319.0,0.0,185.04
1790410399.915,0,59951.0,0.0,189.2
1790410399.915,1,57297.0,0.0,188.17
1790410399.915,2,57189.0,0.0,191.84
1790410399.915,3,57517.0,0.0,183.92
1790410399.915,4,58145.0,0.0,188.49
1790410399.916,5,57499.0,0.0,187.17
1790410399.916,6,57339.0,0.0,187.35
1790410399.916,7,57319.0,0.0,185.15
1790410400.916,0,59951.0,0.0,189.19
1790410400.916,1,57297.0,0.0,188.2
1790410400.916,2,57189.0,0.0,191.72
1790410400.916,3,57517.0,0.0,183.95
1790410400.916,4,58145.0,0.0,188.44
1790410400.916,5,57499.0,0.0,187.05
1790410400.916,6,57339.0,0.0,187.4
1790410400.916,7,57319.0,0.0,185.07
1790410401.916,0,59951.0,0.0,189.15
1790410401.916,1,57297.0,0.0,188.16
1790410401.916,2,57189.0,0.0,191.76
1790410401.916,3,57517.0,0.0,183.99
1790410401.916,4,58145.0,0.0,188.4
1790410401.916,5,57499.0,0.0,186.96
1790410401.916,6,57339.0,0.0,187.3
1790410401.916,7,57319.0,0.0,185.06
1790410402.916,0,59951.0,0.0,189.13
1790410402.916,1,57297.0,0.0,188.12
1790410402.916,2,57189.0,0.0,191.68
1790410402.916,3,57517.0,0.0,184.0
1790410402.916,4,58145.0,0.0,188.39
1790410402.916,5,57499.0,0.0,187.0
1790410402.916,6,57339.0,0.0,187.27
1790410402.916,7,57319.0,0.0,185.03
1790410403.917,0,59951.0,0.0,189.14
1790410403.917,1,57297.0,0.0,188.32
1790410403.917,2,57189.0,0.0,191.76
1790410403.917,3,57517.0,0.0,184.04
1790410403.917,4,58145.0,0.0,188.47
1790410403.917,5,57499.0,0.0,186.97
1790410403.917,6,57339.0,0.0,187.44
1790410403.917,7,57319.0,0.0,185.01
1790410404.917,0,59951.0,0.0,189.06
1790410404.921,1,57297.0,0.0,188.19
1790410404.921,2,57189.0,0.0,191.64
1790410404.921,3,57517.0,0.0,183.92
1790410404.921,4,58145.0,0.0,188.41
1790410404.921,5,57499.0,0.0,187.1
1790410404.921,6,57339.0,0.0,187.28
1790410404.921,7,57319.0,0.0,185.11
1790410405.921,0,59951.0,0.0,189.12
1790410405.926,1,57297.0,0.0,188.26
1790410405.926,2,57189.0,0.0,191.7
1790410405.926,3,57517.0,0.0,183.96
1790410405.926,4,58145.0,0.0,188.38
1790410405.926,5,57499.0,0.0,187.04
1790410405.926,6,57339.0,0.0,187.32
1790410405.926,7,57319.0,0.0,185.01
1790410406.926,0,59951.0,0.0,189.09
1790410406.926,1,57297.0,0.0,188.21
1790410406.926,2,57189.0,0.0,191.67
1790410406.926,3,57517.0,0.0,184.01
1790410406.926,4,58145.0,0.0,188.35
1790410406.926,5,57499.0,0.0,187.05
1790410406.926,6,57339.0,0.0,187.3
1790410406.926,7,57319.0,0.0,185.08
1790410407.926,0,59951.0,0.0,189.01
1790410407.926,1,57297.0,0.0,188.12
1790410407.926,2,57189.0,0.0,191.57
1790410407.926,3,57517.0,0.0,183.88
1790410407.926,4,58145.0,0.0,188.27
1790410407.926,5,57499.0,0.0,186.94
1790410407.926,6,57339.0,0.0,187.27
1790410407.926,7,57319.0,0.0,185.04
1790410408.927,0,59951.0,0.0,189.01
1790410408.927,1,57297.0,0.0,188.26
1790410408.927,2,57189.0,0.0,191.7
1790410408.927,3,57517.0,0.0,183.96
1790410408.927,4,58145.0,0.0,188.36
1790410408.927,5,57499.0,0.0,186.99
1790410408.927,6,57339.0,0.0,187.32
1790410408.927,7,57319.0,0.0,185.03
1790410409.927,0,59951.0,0.0,188.87
1790410409.927,1,57297.0,0.0,188.06
1790410409.927,2,57189.0,0.0,191.54
1790410409.927,3,57517.0,0.0,183.9
1790410409.927,4,58145.0,0.0,188.19
1790410409.927,5,57499.0,0.0,187.01
1790410409.927,6,57339.0,0.0,187.13
1790410409.927,7,57319.0,0.0,185.14
1790410410.928,0,59951.0,0.0,188.88
1790410410.928,1,57297.0,0.0,188.12
1790410410.928,2,57189.0,0.0,191.54
1790410410.928,3,57517.0,0.0,183.82
1790410410.928,4,58145.0,0.0,188.2
1790410410.928,5,57499.0,0.0,186.93
1790410410.928,6,57339.0,0.0,187.2
1790410410.928,7,57319.0,0.0,185.0
1790410411.928,0,59951.0,0.0,188.88
1790410411.928,1,57297.0,0.0,188.17
1790410411.928,2,57189.0,0.0,191.46
1790410411.928,3,57517.0,0.0,183.79
1790410411.928,4,58145.0,0.0,188.22
1790410411.928,5,57499.0,0.0,186.88
1790410411.928,6,57339.0,0.0,187.09
1790410411.928,7,57319.0,0.0,185.01
1790410412.928,0,59951.0,0.0,188.84
1790410412.928,1,57297.0,0.0,188.1
1790410412.928,2,57189.0,0.0,191.43
1790410412.929,3,57517.0,0.0,183.88
1790410412.929,4,58145.0,0.0,188.15
1790410412.929,5,57499.0,0.0,186.84
1790410412.929,6,57339.0,0.0,187.08
1790410412.929,7,57319.0,0.0,184.97
1790410413.929,0,59951.0,0.0,189.0
1790410413.929,1,57297.0,0.0,188.22
1790410413.929,2,57189.0,0.0,191.64
1790410413.929,3,57517.0,0.0,183.93
1790410413.929,4,58145.0,0.0,188.26
1790410413.929,5,57499.0,0.0,186.92
1790410413.929,6,57339.0,0.0,187.13
1790410413.929,7,57319.0,0.0,184.91
1790410414.929,0,59951.0,0.0,188.88
1790410414.929,1,57297.0,0.0,188.11
1790410414.929,2,57189.0,0.0,191.45
1790410414.929,3,57517.0,0.0,183.81
1790410414.929,4,58145.0,0.0,188.12
1790410414.929,5,57499.0,0.0,186.96
1790410414.929,6,57339.0,0.0,186.93
1790410414.929,7,57319.0,0.0,185.07
1790410415.93,0,59951.0,0.0,188.77
1790410415.93,1,57297.0,0.0,188.04
1790410415.93,2,57189.0,0.0,191.41
1790410415.93,3,57517.0,0.0,183.78
1790410415.93,4,58145.0,0.0,188.05
1790410415.93,5,57499.0,0.0,186.86
1790410415.93,6,57339.0,0.0,186.93
1790410415.93,7,57319.0,0.0,184.93
1790410416.93,0,59951.0,0.0,188.76
1790410416.93,1,57297.0,0.0,188.09
1790410416.93,2,57189.0,0.0,191.38
1790410416.93,3,57517.0,0.0,183.83
1790410416.93,4,58145.0,0.0,188.07
1790410416.932,5,57499.0,0.0,186.89
1790410416.932,6,57339.0,0.0,187.03
1790410416.932,7,57319.0,0.0,184.96
1790410417.932,0,59951.0,0.0,188.72
1790410417.932,1,57297.0,0.0,187.99
1790410417.932,2,57189.0,0.0,191.37
1790410417.932,3,57517.0,0.0,183.86
1790410417.932,4,58145.0,0.0,188.0
1790410417.932,5,57499.0,0.0,186.87
1790410417.932,6,57339.0,0.0,186.89
1790410417.932,7,57319.0,0.0,184.93
1790410418.933,0,59951.0,0.0,188.9
1790410418.933,1,57297.0,0.0,188.12
1790410418.933,2,57189.0,0.0,191.46
1790410418.933,3,57517.0,0.0,183.99
1790410418.933,4,58145.0,0.0,188.12
1790410418.933,5,57499.0,0.0,186.82
1790410418.933,6,57339.0,0.0,186.93
1790410418.933,7,57319.0,0.0,184.88
1790410419.933,0,59951.0,0.0,188.74
1790410419.933,1,57297.0,0.0,188.03
1790410419.933,2,57189.0,0.0,191.29
1790410419.933,3,57517.0,0.0,183.89
1790410419.933,4,58145.0,0.0,187.92
1790410419.933,5,57499.0,0.0,186.98
1790410419.933,6,57339.0,0.0,186.9
1790410419.933,7,57319.0,0.0,185.02
1790410420.933,0,59951.0,0.0,188.65
1790410420.933,1,57297.0,0.0,188.02
1790410420.933,2,57189.0,0.0,191.26
1790410420.934,3,57517.0,0.0,183.82
1790410420.934,4,58145.0,0.0,187.95
1790410420.934,5,57499.0,0.0,186.91
1790410420.934,6,57339.0,0.0,186.79
1790410420.934,7,57319.0,0.0,184.91
1790410421.934,0,59951.0,0.0,188.59
1790410421.934,1,57297.0,0.0,188.01
1790410421.934,2,57189.0,0.0,191.26
1790410421.934,3,57517.0,0.0,183.85
1790410421.934,4,58145.0,0.0,187.92
1790410421.934,5,57499.0,0.0,186.84
1790410421.934,6,57339.0,0.0,186.79
1790410421.934,7,57319.0,0.0,184.89
1790410422.934,0,59951.0,0.0,188.63
1790410422.934,1,57297.0,0.0,188.01
1790410422.934,2,57189.0,0.0,191.21
1790410422.934,3,57517.0,0.0,183.85
1790410422.934,4,58145.0,0.0,188.02
1790410422.934,5,57499.0,0.0,186.88
1790410422.934,6,57339.0,0.0,186.78
1790410422.934,7,57319.0,0.0,184.88
1790410423.934,0,59951.0,0.0,188.73
1790410423.934,1,57297.0,0.0,188.12
1790410423.934,2,57189.0,0.0,191.3
1790410423.934,3,57517.0,0.0,183.99
1790410423.934,4,58145.0,0.0,188.06
1790410423.934,5,57499.0,0.0,186.86
1790410423.934,6,57339.0,0.0,186.85
1790410423.934,7,57319.0,0.0,184.79
1790410424.935,0,59951.0,0.0,188.57
1790410424.935,1,57297.0,0.0,188.0
1790410424.935,2,57189.0,0.0,191.17
1790410424.935,3,57517.0,0.0,183.8
1790410424.935,4,58145.0,0.0,187.95
1790410424.935,5,57499.0,0.0,186.94
1790410424.935,6,57339.0,0.0,186.71
1790410424.935,7,57319.0,0.0,184.95
1790410425.935,0,59951.0,0.0,188.63
1790410425.936,1,57297.0,0.0,188.1
1790410425.936,2,57189.0,0.0,191.23
1790410425.936,3,57517.0,0.0,183.9
1790410425.936,4,58145.0,0.0,188.06
1790410425.936,5,57499.0,0.0,186.86
1790410425.936,6,57339.0,0.0,186.87
1790410425.936,7,57319.0,0.0,184.84
1790410426.937,0,59951.0,0.0,188.57
1790410426.937,1,57297.0,0.0,188.04
1790410426.937,2,57189.0,0.0,191.23
1790410426.937,3,57517.0,0.0,183.82
1790410426.937,4,58145.0,0.0,187.99
1790410426.937,5,57499.0,0.0,186.91
1790410426.937,6,57339.0,0.0,186.71
1790410426.937,7,57319.0,0.0,184.9
1790410427.937,0,59951.0,0.0,188.54
1790410427.937,1,57297.0,0.0,188.01
1790410427.937,2,57189.0,0.0,191.16
1790410427.937,3,57517.0,0.0,183.84
1790410427.937,4,58145.0,0.0,187.86
1790410427.937,5,57499.0,0.0,186.8
1790410427.937,6,57339.0,0.0,186.72
1790410427.937,7,57319.0,0.0,184.88
1790410428.938,0,59951.0,0.0,188.61
1790410428.938,1,57297.0,0.0,188.05
1790410428.938,2,57189.0,0.0,191.2
1790410428.938,3,57517.0,0.0,183.87
1790410428.938,4,58145.0,0.0,187.95
1790410428.938,5,57499.0,0.0,186.76
1790410428.938,6,57339.0,0.0,186.8
1790410428.938,7,57319.0,0.0,184.85
1790410429.938,0,59951.0,0.0,188.4
1790410429.938,1,57297.0,0.0,188.01
1790410429.938,2,57189.0,0.0,191.14
1790410429.938,3,57517.0,0.0,183.73
1790410429.938,4,58145.0,0.0,187.87
1790410429.938,5,57499.0,0.0,186.95
1790410429.938,6,57339.0,0.0,186.6
1790410429.938,7,57319.0,0.0,184.89
1790410430.938,0,59951.0,0.0,188.4
1790410430.939,1,57297.0,0.0,187.96
1790410430.939,2,57189.0,0.0,191.13
1790410430.939,3,57517.0,0.0,183.72
1790410430.939,4,58145.0,0.0,187.81
1790410430.939,5,57499.0,0.0,186.96
1790410430.939,6,57339.0,0.0,186.67
1790410430.939,7,57319.0,0.0,184.82
1790410431.939,0,59951.0,0.0,188.45
1790410431.939,1,57297.0,0.0,187.98
1790410431.939,2,57189.0,0.0,191.07
1790410431.939,3,57517.0,0.0,183.72
1790410431.939,4,58145.0,0.0,187.79
1790410431.939,5,57499.0,0.0,186.85
1790410431.939,6,57339.0,0.0,186.56
1790410431.939,7,57319.0,0.0,184.8
1790410432.939,0,59951.0,0.0,188.46
1790410432.939,1,57297.0,0.0,187.98
1790410432.939,2,57189.0,0.0,191.08
1790410432.939,3,57517.0,0.0,183.67
1790410432.939,4,58145.0,0.0,187.74
1790410432.939,5,57499.0,0.0,186.73
1790410432.939,6,57339.0,0.0,186.59
1790410432.94,7,57319.0,0.0,184.77
1790410433.94,0,59951.0,0.0,188.6
1790410433.94,1,57297.0,0.0,188.02
1790410433.94,2,57189.0,0.0,191.19
1790410433.94,3,57517.0,0.0,183.86
1790410433.94,4,58145.0,0.0,187.89
1790410433.94,5,57499.0,0.0,186.81
1790410433.94,6,57339.0,0.0,186.73
1790410433.94,7,57319.0,0.0,184.81
1790410434.94,0,59951.0,0.0,188.39
1790410434.94,1,57297.0,0.0,187.93
1790410434.941,2,57189.0,0.0,191.0
1790410434.941,3,57517.0,0.0,183.75
1790410434.941,4,58145.0,0.0,187.72
1790410434.941,5,57499.0,0.0,186.93
1790410434.941,6,57339.0,0.0,186.52
1790410434.941,7,57319.0,0.0,184.84
1790410435.941,0,59951.0,0.0,188.42
1790410435.941,1,57297.0,0.0,187.87
1790410435.941,2,57189.0,0.0,191.0
1790410435.941,3,57517.0,0.0,183.82
1790410435.941,4,58145.0,0.0,187.74
1790410435.941,5,57499.0,0.0,186.78
1790410435.941,6,57339.0,0.0,186.55
1790410435.941,7,57319.0,0.0,184.75
1790410436.941,0,59951.0,0.0,188.32
1790410436.941,1,57297.0,0.0,187.89
1790410436.941,2,57189.0,0.0,191.01
1790410436.941,3,57517.0,0.0,183.8
1790410436.941,4,58145.0,0.0,187.66
1790410436.941,5,57499.0,0.0,186.65
1790410436.941,6,57339.0,0.0,186.51
1790410436.941,7,57319.0,0.0,184.75
1790410437.942,0,59951.0,0.0,188.35
1790410437.942,1,57297.0,0.0,187.93
1790410437.942,2,57189.0,0.0,190.99
1790410437.942,3,57517.0,0.0,183.7
1790410437.942,4,58145.0,0.0,187.7
1790410437.942,5,57499.0,0.0,186.81
1790410437.942,6,57339.0,0.0,186.46
1790410437.942,7,57319.0,0.0,184.77
1790410438.942,0,59951.0,0.0,188.43
1790410438.942,1,57297.0,0.0,188.01
1790410438.942,2,57189.0,0.0,191.08
1790410438.942,3,57517.0,0.0,183.84
1790410438.942,4,58145.0,0.0,187.79
1790410438.942,5,57499.0,0.0,186.67
1790410438.942,6,57339.0,0.0,186.62
1790410438.942,7,57319.0,0.0,184.75
1790410439.943,0,59951.0,0.0,188.32
1790410439.943,1,57297.0,0.0,187.85
1790410439.943,2,57189.0,0.0,190.93
1790410439.943,3,57517.0,0.0,183.76
1790410439.943,4,58145.0,0.0,187.59
1790410439.943,5,57499.0,0.0,186.84
1790410439.943,6,57339.0,0.0,186.4
1790410439.943,7,57319.0,0.0,184.88
1790410440.943,0,59951.0,0.0,188.28
1790410440.943,1,57297.0,0.0,187.89
1790410440.943,2,57189.0,0.0,190.9
1790410440.943,3,57517.0,0.0,183.76
1790410440.943,4,58145.0,0.0,187.65
1790410440.943,5,57499.0,0.0,186.7
1790410440.943,6,57339.0,0.0,186.38
1790410440.943,7,57319.0,0.0,184.72
1790410441.943,0,59951.0,0.0,188.36
1790410441.944,1,57297.0,0.0,187.84
1790410441.944,2,57189.0,0.0,190.9
1790410441.944,3,57517.0,0.0,183.79
1790410441.944,4,58145.0,0.0,187.61
1790410441.944,5,57499.0,0.0,186.76
1790410441.944,6,57339.0,0.0,186.37
1790410441.944,7,57319.0,0.0,184.69
1790410442.944,0,59951.0,0.0,188.33
1790410442.944,1,57297.0,0.0,187.83
1790410442.944,2,57189.0,0.0,190.87
1790410442.944,3,57517.0,0.0,183.76
1790410442.944,4,58145.0,0.0,187.64
1790410442.944,5,57499.0,0.0,186.73
1790410442.944,6,57339.0,0.0,186.36
1790410442.944,7,57319.0,0.0,184.63
1790410443.945,0,59951.0,0.0,188.41
1790410443.945,1,57297.0,0.0,187.98
1790410443.945,2,57189.0,0.0,191.0
1790410443.945,3,57517.0,0.0,183.91
1790410443.945,4,58145.0,0.0,187.76
1790410443.945,5,57499.0,0.0,186.76
1790410443.945,6,57339.0,0.0,186.49
1790410443.945,7,57319.0,0.0,184.67
1790410444.945,0,59951.0,0.0,188.31
1790410444.949,1,57297.0,0.0,187.92
1790410444.949,2,57189.0,0.0,190.89
1790410444.949,3,57517.0,0.0,183.78
1790410444.949,4,58145.0,0.0,187.61
1790410444.95,5,57499.0,0.0,186.86
1790410444.95,6,57339.0,0.0,186.38
1790410444.95,7,57319.0,0.0,184.77
1790410445.95,0,59951.0,0.0,188.39
1790410445.953,1,57297.0,0.0,187.92
1790410445.953,2,57189.0,0.0,191.01
1790410445.953,3,57517.0,0.0,183.78
1790410445.954,4,58145.0,0.0,187.68
1790410445.954,5,57499.0,0.0,186.79
1790410445.954,6,57339.0,0.0,186.48
1790410445.954,7,57319.0,0.0,184.68
1790410446.954,0,59951.0,0.0,188.29
1790410446.954,1,57297.0,0.0,187.93
1790410446.954,2,57189.0,0.0,190.97
1790410446.954,3,57517.0,0.0,183.87
1790410446.954,4,58145.0,0.0,187.63
1790410446.954,5,57499.0,0.0,186.8
1790410446.954,6,57339.0,0.0,186.56
1790410446.954,7,57319.0,0.0,184.75
1790410447.954,0,59951.0,0.0,188.23
1790410447.954,1,57297.0,0.0,187.82
1790410447.954,2,57189.0,0.0,190.83
1790410447.954,3,57517.0,0.0,183.69
1790410447.954,4,58145.0,0.0,187.48
1790410447.954,5,57499.0,0.0,186.62
1790410447.954,6,57339.0,0.0,186.29
1790410447.954,7,57319.0,0.0,184.67
1790410448.954,0,59951.0,0.0,188.33
1790410448.954,1,57297.0,0.0,187.97
1790410448.955,2,57189.0,0.0,190.94
1790410448.955,3,57517.0,0.0,183.83
1790410448.955,4,58145.0,0.0,187.6
1790410448.955,5,57499.0,0.0,186.67
1790410448.955,6,57339.0,0.0,186.47
1790410448.955,7,57319.0,0.0,184.74
1790410449.955,0,59951.0,0.0,188.21
1790410449.955,1,57297.0,0.0,187.8
1790410449.955,2,57189.0,0.0,190.79
1790410449.955,3,57517.0,0.0,183.69
1790410449.955,4,58145.0,0.0,187.52
1790410449.955,5,57499.0,0.0,186.9
1790410449.955,6,57339.0,0.0,186.3
1790410449.955,7,57319.0,0.0,184.81
1790410450.955,0,59951.0,0.0,188.15
1790410450.955,1,57297.0,0.0,187.78
1790410450.955,2,57189.0,0.0,190.75
1790410450.955,3,57517.0,0.0,183.76
1790410450.955,4,58145.0,0.0,187.46
1790410450.955,5,57499.0,0.0,186.75
1790410450.955,6,57339.0,0.0,186.27
1790410450.955,7,57319.0,0.0,184.68
1790410451.955,0,59951.0,0.0,188.15
1790410451.956,1,57297.0,0.0,187.78
1790410451.956,2,57189.0,0.0,190.74
1790410451.956,3,57517.0,0.0,183.68
1790410451.956,4,58145.0,0.0,187.48
1790410451.956,5,57499.0,0.0,186.75
1790410451.956,6,57339.0,0.0,186.35
1790410451.956,7,57319.0,0.0,184.7
1790410452.956,0,59951.0,0.0,188.1
1790410452.956,1,57297.0,0.0,187.83
1790410452.956,2,57189.0,0.0,190.83
1790410452.956,3,57517.0,0.0,183.7
1790410452.956,4,58145.0,0.0,187.52
1790410452.956,5,57499.0,0.0,186.77
1790410452.956,6,57339.0,0.0,186.24
1790410452.956,7,57319.0,0.0,184.75
1790410453.957,0,59951.0,0.0,188.23
1790410453.957,1,57297.0,0.0,187.88
1790410453.957,2,57189.0,0.0,190.9
1790410453.957,3,57517.0,0.0,183.7
1790410453.957,4,58145.0,0.0,187.57
1790410453.957,5,57499.0,0.0,186.88
1790410453.957,6,57339.0,0.0,186.38
1790410453.957,7,57319.0,0.0,184.69
1790410454.957,0,59951.0,0.0,188.07
1790410454.957,1,57297.0,0.0,187.77
1790410454.957,2,57189.0,0.0,190.74
1790410454.957,3,57517.0,0.0,183.64
1790410454.957,4,58145.0,0.0,187.42
1790410454.957,5,57499.0,0.0,186.94
1790410454.957,6,57339.0,0.0,186.17
1790410454.957,7,57319.0,0.0,184.83
1790410455.957,0,59951.0,0.0,188.04
1790410455.958,1,57297.0,0.0,187.79
1790410455.958,2,57189.0,0.0,190.72
1790410455.958,3,57517.0,0.0,183.63
1790410455.958,4,58145.0,0.0,187.49
1790410455.958,5,57499.0,0.0,186.82
1790410455.958,6,57339.0,0.0,186.26
1790410455.958,7,57319.0,0.0,184.65
1790410456.958,0,59951.0,0.0,188.04
1790410456.958,1,57297.0,0.0,187.83
1790410456.958,2,57189.0,0.0,190.73
1790410456.958,3,57517.0,0.0,183.63
1790410456.958,4,58145.0,0.0,187.48
1790410456.958,5,57499.0,0.0,186.72
1790410456.958,6,57339.0,0.0,186.16
1790410456.958,7,57319.0,0.0,184.65
1790410457.958,0,59951.0,0.0,187.96
1790410457.958,1,57297.0,0.0,187.83
1790410457.958,2,57189.0,0.0,190.75
1790410457.958,3,57517.0,0.0,183.57
1790410457.958,4,58145.0,0.0,187.44
1790410457.958,5,57499.0,0.0,186.69
1790410457.959,6,57339.0,0.0,186.17
1790410457.959,7,57319.0,0.0,184.73
1790410458.959,0,59951.0,0.0,188.08
1790410458.959,1,57297.0,0.0,187.92
1790410458.959,2,57189.0,0.0,190.84
1790410458.959,3,57517.0,0.0,183.71
1790410458.959,4,58145.0,0.0,187.56
1790410458.959,5,57499.0,0.0,186.68
1790410458.959,6,57339.0,0.0,186.29
1790410458.959,7,57319.0,0.0,184.75
1790410459.959,0,59951.0,0.0,188.03
1790410459.959,1,57297.0,0.0,187.69
1790410459.959,2,57189.0,0.0,190.65
1790410459.959,3,57517.0,0.0,183.58
1790410459.959,4,58145.0,0.0,187.36
1790410459.959,5,57499.0,0.0,186.82
1790410459.959,6,57339.0,0.0,186.14
1790410459.959,7,57319.0,0.0,184.86
1790410460.96,0,59951.0,0.0,187.99
1790410461.125,1,57297.0,0.0,187.73
1790410461.125,2,57189.0,0.0,190.63
1790410461.125,3,57517.0,0.0,183.63
1790410461.125,4,58145.0,0.0,187.4
1790410461.125,5,57499.0,0.0,186.66
1790410461.125,6,57339.0,0.0,186.04
1790410461.125,7,57319.0,0.0,184.79
1790410462.125,0,59951.0,0.0,187.98
1790410462.194,1,57297.0,0.0,187.74
1790410462.194,2,57189.0,0.0,190.68
1790410462.194,3,57517.0,0.0,183.6
1790410462.194,4,58145.0,0.0,187.37
1790410462.194,5,57499.0,0.0,186.74
1790410462.194,6,57339.0,0.0,186.08
1790410462.194,7,57319.0,0.0,184.71
1790410463.194,0,59951.0,0.0,188.0
1790410463.373,1,57297.0,0.0,187.7
1790410463.373,2,57189.0,0.0,190.64
1790410463.373,3,57517.0,0.0,183.68
1790410463.373,4,58145.0,0.0,187.33
1790410463.373,5,57499.0,0.0,186.67
1790410463.373,6,57339.0,0.0,186.07
1790410463.373,7,57319.0,0.0,184.74
1790410464.374,0,59951.0,0.0,188.12
1790410464.374,1,57297.0,0.0,187.86
1790410464.374,2,57189.0,0.0,190.71
1790410464.374,3,57517.0,0.0,183.77
1790410464.374,4,58145.0,0.0,187.49
1790410464.374,5,57499.0,0.0,186.69
1790410464.374,6,57339.0,0.0,186.11
1790410464.374,7,57319.0,0.0,184.88
1790410465.374,0,59951.0,0.0,188.03
1790410465.374,1,57297.0,0.0,187.74
1790410465.374,2,57189.0,0.0,190.69
1790410465.374,3,57517.0,0.0,183.68
1790410465.374,4,58145.0,0.0,187.45
1790410465.374,5,57499.0,0.0,186.81
1790410465.375,6,57339.0,0.0,186.1
1790410465.375,7,57319.0,0.0,184.67
1790410466.375,0,59951.0,0.0,188.07
1790410466.38,1,57297.0,0.0,187.82
1790410466.38,2,57189.0,0.0,190.75
1790410466.38,3,57517.0,0.0,183.77
1790410466.38,4,58145.0,0.0,187.39
1790410466.38,5,57499.0,0.0,186.74
1790410466.38,6,57339.0,0.0,186.06
1790410466.38,7,57319.0,0.0,184.7
1790410467.381,0,59951.0,0.0,187.95
1790410467.381,1,57297.0,0.0,187.75
1790410467.381,2,57189.0,0.0,190.67
1790410467.381,3,57517.0,0.0,183.64
1790410467.381,4,58145.0,0.0,187.38
1790410467.381,5,57499.0,0.0,186.74
1790410467.381,6,57339.0,0.0,185.99
1790410467.381,7,57319.0,0.0,184.74
1790410468.381,0,59951.0,0.0,187.93
1790410468.381,1,57297.0,0.0,187.66
1790410468.381,2,57189.0,0.0,190.56
1790410468.381,3,57517.0,0.0,183.57
1790410468.381,4,58145.0,0.0,187.37
1790410468.381,5,57499.0,0.0,186.7
1790410468.381,6,57339.0,0.0,186.01
1790410468.381,7,57319.0,0.0,184.65
1790410469.381,0,59951.0,0.0,188.05
1790410469.381,1,57297.0,0.0,187.73
1790410469.381,2,57189.0,0.0,190.7
1790410469.381,3,57517.0,0.0,183.76
1790410469.381,4,58145.0,0.0,187.42
1790410469.381,5,57499.0,0.0,186.67
1790410469.381,6,57339.0,0.0,186.04
1790410469.381,7,57319.0,0.0,184.86
1790410470.382,0,59951.0,0.0,187.86
1790410470.382,1,57297.0,0.0,187.55
1790410470.382,2,57189.0,0.0,190.54
1790410470.382,3,57517.0,0.0,183.65
1790410470.382,4,58145.0,0.0,187.34
1790410470.382,5,57499.0,0.0,186.82
1790410470.382,6,57339.0,0.0,186.08
1790410470.382,7,57319.0,0.0,184.67
1790410471.382,0,59951.0,0.0,187.88
1790410471.382,1,57297.0,0.0,187.62
1790410471.382,2,57189.0,0.0,190.57
1790410471.382,3,57517.0,0.0,183.69
1790410471.382,4,58145.0,0.0,187.23
1790410471.382,5,57499.0,0.0,186.64
1790410471.382,6,57339.0,0.0,185.98
1790410471.382,7,57319.0,0.0,184.67
1790410472.382,0,59951.0,0.0,187.89
1790410472.382,1,57297.0,0.0,187.63
1790410472.382,2,57189.0,0.0,190.54
1790410472.382,3,57517.0,0.0,183.64
1790410472.382,4,58145.0,0.0,187.27
1790410472.383,5,57499.0,0.0,186.66
1790410472.383,6,57339.0,0.0,185.96
1790410472.383,7,57319.0,0.0,184.68
1790410473.383,0,59951.0,0.0,187.84
1790410473.383,1,57297.0,0.0,187.58
1790410473.383,2,57189.0,0.0,190.54
1790410473.383,3,57517.0,0.0,183.62
1790410473.383,4,58145.0,0.0,187.28
1790410473.383,5,57499.0,0.0,186.63
1790410473.383,6,57339.0,0.0,185.98
1790410473.383,7,57319.0,0.0,184.63
1790410474.383,0,59951.0,0.0,187.99
1790410474.383,1,57297.0,0.0,187.73
1790410474.383,2,57189.0,0.0,190.69
1790410474.383,3,57517.0,0.0,183.77
1790410474.383,4,58145.0,0.0,187.37
1790410474.383,5,57499.0,0.0,186.59
1790410474.383,6,57339.0,0.0,186.11
1790410474.383,7,57319.0,0.0,184.75
1790410475.383,0,59951.0,0.0,187.81
1790410475.383,1,57297.0,0.0,187.62
1790410475.383,2,57189.0,0.0,190.55
1790410475.383,3,57517.0,0.0,183.58
1790410475.383,4,58145.0,0.0,187.3
1790410475.383,5,57499.0,0.0,186.66
1790410475.383,6,57339.0,0.0,186.01
1790410475.383,7,57319.0,0.0,184.65
1790410476.384,0,59951.0,0.0,187.87
1790410476.384,1,57297.0,0.0,187.55
1790410476.384,2,57189.0,0.0,190.57
1790410476.384,3,57517.0,0.0,183.62
1790410476.384,4,58145.0,0.0,187.25
1790410476.384,5,57499.0,0.0,186.63
1790410476.384,6,57339.0,0.0,185.86
1790410476.384,7,57319.0,0.0,184.63
1790410477.384,0,59951.0,0.0,187.91
1790410477.384,1,57297.0,0.0,187.62
1790410477.384,2,57189.0,0.0,190.55
1790410477.384,3,57517.0,0.0,183.66
1790410477.384,4,58145.0,0.0,187.26
1790410477.384,5,57499.0,0.0,186.62
1790410477.384,6,57339.0,0.0,185.96
1790410477.384,7,57319.0,0.0,184.66
1790410478.385,0,59951.0,0.0,187.88
1790410478.385,1,57297.0,0.0,187.61
1790410478.385,2,57189.0,0.0,190.53
1790410478.385,3,57517.0,0.0,183.61
1790410478.385,4,58145.0,0.0,187.2
1790410478.385,5,57499.0,0.0,186.7
1790410478.385,6,57339.0,0.0,185.87
1790410478.385,7,57319.0,0.0,184.65
1790410479.385,0,59951.0,0.0,187.94
1790410479.385,1,57297.0,0.0,187.68
1790410479.385,2,57189.0,0.0,190.6
1790410479.385,3,57517.0,0.0,183.65
1790410479.385,4,58145.0,0.0,187.34
1790410479.385,5,57499.0,0.0,186.71
1790410479.385,6,57339.0,0.0,186.05
1790410479.385,7,57319.0,0.0,184.79
1790410480.385,0,59951.0,0.0,187.79
1790410480.385,1,57297.0,0.0,187.6
1790410480.385,2,57189.0,0.0,190.42
1790410480.385,3,57517.0,0.0,183.48
1790410480.385,4,58145.0,0.0,187.27
1790410480.385,5,57499.0,0.0,186.77
1790410480.385,6,57339.0,0.0,185.94
1790410480.385,7,57319.0,0.0,184.65
1790410481.386,0,59951.0,0.0,187.76
1790410481.386,1,57297.0,0.0,187.6
1790410481.386,2,57189.0,0.0,190.54
1790410481.386,3,57517.0,0.0,183.51
1790410481.386,4,58145.0,0.0,187.19
1790410481.386,5,57499.0,0.0,186.65
1790410481.386,6,57339.0,0.0,185.9
1790410481.386,7,57319.0,0.0,184.62
1790410482.386,0,59951.0,0.0,187.75
1790410482.386,1,57297.0,0.0,187.59
1790410482.386,2,57189.0,0.0,190.45
1790410482.386,3,57517.0,0.0,183.51
1790410482.386,4,58145.0,0.0,187.18
1790410482.386,5,57499.0,0.0,186.68
1790410482.386,6,57339.0,0.0,185.95
1790410482.386,7,57319.0,0.0,184.62
1790410483.386,0,59951.0,0.0,187.76
1790410483.386,1,57297.0,0.0,187.6
1790410483.386,2,57189.0,0.0,190.52
1790410483.386,3,57517.0,0.0,183.53
1790410483.386,4,58145.0,0.0,187.21
1790410483.386,5,57499.0,0.0,186.7
1790410483.386,6,57339.0,0.0,185.82
1790410483.386,7,57319.0,0.0,184.65
1790410484.387,0,59951.0,0.0,187.86
1790410484.387,1,57297.0,0.0,187.76
1790410484.387,2,57189.0,0.0,190.57
1790410484.387,3,57517.0,0.0,183.56
1790410484.387,4,58145.0,0.0,187.33
1790410484.387,5,57499.0,0.0,186.72
1790410484.387,6,57339.0,0.0,186.02
1790410484.387,7,57319.0,0.0,184.77
1790410485.387,0,59951.0,0.0,187.8
1790410485.387,1,57297.0,0.0,187.69
1790410485.387,2,57189.0,0.0,190.48
1790410485.387,3,57517.0,0.0,183.54
1790410485.387,4,58145.0,0.0,187.26
1790410485.387,5,57499.0,0.0,186.86
1790410485.387,6,57339.0,0.0,185.89
1790410485.387,7,57319.0,0.0,184.69
1790410486.387,0,59951.0,0.0,187.84
1790410486.391,1,57297.0,0.0,187.71
1790410486.391,2,57189.0,0.0,190.55
1790410486.391,3,57517.0,0.0,183.59
1790410486.391,4,58145.0,0.0,187.24
1790410486.391,5,57499.0,0.0,186.69
1790410486.391,6,57339.0,0.0,186.01
1790410486.392,7,57319.0,0.0,184.68
1790410487.392,0,59951.0,0.0,187.69
1790410487.392,1,57297.0,0.0,187.62
1790410487.392,2,57189.0,0.0,190.53
1790410487.392,3,57517.0,0.0,183.53
1790410487.392,4,58145.0,0.0,187.21
1790410487.392,5,57499.0,0.0,186.66
1790410487.392,6,57339.0,0.0,185.92
1790410487.392,7,57319.0,0.0,184.71
1790410488.392,0,59951.0,0.0,187.66
1790410488.392,1,57297.0,0.0,187.55
1790410488.392,2,57189.0,0.0,190.45
1790410488.392,3,57517.0,0.0,183.52
1790410488.392,4,58145.0,0.0,187.15
1790410488.392,5,57499.0,0.0,186.62
1790410488.392,6,57339.0,0.0,185.92
1790410488.392,7,57319.0,0.0,184.66
1790410489.392,0,59951.0,0.0,187.85
1790410489.393,1,57297.0,0.0,187.73
1790410489.393,2,57189.0,0.0,190.55
1790410489.393,3,57517.0,0.0,183.63
1790410489.393,4,58145.0,0.0,187.25
1790410489.393,5,57499.0,0.0,186.63
1790410489.393,6,57339.0,0.0,185.99
1790410489.393,7,57319.0,0.0,184.8
1790410490.393,0,59951.0,0.0,187.68
1790410490.393,1,57297.0,0.0,187.57
1790410490.393,2,57189.0,0.0,190.41
1790410490.393,3,57517.0,0.0,183.56
1790410490.393,4,58145.0,0.0,187.12
1790410490.393,5,57499.0,0.0,186.78
1790410490.393,6,57339.0,0.0,185.84
1790410490.393,7,57319.0,0.0,184.64
1790410491.393,0,59951.0,0.0,187.64
1790410491.393,1,57297.0,0.0,187.54
1790410491.394,2,57189.0,0.0,190.45
1790410491.394,3,57517.0,0.0,183.57
1790410491.394,4,58145.0,0.0,187.11
1790410491.394,5,57499.0,0.0,186.63
1790410491.394,6,57339.0,0.0,185.93
1790410491.394,7,57319.0,0.0,184.66
1790410492.394,0,59951.0,0.0,187.69
1790410492.394,1,57297.0,0.0,187.58
1790410492.394,2,57189.0,0.0,190.36
1790410492.394,3,57517.0,0.0,183.63
1790410492.394,4,58145.0,0.0,187.12
1790410492.394,5,57499.0,0.0,186.61
1790410492.394,6,57339.0,0.0,185.89
1790410492.394,7,57319.0,0.0,184.58
1790410493.394,0,59951.0,0.0,187.69
1790410493.394,1,57297.0,0.0,187.61
1790410493.394,2,57189.0,0.0,190.41
1790410493.394,3,57517.0,0.0,183.61
1790410493.394,4,58145.0,0.0,187.12
1790410493.394,5,57499.0,0.0,186.58
1790410493.394,6,57339.0,0.0,185.87
1790410493.394,7,57319.0,0.0,184.54
1790410494.395,0,59951.0,0.0,187.8
1790410494.395,1,57297.0,0.0,187.67
1790410494.395,2,57189.0,0.0,190.55
1790410494.395,3,57517.0,0.0,183.7
1790410494.395,4,58145.0,0.0,187.21
1790410494.395,5,57499.0,0.0,186.61
1790410494.395,6,57339.0,0.0,185.92
1790410494.395,7,57319.0,0.0,184.72
1790410495.395,0,59951.0,0.0,187.68
1790410495.395,1,57297.0,0.0,187.53
1790410495.395,2,57189.0,0.0,190.38
1790410495.395,3,57517.0,0.0,183.62
1790410495.395,4,58145.0,0.0,187.11
1790410495.395,5,57499.0,0.0,186.73
1790410495.395,6,57339.0,0.0,185.83
1790410495.395,7,57319.0,0.0,184.56
1790410496.396,0,59951.0,0.0,187.68
1790410496.396,1,57297.0,0.0,187.51
1790410496.396,2,57189.0,0.0,190.34
1790410496.396,3,57517.0,0.0,183.53
1790410496.396,4,58145.0,0.0,187.11
1790410496.396,5,57499.0,0.0,186.54
1790410496.396,6,57339.0,0.0,185.8
1790410496.396,7,57319.0,0.0,184.57
1790410497.396,0,59951.0,0.0,187.71
1790410497.396,1,57297.0,0.0,187.57
1790410497.396,2,57189.0,0.0,190.34
1790410497.396,3,57517.0,0.0,183.62
1790410497.396,4,58145.0,0.0,187.15
1790410497.396,5,57499.0,0.0,186.6
1790410497.396,6,57339.0,0.0,185.85
1790410497.396,7,57319.0,0.0,184.61
1790410498.397,0,59951.0,0.0,187.67
1790410498.397,1,57297.0,0.0,187.51
1790410498.397,2,57189.0,0.0,190.38
1790410498.397,3,57517.0,0.0,183.54
1790410498.397,4,58145.0,0.0,187.07
1790410498.397,5,57499.0,0.0,186.62
1790410498.397,6,57339.0,0.0,185.82
1790410498.397,7,57319.0,0.0,184.6
1790410499.397,0,59951.0,0.0,187.75
1790410499.397,1,57297.0,0.0,187.65
1790410499.397,2,57189.0,0.0,190.48
1790410499.397,3,57517.0,0.0,183.66
1790410499.397,4,58145.0,0.0,187.18
1790410499.397,5,57499.0,0.0,186.62
1790410499.397,6,57339.0,0.0,185.91
1790410499.397,7,57319.0,0.0,184.72
1790410500.398,0,59951.0,0.0,187.64
1790410500.398,1,57297.0,0.0,187.51
1790410500.398,2,57189.0,0.0,190.33
1790410500.398,3,57517.0,0.0,183.54
1790410500.398,4,58145.0,0.0,187.03
1790410500.398,5,57499.0,0.0,186.73
1790410500.398,6,57339.0,0.0,185.82
1790410500.398,7,57319.0,0.0,184.54
1790410501.398,0,59951.0,0.0,187.59
1790410501.398,1,57297.0,0.0,187.52
1790410501.398,2,57189.0,0.0,190.28
1790410501.398,3,57517.0,0.0,183.54
1790410501.398,4,58145.0,0.0,187.0
1790410501.398,5,57499.0,0.0,186.59
1790410501.398,6,57339.0,0.0,185.71
1790410501.398,7,57319.0,0.0,184.57
1790410502.398,0,59951.0,0.0,187.54
1790410502.398,1,57297.0,0.0,187.55
1790410502.398,2,57189.0,0.0,190.29
1790410502.398,3,57517.0,0.0,183.51
1790410502.398,4,58145.0,0.0,187.01
1790410502.398,5,57499.0,0.0,186.57
1790410502.398,6,57339.0,0.0,185.83
1790410502.399,7,57319.0,0.0,184.51
1790410503.399,0,59951.0,0.0,187.61
1790410503.399,1,57297.0,0.0,187.51
1790410503.399,2,57189.0,0.0,190.28
1790410503.399,3,57517.0,0.0,183.6
1790410503.399,4,58145.0,0.0,187.03
1790410503.399,5,57499.0,0.0,186.52
1790410503.399,6,57339.0,0.0,185.68
1790410503.399,7,57319.0,0.0,184.5
1790410504.399,0,59951.0,0.0,187.69
1790410504.399,1,57297.0,0.0,187.69
1790410504.399,2,57189.0,0.0,190.4
1790410504.399,3,57517.0,0.0,183.65
1790410504.399,4,58145.0,0.0,187.2
1790410504.399,5,57499.0,0.0,186.52
1790410504.399,6,57339.0,0.0,185.99
1790410504.399,7,57319.0,0.0,184.63
1790410505.4,0,59951.0,0.0,187.65
1790410505.403,1,57297.0,0.0,187.66
1790410505.403,2,57189.0,0.0,190.36
1790410505.403,3,57517.0,0.0,183.53
1790410505.403,4,58145.0,0.0,187.06
1790410505.403,5,57499.0,0.0,186.66
1790410505.403,6,57339.0,0.0,185.73
1790410505.403,7,57319.0,0.0,184.55
1790410506.403,0,59951.0,0.0,187.64
1790410506.403,1,57297.0,0.0,187.64
1790410506.403,2,57189.0,0.0,190.34
1790410506.403,3,57517.0,0.0,183.49
1790410506.403,4,58145.0,0.0,187.1
1790410506.403,5,57499.0,0.0,186.64
1790410506.403,6,57339.0,0.0,185.85
1790410506.403,7,57319.0,0.0,184.59
1790410507.403,0,59951.0,0.0,187.52
1790410507.403,1,57297.0,0.0,187.57
1790410507.404,2,57189.0,0.0,190.29
1790410507.404,3,57517.0,0.0,183.35
1790410507.404,4,58145.0,0.0,187.08
1790410507.404,5,57499.0,0.0,186.61
1790410507.404,6,57339.0,0.0,185.76
1790410507.404,7,57319.0,0.0,184.71
1790410508.404,0,59951.0,0.0,187.53
1790410508.404,1,57297.0,0.0,187.51
1790410508.404,2,57189.0,0.0,190.24
1790410508.404,3,57517.0,0.0,183.4
1790410508.404,4,58145.0,0.0,187.04
1790410508.404,5,57499.0,0.0,186.61
1790410508.404,6,57339.0,0.0,185.77
1790410508.404,7,57319.0,0.0,184.59
1790410509.404,0,59951.0,0.0,187.69
1790410509.404,1,57297.0,0.0,187.64
1790410509.404,2,57189.0,0.0,190.39
1790410509.404,3,57517.0,0.0,183.57
1790410509.404,4,58145.0,0.0,187.12
1790410509.404,5,57499.0,0.0,186.66
1790410509.404,6,57339.0,0.0,185.86
1790410509.405,7,57319.0,0.0,184.68
1790410510.405,0,59951.0,0.0,187.49
1790410510.405,1,57297.0,0.0,187.51
1790410510.405,2,57189.0,0.0,190.23
1790410510.405,3,57517.0,0.0,183.43
1790410510.405,4,58145.0,0.0,186.99
1790410510.405,5,57499.0,0.0,186.73
1790410510.405,6,57339.0,0.0,185.74
1790410510.405,7,57319.0,0.0,184.54
1790410511.405,0,59951.0,0.0,187.52
1790410511.405,1,57297.0,0.0,187.49
1790410511.405,2,57189.0,0.0,190.25
1790410511.405,3,57517.0,0.0,183.46
1790410511.405,4,58145.0,0.0,187.0
1790410511.405,5,57499.0,0.0,186.59
1790410511.405,6,57339.0,0.0,185.76
1790410511.405,7,57319.0,0.0,184.48
1790410512.406,0,59951.0,0.0,187.51
1790410512.418,1,57297.0,0.0,187.57
1790410512.418,2,57189.0,0.0,190.24
1790410512.418,3,57517.0,0.0,183.44
1790410512.418,4,58145.0,0.0,186.98
1790410512.418,5,57499.0,0.0,186.65
1790410512.418,6,57339.0,0.0,185.76
1790410512.418,7,57319.0,0.0,184.57
1790410513.418,0,59951.0,0.0,187.52
1790410513.418,1,57297.0,0.0,187.6
1790410513.418,2,57189.0,0.0,190.21
1790410513.419,3,57517.0,0.0,183.45
1790410513.419,4,58145.0,0.0,187.07
1790410513.419,5,57499.0,0.0,186.65
1790410513.419,6,57339.0,0.0,185.75
1790410513.419,7,57319.0,0.0,184.62
1790410514.419,0,59951.0,0.0,187.64
1790410514.419,1,57297.0,0.0,187.63
1790410514.419,2,57189.0,0.0,190.38
1790410514.419,3,57517.0,0.0,183.54
1790410514.419,4,58145.0,0.0,187.12
1790410514.419,5,57499.0,0.0,186.62
1790410514.419,6,57339.0,0.0,185.81
1790410514.419,7,57319.0,0.0,184.72
1790410515.419,0,59951.0,0.0,187.44
1790410515.419,1,57297.0,0.0,187.52
1790410515.419,2,57189.0,0.0,190.23
1790410515.419,3,57517.0,0.0,183.39
1790410515.419,4,58145.0,0.0,187.05
1790410515.419,5,57499.0,0.0,186.75
1790410515.419,6,57339.0,0.0,185.77
1790410515.419,7,57319.0,0.0,184.56
1790410516.42,0,59951.0,0.0,187.5
1790410516.42,1,57297.0,0.0,187.53
1790410516.42,2,57189.0,0.0,190.25
1790410516.42,3,57517.0,0.0,183.51
1790410516.42,4,58145.0,0.0,187.01
1790410516.42,5,57499.0,0.0,186.53
1790410516.42,6,57339.0,0.0,185.67
1790410516.42,7,57319.0,0.0,184.53
1790410517.42,0,59951.0,0.0,187.54
1790410517.42,1,57297.0,0.0,187.51
1790410517.42,2,57189.0,0.0,190.24
1790410517.42,3,57517.0,0.0,183.5
1790410517.42,4,58145.0,0.0,186.97
1790410517.42,5,57499.0,0.0,186.53
1790410517.42,6,57339.0,0.0,185.7
1790410517.42,7,57319.0,0.0,184.55
1790410518.42,0,59951.0,0.0,187.51
1790410518.42,1,57297.0,0.0,187.5
1790410518.42,2,57189.0,0.0,190.2
1790410518.42,3,57517.0,0.0,183.52
1790410518.42,4,58145.0,0.0,187.05
1790410518.42,5,57499.0,0.0,186.45
1790410518.42,6,57339.0,0.0,185.55
1790410518.421,7,57319.0,0.0,184.54
1790410519.421,0,59951.0,0.0,187.61
1790410519.421,1,57297.0,0.0,187.64
1790410519.421,2,57189.0,0.0,190.33
1790410519.421,3,57517.0,0.0,183.64
1790410519.421,4,58145.0,0.0,187.1
1790410519.421,5,57499.0,0.0,186.42
1790410519.421,6,57339.0,0.0,185.8
1790410519.421,7,57319.0,0.0,184.61
1790410520.421,0,59951.0,0.0,187.46
1790410520.421,1,57297.0,0.0,187.53
1790410520.421,2,57189.0,0.0,190.2
1790410520.421,3,57517.0,0.0,183.49
1790410520.421,4,58145.0,0.0,186.93
1790410520.421,5,57499.0,0.0,186.81
1790410520.421,6,57339.0,0.0,185.66
1790410520.421,7,57319.0,0.0,184.57
1790410521.421,0,59951.0,0.0,187.48
1790410521.421,1,57297.0,0.0,187.47
1790410521.421,2,57189.0,0.0,190.22
1790410521.421,3,57517.0,0.0,183.59
1790410521.422,4,58145.0,0.0,186.96
1790410521.422,5,57499.0,0.0,186.55
1790410521.422,6,57339.0,0.0,185.68
1790410521.422,7,57319.0,0.0,184.59
1790410522.422,0,59951.0,0.0,187.41
1790410522.422,1,57297.0,0.0,187.49
1790410522.422,2,57189.0,0.0,190.2
1790410522.422,3,57517.0,0.0,183.56
1790410522.422,4,58145.0,0.0,186.93
1790410522.422,5,57499.0,0.0,186.6
1790410522.422,6,57339.0,0.0,185.63
1790410522.422,7,57319.0,0.0,184.57
1790410523.422,0,59951.0,0.0,187.46
1790410523.422,1,57297.0,0.0,187.51
1790410523.422,2,57189.0,0.0,190.27
1790410523.422,3,57517.0,0.0,183.51
1790410523.422,4,58145.0,0.0,186.92
1790410523.422,5,57499.0,0.0,186.63
1790410523.422,6,57339.0,0.0,185.65
1790410523.422,7,57319.0,0.0,184.51
1790410524.423,0,59951.0,0.0,187.59
1790410524.423,1,57297.0,0.0,187.61
1790410524.423,2,57189.0,0.0,190.31
1790410524.423,3,57517.0,0.0,183.67
1790410524.423,4,58145.0,0.0,187.06
1790410524.423,5,57499.0,0.0,186.57
1790410524.423,6,57339.0,0.0,185.68
1790410524.423,7,57319.0,0.0,184.71
1790410525.423,0,59951.0,0.0,187.54
1790410525.427,1,57297.0,0.0,187.59
1790410525.427,2,57189.0,0.0,190.23
1790410525.428,3,57517.0,0.0,183.6
1790410525.428,4,58145.0,0.0,187.02
1790410525.428,5,57499.0,0.0,186.81
1790410525.428,6,57339.0,0.0,185.68
1790410525.428,7,57319.0,0.0,184.59
1790410526.428,0,59951.0,0.0,187.46
1790410526.429,1,57297.0,0.0,187.57
1790410526.43,2,57189.0,0.0,190.32
1790410526.43,3,57517.0,0.0,183.66
1790410526.43,4,58145.0,0.0,187.04
1790410526.43,5,57499.0,0.0,186.81
1790410526.43,6,57339.0,0.0,185.78
1790410526.43,7,57319.0,0.0,184.65
1790410527.43,0,59951.0,0.0,187.43
1790410527.431,1,57297.0,0.0,187.55
1790410527.431,2,57189.0,0.0,190.23
1790410527.431,3,57517.0,0.0,183.6
1790410527.431,4,58145.0,0.0,186.98
1790410527.431,5,57499.0,0.0,186.53
1790410527.431,6,57339.0,0.0,185.65
1790410527.431,7,57319.0,0.0,184.67
1790410528.431,0,59951.0,0.0,187.4
1790410528.431,1,57297.0,0.0,187.54
1790410528.431,2,57189.0,0.0,190.18
1790410528.431,3,57517.0,0.0,183.55
1790410528.431,4,58145.0,0.0,186.98
1790410528.431,5,57499.0,0.0,186.55
1790410528.431,6,57339.0,0.0,185.61
1790410528.431,7,57319.0,0.0,184.56
1790410529.431,0,59951.0,0.0,187.57
1790410529.432,1,57297.0,0.0,187.6
1790410529.432,2,57189.0,0.0,190.34
1790410529.432,3,57517.0,0.0,183.7
1790410529.432,4,58145.0,0.0,186.99
1790410529.432,5,57499.0,0.0,186.54
1790410529.432,6,57339.0,0.0,185.73
1790410529.432,7,57319.0,0.0,184.74
1790410530.432,0,59951.0,0.0,187.4
1790410530.432,1,57297.0,0.0,187.49
1790410530.432,2,57189.0,0.0,190.16
1790410530.432,3,57517.0,0.0,183.6
1790410530.432,4,58145.0,0.0,186.91
1790410530.432,5,57499.0,0.0,186.68
1790410530.432,6,57339.0,0.0,185.66
1790410530.432,7,57319.0,0.0,184.55
1790410531.432,0,59951.0,0.0,187.42
1790410531.432,1,57297.0,0.0,187.49
1790410531.433,2,57189.0,0.0,190.17
1790410531.433,3,57517.0,0.0,183.58
1790410531.433,4,58145.0,0.0,186.93
1790410531.433,5,57499.0,0.0,186.51
1790410531.433,6,57339.0,0.0,185.55
1790410531.433,7,57319.0,0.0,184.54
1790410532.433,0,59951.0,0.0,187.35
1790410532.433,1,57297.0,0.0,187.55
1790410532.433,2,57189.0,0.0,190.1
1790410532.433,3,57517.0,0.0,183.55
1790410532.433,4,58145.0,0.0,186.93
1790410532.433,5,57499.0,0.0,186.56
1790410532.433,6,57339.0,0.0,185.63
1790410532.433,7,57319.0,0.0,184.51
1790410533.433,0,59951.0,0.0,187.39
1790410533.433,1,57297.0,0.0,187.51
1790410533.433,2,57189.0,0.0,190.15
1790410533.433,3,57517.0,0.0,183.53
1790410533.433,4,58145.0,0.0,186.95
1790410533.433,5,57499.0,0.0,186.51
1790410533.433,6,57339.0,0.0,185.56
1790410533.433,7,57319.0,0.0,184.57
1790410534.434,0,59951.0,0.0,187.57
1790410534.434,1,57297.0,0.0,187.65
1790410534.434,2,57189.0,0.0,190.26
1790410534.434,3,57517.0,0.0,183.67
1790410534.434,4,58145.0,0.0,187.07
1790410534.434,5,57499.0,0.0,186.58
1790410534.434,6,57339.0,0.0,185.66
1790410534.434,7,57319.0,0.0,184.73
1790410535.434,0,59951.0,0.0,187.37
1790410535.434,1,57297.0,0.0,187.57
1790410535.434,2,57189.0,0.0,190.16
1790410535.434,3,57517.0,0.0,183.55
1790410535.434,4,58145.0,0.0,186.99
1790410535.434,5,57499.0,0.0,186.69
1790410535.434,6,57339.0,0.0,185.61
1790410535.434,7,57319.0,0.0,184.58
1790410536.434,0,59951.0,0.0,187.4
1790410536.434,1,57297.0,0.0,187.52
1790410536.434,2,57189.0,0.0,190.1
1790410536.434,3,57517.0,0.0,183.55
1790410536.434,4,58145.0,0.0,186.93
1790410536.434,5,57499.0,0.0,186.57
1790410536.435,6,57339.0,0.0,185.62
1790410536.435,7,57319.0,0.0,184.57
1790410537.435,0,59951.0,0.0,187.43
1790410537.435,1,57297.0,0.0,187.54
1790410537.435,2,57189.0,0.0,190.16
1790410537.435,3,57517.0,0.0,183.55
1790410537.435,4,58145.0,0.0,186.96
1790410537.435,5,57499.0,0.0,186.52
1790410537.435,6,57339.0,0.0,185.56
1790410537.435,7,57319.0,0.0,184.58
1790410538.435,0,59951.0,0.0,187.35
1790410538.435,1,57297.0,0.0,187.53
1790410538.435,2,57189.0,0.0,190.11
1790410538.435,3,57517.0,0.0,183.55
1790410538.435,4,58145.0,0.0,186.92
1790410538.435,5,57499.0,0.0,186.61
1790410538.435,6,57339.0,0.0,185.64
1790410538.435,7,57319.0,0.0,184.63
1790410539.435,0,59951.0,0.0,187.54
1790410539.435,1,57297.0,0.0,187.66
1790410539.435,2,57189.0,0.0,190.26
1790410539.435,3,57517.0,0.0,183.67
1790410539.435,4,58145.0,0.0,187.02
1790410539.435,5,57499.0,0.0,186.58
1790410539.435,6,57339.0,0.0,185.64
1790410539.435,7,57319.0,0.0,184.71
1790410540.436,0,59951.0,0.0,187.38
1790410540.436,1,57297.0,0.0,187.54
1790410540.436,2,57189.0,0.0,190.15
1790410540.436,3,57517.0,0.0,183.5
1790410540.436,4,58145.0,0.0,186.84
1790410540.436,5,57499.0,0.0,186.64
1790410540.436,6,57339.0,0.0,185.64
1790410540.436,7,57319.0,0.0,184.58
1790410541.436,0,59951.0,0.0,187.42
1790410541.436,1,57297.0,0.0,187.5
1790410541.436,2,57189.0,0.0,190.06
1790410541.436,3,57517.0,0.0,183.52
1790410541.436,4,58145.0,0.0,186.93
1790410541.436,5,57499.0,0.0,186.6
1790410541.436,6,57339.0,0.0,185.54
1790410541.436,7,57319.0,0.0,184.52
1790410542.436,0,59951.0,0.0,187.37
1790410542.436,1,57297.0,0.0,187.52
1790410542.436,2,57189.0,0.0,190.07
1790410542.451,3,57517.0,0.0,183.55
1790410542.451,4,58145.0,0.0,186.89
1790410542.451,5,57499.0,0.0,186.58
1790410542.451,6,57339.0,0.0,185.58
1790410542.451,7,57319.0,0.0,184.55
1790410543.451,0,59951.0,0.0,187.4
1790410543.451,1,57297.0,0.0,187.57
1790410543.451,2,57189.0,0.0,190.11
1790410543.451,3,57517.0,0.0,183.56
1790410543.451,4,58145.0,0.0,186.94
1790410543.451,5,57499.0,0.0,186.6
1790410543.451,6,57339.0,0.0,185.57
1790410543.451,7,57319.0,0.0,184.54
1790410544.451,0,59951.0,0.0,187.5
1790410544.451,1,57297.0,0.0,187.65
1790410544.451,2,57189.0,0.0,190.16
1790410544.451,3,57517.0,0.0,183.68
1790410544.451,4,58145.0,0.0,186.99
1790410544.451,5,57499.0,0.0,186.56
1790410544.451,6,57339.0,0.0,185.72
1790410544.451,7,57319.0,0.0,184.69
1790410545.451,0,59951.0,0.0,187.46
1790410545.461,1,57297.0,0.0,187.57
1790410545.461,2,57189.0,0.0,190.09
1790410545.461,3,57517.0,0.0,183.55
1790410545.461,4,58145.0,0.0,186.91
1790410545.461,5,57499.0,0.0,186.69
1790410545.461,6,57339.0,0.0,185.62
1790410545.462,7,57319.0,0.0,184.59
1790410546.462,0,59951.0,0.0,187.42
1790410546.467,1,57297.0,0.0,187.59
1790410546.467,2,57189.0,0.0,190.15
1790410546.468,3,57517.0,0.0,183.68
1790410546.468,4,58145.0,0.0,186.93
1790410546.468,5,57499.0,0.0,186.72
1790410546.468,6,57339.0,0.0,185.65
1790410546.468,7,57319.0,0.0,184.57
1790410547.468,0,59951.0,0.0,187.37
1790410547.468,1,57297.0,0.0,187.52
1790410547.468,2,57189.0,0.0,190.17
1790410547.468,3,57517.0,0.0,183.57
1790410547.468,4,58145.0,0.0,186.96
1790410547.468,5,57499.0,0.0,186.59
1790410547.468,6,57339.0,0.0,185.67
1790410547.468,7,57319.0,0.0,184.68
1790410548.468,0,59951.0,0.0,187.37
1790410548.468,1,57297.0,0.0,187.51
1790410548.468,2,57189.0,0.0,190.16
1790410548.468,3,57517.0,100.0,183.79
1790410548.468,4,58145.0,0.0,187.0
1790410548.468,5,57499.0,0.0,186.53
1790410548.468,6,57339.0,0.0,185.57
1790410548.468,7,57319.0,0.0,184.6
1790410549.469,0,59951.0,0.0,187.49
1790410549.469,1,57297.0,0.0,187.66
1790410549.469,2,57189.0,0.0,190.23
1790410549.469,3,57517.0,100.0,183.91
1790410549.469,4,58145.0,0.0,187.04
1790410549.469,5,57499.0,0.0,186.56
1790410549.469,6,57339.0,0.0,185.68
1790410549.469,7,57319.0,0.0,184.76
1790410550.469,0,59951.0,0.0,187.4
1790410550.469,1,57297.0,0.0,187.55
1790410550.469,2,57189.0,0.0,190.12
1790410550.469,3,57517.0,100.0,183.74
1790410550.469,4,58145.0,0.0,186.79
1790410550.469,5,57499.0,0.0,186.68
1790410550.469,6,57339.0,0.0,185.59
1790410550.469,7,57319.0,0.0,184.63
1790410551.469,0,59951.0,0.0,187.37
1790410551.47,1,57297.0,0.0,187.47
1790410551.47,2,57189.0,0.0,190.03
1790410551.47,3,57517.0,100.0,183.75
1790410551.47,4,58145.0,0.0,186.88
1790410551.47,5,57499.0,0.0,186.62
1790410551.47,6,57339.0,0.0,185.55
1790410551.47,7,57319.0,0.0,184.61
1790410552.47,0,59951.0,0.0,187.43
1790410552.47,1,57297.0,0.0,187.48
1790410552.47,2,57189.0,0.0,190.03
1790410552.47,3,57517.0,100.0,183.92
1790410552.47,4,58145.0,100.0,187.26
1790410552.47,5,57499.0,0.0,186.85
1790410552.47,6,57339.0,0.0,185.55
1790410552.47,7,57319.0,100.0,184.8
1790410553.47,0,59951.0,0.0,187.34
1790410553.47,1,57297.0,0.0,187.53
1790410553.47,2,57189.0,0.0,190.09
1790410553.47,3,57517.0,100.0,183.78
1790410553.47,4,58145.0,100.0,187.07
1790410553.47,5,57499.0,0.0,186.57
1790410553.47,6,57339.0,0.0,185.56
1790410553.471,7,57319.0,100.0,184.71
1790410554.471,0,59951.0,0.0,187.55
1790410554.471,1,57297.0,0.0,187.6
1790410554.471,2,57189.0,0.0,190.27
1790410554.471,3,57517.0,100.0,183.95
1790410554.471,4,58145.0,100.0,187.2
1790410554.471,5,57499.0,0.0,186.55
1790410554.471,6,57339.0,0.0,185.67
1790410554.471,7,57319.0,100.0,184.86
1790410555.471,0,59951.0,0.0,187.36
1790410555.471,1,57297.0,0.0,187.49
1790410555.471,2,57189.0,0.0,190.12
1790410555.471,3,57517.0,100.0,183.78
1790410555.471,4,58145.0,100.0,187.13
1790410555.471,5,57499.0,0.0,186.67
1790410555.471,6,57339.0,0.0,185.58
1790410555.471,7,57319.0,100.0,184.71
1790410556.472,0,59951.0,100.0,188.26
1790410556.472,1,57297.0,0.0,188.08
1790410556.472,2,57189.0,0.0,190.07
1790410556.472,3,57517.0,100.0,183.75
1790410556.472,4,58145.0,100.0,187.08
1790410556.472,5,57499.0,48.0,187.17
1790410556.472,6,57339.0,100.0,186.49
1790410556.472,7,57319.0,100.0,185.57
1790410557.472,0,59951.0,100.0,187.45
1790410557.472,1,57297.0,0.0,187.51
1790410557.472,2,57189.0,0.0,190.09
1790410557.472,3,57517.0,100.0,183.77
1790410557.472,4,58145.0,100.0,187.07
1790410557.472,5,57499.0,100.0,186.67
1790410557.472,6,57339.0,100.0,185.71
1790410557.472,7,57319.0,100.0,184.72
1790410558.472,0,59951.0,100.0,187.52
1790410558.473,1,57297.0,100.0,188.43
1790410558.473,2,57189.0,0.0,190.91
1790410558.473,3,57517.0,100.0,183.74
1790410558.473,4,58145.0,100.0,187.01
1790410558.473,5,57499.0,100.0,186.71
1790410558.473,6,57339.0,100.0,185.67
1790410558.473,7,57319.0,100.0,184.68
1790410559.473,0,59951.0,29.0,195.4
1790410559.473,1,57297.0,9.0,194.12
1790410559.473,2,57189.0,2.0,196.37
1790410559.473,3,57517.0,0.0,190.2
1790410559.473,4,58145.0,14.0,193.67
1790410559.473,5,57499.0,21.0,192.6
1790410559.473,6,57339.0,12.0,192.01
1790410559.473,7,57319.0,9.0,190.93
1790410560.473,0,59951.0,3.0,187.8
1790410560.474,1,57297.0,3.0,188.02
1790410560.474,2,57189.0,3.0,190.51
1790410560.474,3,57517.0,3.0,183.91
1790410560.474,4,58145.0,3.0,187.3
1790410560.474,5,57499.0,3.0,186.87
1790410560.474,6,57339.0,3.0,186.02
1790410560.474,7,57319.0,3.0,185.08
1790410561.474,0,59951.0,3.0,187.67
1790410561.474,1,57297.0,3.0,187.92
1790410561.474,2,57189.0,3.0,190.48
1790410561.474,3,57517.0,3.0,183.91
1790410561.474,4,58145.0,3.0,187.3
1790410561.474,5,57499.0,3.0,186.88
1790410561.474,6,57339.0,3.0,185.88
1790410561.474,7,57319.0,3.0,184.99
1790410562.474,0,59951.0,4.0,187.62
1790410562.474,1,57297.0,4.0,187.91
1790410562.474,2,57189.0,3.0,190.51
1790410562.475,3,57517.0,3.0,183.99
1790410562.475,4,58145.0,3.0,187.29
1790410562.475,5,57499.0,3.0,186.88
1790410562.475,6,57339.0,3.0,185.98
1790410562.475,7,57319.0,3.0,184.84
1790410563.475,0,59951.0,3.0,187.74
1790410563.475,1,57297.0,3.0,187.91
1790410563.475,2,57189.0,3.0,190.46
1790410563.475,3,57517.0,3.0,184.02
1790410563.475,4,58145.0,3.0,187.35
1790410563.475,5,57499.0,3.0,187.14
1790410563.475,6,57339.0,3.0,186.1
1790410563.475,7,57319.0,3.0,184.99
1790410564.475,0,59951.0,0.0,187.68
1790410564.475,1,57297.0,0.0,187.86
1790410564.475,2,57189.0,0.0,190.41
1790410564.475,3,57517.0,0.0,183.73
1790410564.475,4,58145.0,0.0,187.27
1790410564.475,5,57499.0,0.0,186.76
1790410564.475,6,57339.0,0.0,185.74
1790410564.475,7,57319.0,0.0,184.87
1790410565.476,0,59951.0,0.0,187.39
1790410565.48,1,57297.0,0.0,187.55
1790410565.48,2,57189.0,0.0,190.16
1790410565.48,3,57517.0,0.0,183.55
1790410565.48,4,58145.0,0.0,186.91
1790410565.481,5,57499.0,0.0,186.74
1790410565.481,6,57339.0,0.0,185.64
1790410565.481,7,57319.0,0.0,184.52
1790410566.481,0,59951.0,0.0,187.37
1790410566.491,1,57297.0,0.0,187.56
1790410566.491,2,57189.0,0.0,190.23
1790410566.491,3,57517.0,0.0,183.58
1790410566.491,4,58145.0,0.0,186.91
1790410566.491,5,57499.0,0.0,186.58
1790410566.491,6,57339.0,0.0,185.51
1790410566.491,7,57319.0,0.0,184.56
1790410567.492,0,59951.0,0.0,187.23
1790410567.492,1,57297.0,0.0,187.48
1790410567.492,2,57189.0,0.0,190.11
1790410567.492,3,57517.0,0.0,183.55
1790410567.492,4,58145.0,0.0,186.79
1790410567.492,5,57499.0,0.0,186.55
1790410567.492,6,57339.0,0.0,185.6
1790410567.492,7,57319.0,0.0,184.58
1790410568.492,0,59951.0,0.0,187.26
1790410568.492,1,57297.0,0.0,187.49
1790410568.493,2,57189.0,0.0,190.01
1790410568.493,3,57517.0,0.0,183.51
1790410568.493,4,58145.0,0.0,186.8
1790410568.493,5,57499.0,0.0,186.51
1790410568.493,6,57339.0,0.0,185.44
1790410568.493,7,57319.0,0.0,184.52
1790410569.493,0,59951.0,0.0,187.36
1790410569.493,1,57297.0,0.0,187.62
1790410569.493,2,57189.0,0.0,190.23
1790410569.493,3,57517.0,0.0,183.67
1790410569.493,4,58145.0,0.0,186.93
1790410569.493,5,57499.0,0.0,186.55
1790410569.493,6,57339.0,0.0,185.68
1790410569.493,7,57319.0,0.0,184.65
1790410570.493,0,59951.0,0.0,187.23
1790410570.493,1,57297.0,0.0,187.45
1790410570.493,2,57189.0,0.0,190.04
1790410570.493,3,57517.0,0.0,183.52
1790410570.493,4,58145.0,0.0,186.84
1790410570.493,5,57499.0,0.0,186.71
1790410570.493,6,57339.0,0.0,185.39
1790410570.493,7,57319.0,0.0,184.53
1790410571.494,0,59951.0,0.0,187.17
1790410571.494,1,57297.0,0.0,187.51
1790410571.494,2,57189.0,0.0,190.02
1790410571.494,3,57517.0,0.0,183.48
1790410571.494,4,58145.0,0.0,186.76
1790410571.494,5,57499.0,0.0,186.5
1790410571.494,6,57339.0,0.0,185.52
1790410571.494,7,57319.0,0.0,184.53
1790410572.494,0,59951.0,0.0,187.26
1790410572.494,1,57297.0,0.0,187.55
1790410572.494,2,57189.0,0.0,190.09
1790410572.494,3,57517.0,0.0,183.48
1790410572.494,4,58145.0,0.0,186.86
1790410572.494,5,57499.0,0.0,186.5
1790410572.494,6,57339.0,0.0,185.43
1790410572.494,7,57319.0,0.0,184.53
1790410573.494,0,59951.0,0.0,187.15
1790410573.495,1,57297.0,0.0,187.55
1790410573.495,2,57189.0,0.0,190.09
1790410573.495,3,57517.0,0.0,183.45
1790410573.495,4,58145.0,0.0,186.8
1790410573.495,5,57499.0,0.0,186.55
1790410573.495,6,57339.0,0.0,185.59
1790410573.495,7,57319.0,0.0,184.62
1790410574.495,0,59951.0,0.0,187.36
1790410574.495,1,57297.0,0.0,187.64
1790410574.495,2,57189.0,0.0,190.16
1790410574.495,3,57517.0,0.0,183.63
1790410574.495,4,58145.0,0.0,186.94
1790410574.495,5,57499.0,0.0,186.49
1790410574.495,6,57339.0,0.0,185.55
1790410574.495,7,57319.0,0.0,184.72
1790410575.495,0,59951.0,0.0,187.18
1790410575.495,1,57297.0,0.0,187.48
1790410575.495,2,57189.0,0.0,190.11
1790410575.495,3,57517.0,0.0,183.45
1790410575.495,4,58145.0,0.0,186.78
1790410575.495,5,57499.0,0.0,186.62
1790410575.495,6,57339.0,0.0,185.56
1790410575.495,7,57319.0,0.0,184.53
1790410576.496,0,59951.0,0.0,187.18
1790410576.496,1,57297.0,0.0,187.5
1790410576.496,2,57189.0,0.0,190.1
1790410576.496,3,57517.0,0.0,183.5
1790410576.496,4,58145.0,0.0,186.83
1790410576.496,5,57499.0,0.0,186.55
1790410576.496,6,57339.0,0.0,185.34
1790410576.496,7,57319.0,0.0,184.56
1790410577.496,0,59951.0,0.0,187.16
1790410577.496,1,57297.0,0.0,187.54
1790410577.496,2,57189.0,0.0,190.09
1790410577.496,3,57517.0,0.0,183.51
1790410577.496,4,58145.0,0.0,186.76
1790410577.496,5,57499.0,0.0,186.51
1790410577.496,6,57339.0,0.0,185.57
1790410577.496,7,57319.0,0.0,184.59
1790410578.496,0,59951.0,0.0,187.19
1790410578.496,1,57297.0,0.0,187.5
1790410578.496,2,57189.0,0.0,190.04
1790410578.496,3,57517.0,0.0,183.39
1790410578.496,4,58145.0,0.0,186.81
1790410578.496,5,57499.0,0.0,186.5
1790410578.496,6,57339.0,0.0,185.44
1790410578.496,7,57319.0,0.0,184.61
1790410579.497,0,59951.0,0.0,187.35
1790410579.497,1,57297.0,0.0,187.61
1790410579.497,2,57189.0,0.0,190.22
1790410579.497,3,57517.0,0.0,183.52
1790410579.497,4,58145.0,0.0,186.93
1790410579.497,5,57499.0,0.0,186.54
1790410579.497,6,57339.0,0.0,185.64
1790410579.497,7,57319.0,0.0,184.65
1790410580.497,0,59951.0,0.0,187.21
1790410580.497,1,57297.0,0.0,187.52
1790410580.497,2,57189.0,0.0,190.04
1790410580.497,3,57517.0,0.0,183.41
1790410580.497,4,58145.0,0.0,186.88
1790410580.497,5,57499.0,0.0,186.65
1790410580.497,6,57339.0,0.0,185.48
1790410580.497,7,57319.0,0.0,184.51
1790410581.498,0,59951.0,0.0,187.16
1790410581.498,1,57297.0,0.0,187.5
1790410581.498,2,57189.0,0.0,190.04
1790410581.498,3,57517.0,0.0,183.42
1790410581.498,4,58145.0,0.0,186.8
1790410581.498,5,57499.0,0.0,186.57
1790410581.498,6,57339.0,0.0,185.57
1790410581.498,7,57319.0,0.0,184.59
1790410582.498,0,59951.0,0.0,187.2
1790410582.498,1,57297.0,0.0,187.52
1790410582.498,2,57189.0,0.0,190.07
1790410582.498,3,57517.0,0.0,183.4
1790410582.498,4,58145.0,0.0,186.82
1790410582.498,5,57499.0,0.0,186.54
1790410582.498,6,57339.0,0.0,185.39
1790410582.498,7,57319.0,0.0,184.59
1790410583.498,0,59951.0,0.0,187.2
1790410583.498,1,57297.0,0.0,187.49
1790410583.498,2,57189.0,0.0,190.03
1790410583.498,3,57517.0,0.0,183.48
1790410583.498,4,58145.0,0.0,186.78
1790410583.499,5,57499.0,0.0,186.55
1790410583.499,6,57339.0,0.0,185.49
1790410583.499,7,57319.0,0.0,184.54
1790410584.499,0,59951.0,0.0,187.33
1790410584.499,1,57297.0,0.0,187.68
1790410584.499,2,57189.0,0.0,190.14
1790410584.499,3,57517.0,0.0,183.69
1790410584.499,4,58145.0,0.0,186.88
1790410584.499,5,57499.0,0.0,186.48
1790410584.499,6,57339.0,0.0,185.5
1790410584.499,7,57319.0,0.0,184.66
1790410585.499,0,59951.0,0.0,187.34
1790410585.508,1,57297.0,0.0,187.59
1790410585.508,2,57189.0,0.0,190.09
1790410585.508,3,57517.0,0.0,183.58
1790410585.508,4,58145.0,0.0,186.82
1790410585.508,5,57499.0,0.0,186.73
1790410585.508,6,57339.0,0.0,185.58
1790410585.508,7,57319.0,0.0,184.57
1790410586.509,0,59951.0,0.0,187.29
1790410586.509,1,57297.0,0.0,187.58
1790410586.509,2,57189.0,0.0,190.11
1790410586.509,3,57517.0,0.0,183.59
1790410586.509,4,58145.0,0.0,186.86
1790410586.509,5,57499.0,0.0,186.58
1790410586.509,6,57339.0,0.0,185.48
1790410586.509,7,57319.0,0.0,184.57
1790410587.51,0,59951.0,0.0,187.21
1790410587.51,1,57297.0,0.0,187.47
1790410587.51,2,57189.0,0.0,190.07
1790410587.51,3,57517.0,0.0,183.48
1790410587.51,4,58145.0,0.0,186.76
1790410587.51,5,57499.0,0.0,186.45
1790410587.51,6,57339.0,0.0,185.59
1790410587.51,7,57319.0,0.0,184.63
1790410588.51,0,59951.0,0.0,187.19
1790410588.51,1,57297.0,0.0,187.47
1790410588.51,2,57189.0,0.0,190.03
1790410588.51,3,57517.0,0.0,183.46
1790410588.51,4,58145.0,0.0,186.76
1790410588.51,5,57499.0,0.0,186.51
1790410588.51,6,57339.0,0.0,185.38
1790410588.51,7,57319.0,0.0,184.52
1790410589.51,0,59951.0,0.0,187.29
1790410589.51,1,57297.0,0.0,187.6
1790410589.511,2,57189.0,0.0,190.14
1790410589.511,3,57517.0,0.0,183.62
1790410589.511,4,58145.0,0.0,186.89
1790410589.511,5,57499.0,0.0,186.51
1790410589.511,6,57339.0,0.0,185.67
1790410589.511,7,57319.0,0.0,184.68
1790410590.511,0,59951.0,0.0,187.14
1790410590.511,1,57297.0,0.0,187.48
1790410590.511,2,57189.0,0.0,189.96
1790410590.511,3,57517.0,0.0,183.47
1790410590.511,4,58145.0,0.0,186.75
1790410590.511,5,57499.0,0.0,186.59
1790410590.511,6,57339.0,0.0,185.42
1790410590.511,7,57319.0,0.0,184.51
1790410591.511,0,59951.0,0.0,187.2
1790410591.512,1,57297.0,0.0,187.45
1790410591.512,2,57189.0,0.0,190.02
1790410591.512,3,57517.0,0.0,183.46
1790410591.512,4,58145.0,0.0,186.74
1790410591.512,5,57499.0,0.0,186.58
1790410591.512,6,57339.0,0.0,185.52
1790410591.512,7,57319.0,0.0,184.53
1790410592.512,0,59951.0,0.0,187.23
1790410592.512,1,57297.0,0.0,187.52
1790410592.512,2,57189.0,0.0,189.99
1790410592.512,3,57517.0,0.0,183.49
1790410592.512,4,58145.0,0.0,186.74
1790410592.512,5,57499.0,0.0,186.51
1790410592.512,6,57339.0,0.0,185.41
1790410592.512,7,57319.0,0.0,184.52
1790410593.512,0,59951.0,0.0,187.15
1790410593.513,1,57297.0,0.0,187.42
1790410593.513,2,57189.0,0.0,189.94
1790410593.513,3,57517.0,0.0,183.47
1790410593.513,4,58145.0,0.0,186.75
1790410593.513,5,57499.0,0.0,186.51
1790410593.513,6,57339.0,0.0,185.52
1790410593.513,7,57319.0,0.0,184.57
1790410594.513,0,59951.0,0.0,187.39
1790410594.513,1,57297.0,0.0,187.61
1790410594.513,2,57189.0,0.0,190.11
1790410594.513,3,57517.0,0.0,183.65
1790410594.513,4,58145.0,0.0,186.88
1790410594.513,5,57499.0,0.0,186.53
1790410594.513,6,57339.0,0.0,185.56
1790410594.513,7,57319.0,0.0,184.68
1790410595.513,0,59951.0,0.0,187.2
1790410595.513,1,57297.0,0.0,187.48
1790410595.514,2,57189.0,0.0,189.94
1790410595.514,3,57517.0,0.0,183.51
1790410595.514,4,58145.0,0.0,186.7
1790410595.514,5,57499.0,0.0,186.63
1790410595.514,6,57339.0,0.0,185.48
1790410595.514,7,57319.0,0.0,184.58
1790410596.514,0,59951.0,0.0,187.23
1790410596.514,1,57297.0,0.0,187.5
1790410596.514,2,57189.0,0.0,189.97
1790410596.514,3,57517.0,0.0,183.5
1790410596.514,4,58145.0,0.0,186.67
1790410596.514,5,57499.0,0.0,186.53
1790410596.514,6,57339.0,0.0,185.26
1790410596.514,7,57319.0,0.0,184.61
1790410597.514,0,59951.0,0.0,187.21
1790410597.514,1,57297.0,0.0,187.46
1790410597.514,2,57189.0,0.0,189.92
1790410597.514,3,57517.0,0.0,183.52
1790410597.514,4,58145.0,0.0,186.72
1790410597.514,5,57499.0,0.0,186.49
1790410597.514,6,57339.0,0.0,185.52
1790410597.514,7,57319.0,0.0,184.55
1790410598.515,0,59951.0,0.0,187.14
1790410598.515,1,57297.0,0.0,187.44
1790410598.515,2,57189.0,0.0,189.95
1790410598.515,3,57517.0,0.0,183.52
1790410598.515,4,58145.0,0.0,186.72
1790410598.515,5,57499.0,0.0,186.44
1790410598.515,6,57339.0,0.0,185.31
1790410598.515,7,57319.0,0.0,184.59
1790410599.515,0,59951.0,0.0,187.29
1790410599.515,1,57297.0,0.0,187.6
1790410599.515,2,57189.0,0.0,190.09
1790410599.515,3,57517.0,0.0,183.6
1790410599.515,4,58145.0,0.0,186.77
1790410599.515,5,57499.0,0.0,186.51
1790410599.515,6,57339.0,0.0,185.6
1790410599.515,7,57319.0,0.0,184.67
1790410600.516,0,59951.0,0.0,187.22
1790410600.516,1,57297.0,0.0,187.47
1790410600.516,2,57189.0,0.0,189.94
1790410600.516,3,57517.0,0.0,183.6
1790410600.516,4,58145.0,0.0,186.75
1790410600.516,5,57499.0,0.0,186.64
1790410600.516,6,57339.0,0.0,185.38
1790410600.516,7,57319.0,0.0,184.54
1790410601.516,0,59951.0,0.0,187.18
1790410601.516,1,57297.0,0.0,187.48
1790410601.516,2,57189.0,0.0,189.94
1790410601.516,3,57517.0,0.0,183.51
1790410601.516,4,58145.0,0.0,186.71
1790410601.516,5,57499.0,0.0,186.43
1790410601.516,6,57339.0,0.0,185.49
1790410601.516,7,57319.0,0.0,184.52
1790410602.517,0,59951.0,0.0,187.18
1790410602.517,1,57297.0,0.0,187.49
1790410602.534,2,57189.0,0.0,189.94
1790410602.534,3,57517.0,0.0,183.49
1790410602.534,4,58145.0,0.0,186.79
1790410602.534,5,57499.0,0.0,186.53
1790410602.534,6,57339.0,0.0,185.39
1790410602.534,7,57319.0,0.0,184.52
1790410603.534,0,59951.0,0.0,187.19
1790410603.715,1,57297.0,0.0,187.48
1790410603.715,2,57189.0,0.0,189.95
1790410603.715,3,57517.0,0.0,183.48
1790410603.715,4,58145.0,0.0,186.76
1790410603.715,5,57499.0,0.0,186.57
1790410603.716,6,57339.0,0.0,185.38
1790410603.716,7,57319.0,0.0,184.62
1790410604.716,0,59951.0,0.0,187.2
1790410604.716,1,57297.0,0.0,187.6
1790410604.716,2,57189.0,0.0,190.11
1790410604.716,3,57517.0,0.0,183.67
1790410604.716,4,58145.0,0.0,186.63
1790410604.716,5,57499.0,0.0,186.5
1790410604.716,6,57339.0,0.0,185.57
1790410604.716,7,57319.0,0.0,184.65
1790410605.716,0,59951.0,0.0,187.3
1790410605.721,1,57297.0,0.0,187.52
1790410605.722,2,57189.0,0.0,190.03
1790410605.722,3,57517.0,0.0,183.59
1790410605.722,4,58145.0,0.0,186.73
1790410605.722,5,57499.0,0.0,186.65
1790410605.722,6,57339.0,0.0,185.52
1790410605.722,7,57319.0,0.0,184.54
1790410606.723,0,59951.0,0.0,187.18
1790410606.723,1,57297.0,0.0,187.5
1790410606.723,2,57189.0,0.0,190.01
1790410606.723,3,57517.0,0.0,183.63
1790410606.723,4,58145.0,0.0,186.71
1790410606.723,5,57499.0,0.0,186.57
1790410606.723,6,57339.0,0.0,185.52
1790410606.723,7,57319.0,0.0,184.59
1790410607.723,0,59951.0,0.0,187.18
1790410607.723,1,57297.0,0.0,187.42
1790410607.723,2,57189.0,0.0,189.93
1790410607.723,3,57517.0,0.0,183.53
1790410607.723,4,58145.0,0.0,186.66
1790410607.723,5,57499.0,0.0,186.46
1790410607.723,6,57339.0,0.0,185.44
1790410607.723,7,57319.0,0.0,184.61
1790410608.723,0,59951.0,0.0,187.25
1790410608.724,1,57297.0,0.0,187.44
1790410608.724,2,57189.0,0.0,189.94
1790410608.724,3,57517.0,0.0,183.54
1790410608.724,4,58145.0,0.0,186.81
1790410608.724,5,57499.0,0.0,186.46
1790410608.724,6,57339.0,0.0,185.45
1790410608.724,7,57319.0,0.0,184.54
1790410609.724,0,59951.0,0.0,187.17
1790410609.724,1,57297.0,0.0,187.58
1790410609.724,2,57189.0,0.0,190.03
1790410609.724,3,57517.0,0.0,183.6
1790410609.724,4,58145.0,0.0,186.72
1790410609.724,5,57499.0,0.0,186.49
1790410609.724,6,57339.0,0.0,185.59
1790410609.724,7,57319.0,0.0,184.64
1790410610.724,0,59951.0,0.0,187.16
1790410610.724,1,57297.0,0.0,187.44
1790410610.724,2,57189.0,0.0,189.89
1790410610.725,3,57517.0,0.0,183.48
1790410610.725,4,58145.0,0.0,186.69
1790410610.725,5,57499.0,0.0,186.63
1790410610.725,6,57339.0,0.0,185.42
1790410610.725,7,57319.0,0.0,184.52
1790410611.725,0,59951.0,0.0,187.13
1790410611.725,1,57297.0,0.0,187.49
1790410611.725,2,57189.0,0.0,189.94
1790410611.725,3,57517.0,0.0,183.47
1790410611.725,4,58145.0,0.0,186.69
1790410611.725,5,57499.0,0.0,186.58
1790410611.725,6,57339.0,0.0,185.45
1790410611.725,7,57319.0,0.0,184.54
1790410612.725,0,59951.0,0.0,187.12
1790410612.725,1,57297.0,0.0,187.48
1790410612.725,2,57189.0,0.0,189.92
1790410612.726,3,57517.0,0.0,183.46
1790410612.726,4,58145.0,0.0,186.68
1790410612.726,5,57499.0,0.0,186.59
1790410612.726,6,57339.0,0.0,185.4
1790410612.726,7,57319.0,0.0,184.56
1790410613.726,0,59951.0,0.0,187.29
1790410613.726,1,57297.0,0.0,187.45
1790410613.726,2,57189.0,0.0,189.91
1790410613.726,3,57517.0,0.0,183.54
1790410613.726,4,58145.0,0.0,186.79
1790410613.726,5,57499.0,0.0,186.45
1790410613.726,6,57339.0,0.0,185.51
1790410613.726,7,57319.0,0.0,184.47
1790410614.726,0,59951.0,0.0,187.17
1790410614.726,1,57297.0,0.0,187.61
1790410614.726,2,57189.0,0.0,190.03
1790410614.726,3,57517.0,0.0,183.66
1790410614.726,4,58145.0,0.0,186.73
1790410614.726,5,57499.0,0.0,186.49
1790410614.726,6,57339.0,0.0,185.56
1790410614.726,7,57319.0,0.0,184.66
1790410615.727,0,59951.0,0.0,187.16
1790410615.727,1,57297.0,0.0,187.5
1790410615.727,2,57189.0,0.0,189.89
1790410615.727,3,57517.0,0.0,183.52
1790410615.727,4,58145.0,0.0,186.71
1790410615.727,5,57499.0,0.0,186.65
1790410615.727,6,57339.0,0.0,185.47
1790410615.727,7,57319.0,0.0,184.58
1790410616.727,0,59951.0,0.0,187.16
1790410616.727,1,57297.0,0.0,187.45
1790410616.727,2,57189.0,0.0,189.94
1790410616.727,3,57517.0,0.0,183.54
1790410616.727,4,58145.0,0.0,186.67
1790410616.727,5,57499.0,0.0,186.45
1790410616.727,6,57339.0,0.0,185.39
1790410616.727,7,57319.0,0.0,184.49
1790410617.728,0,59951.0,0.0,187.08
1790410617.728,1,57297.0,0.0,187.42
1790410617.728,2,57189.0,0.0,189.88
1790410617.728,3,57517.0,0.0,183.56
1790410617.728,4,58145.0,0.0,186.66
1790410617.728,5,57499.0,0.0,186.52
1790410617.728,6,57339.0,0.0,185.45
1790410617.728,7,57319.0,0.0,184.53
1790410618.728,0,59951.0,0.0,187.21
1790410618.728,1,57297.0,0.0,187.41
1790410618.728,2,57189.0,0.0,189.89
1790410618.728,3,57517.0,0.0,183.49
1790410618.728,4,58145.0,0.0,186.83
1790410618.728,5,57499.0,0.0,186.48
1790410618.728,6,57339.0,0.0,185.33
1790410618.728,7,57319.0,0.0,184.45
1790410619.729,0,59951.0,0.0,187.12
1790410619.729,1,57297.0,0.0,187.6
1790410619.729,2,57189.0,0.0,190.04
1790410619.729,3,57517.0,0.0,183.61
1790410619.729,4,58145.0,0.0,186.61
1790410619.729,5,57499.0,0.0,186.52
1790410619.729,6,57339.0,0.0,185.61
1790410619.729,7,57319.0,0.0,184.61
1790410620.729,0,59951.0,0.0,187.04
1790410620.729,1,57297.0,0.0,187.48
1790410620.729,2,57189.0,0.0,189.91
1790410620.729,3,57517.0,0.0,183.49
1790410620.729,4,58145.0,0.0,186.66
1790410620.729,5,57499.0,0.0,186.58
1790410620.729,6,57339.0,0.0,185.4
1790410620.729,7,57319.0,0.0,184.5
1790410621.73,0,59951.0,0.0,187.07
1790410621.73,1,57297.0,0.0,187.46
1790410621.73,2,57189.0,0.0,189.89
1790410621.73,3,57517.0,0.0,183.48
1790410621.73,4,58145.0,0.0,186.71
1790410621.73,5,57499.0,0.0,186.46
1790410621.73,6,57339.0,0.0,185.46
1790410621.73,7,57319.0,0.0,184.45
1790410622.73,0,59951.0,0.0,187.07
1790410622.73,1,57297.0,0.0,187.43
1790410622.73,2,57189.0,0.0,189.93
1790410622.73,3,57517.0,0.0,183.51
1790410622.73,4,58145.0,0.0,186.71
1790410622.731,5,57499.0,0.0,186.53
1790410622.731,6,57339.0,0.0,185.4
1790410622.731,7,57319.0,0.0,184.5
1790410623.731,0,59951.0,0.0,187.2
1790410623.731,1,57297.0,0.0,187.48
1790410623.731,2,57189.0,0.0,189.94
1790410623.731,3,57517.0,0.0,183.51
1790410623.731,4,58145.0,0.0,186.88
1790410623.731,5,57499.0,0.0,186.55
1790410623.731,6,57339.0,0.0,185.47
1790410623.731,7,57319.0,0.0,184.52
1790410624.731,0,59951.0,0.0,187.13
1790410624.731,1,57297.0,0.0,187.58
1790410624.731,2,57189.0,0.0,190.01
1790410624.731,3,57517.0,0.0,183.63
1790410624.731,4,58145.0,0.0,186.72
1790410624.731,5,57499.0,0.0,186.45
1790410624.731,6,57339.0,0.0,185.48
1790410624.731,7,57319.0,0.0,184.63
1790410625.731,0,59951.0,0.0,187.15
1790410625.731,1,57297.0,0.0,187.51
1790410625.731,2,57189.0,0.0,189.99
1790410625.731,3,57517.0,0.0,183.57
1790410625.732,4,58145.0,0.0,186.79
1790410625.732,5,57499.0,0.0,186.69
1790410625.732,6,57339.0,0.0,185.59
1790410625.732,7,57319.0,0.0,184.49
1790410626.732,0,59951.0,0.0,187.06
1790410626.732,1,57297.0,0.0,187.55
1790410626.732,2,57189.0,0.0,190.05
1790410626.732,3,57517.0,0.0,183.55
1790410626.732,4,58145.0,0.0,186.78
1790410626.732,5,57499.0,0.0,186.51
1790410626.732,6,57339.0,0.0,185.48
1790410626.732,7,57319.0,0.0,184.58
1790410627.732,0,59951.0,0.0,187.03
1790410627.732,1,57297.0,0.0,187.48
1790410627.732,2,57189.0,0.0,190.01
1790410627.732,3,57517.0,0.0,183.51
1790410627.732,4,58145.0,0.0,186.66
1790410627.733,5,57499.0,0.0,186.55
1790410627.733,6,57339.0,0.0,185.46
1790410627.733,7,57319.0,0.0,184.48
1790410628.733,0,59951.0,0.0,187.15
1790410628.733,1,57297.0,0.0,187.43
1790410628.733,2,57189.0,0.0,189.83
1790410628.733,3,57517.0,0.0,183.49
1790410628.733,4,58145.0,0.0,186.8
1790410628.733,5,57499.0,0.0,186.49
1790410628.733,6,57339.0,0.0,185.34
1790410628.733,7,57319.0,0.0,184.46
1790410629.733,0,59951.0,0.0,187.07
1790410629.733,1,57297.0,0.0,187.57
1790410629.733,2,57189.0,0.0,190.04
1790410629.733,3,57517.0,0.0,183.68
1790410629.733,4,58145.0,0.0,186.7
1790410629.733,5,57499.0,0.0,186.45
1790410629.733,6,57339.0,0.0,185.61
1790410629.733,7,57319.0,0.0,184.56
1790410630.733,0,59951.0,0.0,187.07
1790410630.734,1,57297.0,0.0,187.46
1790410630.734,2,57189.0,0.0,189.88
1790410630.734,3,57517.0,0.0,183.49
1790410630.734,4,58145.0,0.0,186.76
1790410630.734,5,57499.0,0.0,186.65
1790410630.734,6,57339.0,0.0,185.33
1790410630.734,7,57319.0,0.0,184.45
1790410631.734,0,59951.0,0.0,187.06
1790410631.734,1,57297.0,0.0,187.42
1790410631.734,2,57189.0,0.0,189.82
1790410631.734,3,57517.0,0.0,183.48
1790410631.734,4,58145.0,0.0,186.67
1790410631.734,5,57499.0,0.0,186.44
1790410631.734,6,57339.0,0.0,185.46
1790410631.734,7,57319.0,0.0,184.51
1790410632.734,0,59951.0,0.0,187.07
1790410632.734,1,57297.0,0.0,187.5
1790410632.734,2,57189.0,0.0,189.93
1790410632.734,3,57517.0,0.0,183.48
1790410632.734,4,58145.0,0.0,186.8
1790410632.734,5,57499.0,0.0,186.52
1790410632.734,6,57339.0,0.0,185.37
1790410632.734,7,57319.0,0.0,184.52
1790410633.734,0,59951.0,0.0,187.16
1790410633.734,1,57297.0,0.0,187.43
1790410633.735,2,57189.0,0.0,189.87
1790410633.735,3,57517.0,0.0,183.49
1790410633.735,4,58145.0,0.0,186.82
1790410633.735,5,57499.0,0.0,186.46
1790410633.735,6,57339.0,0.0,185.45
1790410633.735,7,57319.0,0.0,184.47
1790410634.735,0,59951.0,0.0,187.11
1790410634.735,1,57297.0,0.0,187.51
1790410634.735,2,57189.0,0.0,189.99
1790410634.735,3,57517.0,0.0,183.61
1790410634.735,4,58145.0,0.0,186.7
1790410634.735,5,57499.0,0.0,186.51
1790410634.735,6,57339.0,0.0,185.45
1790410634.735,7,57319.0,0.0,184.67
1790410635.735,0,59951.0,0.0,187.06
1790410635.735,1,57297.0,0.0,187.46
1790410635.735,2,57189.0,0.0,189.87
1790410635.735,3,57517.0,0.0,183.47
1790410635.735,4,58145.0,0.0,186.7
1790410635.735,5,57499.0,0.0,186.53
1790410635.735,6,57339.0,0.0,185.44
1790410635.735,7,57319.0,0.0,184.57
1790410636.735,0,59951.0,0.0,187.07
1790410636.736,1,57297.0,0.0,187.48
1790410636.736,2,57189.0,0.0,189.79
1790410636.736,3,57517.0,0.0,183.46
1790410636.736,4,58145.0,0.0,186.7
1790410636.736,5,57499.0,0.0,186.46
1790410636.736,6,57339.0,0.0,185.32
1790410636.736,7,57319.0,0.0,184.48
1790410637.736,0,59951.0,0.0,187.08
1790410637.736,1,57297.0,0.0,187.46
1790410637.736,2,57189.0,0.0,189.87
1790410637.736,3,57517.0,0.0,183.52
1790410637.736,4,58145.0,0.0,186.73
1790410637.736,5,57499.0,0.0,186.48
1790410637.736,6,57339.0,0.0,185.41
1790410637.736,7,57319.0,0.0,184.49
1790410638.736,0,59951.0,0.0,187.19
1790410638.736,1,57297.0,0.0,187.43
1790410638.736,2,57189.0,0.0,189.88
1790410638.736,3,57517.0,0.0,183.49
1790410638.736,4,58145.0,0.0,186.77
1790410638.736,5,57499.0,0.0,186.5
1790410638.736,6,57339.0,0.0,185.39
1790410638.736,7,57319.0,0.0,184.51
1790410639.737,0,59951.0,0.0,187.06
1790410639.737,1,57297.0,0.0,187.58
1790410639.737,2,57189.0,0.0,190.01
1790410639.737,3,57517.0,0.0,183.59
1790410639.737,4,58145.0,0.0,186.69
1790410639.737,5,57499.0,0.0,186.51
1790410639.737,6,57339.0,0.0,185.49
1790410639.737,7,57319.0,0.0,184.62
1790410640.737,0,59951.0,0.0,187.07
1790410640.737,1,57297.0,0.0,187.43
1790410640.737,2,57189.0,0.0,189.86
1790410640.737,3,57517.0,0.0,183.5
1790410640.737,4,58145.0,0.0,186.69
1790410640.737,5,57499.0,0.0,186.67
1790410640.737,6,57339.0,0.0,185.31
1790410640.737,7,57319.0,0.0,184.48
1790410641.737,0,59951.0,0.0,187.08
1790410641.737,1,57297.0,0.0,187.46
1790410641.738,2,57189.0,0.0,189.85
1790410641.738,3,57517.0,0.0,183.49
1790410641.738,4,58145.0,0.0,186.69
1790410641.738,5,57499.0,0.0,186.48
1790410641.738,6,57339.0,0.0,185.35
1790410641.738,7,57319.0,0.0,184.49
1790410642.738,0,59951.0,0.0,187.1
1790410642.738,1,57297.0,0.0,187.48
1790410642.738,2,57189.0,0.0,189.8
1790410642.738,3,57517.0,0.0,183.46
1790410642.738,4,58145.0,0.0,186.66
1790410642.738,5,57499.0,0.0,186.45
1790410642.738,6,57339.0,0.0,185.38
1790410642.738,7,57319.0,0.0,184.52
1790410643.738,0,59951.0,0.0,187.24
1790410643.738,1,57297.0,0.0,187.43
1790410643.738,2,57189.0,0.0,189.86
1790410643.738,3,57517.0,0.0,183.5
1790410643.738,4,58145.0,0.0,186.79
1790410643.738,5,57499.0,0.0,186.54
1790410643.738,6,57339.0,0.0,185.34
1790410643.738,7,57319.0,0.0,184.49
1790410644.739,0,59951.0,0.0,187.16
1790410644.739,1,57297.0,0.0,187.52
1790410644.739,2,57189.0,0.0,189.95
1790410644.739,3,57517.0,0.0,183.63
1790410644.739,4,58145.0,0.0,186.73
1790410644.739,5,57499.0,0.0,186.41
1790410644.739,6,57339.0,0.0,185.45
1790410644.739,7,57319.0,0.0,184.62
1790410645.739,0,59951.0,0.0,187.22
1790410645.742,1,57297.0,0.0,187.53
1790410645.742,2,57189.0,0.0,189.93
1790410645.742,3,57517.0,0.0,183.61
1790410645.742,4,58145.0,0.0,186.66
1790410645.742,5,57499.0,0.0,186.71
1790410645.742,6,57339.0,0.0,185.38
1790410645.742,7,57319.0,0.0,184.53
1790410646.742,0,59951.0,0.0,187.1
1790410646.743,1,57297.0,0.0,187.48
1790410646.743,2,57189.0,0.0,189.92
1790410646.743,3,57517.0,0.0,183.56
1790410646.743,4,58145.0,0.0,186.75
1790410646.743,5,57499.0,0.0,186.51
1790410646.743,6,57339.0,0.0,185.41
1790410646.743,7,57319.0,0.0,184.53
1790410647.743,0,59951.0,0.0,187.12
1790410647.743,1,57297.0,0.0,187.42
1790410647.743,2,57189.0,0.0,189.85
1790410647.743,3,57517.0,0.0,183.48
1790410647.743,4,58145.0,0.0,186.62
1790410647.743,5,57499.0,0.0,186.42
1790410647.743,6,57339.0,0.0,185.28
1790410647.743,7,57319.0,0.0,184.56
1790410648.743,0,59951.0,0.0,187.17
1790410648.743,1,57297.0,0.0,187.43
1790410648.743,2,57189.0,0.0,189.81
1790410648.743,3,57517.0,0.0,183.47
1790410648.743,4,58145.0,0.0,186.84
1790410648.743,5,57499.0,0.0,186.48
1790410648.743,6,57339.0,0.0,185.42
1790410648.743,7,57319.0,0.0,184.44
1790410649.744,0,59951.0,0.0,187.05
1790410649.744,1,57297.0,0.0,187.55
1790410649.744,2,57189.0,0.0,189.94
1790410649.744,3,57517.0,0.0,183.58
1790410649.744,4,58145.0,0.0,186.68
1790410649.744,5,57499.0,0.0,186.44
1790410649.744,6,57339.0,0.0,185.47
1790410649.744,7,57319.0,0.0,184.65
1790410650.744,0,59951.0,0.0,187.1
1790410650.744,1,57297.0,0.0,187.46
1790410650.744,2,57189.0,0.0,189.85
1790410650.744,3,57517.0,0.0,183.49
1790410650.744,4,58145.0,0.0,186.79
1790410650.744,5,57499.0,0.0,186.71
1790410650.744,6,57339.0,0.0,185.45
1790410650.744,7,57319.0,0.0,184.55
1790410651.745,0,59951.0,0.0,187.12
1790410651.745,1,57297.0,0.0,187.47
1790410651.745,2,57189.0,0.0,189.85
1790410651.745,3,57517.0,0.0,183.49
1790410651.745,4,58145.0,0.0,186.68
1790410651.745,5,57499.0,0.0,186.5
1790410651.745,6,57339.0,0.0,185.34
1790410651.745,7,57319.0,0.0,184.46
1790410652.745,0,59951.0,0.0,187.11
1790410652.745,1,57297.0,0.0,187.5
1790410652.745,2,57189.0,0.0,189.83
1790410652.745,3,57517.0,0.0,183.49
1790410652.745,4,58145.0,0.0,186.64
1790410652.745,5,57499.0,0.0,186.41
1790410652.745,6,57339.0,0.0,185.43
1790410652.745,7,57319.0,0.0,184.45
1790410653.745,0,59951.0,0.0,187.21
1790410653.745,1,57297.0,0.0,187.48
1790410653.745,2,57189.0,0.0,189.79
1790410653.745,3,57517.0,0.0,183.53
1790410653.745,4,58145.0,0.0,186.82
1790410653.745,5,57499.0,0.0,186.45
1790410653.745,6,57339.0,0.0,185.34
1790410653.746,7,57319.0,0.0,184.47
1790410654.746,0,59951.0,0.0,187.17
1790410654.746,1,57297.0,0.0,187.55
1790410654.746,2,57189.0,0.0,189.93
1790410654.746,3,57517.0,0.0,183.63
1790410654.746,4,58145.0,0.0,186.64
1790410654.746,5,57499.0,0.0,186.46
1790410654.746,6,57339.0,0.0,185.57
1790410654.746,7,57319.0,0.0,184.62
1790410655.746,0,59951.0,0.0,187.07
1790410655.746,1,57297.0,0.0,187.46
1790410655.746,2,57189.0,0.0,189.8
1790410655.746,3,57517.0,0.0,183.47
1790410655.746,4,58145.0,0.0,186.68
1790410655.746,5,57499.0,0.0,186.6
1790410655.746,6,57339.0,0.0,185.33
1790410655.746,7,57319.0,0.0,184.42
1790410656.746,0,59951.0,0.0,187.02
1790410656.746,1,57297.0,0.0,187.47
1790410656.746,2,57189.0,0.0,189.84
1790410656.746,3,57517.0,0.0,183.54
1790410656.747,4,58145.0,0.0,186.68
1790410656.747,5,57499.0,0.0,186.49
1790410656.747,6,57339.0,0.0,185.43
1790410656.747,7,57319.0,0.0,184.49
1790410657.747,0,59951.0,0.0,187.13
1790410657.747,1,57297.0,0.0,187.46
1790410657.747,2,57189.0,0.0,189.87
1790410657.747,3,57517.0,0.0,183.49
1790410657.747,4,58145.0,0.0,186.71
1790410657.747,5,57499.0,0.0,186.46
1790410657.747,6,57339.0,0.0,185.26
1790410657.747,7,57319.0,0.0,184.52
1790410658.747,0,59951.0,0.0,187.22
1790410658.747,1,57297.0,0.0,187.42
1790410658.747,2,57189.0,0.0,189.76
1790410658.747,3,57517.0,0.0,183.43
1790410658.747,4,58145.0,0.0,186.76
1790410658.747,5,57499.0,0.0,186.47
1790410658.747,6,57339.0,0.0,185.35
1790410658.747,7,57319.0,0.0,184.44
1790410659.747,0,59951.0,0.0,187.03
1790410659.748,1,57297.0,0.0,187.52
1790410659.748,2,57189.0,0.0,189.95
1790410659.748,3,57517.0,0.0,183.61
1790410659.748,4,58145.0,0.0,186.61
1790410659.748,5,57499.0,0.0,186.44
1790410659.748,6,57339.0,0.0,185.33
1790410659.748,7,57319.0,0.0,184.58
1790410660.748,0,59951.0,0.0,187.1
1790410660.748,1,57297.0,0.0,187.44
1790410660.748,2,57189.0,0.0,189.87
1790410660.748,3,57517.0,0.0,183.54
1790410660.748,4,58145.0,0.0,186.66
1790410660.748,5,57499.0,0.0,186.6
1790410660.748,6,57339.0,0.0,185.35
1790410660.748,7,57319.0,0.0,184.48
1790410661.748,0,59951.0,0.0,187.08
1790410661.748,1,57297.0,0.0,187.43
1790410661.748,2,57189.0,0.0,189.82
1790410661.748,3,57517.0,0.0,183.49
1790410661.748,4,58145.0,0.0,186.63
1790410661.748,5,57499.0,0.0,186.46
1790410661.748,6,57339.0,0.0,185.34
1790410661.748,7,57319.0,0.0,184.51
1790410662.749,0,59951.0,0.0,187.09
1790410662.749,1,57297.0,0.0,187.48
1790410662.749,2,57189.0,0.0,189.87
1790410662.749,3,57517.0,0.0,183.5
1790410662.749,4,58145.0,0.0,186.66
1790410662.749,5,57499.0,0.0,186.46
1790410662.749,6,57339.0,0.0,185.45
1790410662.749,7,57319.0,0.0,184.41
1790410663.749,0,59951.0,0.0,187.16
1790410663.749,1,57297.0,0.0,187.47
1790410663.749,2,57189.0,0.0,189.84
1790410663.749,3,57517.0,0.0,183.48
1790410663.749,4,58145.0,0.0,186.78
1790410663.749,5,57499.0,0.0,186.37
1790410663.749,6,57339.0,0.0,185.31
1790410663.749,7,57319.0,0.0,184.49
1790410664.75,0,59951.0,0.0,186.99
1790410664.75,1,57297.0,0.0,187.5
1790410664.75,2,57189.0,0.0,189.96
1790410664.75,3,57517.0,0.0,183.61
1790410664.75,4,58145.0,0.0,186.63
1790410664.75,5,57499.0,0.0,186.47
1790410664.75,6,57339.0,0.0,185.5
1790410664.75,7,57319.0,0.0,184.58
1790410665.75,0,59951.0,0.0,187.16
1790410665.75,1,57297.0,0.0,187.53
1790410665.75,2,57189.0,0.0,189.93
1790410665.75,3,57517.0,0.0,183.57
1790410665.75,4,58145.0,0.0,186.75
1790410665.75,5,57499.0,0.0,186.62
1790410665.75,6,57339.0,100.0,185.7
1790410665.751,7,57319.0,0.0,184.64
1790410666.751,0,59951.0,0.0,187.1
1790410666.751,1,57297.0,0.0,187.5
1790410666.751,2,57189.0,0.0,189.95
1790410666.751,3,57517.0,0.0,183.63
1790410666.751,4,58145.0,0.0,186.63
1790410666.751,5,57499.0,0.0,186.51
1790410666.751,6,57339.0,100.0,185.67
1790410666.751,7,57319.0,0.0,184.5
1790410667.751,0,59951.0,0.0,186.97
1790410667.751,1,57297.0,0.0,187.44
1790410667.751,2,57189.0,0.0,189.88
1790410667.751,3,57517.0,0.0,183.5
1790410667.751,4,58145.0,0.0,186.6
1790410667.751,5,57499.0,0.0,186.51
1790410667.751,6,57339.0,100.0,185.61
1790410667.751,7,57319.0,0.0,184.53
1790410668.751,0,59951.0,0.0,187.09
1790410668.752,1,57297.0,0.0,187.41
1790410668.752,2,57189.0,0.0,189.87
1790410668.752,3,57517.0,0.0,183.49
1790410668.752,4,58145.0,0.0,186.8
1790410668.752,5,57499.0,0.0,186.43
1790410668.752,6,57339.0,100.0,185.59
1790410668.752,7,57319.0,0.0,184.47
1790410669.752,0,59951.0,0.0,186.99
1790410669.752,1,57297.0,0.0,187.58
1790410669.752,2,57189.0,0.0,189.99
1790410669.752,3,57517.0,0.0,183.61
1790410669.752,4,58145.0,0.0,186.68
1790410669.752,5,57499.0,0.0,186.43
1790410669.752,6,57339.0,100.0,185.73
1790410669.752,7,57319.0,0.0,184.59
1790410670.752,0,59951.0,0.0,187.0
1790410670.752,1,57297.0,0.0,187.46
1790410670.752,2,57189.0,0.0,189.89
1790410670.752,3,57517.0,0.0,183.48
1790410670.752,4,58145.0,0.0,186.68
1790410670.752,5,57499.0,0.0,186.63
1790410670.752,6,57339.0,100.0,185.59
1790410670.752,7,57319.0,0.0,184.47
1790410671.753,0,59951.0,0.0,186.94
1790410671.753,1,57297.0,0.0,187.49
1790410671.753,2,57189.0,0.0,189.82
1790410671.753,3,57517.0,0.0,183.5
1790410671.753,4,58145.0,0.0,186.7
1790410671.753,5,57499.0,0.0,186.51
1790410671.753,6,57339.0,100.0,185.57
1790410671.753,7,57319.0,0.0,184.52
1790410672.753,0,59951.0,0.0,187.04
1790410672.753,1,57297.0,0.0,187.46
1790410672.753,2,57189.0,0.0,189.89
1790410672.753,3,57517.0,0.0,183.56
1790410672.753,4,58145.0,0.0,186.63
1790410672.753,5,57499.0,0.0,186.41
1790410672.753,6,57339.0,100.0,185.48
1790410672.753,7,57319.0,0.0,184.5
1790410673.753,0,59951.0,0.0,187.11
1790410673.754,1,57297.0,0.0,187.41
1790410673.754,2,57189.0,0.0,189.78
1790410673.754,3,57517.0,0.0,183.51
1790410673.754,4,58145.0,0.0,186.85
1790410673.754,5,57499.0,0.0,186.4
1790410673.754,6,57339.0,100.0,185.59
1790410673.754,7,57319.0,0.0,184.52
1790410674.754,0,59951.0,0.0,186.98
1790410674.754,1,57297.0,0.0,187.52
1790410674.754,2,57189.0,0.0,189.93
1790410674.754,3,57517.0,0.0,183.68
1790410674.754,4,58145.0,0.0,186.65
1790410674.754,5,57499.0,0.0,186.48
1790410674.754,6,57339.0,100.0,185.64
1790410674.754,7,57319.0,0.0,184.6
1790410675.754,0,59951.0,0.0,186.99
1790410675.755,1,57297.0,0.0,187.43
1790410675.755,2,57189.0,0.0,189.86
1790410675.755,3,57517.0,0.0,183.48
1790410675.755,4,58145.0,0.0,186.6
1790410675.755,5,57499.0,0.0,186.56
1790410675.755,6,57339.0,100.0,185.65
1790410675.755,7,57319.0,0.0,184.48
1790410676.755,0,59951.0,0.0,187.01
1790410676.755,1,57297.0,100.0,187.72
1790410676.755,2,57189.0,0.0,189.97
1790410676.755,3,57517.0,0.0,183.49
1790410676.755,4,58145.0,0.0,186.66
1790410676.755,5,57499.0,0.0,186.41
1790410676.755,6,57339.0,100.0,185.57
1790410676.755,7,57319.0,0.0,184.46
1790410677.755,0,59951.0,0.0,187.19
1790410677.755,1,57297.0,100.0,187.87
1790410677.755,2,57189.0,0.0,189.89
1790410677.755,3,57517.0,0.0,183.48
1790410677.755,4,58145.0,0.0,186.65
1790410677.755,5,57499.0,0.0,186.57
1790410677.756,6,57339.0,100.0,185.8
1790410677.756,7,57319.0,100.0,184.93
1790410678.756,0,59951.0,100.0,187.54
1790410678.756,1,57297.0,100.0,188.21
1790410678.756,2,57189.0,0.0,190.02
1790410678.756,3,57517.0,0.0,183.5
1790410678.756,4,58145.0,100.0,187.02
1790410678.756,5,57499.0,0.0,186.55
1790410678.756,6,57339.0,100.0,185.52
1790410678.756,7,57319.0,100.0,184.76
1790410679.756,0,59951.0,100.0,187.11
1790410679.757,1,57297.0,100.0,187.96
1790410679.757,2,57189.0,0.0,189.9
1790410679.757,3,57517.0,0.0,183.52
1790410679.757,4,58145.0,100.0,186.85
1790410679.757,5,57499.0,0.0,186.4
1790410679.757,6,57339.0,100.0,185.76
1790410679.757,7,57319.0,100.0,184.82
1790410680.757,0,59951.0,100.0,187.19
1790410680.757,1,57297.0,100.0,187.85
1790410680.757,2,57189.0,0.0,189.72
1790410680.757,3,57517.0,0.0,183.38
1790410680.757,4,58145.0,100.0,186.95
1790410680.757,5,57499.0,0.0,186.54
1790410680.757,6,57339.0,100.0,185.51
1790410680.757,7,57319.0,100.0,184.74
1790410681.757,0,59951.0,100.0,187.21
1790410681.757,1,57297.0,100.0,187.85
1790410681.757,2,57189.0,0.0,189.76
1790410681.757,3,57517.0,0.0,183.43
1790410681.757,4,58145.0,100.0,186.86
1790410681.757,5,57499.0,0.0,186.46
1790410681.757,6,57339.0,100.0,185.65
1790410681.757,7,57319.0,100.0,184.7
1790410682.758,0,59951.0,0.0,198.63
1790410682.758,1,57297.0,0.0,199.04
1790410682.758,2,57189.0,0.0,201.05
1790410682.758,3,57517.0,0.0,194.41
1790410682.758,4,58145.0,0.0,198.02
1790410682.758,5,57499.0,0.0,197.58
1790410682.758,6,57339.0,0.0,196.79
1790410682.758,7,57319.0,0.0,195.68
1790410683.758,0,59951.0,0.0,226.69
1790410683.758,1,57297.0,0.0,187.25
1790410683.758,2,57189.0,0.0,189.65
1790410683.758,3,57517.0,0.0,183.16
1790410683.758,4,58145.0,0.0,186.23
1790410683.758,5,57499.0,0.0,186.19
1790410683.758,6,57339.0,0.0,187.13
1790410683.758,7,57319.0,0.0,184.33
1790410684.758,0,59951.0,99.0,688.43
1790410684.759,1,57297.0,61.0,714.53
1790410684.759,2,57189.0,57.0,643.95
1790410684.759,3,57517.0,59.0,713.78
1790410684.759,4,58145.0,50.0,697.98
1790410684.759,5,57499.0,95.0,666.22
1790410684.759,6,57339.0,56.0,692.81
1790410684.759,7,57319.0,92.0,639.68
1790410685.759,0,59951.0,100.0,977.05
1790410685.759,1,57297.0,100.0,980.42
1790410685.759,2,57189.0,100.0,983.81
1790410685.759,3,57517.0,100.0,978.14
1790410685.759,4,58145.0,100.0,985.87
1790410685.759,5,57499.0,100.0,987.65
1790410685.759,6,57339.0,100.0,985.33
1790410685.759,7,57319.0,100.0,983.62
1790410686.759,0,59951.0,0.0,235.45
1790410686.759,1,57297.0,0.0,316.09
1790410686.759,2,57189.0,0.0,309.02
1790410686.759,3,57517.0,0.0,251.16
1790410686.76,4,58145.0,0.0,259.82
1790410686.76,5,57499.0,0.0,290.33
1790410686.76,6,57339.0,0.0,249.84
1790410686.76,7,57319.0,0.0,294.14
1790410687.76,0,59951.0,95.0,596.28
1790410687.76,1,57297.0,94.0,557.01
1790410687.76,2,57189.0,95.0,559.08
1790410687.76,3,57517.0,95.0,586.88
1790410687.76,4,58145.0,95.0,573.43
1790410687.76,5,57499.0,95.0,594.91
1790410687.76,6,57339.0,95.0,571.97
1790410687.76,7,57319.0,95.0,572.59
1790410688.76,0,59951.0,100.0,932.21
1790410688.76,1,57297.0,100.0,897.35
1790410688.76,2,57189.0,100.0,941.27
1790410688.76,3,57517.0,100.0,937.6
1790410688.76,4,58145.0,100.0,937.54
1790410688.76,5,57499.0,100.0,905.63
1790410688.76,6,57339.0,100.0,960.38
1790410688.76,7,57319.0,100.0,918.12
1790410689.76,0,59951.0,0.0,413.45
1790410689.761,1,57297.0,0.0,486.61
1790410689.761,2,57189.0,0.0,467.64
1790410689.761,3,57517.0,0.0,399.94
1790410689.761,4,58145.0,0.0,419.72
1790410689.761,5,57499.0,0.0,448.67
1790410689.761,6,57339.0,0.0,414.32
1790410689.761,7,57319.0,0.0,448.64
1790410690.761,0,59951.0,95.0,530.83
1790410690.761,1,57297.0,94.0,449.48
1790410690.761,2,57189.0,95.0,455.3
1790410690.761,3,57517.0,95.0,489.3
1790410690.761,4,58145.0,95.0,514.8
1790410690.761,5,57499.0,95.0,462.73
1790410690.761,6,57339.0,95.0,507.12
1790410690.761,7,57319.0,95.0,463.35
1790410691.761,0,59951.0,100.0,886.31
1790410691.761,1,57297.0,100.0,861.81
1790410691.761,2,57189.0,100.0,888.79
1790410691.761,3,57517.0,100.0,904.39
1790410691.761,4,58145.0,100.0,873.48
1790410691.761,5,57499.0,100.0,896.22
1790410691.762,6,57339.0,100.0,886.22
1790410691.762,7,57319.0,100.0,881.47
1790410692.762,0,59951.0,0.0,546.15
1790410692.762,1,57297.0,0.0,606.42
1790410692.762,2,57189.0,0.0,608.87
1790410692.762,3,57517.0,0.0,547.91
1790410692.762,4,58145.0,0.0,553.06
1790410692.762,5,57499.0,0.0,588.41
1790410692.762,6,57339.0,0.0,557.93
1790410692.762,7,57319.0,0.0,590.11
1790410693.762,0,59951.0,95.0,453.52
1790410693.762,1,57297.0,94.0,380.08
1790410693.762,2,57189.0,95.0,379.64
1790410693.762,3,57517.0,95.0,397.44
1790410693.762,4,58145.0,95.0,437.26
1790410693.762,5,57499.0,62.0,335.51
1790410693.762,6,57339.0,92.0,376.48
1790410693.762,7,57319.0,75.0,313.83
1790410694.762,0,59951.0,84.0,777.13
1790410694.763,1,57297.0,89.0,761.62
1790410694.763,2,57189.0,99.0,799.54
1790410694.763,3,57517.0,95.0,816.59
1790410694.763,4,58145.0,100.0,784.88
1790410694.763,5,57499.0,100.0,847.9
1790410694.763,6,57339.0,86.0,838.33
1790410694.763,7,57319.0,87.0,836.64
1790410695.763,0,59951.0,0.0,730.69
1790410695.763,1,57297.0,0.0,794.36
1790410695.763,2,57189.0,0.0,800.69
1790410695.763,3,57517.0,0.0,727.6
1790410695.763,4,58145.0,3.0,745.88
1790410695.763,5,57499.0,38.0,779.26
1790410695.763,6,57339.0,0.0,737.5
1790410695.763,7,57319.0,0.0,777.9
1790410696.763,0,59951.0,0.0,191.68
1790410696.763,1,57297.0,0.0,193.96
1790410696.763,2,57189.0,0.0,195.69
1790410696.763,3,57517.0,0.0,187.54
1790410696.764,4,58145.0,0.0,191.4
1790410696.764,5,57499.0,0.0,191.61
1790410696.764,6,57339.0,0.0,189.87
1790410696.764,7,57319.0,0.0,188.77
1790410697.764,0,59951.0,60.0,669.15
1790410697.764,1,57297.0,62.0,592.97
1790410697.764,2,57189.0,56.0,610.82
1790410697.764,3,57517.0,95.0,649.32
1790410697.764,4,58145.0,95.0,656.12
1790410697.764,5,57499.0,62.0,610.55
1790410697.764,6,57339.0,67.0,652.52
1790410697.764,7,57319.0,59.0,602.59
1790410698.764,0,59951.0,100.0,990.05
1790410698.764,1,57297.0,100.0,988.03
1790410698.764,2,57189.0,100.0,992.69
1790410698.764,3,57517.0,100.0,980.51
1790410698.764,4,58145.0,100.0,980.59
1790410698.764,5,57499.0,100.0,986.05
1790410698.764,6,57339.0,100.0,988.28
1790410698.764,7,57319.0,100.0,998.86
1790410699.764,0,59951.0,0.0,296.08
1790410699.765,1,57297.0,0.0,350.88
1790410699.765,2,57189.0,0.0,358.19
1790410699.765,3,57517.0,0.0,297.31
1790410699.765,4,58145.0,0.0,311.83
1790410699.765,5,57499.0,0.0,341.15
1790410699.765,6,57339.0,0.0,309.67
1790410699.765,7,57319.0,0.0,340.3
1790410700.765,0,59951.0,95.0,602.36
1790410700.765,1,57297.0,95.0,562.95
1790410700.765,2,57189.0,95.0,546.36
1790410700.765,3,57517.0,95.0,597.16
1790410700.765,4,58145.0,95.0,565.19
1790410700.765,5,57499.0,95.0,573.69
1790410700.765,6,57339.0,95.0,593.79
1790410700.765,7,57319.0,95.0,558.07
1790410701.765,0,59951.0,100.0,928.68
1790410701.765,1,57297.0,100.0,909.76
1790410701.765,2,57189.0,100.0,931.75
1790410701.765,3,57517.0,100.0,932.76
1790410701.765,4,58145.0,100.0,952.55
1790410701.765,5,57499.0,100.0,906.14
1790410701.765,6,57339.0,100.0,929.79
1790410701.765,7,57319.0,100.0,898.3
1790410702.766,0,59951.0,0.0,435.96
1790410702.766,1,57297.0,0.0,485.26
1790410702.766,2,57189.0,0.0,476.35
1790410702.766,3,57517.0,0.0,417.77
1790410702.766,4,58145.0,0.0,441.37
1790410702.766,5,57499.0,0.0,471.67
1790410702.766,6,57339.0,0.0,434.61
1790410702.766,7,57319.0,0.0,481.44
1790410703.766,0,59951.0,95.0,495.67
1790410703.766,1,57297.0,95.0,449.46
1790410703.766,2,57189.0,95.0,446.41
1790410703.766,3,57517.0,95.0,484.71
1790410703.766,4,58145.0,95.0,493.26
1790410703.766,5,57499.0,95.0,459.39
1790410703.766,6,57339.0,94.0,508.71
1790410703.766,7,57319.0,95.0,460.48
1790410704.766,0,59951.0,100.0,886.0
1790410704.766,1,57297.0,100.0,859.77
1790410704.766,2,57189.0,100.0,901.41
1790410704.766,3,57517.0,100.0,889.16
1790410704.766,4,58145.0,100.0,868.43
1790410704.766,5,57499.0,100.0,867.54
1790410704.766,6,57339.0,100.0,851.18
1790410704.766,7,57319.0,100.0,853.97
1790410705.767,0,59951.0,0.0,647.92
1790410705.767,1,57297.0,0.0,629.67
1790410705.767,2,57189.0,0.0,625.63
1790410705.767,3,57517.0,0.0,564.56
1790410705.767,4,58145.0,0.0,593.86
1790410705.767,5,57499.0,0.0,621.36
1790410705.767,6,57339.0,0.0,571.72
1790410705.767,7,57319.0,0.0,608.17
1790410706.767,0,59951.0,94.0,424.56
1790410706.786,1,57297.0,95.0,369.81
1790410706.786,2,57189.0,90.0,378.93
1790410706.786,3,57517.0,95.0,384.92
1790410706.786,4,58145.0,67.0,350.75
1790410706.786,5,57499.0,93.0,362.86
1790410706.786,6,57339.0,86.0,381.43
1790410706.786,7,57319.0,95.0,323.78
1790410707.786,0,59951.0,82.0,796.35
1790410707.786,1,57297.0,87.0,773.61
1790410707.786,2,57189.0,88.0,803.12
1790410707.786,3,57517.0,100.0,829.97
1790410707.786,4,58145.0,86.0,852.97
1790410707.786,5,57499.0,91.0,807.28
1790410707.786,6,57339.0,86.0,823.56
1790410707.786,7,57319.0,87.0,829.06
1790410708.786,0,59951.0,0.0,739.82
1790410708.786,1,57297.0,0.0,815.03
1790410708.786,2,57189.0,0.0,793.77
1790410708.786,3,57517.0,3.0,739.04
1790410708.786,4,58145.0,0.0,755.55
1790410708.786,5,57499.0,0.0,774.67
1790410708.787,6,57339.0,0.0,741.38
1790410708.787,7,57319.0,0.0,782.63
1790410709.787,0,59951.0,0.0,193.81
1790410709.787,1,57297.0,0.0,195.98
1790410709.787,2,57189.0,0.0,198.69
1790410709.787,3,57517.0,0.0,189.19
1790410709.787,4,58145.0,0.0,193.58
1790410709.787,5,57499.0,0.0,193.25
1790410709.787,6,57339.0,0.0,192.68
1790410709.787,7,57319.0,0.0,190.15
1790410710.787,0,59951.0,53.0,653.45
1790410710.787,1,57297.0,54.0,592.28
1790410710.787,2,57189.0,57.0,612.24
1790410710.787,3,57517.0,95.0,638.62
1790410710.787,4,58145.0,60.0,618.97
1790410710.787,5,57499.0,92.0,600.63
1790410710.787,6,57339.0,95.0,632.1
1790410710.787,7,57319.0,95.0,600.83
1790410711.788,0,59951.0,100.0,984.31
1790410711.788,1,57297.0,100.0,952.04
1790410711.788,2,57189.0,100.0,989.75
1790410711.788,3,57517.0,100.0,987.35
1790410711.788,4,58145.0,100.0,984.71
1790410711.788,5,57499.0,100.0,978.32
1790410711.788,6,57339.0,100.0,986.48
1790410711.788,7,57319.0,100.0,973.04
1790410712.788,0,59951.0,0.0,331.49
1790410712.788,1,57297.0,0.0,402.67
1790410712.788,2,57189.0,0.0,374.08
1790410712.788,3,57517.0,0.0,331.4
1790410712.788,4,58145.0,0.0,336.59
1790410712.788,5,57499.0,0.0,370.32
1790410712.788,6,57339.0,0.0,334.63
1790410712.788,7,57319.0,0.0,378.77
1790410713.789,0,59951.0,94.0,597.57
1790410713.789,1,57297.0,95.0,522.93
1790410713.789,2,57189.0,95.0,593.36
1790410713.789,3,57517.0,95.0,573.42
1790410713.789,4,58145.0,95.0,561.75
1790410713.789,5,57499.0,95.0,538.54
1790410713.789,6,57339.0,95.0,550.36
1790410713.789,7,57319.0,94.0,512.3
1790410714.789,0,59951.0,100.0,896.44
1790410714.789,1,57297.0,100.0,885.22
1790410714.789,2,57189.0,100.0,862.46
1790410714.789,3,57517.0,100.0,897.23
1790410714.789,4,58145.0,100.0,916.1
1790410714.789,5,57499.0,100.0,897.35
1790410714.789,6,57339.0,100.0,920.43
1790410714.789,7,57319.0,100.0,921.5
1790410715.789,0,59951.0,0.0,481.76
1790410715.789,1,57297.0,0.0,531.25
1790410715.789,2,57189.0,0.0,520.28
1790410715.789,3,57517.0,0.0,482.41
1790410715.789,4,58145.0,0.0,484.15
1790410715.789,5,57499.0,0.0,520.99
1790410715.79,6,57339.0,0.0,487.86
1790410715.79,7,57319.0,0.0,522.62
1790410716.79,0,59951.0,95.0,509.58
1790410716.79,1,57297.0,95.0,437.13
1790410716.79,2,57189.0,94.0,448.18
1790410716.79,3,57517.0,95.0,441.29
1790410716.79,4,58145.0,95.0,402.18
1790410716.79,5,57499.0,95.0,435.55
1790410716.79,6,57339.0,93.0,445.53
1790410716.79,7,57319.0,95.0,414.97
1790410717.79,0,59951.0,90.0,780.74
1790410717.79,1,57297.0,100.0,778.27
1790410717.79,2,57189.0,100.0,810.83
1790410717.79,3,57517.0,86.0,832.02
1790410717.79,4,58145.0,94.0,864.22
1790410717.79,5,57499.0,82.0,786.4
1790410717.79,6,57339.0,85.0,830.69
1790410717.79,7,57319.0,100.0,802.86
1790410718.79,0,59951.0,0.0,689.15
1790410718.79,1,57297.0,0.0,730.65
1790410718.791,2,57189.0,0.0,715.84
1790410718.791,3,57517.0,0.0,672.4
1790410718.791,4,58145.0,0.0,697.67
1790410718.791,5,57499.0,0.0,713.63
1790410718.791,6,57339.0,0.0,687.27
1790410718.791,7,57319.0,0.0,727.13
1790410719.791,0,59951.0,95.0,366.6
1790410719.791,1,57297.0,94.0,282.72
1790410719.791,2,57189.0,94.0,294.71
1790410719.791,3,57517.0,14.0,296.12
1790410719.791,4,58145.0,91.0,310.72
1790410719.791,5,57499.0,51.0,267.31
1790410719.791,6,57339.0,54.0,257.62
1790410719.791,7,57319.0,57.0,256.85
1790410720.791,0,59951.0,100.0,741.14
1790410720.791,1,57297.0,100.0,760.96
1790410720.791,2,57189.0,100.0,795.27
1790410720.791,3,57517.0,100.0,792.22
1790410720.791,4,58145.0,100.0,789.18
1790410720.791,5,57499.0,100.0,813.4
1790410720.791,6,57339.0,100.0,802.79
1790410720.791,7,57319.0,100.0,789.64
1790410721.791,0,59951.0,83.0,851.73
1790410721.792,1,57297.0,65.0,898.73
1790410721.792,2,57189.0,44.0,893.83
1790410721.792,3,57517.0,100.0,855.48
1790410721.792,4,58145.0,86.0,867.66
1790410721.792,5,57499.0,100.0,899.14
1790410721.792,6,57339.0,90.0,864.57
1790410721.792,7,57319.0,74.0,906.35
1790410722.792,0,59951.0,0.0,196.26
1790410722.792,1,57297.0,0.0,198.62
1790410722.792,2,57189.0,0.0,201.75
1790410722.792,3,57517.0,0.0,190.68
1790410722.792,4,58145.0,0.0,195.83
1790410722.792,5,57499.0,0.0,195.47
1790410722.792,6,57339.0,0.0,196.34
1790410722.792,7,57319.0,0.0,192.25
1790410723.792,0,59951.0,95.0,610.1
1790410723.792,1,57297.0,94.0,573.36
1790410723.792,2,57189.0,95.0,535.18
1790410723.792,3,57517.0,95.0,576.87
1790410723.792,4,58145.0,95.0,561.21
1790410723.792,5,57499.0,95.0,543.87
1790410723.792,6,57339.0,94.0,607.71
1790410723.792,7,57319.0,94.0,511.34
1790410724.793,0,59951.0,100.0,897.8
1790410724.793,1,57297.0,100.0,860.28
1790410724.793,2,57189.0,100.0,942.03
1790410724.793,3,57517.0,100.0,908.71
1790410724.793,4,58145.0,100.0,935.13
1790410724.795,5,57499.0,100.0,917.77
1790410724.795,6,57339.0,100.0,888.02
1790410724.795,7,57319.0,100.0,923.44
1790410725.795,0,59951.0,0.0,440.67
1790410725.795,1,57297.0,0.0,502.23
1790410725.795,2,57189.0,0.0,501.02
1790410725.795,3,57517.0,0.0,457.68
1790410725.795,4,58145.0,0.0,471.55
1790410725.795,5,57499.0,0.0,497.95
1790410725.795,6,57339.0,0.0,449.64
1790410725.795,7,57319.0,0.0,504.82
1790410726.795,0,59951.0,94.0,542.19
1790410726.795,1,57297.0,94.0,463.02
1790410726.795,2,57189.0,95.0,458.11
1790410726.795,3,57517.0,95.0,472.18
1790410726.795,4,58145.0,95.0,454.32
1790410726.795,5,57499.0,90.0,451.99
1790410726.795,6,57339.0,94.0,502.12
1790410726.795,7,57319.0,95.0,437.6
1790410727.796,0,59951.0,100.0,841.95
1790410727.796,1,57297.0,100.0,832.84
1790410727.796,2,57189.0,100.0,879.51
1790410727.796,3,57517.0,100.0,904.05
1790410727.796,4,58145.0,100.0,895.64
1790410727.796,5,57499.0,100.0,865.21
1790410727.796,6,57339.0,100.0,871.43
1790410727.796,7,57319.0,100.0,864.24
