unix_seconds,gpu_index,memory_used_mib,utilization_percent,power_watts
1790417262.618,0,59951.0,0.0,699.2
1790417262.618,1,57297.0,0.0,693.71
1790417262.618,2,57189.0,0.0,701.06
1790417262.618,3,57517.0,0.0,667.58
1790417262.618,4,58145.0,0.0,715.4
1790417262.639,5,57499.0,0.0,657.58
1790417262.64,6,57339.0,0.0,650.04
1790417262.64,7,57319.0,0.0,686.18
1790417263.64,0,59951.0,95.0,335.99
1790417263.64,1,57297.0,47.0,309.6
1790417263.64,2,57189.0,95.0,343.1
1790417263.64,3,57517.0,93.0,348.7
1790417263.64,4,58145.0,0.0,261.39
1790417263.64,5,57499.0,95.0,342.29
1790417263.64,6,57339.0,95.0,316.6
1790417263.64,7,57319.0,69.0,333.04
1790417264.64,0,59951.0,100.0,786.9
1790417264.64,1,57297.0,100.0,790.52
1790417264.64,2,57189.0,100.0,775.33
1790417264.64,3,57517.0,100.0,751.33
1790417264.64,4,58145.0,100.0,829.95
1790417264.64,5,57499.0,84.0,787.19
1790417264.64,6,57339.0,100.0,825.04
1790417264.64,7,57319.0,100.0,756.82
1790417265.64,0,59951.0,0.0,863.68
1790417265.648,1,57297.0,100.0,847.94
1790417265.648,2,57189.0,100.0,854.66
1790417265.648,3,57517.0,21.0,848.7
1790417265.648,4,58145.0,100.0,890.67
1790417265.649,5,57499.0,0.0,826.29
1790417265.649,6,57339.0,0.0,840.55
1790417265.649,7,57319.0,100.0,860.41
1790417266.649,0,59951.0,46.0,231.03
1790417266.651,1,57297.0,0.0,207.42
1790417266.651,2,57189.0,0.0,211.53
1790417266.651,3,57517.0,0.0,209.1
1790417266.651,4,58145.0,0.0,203.55
1790417266.651,5,57499.0,34.0,217.82
1790417266.651,6,57339.0,0.0,221.44
1790417266.651,7,57319.0,0.0,193.88
1790417267.652,0,59951.0,100.0,750.06
1790417267.652,1,57297.0,99.0,759.43
1790417267.652,2,57189.0,64.0,789.64
1790417267.652,3,57517.0,100.0,782.17
1790417267.652,4,58145.0,64.0,747.85
1790417267.652,5,57499.0,100.0,788.5
1790417267.652,6,57339.0,100.0,804.59
1790417267.652,7,57319.0,99.0,753.12
1790417268.652,0,59951.0,100.0,982.88
1790417268.652,1,57297.0,100.0,980.87
1790417268.652,2,57189.0,100.0,975.96
1790417268.652,3,57517.0,100.0,961.33
1790417268.652,4,58145.0,100.0,978.85
1790417268.652,5,57499.0,100.0,964.78
1790417268.652,6,57339.0,100.0,954.2
1790417268.652,7,57319.0,100.0,987.14
1790417269.652,0,59951.0,0.0,260.94
1790417269.653,1,57297.0,0.0,224.25
1790417269.653,2,57189.0,0.0,257.61
1790417269.653,3,57517.0,0.0,212.29
1790417269.653,4,58145.0,0.0,271.23
1790417269.653,5,57499.0,0.0,212.86
1790417269.653,6,57339.0,0.0,221.6
1790417269.653,7,57319.0,0.0,252.27
1790417270.653,0,59951.0,95.0,523.22
1790417270.653,1,57297.0,95.0,464.19
1790417270.653,2,57189.0,94.0,530.71
1790417270.653,3,57517.0,95.0,486.35
1790417270.653,4,58145.0,95.0,446.83
1790417270.653,5,57499.0,94.0,495.37
1790417270.653,6,57339.0,95.0,454.46
1790417270.653,7,57319.0,95.0,462.05
1790417271.653,0,59951.0,100.0,782.95
1790417271.653,1,57297.0,100.0,834.47
1790417271.653,2,57189.0,86.0,790.35
1790417271.653,3,57517.0,100.0,841.09
1790417271.654,4,58145.0,85.0,847.11
1790417271.654,5,57499.0,100.0,853.57
1790417271.654,6,57339.0,100.0,889.19
1790417271.654,7,57319.0,100.0,825.72
1790417272.654,0,59951.0,0.0,690.68
1790417272.654,1,57297.0,0.0,650.41
1790417272.654,2,57189.0,0.0,668.0
1790417272.654,3,57517.0,0.0,641.86
1790417272.654,4,58145.0,0.0,692.46
1790417272.654,5,57499.0,0.0,632.43
1790417272.654,6,57339.0,0.0,627.72
1790417272.654,7,57319.0,0.0,662.39
1790417273.654,0,59951.0,85.0,354.23
1790417273.654,1,57297.0,94.0,340.46
1790417273.654,2,57189.0,94.0,361.58
1790417273.654,3,57517.0,95.0,344.76
1790417273.654,4,58145.0,6.0,303.23
1790417273.654,5,57499.0,95.0,323.54
1790417273.654,6,57339.0,95.0,341.95
1790417273.654,7,57319.0,95.0,320.89
1790417274.655,0,59951.0,88.0,780.97
1790417274.655,1,57297.0,100.0,802.99
1790417274.655,2,57189.0,100.0,789.97
1790417274.655,3,57517.0,100.0,811.85
1790417274.655,4,58145.0,100.0,819.65
1790417274.655,5,57499.0,87.0,844.62
1790417274.655,6,57339.0,86.0,830.93
1790417274.655,7,57319.0,100.0,789.69
1790417275.655,0,59951.0,0.0,852.96
1790417275.655,1,57297.0,2.0,830.69
1790417275.655,2,57189.0,85.0,848.41
1790417275.655,3,57517.0,0.0,811.93
1790417275.655,4,58145.0,100.0,846.61
1790417275.655,5,57499.0,0.0,804.87
1790417275.655,6,57339.0,0.0,809.02
1790417275.655,7,57319.0,30.0,840.52
1790417276.656,0,59951.0,55.0,238.43
1790417276.656,1,57297.0,0.0,234.01
1790417276.656,2,57189.0,0.0,251.16
1790417276.656,3,57517.0,0.0,219.51
1790417276.656,4,58145.0,0.0,204.45
1790417276.656,5,57499.0,86.0,250.15
1790417276.656,6,57339.0,1.0,226.07
1790417276.656,7,57319.0,0.0,221.78
1790417277.656,0,59951.0,100.0,729.48
1790417277.656,1,57297.0,99.0,736.33
1790417277.656,2,57189.0,100.0,735.22
1790417277.656,3,57517.0,99.0,757.95
1790417277.656,4,58145.0,99.0,735.82
1790417277.656,5,57499.0,100.0,741.19
1790417277.656,6,57339.0,100.0,775.88
1790417277.656,7,57319.0,99.0,725.03
1790417278.656,0,59951.0,100.0,983.35
1790417278.657,1,57297.0,100.0,978.57
1790417278.657,2,57189.0,100.0,973.38
1790417278.657,3,57517.0,100.0,979.76
1790417278.657,4,58145.0,100.0,978.58
1790417278.657,5,57499.0,100.0,973.25
1790417278.657,6,57339.0,100.0,964.69
1790417278.657,7,57319.0,100.0,973.43
1790417279.657,0,59951.0,0.0,272.76
1790417279.657,1,57297.0,0.0,233.48
1790417279.657,2,57189.0,0.0,263.69
1790417279.657,3,57517.0,0.0,215.22
1790417279.657,4,58145.0,0.0,274.2
1790417279.657,5,57499.0,0.0,211.59
1790417279.657,6,57339.0,0.0,219.61
1790417279.657,7,57319.0,0.0,230.09
1790417280.657,0,59951.0,57.0,618.12
1790417280.657,1,57297.0,95.0,599.13
1790417280.657,2,57189.0,95.0,636.34
1790417280.658,3,57517.0,91.0,603.41
1790417280.658,4,58145.0,95.0,566.27
1790417280.658,5,57499.0,89.0,600.35
1790417280.658,6,57339.0,95.0,622.53
1790417280.658,7,57319.0,95.0,593.25
1790417281.658,0,59951.0,100.0,918.53
1790417281.658,1,57297.0,100.0,935.06
1790417281.658,2,57189.0,100.0,927.34
1790417281.658,3,57517.0,100.0,949.74
1790417281.658,4,58145.0,100.0,943.29
1790417281.658,5,57499.0,100.0,952.42
1790417281.658,6,57339.0,100.0,963.35
1790417281.658,7,57319.0,100.0,934.56
1790417282.658,0,59951.0,0.0,460.76
1790417282.658,1,57297.0,0.0,421.18
1790417282.658,2,57189.0,0.0,453.77
1790417282.658,3,57517.0,0.0,412.1
1790417282.658,4,58145.0,0.0,466.55
1790417282.658,5,57499.0,0.0,408.25
1790417282.658,6,57339.0,0.0,413.44
1790417282.658,7,57319.0,0.0,434.15
1790417283.658,0,59951.0,93.0,354.72
1790417283.659,1,57297.0,94.0,368.12
1790417283.659,2,57189.0,94.0,365.44
1790417283.659,3,57517.0,95.0,347.89
1790417283.659,4,58145.0,25.0,306.9
1790417283.659,5,57499.0,95.0,356.29
1790417283.659,6,57339.0,92.0,369.04
1790417283.659,7,57319.0,67.0,300.55
1790417284.659,0,59951.0,85.0,769.29
1790417284.659,1,57297.0,100.0,771.3
1790417284.659,2,57189.0,100.0,776.81
1790417284.659,3,57517.0,100.0,798.42
1790417284.659,4,58145.0,100.0,813.34
1790417284.659,5,57499.0,85.0,813.81
1790417284.659,6,57339.0,84.0,821.41
1790417284.659,7,57319.0,100.0,813.33
1790417285.659,0,59951.0,0.0,855.48
1790417285.662,1,57297.0,0.0,809.67
1790417285.662,2,57189.0,76.0,838.4
1790417285.663,3,57517.0,0.0,803.14
1790417285.663,4,58145.0,0.0,783.4
1790417285.663,5,57499.0,0.0,792.83
1790417285.663,6,57339.0,0.0,796.7
1790417285.663,7,57319.0,16.0,836.88
1790417286.663,0,59951.0,61.0,250.95
1790417286.666,1,57297.0,3.0,250.03
1790417286.666,2,57189.0,0.0,228.07
1790417286.666,3,57517.0,0.0,230.09
1790417286.666,4,58145.0,0.0,203.4
1790417286.667,5,57499.0,95.0,284.22
1790417286.667,6,57339.0,1.0,232.07
1790417286.667,7,57319.0,0.0,210.8
1790417287.667,0,59951.0,99.0,702.39
1790417287.667,1,57297.0,99.0,704.68
1790417287.667,2,57189.0,90.0,732.56
1790417287.667,3,57517.0,99.0,719.12
1790417287.667,4,58145.0,59.0,731.69
1790417287.667,5,57499.0,100.0,697.72
1790417287.667,6,57339.0,100.0,745.6
1790417287.667,7,57319.0,99.0,703.83
1790417288.667,0,59951.0,100.0,986.15
1790417288.667,1,57297.0,100.0,979.7
1790417288.667,2,57189.0,100.0,982.14
1790417288.667,3,57517.0,100.0,973.16
1790417288.667,4,58145.0,100.0,986.63
1790417288.667,5,57499.0,100.0,969.55
1790417288.668,6,57339.0,100.0,976.82
1790417288.668,7,57319.0,100.0,985.87
1790417289.668,0,59951.0,0.0,271.64
1790417289.668,1,57297.0,0.0,237.7
1790417289.668,2,57189.0,0.0,274.3
1790417289.668,3,57517.0,0.0,236.95
1790417289.668,4,58145.0,0.0,282.18
1790417289.668,5,57499.0,0.0,217.37
1790417289.668,6,57339.0,0.0,223.86
1790417289.668,7,57319.0,0.0,263.43
1790417290.668,0,59951.0,66.0,625.5
1790417290.668,1,57297.0,92.0,609.61
1790417290.668,2,57189.0,95.0,629.84
1790417290.668,3,57517.0,95.0,601.57
1790417290.668,4,58145.0,95.0,592.92
1790417290.668,5,57499.0,58.0,602.84
1790417290.668,6,57339.0,95.0,621.75
1790417290.668,7,57319.0,95.0,589.15
1790417291.668,0,59951.0,100.0,933.9
1790417291.669,1,57297.0,100.0,960.52
1790417291.669,2,57189.0,100.0,938.08
1790417291.669,3,57517.0,100.0,952.63
1790417291.669,4,58145.0,100.0,936.07
1790417291.669,5,57499.0,100.0,984.62
1790417291.669,6,57339.0,100.0,971.55
1790417291.669,7,57319.0,100.0,937.66
1790417292.669,0,59951.0,0.0,446.5
1790417292.669,1,57297.0,0.0,408.67
1790417292.669,2,57189.0,0.0,449.06
1790417292.669,3,57517.0,0.0,415.71
1790417292.669,4,58145.0,0.0,457.53
1790417292.669,5,57499.0,0.0,371.18
1790417292.669,6,57339.0,0.0,383.33
1790417292.67,7,57319.0,0.0,435.6
1790417293.671,0,59951.0,95.0,526.56
1790417293.671,1,57297.0,95.0,540.44
1790417293.671,2,57189.0,95.0,526.66
1790417293.671,3,57517.0,95.0,527.35
1790417293.671,4,58145.0,95.0,471.93
1790417293.671,5,57499.0,95.0,507.47
1790417293.671,6,57339.0,95.0,551.82
1790417293.671,7,57319.0,95.0,495.19
1790417294.671,0,59951.0,100.0,864.58
1790417294.671,1,57297.0,100.0,852.22
1790417294.671,2,57189.0,100.0,863.1
1790417294.671,3,57517.0,100.0,878.26
1790417294.671,4,58145.0,100.0,895.98
1790417294.671,5,57499.0,100.0,919.96
1790417294.671,6,57339.0,100.0,885.89
1790417294.671,7,57319.0,100.0,862.81
1790417295.671,0,59951.0,0.0,619.91
1790417295.672,1,57297.0,0.0,568.69
1790417295.672,2,57189.0,0.0,619.41
1790417295.672,3,57517.0,0.0,560.59
1790417295.672,4,58145.0,0.0,544.37
1790417295.672,5,57499.0,0.0,535.45
1790417295.672,6,57339.0,0.0,556.54
1790417295.672,7,57319.0,0.0,607.19
1790417296.672,0,59951.0,56.0,247.41
1790417296.672,1,57297.0,0.0,255.27
1790417296.672,2,57189.0,0.0,235.2
1790417296.672,3,57517.0,8.0,262.64
1790417296.672,4,58145.0,0.0,266.12
1790417296.672,5,57499.0,87.0,270.33
1790417296.672,6,57339.0,39.0,254.79
1790417296.672,7,57319.0,0.0,209.21
1790417297.672,0,59951.0,100.0,776.65
1790417297.672,1,57297.0,100.0,778.75
1790417297.672,2,57189.0,99.0,801.61
1790417297.672,3,57517.0,100.0,777.06
1790417297.672,4,58145.0,56.0,805.5
1790417297.672,5,57499.0,100.0,806.46
1790417297.672,6,57339.0,100.0,828.8
1790417297.672,7,57319.0,100.0,780.84
1790417298.673,0,59951.0,100.0,955.44
1790417298.673,1,57297.0,100.0,914.42
1790417298.673,2,57189.0,100.0,958.84
1790417298.673,3,57517.0,100.0,910.01
1790417298.673,4,58145.0,100.0,882.38
1790417298.673,5,57499.0,41.0,886.47
1790417298.673,6,57339.0,100.0,900.45
1790417298.673,7,57319.0,100.0,949.95
1790417299.673,0,59951.0,0.0,206.95
1790417299.673,1,57297.0,0.0,201.61
1790417299.673,2,57189.0,0.0,215.07
1790417299.673,3,57517.0,0.0,193.69
1790417299.673,4,58145.0,0.0,203.58
1790417299.673,5,57499.0,0.0,198.21
1790417299.673,6,57339.0,0.0,206.37
1790417299.673,7,57319.0,0.0,197.33
1790417300.673,0,59951.0,60.0,626.62
1790417300.673,1,57297.0,57.0,615.3
1790417300.674,2,57189.0,95.0,624.22
1790417300.674,3,57517.0,95.0,607.32
1790417300.674,4,58145.0,95.0,613.7
1790417300.674,5,57499.0,57.0,656.62
1790417300.674,6,57339.0,89.0,645.53
1790417300.674,7,57319.0,95.0,595.95
1790417301.674,0,59951.0,100.0,966.74
1790417301.674,1,57297.0,100.0,993.81
1790417301.674,2,57189.0,100.0,965.09
1790417301.674,3,57517.0,100.0,997.03
1790417301.674,4,58145.0,100.0,971.38
1790417301.674,5,57499.0,100.0,995.45
1790417301.674,6,57339.0,100.0,993.23
1790417301.674,7,57319.0,100.0,969.65
1790417302.675,0,59951.0,0.0,395.05
1790417302.675,1,57297.0,0.0,359.35
1790417302.675,2,57189.0,0.0,411.33
1790417302.675,3,57517.0,0.0,348.15
1790417302.675,4,58145.0,0.0,325.08
1790417302.675,5,57499.0,0.0,326.13
1790417302.675,6,57339.0,0.0,342.98
1790417302.675,7,57319.0,0.0,386.56
1790417303.675,0,59951.0,95.0,535.44
1790417303.675,1,57297.0,94.0,538.97
1790417303.675,2,57189.0,94.0,531.36
1790417303.675,3,57517.0,95.0,540.68
1790417303.675,4,58145.0,95.0,519.82
1790417303.675,5,57499.0,95.0,573.24
1790417303.675,6,57339.0,95.0,539.55
1790417303.675,7,57319.0,95.0,451.02
1790417304.675,0,59951.0,100.0,828.12
1790417304.676,1,57297.0,100.0,825.48
1790417304.676,2,57189.0,100.0,847.09
1790417304.676,3,57517.0,100.0,839.6
1790417304.676,4,58145.0,100.0,907.92
1790417304.676,5,57499.0,100.0,841.84
1790417304.676,6,57339.0,100.0,889.65
1790417304.676,7,57319.0,100.0,878.72
1790417305.676,0,59951.0,0.0,614.0
1790417305.678,1,57297.0,0.0,586.58
1790417305.678,2,57189.0,0.0,617.66
1790417305.678,3,57517.0,0.0,577.96
1790417305.678,4,58145.0,0.0,632.51
1790417305.678,5,57499.0,0.0,624.87
1790417305.678,6,57339.0,0.0,579.28
1790417305.678,7,57319.0,0.0,616.7
1790417306.679,0,59951.0,95.0,404.38
1790417306.679,1,57297.0,95.0,410.15
1790417306.679,2,57189.0,95.0,351.24
1790417306.679,3,57517.0,95.0,381.16
1790417306.679,4,58145.0,95.0,355.37
1790417306.679,5,57499.0,95.0,377.26
1790417306.679,6,57339.0,94.0,376.97
1790417306.679,7,57319.0,60.0,304.37
1790417307.679,0,59951.0,85.0,777.24
1790417307.679,1,57297.0,100.0,766.78
1790417307.679,2,57189.0,100.0,830.79
1790417307.679,3,57517.0,99.0,798.71
1790417307.679,4,58145.0,100.0,797.8
1790417307.679,5,57499.0,100.0,755.16
1790417307.679,6,57339.0,100.0,843.64
1790417307.679,7,57319.0,100.0,826.13
1790417308.68,0,59951.0,0.0,817.3
1790417308.68,1,57297.0,20.0,797.91
1790417308.68,2,57189.0,0.0,818.79
1790417308.68,3,57517.0,10.0,777.55
1790417308.68,4,58145.0,36.0,849.14
1790417308.68,5,57499.0,81.0,826.81
1790417308.68,6,57339.0,0.0,758.36
1790417308.68,7,57319.0,27.0,830.99
1790417309.68,0,59951.0,0.0,204.72
1790417309.68,1,57297.0,0.0,200.36
1790417309.68,2,57189.0,0.0,210.44
1790417309.68,3,57517.0,0.0,193.03
1790417309.68,4,58145.0,0.0,203.42
1790417309.68,5,57499.0,0.0,197.82
1790417309.68,6,57339.0,0.0,205.65
1790417309.68,7,57319.0,0.0,193.94
1790417310.68,0,59951.0,71.0,612.95
1790417310.681,1,57297.0,94.0,598.87
1790417310.681,2,57189.0,94.0,619.3
1790417310.681,3,57517.0,95.0,607.85
1790417310.681,4,58145.0,95.0,561.29
1790417310.681,5,57499.0,95.0,562.48
1790417310.681,6,57339.0,93.0,618.16
1790417310.681,7,57319.0,95.0,588.15
1790417311.681,0,59951.0,100.0,916.3
1790417311.681,1,57297.0,100.0,911.7
1790417311.681,2,57189.0,100.0,926.59
1790417311.681,3,57517.0,100.0,937.31
1790417311.681,4,58145.0,100.0,941.47
1790417311.681,5,57499.0,100.0,950.14
1790417311.681,6,57339.0,100.0,967.76
1790417311.681,7,57319.0,100.0,899.59
1790417312.681,0,59951.0,0.0,458.72
1790417312.681,1,57297.0,0.0,438.24
1790417312.681,2,57189.0,0.0,447.35
1790417312.681,3,57517.0,0.0,423.9
1790417312.681,4,58145.0,0.0,479.58
1790417312.681,5,57499.0,0.0,462.29
1790417312.681,6,57339.0,0.0,412.05
1790417312.681,7,57319.0,0.0,450.91
1790417313.682,0,59951.0,94.0,525.03
1790417313.682,1,57297.0,95.0,536.4
1790417313.682,2,57189.0,95.0,519.87
1790417313.682,3,57517.0,95.0,515.48
1790417313.682,4,58145.0,77.0,438.78
1790417313.682,5,57499.0,95.0,475.59
1790417313.682,6,57339.0,95.0,489.51
1790417313.682,7,57319.0,78.0,404.14
1790417314.682,0,59951.0,100.0,801.36
1790417314.682,1,57297.0,100.0,787.65
1790417314.682,2,57189.0,100.0,811.56
1790417314.682,3,57517.0,100.0,812.13
1790417314.682,4,58145.0,94.0,832.2
1790417314.682,5,57499.0,87.0,822.59
1790417314.682,6,57339.0,100.0,878.85
1790417314.682,7,57319.0,98.0,879.32
1790417315.682,0,59951.0,0.0,679.2
1790417315.682,1,57297.0,0.0,645.97
1790417315.682,2,57189.0,0.0,660.49
1790417315.683,3,57517.0,0.0,647.64
1790417315.683,4,58145.0,0.0,704.32
1790417315.683,5,57499.0,0.0,682.49
1790417315.683,6,57339.0,0.0,624.06
1790417315.683,7,57319.0,0.0,672.0
1790417316.683,0,59951.0,95.0,340.92
1790417316.683,1,57297.0,95.0,353.12
1790417316.683,2,57189.0,95.0,343.95
1790417316.683,3,57517.0,95.0,351.66
1790417316.683,4,58145.0,95.0,317.83
1790417316.683,5,57499.0,44.0,286.07
1790417316.683,6,57339.0,92.0,369.74
1790417316.683,7,57319.0,79.0,307.29
1790417317.683,0,59951.0,99.0,796.49
1790417317.683,1,57297.0,100.0,774.17
1790417317.683,2,57189.0,100.0,802.91
1790417317.683,3,57517.0,100.0,785.62
1790417317.683,4,58145.0,100.0,800.24
1790417317.683,5,57499.0,100.0,819.27
1790417317.683,6,57339.0,85.0,819.49
1790417317.683,7,57319.0,100.0,791.03
1790417318.683,0,59951.0,0.0,848.26
1790417318.684,1,57297.0,32.0,830.29
1790417318.684,2,57189.0,15.0,835.85
1790417318.684,3,57517.0,26.0,822.88
1790417318.684,4,58145.0,67.0,844.59
1790417318.684,5,57499.0,100.0,840.71
1790417318.684,6,57339.0,0.0,794.03
1790417318.684,7,57319.0,61.0,843.13
1790417319.684,0,59951.0,33.0,245.15
1790417319.684,1,57297.0,0.0,253.05
1790417319.684,2,57189.0,0.0,222.42
1790417319.684,3,57517.0,0.0,210.02
1790417319.684,4,58145.0,0.0,203.3
1790417319.684,5,57499.0,0.0,197.7
1790417319.684,6,57339.0,27.0,216.61
1790417319.684,7,57319.0,0.0,224.95
1790417320.685,0,59951.0,99.0,666.18
1790417320.685,1,57297.0,100.0,648.0
1790417320.685,2,57189.0,100.0,697.59
1790417320.685,3,57517.0,100.0,692.65
1790417320.685,4,58145.0,73.0,690.91
1790417320.685,5,57499.0,68.0,670.16
1790417320.685,6,57339.0,100.0,744.62
1790417320.685,7,57319.0,100.0,642.7
1790417321.685,0,59951.0,100.0,983.51
1790417321.685,1,57297.0,100.0,983.68
1790417321.685,2,57189.0,100.0,980.97
1790417321.685,3,57517.0,100.0,979.21
1790417321.685,4,58145.0,100.0,984.04
1790417321.685,5,57499.0,100.0,983.3
1790417321.685,6,57339.0,100.0,980.67
1790417321.685,7,57319.0,100.0,991.37
1790417322.685,0,59951.0,3.0,302.78
1790417322.685,1,57297.0,2.0,277.79
1790417322.686,2,57189.0,3.0,312.03
1790417322.686,3,57517.0,3.0,269.52
1790417322.686,4,58145.0,3.0,329.49
1790417322.686,5,57499.0,3.0,322.1
1790417322.686,6,57339.0,3.0,265.03
1790417322.686,7,57319.0,3.0,299.02
1790417323.686,0,59951.0,3.0,203.73
1790417323.686,1,57297.0,3.0,198.42
1790417323.686,2,57189.0,3.0,208.52
1790417323.686,3,57517.0,3.0,191.99
1790417323.686,4,58145.0,3.0,202.18
1790417323.686,5,57499.0,3.0,196.26
1790417323.686,6,57339.0,3.0,204.32
1790417323.686,7,57319.0,3.0,193.02
1790417324.686,0,59951.0,3.0,202.68
1790417324.686,1,57297.0,3.0,197.41
1790417324.686,2,57189.0,3.0,207.53
1790417324.686,3,57517.0,3.0,191.2
1790417324.686,4,58145.0,3.0,201.07
1790417324.686,5,57499.0,3.0,195.18
1790417324.686,6,57339.0,3.0,203.39
1790417324.686,7,57319.0,3.0,192.42
1790417325.687,0,59951.0,3.0,202.28
1790417325.689,1,57297.0,3.0,196.68
1790417325.689,2,57189.0,3.0,206.78
1790417325.689,3,57517.0,3.0,190.7
1790417325.689,4,58145.0,3.0,200.48
1790417325.689,5,57499.0,3.0,194.79
1790417325.689,6,57339.0,3.0,202.72
1790417325.689,7,57319.0,3.0,191.67
1790417326.69,0,59951.0,3.0,201.65
1790417326.695,1,57297.0,3.0,196.22
1790417326.695,2,57189.0,3.0,206.27
1790417326.695,3,57517.0,3.0,190.34
1790417326.696,4,58145.0,3.0,199.9
1790417326.696,5,57499.0,3.0,194.27
1790417326.696,6,57339.0,3.0,202.32
1790417326.696,7,57319.0,3.0,191.41
1790417327.696,0,59951.0,3.0,201.24
1790417327.696,1,57297.0,3.0,195.67
1790417327.696,2,57189.0,3.0,205.61
1790417327.696,3,57517.0,3.0,189.79
1790417327.696,4,58145.0,3.0,199.52
1790417327.696,5,57499.0,3.0,193.91
1790417327.696,6,57339.0,3.0,201.81
1790417327.696,7,57319.0,3.0,191.11
1790417328.696,0,59951.0,4.0,201.16
1790417328.697,1,57297.0,4.0,195.35
1790417328.697,2,57189.0,3.0,205.16
1790417328.697,3,57517.0,3.0,189.7
1790417328.697,4,58145.0,3.0,199.28
1790417328.697,5,57499.0,3.0,193.54
1790417328.697,6,57339.0,3.0,201.51
1790417328.697,7,57319.0,3.0,190.82
1790417329.697,0,59951.0,4.0,200.52
1790417329.697,1,57297.0,5.0,195.23
1790417329.697,2,57189.0,3.0,204.98
1790417329.697,3,57517.0,3.0,189.5
1790417329.697,4,58145.0,3.0,198.64
1790417329.697,5,57499.0,3.0,193.33
1790417329.697,6,57339.0,3.0,201.16
1790417329.697,7,57319.0,3.0,190.61
1790417330.697,0,59951.0,4.0,200.12
1790417330.697,1,57297.0,3.0,194.83
1790417330.697,2,57189.0,3.0,204.62
1790417330.697,3,57517.0,3.0,189.17
1790417330.697,4,58145.0,3.0,198.56
1790417330.697,5,57499.0,3.0,193.15
1790417330.697,6,57339.0,3.0,200.65
1790417330.697,7,57319.0,3.0,190.38
1790417331.698,0,59951.0,2.0,200.14
1790417331.698,1,57297.0,0.0,194.66
1790417331.698,2,57189.0,0.0,204.2
1790417331.698,3,57517.0,5.0,188.9
1790417331.698,4,58145.0,0.0,198.24
1790417331.698,5,57499.0,0.0,192.79
1790417331.698,6,57339.0,5.0,200.6
1790417331.698,7,57319.0,0.0,190.08
1790417332.698,0,59951.0,0.0,199.26
1790417332.698,1,57297.0,0.0,193.88
1790417332.698,2,57189.0,0.0,203.53
1790417332.698,3,57517.0,0.0,188.38
1790417332.698,4,58145.0,0.0,197.49
1790417332.698,5,57499.0,0.0,192.09
1790417332.698,6,57339.0,0.0,199.81
1790417332.698,7,57319.0,0.0,189.45
1790417333.698,0,59951.0,0.0,199.15
1790417333.699,1,57297.0,0.0,193.57
1790417333.699,2,57189.0,0.0,203.26
1790417333.699,3,57517.0,0.0,188.35
1790417333.699,4,58145.0,0.0,197.37
1790417333.699,5,57499.0,0.0,191.86
1790417333.699,6,57339.0,0.0,199.5
1790417333.699,7,57319.0,0.0,189.21
1790417334.699,0,59951.0,0.0,198.79
1790417334.699,1,57297.0,0.0,193.54
1790417334.699,2,57189.0,0.0,203.12
1790417334.699,3,57517.0,0.0,188.28
1790417334.699,4,58145.0,0.0,196.95
1790417334.699,5,57499.0,0.0,191.67
1790417334.699,6,57339.0,0.0,199.31
1790417334.699,7,57319.0,0.0,189.29
1790417335.7,0,59951.0,0.0,198.56
1790417335.7,1,57297.0,0.0,193.23
1790417335.7,2,57189.0,0.0,202.69
1790417335.7,3,57517.0,0.0,187.95
1790417335.7,4,58145.0,0.0,196.75
1790417335.7,5,57499.0,0.0,191.63
1790417335.7,6,57339.0,0.0,199.04
1790417335.7,7,57319.0,0.0,188.99
1790417336.7,0,59951.0,0.0,198.36
1790417336.7,1,57297.0,0.0,193.11
1790417336.7,2,57189.0,0.0,202.47
1790417336.7,3,57517.0,0.0,187.87
1790417336.7,4,58145.0,0.0,196.5
1790417336.7,5,57499.0,0.0,191.32
1790417336.7,6,57339.0,0.0,198.75
1790417336.7,7,57319.0,0.0,188.79
1790417337.7,0,59951.0,0.0,198.09
1790417337.7,1,57297.0,0.0,192.83
1790417337.7,2,57189.0,0.0,202.21
1790417337.7,3,57517.0,0.0,187.74
1790417337.7,4,58145.0,0.0,196.25
1790417337.7,5,57499.0,0.0,191.1
1790417337.7,6,57339.0,0.0,198.47
1790417337.7,7,57319.0,0.0,188.63
1790417338.701,0,59951.0,0.0,197.99
1790417338.701,1,57297.0,0.0,192.68
1790417338.701,2,57189.0,0.0,201.95
1790417338.701,3,57517.0,0.0,187.49
1790417338.701,4,58145.0,0.0,196.18
1790417338.701,5,57499.0,0.0,191.01
1790417338.701,6,57339.0,0.0,198.29
1790417338.701,7,57319.0,0.0,188.56
1790417339.701,0,59951.0,0.0,197.76
1790417339.701,1,57297.0,0.0,192.62
1790417339.701,2,57189.0,0.0,201.76
1790417339.701,3,57517.0,0.0,187.52
1790417339.701,4,58145.0,0.0,195.91
1790417339.701,5,57499.0,0.0,190.8
1790417339.701,6,57339.0,0.0,198.17
1790417339.701,7,57319.0,0.0,188.63
1790417340.701,0,59951.0,0.0,197.43
1790417340.701,1,57297.0,0.0,192.43
1790417340.701,2,57189.0,0.0,201.43
1790417340.701,3,57517.0,0.0,187.27
1790417340.701,4,58145.0,0.0,195.64
1790417340.701,5,57499.0,0.0,190.88
1790417340.701,6,57339.0,0.0,197.8
1790417340.701,7,57319.0,0.0,188.37
1790417341.702,0,59951.0,0.0,197.28
1790417341.702,1,57297.0,0.0,192.32
1790417341.702,2,57189.0,0.0,201.18
1790417341.702,3,57517.0,0.0,187.13
1790417341.702,4,58145.0,0.0,195.48
1790417341.702,5,57499.0,0.0,190.64
1790417341.702,6,57339.0,0.0,197.55
1790417341.702,7,57319.0,0.0,188.3
1790417342.702,0,59951.0,0.0,197.01
1790417342.702,1,57297.0,0.0,192.2
1790417342.702,2,57189.0,0.0,201.04
1790417342.702,3,57517.0,0.0,187.07
1790417342.702,4,58145.0,0.0,195.3
1790417342.702,5,57499.0,0.0,190.34
1790417342.702,6,57339.0,0.0,197.29
1790417342.702,7,57319.0,0.0,188.09
1790417343.702,0,59951.0,0.0,197.0
1790417343.702,1,57297.0,0.0,191.96
1790417343.702,2,57189.0,0.0,200.73
1790417343.702,3,57517.0,0.0,186.86
1790417343.702,4,58145.0,0.0,195.2
1790417343.703,5,57499.0,0.0,190.27
1790417343.703,6,57339.0,0.0,197.07
1790417343.703,7,57319.0,0.0,188.0
1790417344.703,0,59951.0,0.0,196.7
1790417344.713,1,57297.0,0.0,191.95
1790417344.713,2,57189.0,0.0,200.56
1790417344.713,3,57517.0,0.0,186.94
1790417344.713,4,58145.0,0.0,194.91
1790417344.713,5,57499.0,0.0,190.17
1790417344.713,6,57339.0,0.0,197.03
1790417344.713,7,57319.0,0.0,188.08
1790417345.713,0,59951.0,0.0,196.58
1790417345.753,1,57297.0,0.0,191.85
1790417345.76,2,57189.0,0.0,200.38
1790417345.76,3,57517.0,0.0,186.8
1790417345.76,4,58145.0,0.0,194.8
1790417345.76,5,57499.0,0.0,190.23
1790417345.76,6,57339.0,0.0,196.74
1790417345.761,7,57319.0,0.0,187.79
1790417346.761,0,59951.0,0.0,196.33
1790417346.761,1,57297.0,0.0,191.78
1790417346.761,2,57189.0,0.0,200.07
1790417346.761,3,57517.0,0.0,186.77
1790417346.761,4,58145.0,0.0,194.62
1790417346.761,5,57499.0,0.0,190.02
1790417346.761,6,57339.0,0.0,196.51
1790417346.761,7,57319.0,0.0,187.78
1790417347.762,0,59951.0,0.0,196.09
1790417347.762,1,57297.0,0.0,191.56
1790417347.762,2,57189.0,0.0,199.9
1790417347.762,3,57517.0,0.0,186.52
1790417347.762,4,58145.0,0.0,194.5
1790417347.762,5,57499.0,0.0,189.85
1790417347.762,6,57339.0,0.0,196.27
1790417347.762,7,57319.0,0.0,187.67
1790417348.762,0,59951.0,0.0,196.01
1790417348.762,1,57297.0,0.0,191.42
1790417348.762,2,57189.0,0.0,199.65
1790417348.762,3,57517.0,0.0,186.45
1790417348.762,4,58145.0,0.0,194.47
1790417348.762,5,57499.0,0.0,189.68
1790417348.762,6,57339.0,0.0,196.06
1790417348.762,7,57319.0,0.0,187.52
1790417349.762,0,59951.0,0.0,195.74
1790417349.763,1,57297.0,0.0,191.42
1790417349.763,2,57189.0,0.0,199.57
1790417349.763,3,57517.0,0.0,186.51
1790417349.763,4,58145.0,0.0,194.13
1790417349.763,5,57499.0,0.0,189.66
1790417349.763,6,57339.0,0.0,195.94
1790417349.763,7,57319.0,0.0,187.56
1790417350.763,0,59951.0,0.0,195.6
1790417350.763,1,57297.0,0.0,191.13
1790417350.763,2,57189.0,0.0,199.27
1790417350.763,3,57517.0,0.0,186.3
1790417350.763,4,58145.0,0.0,194.02
1790417350.763,5,57499.0,0.0,189.68
1790417350.763,6,57339.0,0.0,195.65
1790417350.763,7,57319.0,0.0,187.4
1790417351.763,0,59951.0,0.0,195.44
1790417351.764,1,57297.0,0.0,191.08
1790417351.764,2,57189.0,0.0,198.52
1790417351.764,3,57517.0,0.0,186.19
1790417351.764,4,58145.0,0.0,193.85
1790417351.764,5,57499.0,0.0,189.46
1790417351.764,6,57339.0,0.0,195.31
1790417351.764,7,57319.0,0.0,187.39
1790417352.764,0,59951.0,0.0,195.25
1790417352.764,1,57297.0,0.0,190.99
1790417352.764,2,57189.0,0.0,198.08
1790417352.764,3,57517.0,0.0,186.13
1790417352.764,4,58145.0,0.0,193.65
1790417352.764,5,57499.0,0.0,189.32
1790417352.764,6,57339.0,0.0,194.57
1790417352.764,7,57319.0,0.0,187.23
1790417353.764,0,59951.0,0.0,195.21
1790417353.764,1,57297.0,0.0,190.85
1790417353.764,2,57189.0,0.0,197.76
1790417353.764,3,57517.0,0.0,186.12
1790417353.765,4,58145.0,0.0,193.67
1790417353.765,5,57499.0,0.0,189.22
1790417353.765,6,57339.0,0.0,194.41
1790417353.765,7,57319.0,0.0,187.21
1790417354.765,0,59951.0,0.0,195.02
1790417354.765,1,57297.0,0.0,190.88
1790417354.765,2,57189.0,0.0,197.73
1790417354.765,3,57517.0,0.0,186.1
1790417354.765,4,58145.0,0.0,193.39
1790417354.765,5,57499.0,0.0,189.19
1790417354.765,6,57339.0,0.0,194.33
1790417354.765,7,57319.0,0.0,187.21
1790417355.765,0,59951.0,0.0,194.79
1790417355.765,1,57297.0,0.0,190.75
1790417355.765,2,57189.0,0.0,197.51
1790417355.765,3,57517.0,0.0,185.9
1790417355.765,4,58145.0,0.0,193.46
1790417355.765,5,57499.0,0.0,189.28
1790417355.765,6,57339.0,0.0,194.17
1790417355.765,7,57319.0,0.0,187.04
1790417356.766,0,59951.0,0.0,194.54
1790417356.766,1,57297.0,0.0,190.65
1790417356.766,2,57189.0,0.0,197.44
1790417356.766,3,57517.0,0.0,185.79
1790417356.766,4,58145.0,0.0,193.34
1790417356.766,5,57499.0,0.0,189.11
1790417356.766,6,57339.0,0.0,193.86
1790417356.766,7,57319.0,0.0,187.03
1790417357.766,0,59951.0,0.0,194.48
1790417357.766,1,57297.0,0.0,190.57
1790417357.766,2,57189.0,0.0,197.25
1790417357.766,3,57517.0,0.0,185.7
1790417357.766,4,58145.0,0.0,193.12
1790417357.766,5,57499.0,0.0,189.03
1790417357.766,6,57339.0,0.0,193.24
1790417357.766,7,57319.0,0.0,187.0
1790417358.766,0,59951.0,0.0,194.54
1790417358.767,1,57297.0,0.0,190.48
1790417358.767,2,57189.0,0.0,197.04
1790417358.767,3,57517.0,0.0,185.61
1790417358.767,4,58145.0,0.0,193.05
1790417358.767,5,57499.0,0.0,189.05
1790417358.767,6,57339.0,0.0,193.07
1790417358.767,7,57319.0,0.0,186.94
1790417359.767,0,59951.0,0.0,194.19
1790417359.767,1,57297.0,0.0,190.56
1790417359.767,2,57189.0,0.0,197.0
1790417359.767,3,57517.0,0.0,185.64
1790417359.767,4,58145.0,0.0,192.8
1790417359.767,5,57499.0,0.0,188.98
1790417359.767,6,57339.0,0.0,193.1
1790417359.767,7,57319.0,0.0,186.95
1790417360.767,0,59951.0,0.0,194.07
1790417360.767,1,57297.0,0.0,190.41
1790417360.767,2,57189.0,0.0,196.88
1790417360.767,3,57517.0,0.0,185.48
1790417360.767,4,58145.0,0.0,192.72
1790417360.767,5,57499.0,0.0,189.04
1790417360.767,6,57339.0,0.0,192.85
1790417360.767,7,57319.0,0.0,186.8
1790417361.767,0,59951.0,0.0,193.95
1790417361.768,1,57297.0,0.0,190.36
1790417361.768,2,57189.0,0.0,196.59
1790417361.768,3,57517.0,0.0,185.48
1790417361.768,4,58145.0,0.0,192.64
1790417361.768,5,57499.0,0.0,188.88
1790417361.768,6,57339.0,0.0,192.77
1790417361.768,7,57319.0,0.0,186.78
1790417362.768,0,59951.0,0.0,193.82
1790417362.768,1,57297.0,0.0,190.29
1790417362.768,2,57189.0,0.0,196.49
1790417362.768,3,57517.0,0.0,185.37
1790417362.768,4,58145.0,0.0,192.47
1790417362.769,5,57499.0,0.0,188.7
1790417362.769,6,57339.0,0.0,192.57
1790417362.769,7,57319.0,0.0,186.74
1790417363.769,0,59951.0,0.0,193.85
1790417363.769,1,57297.0,0.0,190.13
1790417363.769,2,57189.0,0.0,196.35
1790417363.769,3,57517.0,0.0,185.3
1790417363.769,4,58145.0,0.0,192.47
1790417363.769,5,57499.0,0.0,188.56
1790417363.769,6,57339.0,0.0,192.49
1790417363.769,7,57319.0,0.0,186.6
1790417364.769,0,59951.0,0.0,193.67
1790417364.769,1,57297.0,0.0,190.25
1790417364.769,2,57189.0,0.0,196.34
1790417364.769,3,57517.0,0.0,185.45
1790417364.769,4,58145.0,0.0,192.19
1790417364.769,5,57499.0,0.0,188.61
1790417364.769,6,57339.0,0.0,192.36
1790417364.769,7,57319.0,0.0,186.68
1790417365.77,0,59951.0,0.0,193.58
1790417365.778,1,57297.0,0.0,190.13
1790417365.778,2,57189.0,0.0,196.17
1790417365.778,3,57517.0,0.0,185.37
1790417365.778,4,58145.0,0.0,192.26
1790417365.779,5,57499.0,0.0,188.72
1790417365.779,6,57339.0,0.0,192.17
1790417365.779,7,57319.0,0.0,186.51
1790417366.779,0,59951.0,0.0,193.49
1790417366.779,1,57297.0,0.0,190.12
1790417366.779,2,57189.0,0.0,196.05
1790417366.779,3,57517.0,0.0,185.37
1790417366.779,4,58145.0,0.0,192.06
1790417366.779,5,57499.0,0.0,188.54
1790417366.779,6,57339.0,0.0,192.04
1790417366.779,7,57319.0,0.0,186.49
1790417367.78,0,59951.0,0.0,193.38
1790417367.78,1,57297.0,0.0,189.87
1790417367.78,2,57189.0,0.0,195.76
1790417367.78,3,57517.0,0.0,185.28
1790417367.78,4,58145.0,0.0,191.85
1790417367.78,5,57499.0,0.0,188.4
1790417367.78,6,57339.0,0.0,191.74
1790417367.78,7,57319.0,0.0,186.41
1790417368.78,0,59951.0,0.0,193.33
1790417368.78,1,57297.0,0.0,189.84
1790417368.78,2,57189.0,0.0,195.7
1790417368.78,3,57517.0,0.0,185.16
1790417368.78,4,58145.0,0.0,191.89
1790417368.78,5,57499.0,0.0,188.37
1790417368.78,6,57339.0,0.0,191.57
1790417368.78,7,57319.0,0.0,186.29
1790417369.78,0,59951.0,0.0,193.15
1790417369.781,1,57297.0,0.0,189.91
1790417369.781,2,57189.0,0.0,195.63
1790417369.781,3,57517.0,0.0,185.25
1790417369.781,4,58145.0,0.0,191.68
1790417369.781,5,57499.0,0.0,188.35
1790417369.781,6,57339.0,0.0,191.77
1790417369.781,7,57319.0,0.0,186.43
1790417370.781,0,59951.0,0.0,193.02
1790417370.781,1,57297.0,0.0,189.76
1790417370.781,2,57189.0,0.0,195.47
1790417370.781,3,57517.0,0.0,185.11
1790417370.781,4,58145.0,0.0,191.56
1790417370.781,5,57499.0,0.0,188.39
1790417370.781,6,57339.0,0.0,191.43
1790417370.781,7,57319.0,0.0,186.26
1790417371.781,0,59951.0,0.0,192.85
1790417371.781,1,57297.0,0.0,189.76
1790417371.781,2,57189.0,0.0,195.35
1790417371.781,3,57517.0,0.0,185.07
1790417371.781,4,58145.0,0.0,191.45
1790417371.781,5,57499.0,0.0,188.24
1790417371.781,6,57339.0,0.0,191.22
1790417371.781,7,57319.0,0.0,186.17
1790417372.782,0,59951.0,0.0,192.81
1790417372.782,1,57297.0,0.0,189.68
1790417372.782,2,57189.0,0.0,195.23
1790417372.782,3,57517.0,0.0,185.09
1790417372.782,4,58145.0,0.0,191.46
1790417372.782,5,57499.0,0.0,188.13
1790417372.782,6,57339.0,0.0,191.12
1790417372.782,7,57319.0,0.0,186.16
1790417373.782,0,59951.0,0.0,192.86
1790417373.782,1,57297.0,0.0,189.62
1790417373.782,2,57189.0,0.0,195.21
1790417373.782,3,57517.0,0.0,185.01
1790417373.782,4,58145.0,0.0,191.43
1790417373.782,5,57499.0,0.0,188.11
1790417373.782,6,57339.0,0.0,191.08
1790417373.782,7,57319.0,0.0,186.16
1790417374.782,0,59951.0,0.0,192.57
1790417374.782,1,57297.0,0.0,189.7
1790417374.782,2,57189.0,0.0,195.22
1790417374.782,3,57517.0,0.0,185.13
1790417374.782,4,58145.0,0.0,191.25
1790417374.782,5,57499.0,0.0,188.1
1790417374.782,6,57339.0,0.0,191.04
1790417374.782,7,57319.0,0.0,186.26
1790417375.783,0,59951.0,0.0,192.49
1790417375.783,1,57297.0,0.0,189.54
1790417375.783,2,57189.0,0.0,194.97
1790417375.783,3,57517.0,0.0,184.9
1790417375.783,4,58145.0,0.0,191.12
1790417375.783,5,57499.0,0.0,188.1
1790417375.783,6,57339.0,0.0,190.79
1790417375.783,7,57319.0,0.0,186.1
1790417376.783,0,59951.0,0.0,192.42
1790417376.783,1,57297.0,0.0,189.49
1790417376.783,2,57189.0,0.0,194.93
1790417376.783,3,57517.0,0.0,184.9
1790417376.783,4,58145.0,0.0,191.11
1790417376.783,5,57499.0,0.0,187.99
1790417376.783,6,57339.0,0.0,190.7
1790417376.783,7,57319.0,0.0,186.07
1790417377.783,0,59951.0,0.0,192.34
1790417377.783,1,57297.0,0.0,189.41
1790417377.783,2,57189.0,0.0,194.79
1790417377.783,3,57517.0,0.0,184.9
1790417377.783,4,58145.0,0.0,191.0
1790417377.783,5,57499.0,0.0,187.98
1790417377.783,6,57339.0,0.0,190.62
1790417377.783,7,57319.0,0.0,185.97
1790417378.784,0,59951.0,0.0,192.38
1790417378.784,1,57297.0,0.0,189.36
1790417378.784,2,57189.0,0.0,194.69
1790417378.784,3,57517.0,0.0,184.77
1790417378.784,4,58145.0,0.0,191.05
1790417378.784,5,57499.0,0.0,187.92
1790417378.784,6,57339.0,0.0,190.51
1790417378.784,7,57319.0,0.0,185.94
1790417379.784,0,59951.0,0.0,192.14
1790417379.784,1,57297.0,0.0,189.43
1790417379.784,2,57189.0,0.0,194.75
1790417379.784,3,57517.0,0.0,184.89
1790417379.784,4,58145.0,0.0,190.82
1790417379.784,5,57499.0,0.0,187.91
1790417379.784,6,57339.0,0.0,190.63
1790417379.784,7,57319.0,0.0,186.07
1790417380.785,0,59951.0,0.0,191.98
1790417380.785,1,57297.0,0.0,189.3
1790417380.785,2,57189.0,0.0,194.55
1790417380.785,3,57517.0,0.0,184.79
1790417380.785,4,58145.0,0.0,190.69
1790417380.785,5,57499.0,0.0,187.99
1790417380.785,6,57339.0,0.0,190.4
1790417380.785,7,57319.0,0.0,185.92
1790417381.785,0,59951.0,0.0,192.0
1790417381.785,1,57297.0,0.0,189.23
1790417381.785,2,57189.0,0.0,194.44
1790417381.785,3,57517.0,0.0,184.79
1790417381.785,4,58145.0,0.0,190.71
1790417381.785,5,57499.0,0.0,187.9
1790417381.785,6,57339.0,0.0,190.23
1790417381.785,7,57319.0,0.0,185.91
1790417382.786,0,59951.0,0.0,191.88
1790417382.786,1,57297.0,0.0,189.2
1790417382.786,2,57189.0,0.0,194.38
1790417382.786,3,57517.0,0.0,184.78
1790417382.786,4,58145.0,0.0,190.66
1790417382.786,5,57499.0,0.0,187.81
1790417382.786,6,57339.0,0.0,190.22
1790417382.786,7,57319.0,0.0,185.91
1790417383.786,0,59951.0,0.0,191.94
1790417383.786,1,57297.0,0.0,189.26
1790417383.786,2,57189.0,0.0,194.32
1790417383.786,3,57517.0,0.0,184.66
1790417383.786,4,58145.0,0.0,190.71
1790417383.786,5,57499.0,0.0,187.83
1790417383.786,6,57339.0,0.0,190.08
1790417383.786,7,57319.0,0.0,185.83
1790417384.786,0,59951.0,0.0,191.76
1790417384.786,1,57297.0,0.0,189.34
1790417384.786,2,57189.0,0.0,194.32
1790417384.786,3,57517.0,0.0,184.84
1790417384.787,4,58145.0,0.0,190.53
1790417384.787,5,57499.0,0.0,187.77
1790417384.787,6,57339.0,0.0,190.13
1790417384.787,7,57319.0,0.0,185.92
1790417385.787,0,59951.0,0.0,191.77
1790417385.8,1,57297.0,0.0,189.27
1790417385.801,2,57189.0,0.0,194.22
1790417385.801,3,57517.0,0.0,184.66
1790417385.801,4,58145.0,0.0,190.56
1790417385.801,5,57499.0,0.0,187.92
1790417385.801,6,57339.0,0.0,190.05
1790417385.802,7,57319.0,0.0,185.83
1790417386.802,0,59951.0,0.0,191.65
1790417386.808,1,57297.0,0.0,189.29
1790417386.808,2,57189.0,0.0,194.17
1790417386.808,3,57517.0,0.0,184.7
1790417386.808,4,58145.0,0.0,190.39
1790417386.808,5,57499.0,0.0,187.87
1790417386.808,6,57339.0,0.0,189.99
1790417386.808,7,57319.0,0.0,185.78
1790417387.809,0,59951.0,0.0,191.51
1790417387.809,1,57297.0,0.0,189.16
1790417387.809,2,57189.0,0.0,194.02
1790417387.809,3,57517.0,0.0,184.56
1790417387.809,4,58145.0,0.0,190.22
1790417387.809,5,57499.0,0.0,187.8
1790417387.809,6,57339.0,0.0,189.82
1790417387.809,7,57319.0,0.0,185.76
1790417388.809,0,59951.0,0.0,191.62
1790417388.809,1,57297.0,0.0,189.15
1790417388.809,2,57189.0,0.0,193.84
1790417388.809,3,57517.0,0.0,184.62
1790417388.809,4,58145.0,0.0,190.29
1790417388.809,5,57499.0,0.0,187.78
1790417388.809,6,57339.0,0.0,189.71
1790417388.809,7,57319.0,0.0,185.72
1790417389.81,0,59951.0,0.0,191.27
1790417389.81,1,57297.0,0.0,189.22
1790417389.81,2,57189.0,0.0,193.95
1790417389.81,3,57517.0,0.0,184.62
1790417389.81,4,58145.0,0.0,190.14
1790417389.81,5,57499.0,0.0,187.68
1790417389.81,6,57339.0,0.0,189.74
1790417389.81,7,57319.0,0.0,185.83
1790417390.81,0,59951.0,0.0,191.21
1790417390.81,1,57297.0,0.0,189.07
1790417390.81,2,57189.0,0.0,193.78
1790417390.81,3,57517.0,0.0,184.46
1790417390.81,4,58145.0,0.0,190.03
1790417390.81,5,57499.0,0.0,187.83
1790417390.81,6,57339.0,0.0,189.54
1790417390.81,7,57319.0,0.0,185.67
1790417391.81,0,59951.0,0.0,191.15
1790417391.81,1,57297.0,0.0,189.07
1790417391.81,2,57189.0,0.0,193.73
1790417391.81,3,57517.0,0.0,184.42
1790417391.81,4,58145.0,0.0,190.03
1790417391.81,5,57499.0,0.0,187.74
1790417391.81,6,57339.0,0.0,189.52
1790417391.811,7,57319.0,0.0,185.68
1790417392.811,0,59951.0,0.0,191.09
1790417392.811,1,57297.0,0.0,189.07
1790417392.811,2,57189.0,0.0,193.64
1790417392.811,3,57517.0,0.0,184.4
1790417392.811,4,58145.0,0.0,190.03
1790417392.811,5,57499.0,0.0,187.6
1790417392.811,6,57339.0,0.0,189.49
1790417392.811,7,57319.0,0.0,185.7
1790417393.811,0,59951.0,0.0,191.1
1790417393.811,1,57297.0,0.0,189.02
1790417393.811,2,57189.0,0.0,193.57
1790417393.811,3,57517.0,0.0,184.41
1790417393.811,4,58145.0,0.0,190.11
1790417393.811,5,57499.0,0.0,187.58
1790417393.811,6,57339.0,0.0,189.45
1790417393.811,7,57319.0,0.0,185.67
1790417394.811,0,59951.0,0.0,190.87
1790417394.811,1,57297.0,0.0,189.17
1790417394.811,2,57189.0,0.0,193.64
1790417394.811,3,57517.0,0.0,184.54
1790417394.811,4,58145.0,0.0,189.91
1790417394.811,5,57499.0,0.0,187.53
1790417394.811,6,57339.0,0.0,189.42
1790417394.811,7,57319.0,0.0,185.84
1790417395.812,0,59951.0,0.0,190.9
1790417395.812,1,57297.0,0.0,188.92
1790417395.812,2,57189.0,0.0,193.34
1790417395.812,3,57517.0,0.0,184.3
1790417395.812,4,58145.0,0.0,189.76
1790417395.812,5,57499.0,0.0,187.62
1790417395.812,6,57339.0,0.0,189.21
1790417395.812,7,57319.0,0.0,185.58
1790417396.812,0,59951.0,0.0,190.8
1790417396.812,1,57297.0,0.0,188.89
1790417396.812,2,57189.0,0.0,193.37
1790417396.812,3,57517.0,0.0,184.31
1790417396.812,4,58145.0,0.0,189.74
1790417396.812,5,57499.0,0.0,187.5
1790417396.812,6,57339.0,0.0,189.19
1790417396.812,7,57319.0,0.0,185.52
1790417397.812,0,59951.0,0.0,190.75
1790417397.812,1,57297.0,0.0,188.86
1790417397.812,2,57189.0,0.0,193.34
1790417397.812,3,57517.0,0.0,184.37
1790417397.812,4,58145.0,0.0,189.68
1790417397.812,5,57499.0,0.0,187.53
1790417397.812,6,57339.0,0.0,189.11
1790417397.813,7,57319.0,0.0,185.57
1790417398.813,0,59951.0,0.0,190.84
1790417398.813,1,57297.0,0.0,188.87
1790417398.813,2,57189.0,0.0,193.26
1790417398.813,3,57517.0,0.0,184.33
1790417398.813,4,58145.0,0.0,189.79
1790417398.813,5,57499.0,0.0,187.43
1790417398.813,6,57339.0,0.0,189.08
1790417398.813,7,57319.0,0.0,185.52
1790417399.813,0,59951.0,0.0,190.6
1790417399.813,1,57297.0,0.0,188.91
1790417399.813,2,57189.0,0.0,193.3
1790417399.813,3,57517.0,0.0,184.38
1790417399.813,4,58145.0,0.0,189.56
1790417399.813,5,57499.0,0.0,187.39
1790417399.813,6,57339.0,0.0,189.2
1790417399.813,7,57319.0,0.0,185.61
1790417400.813,0,59951.0,0.0,190.58
1790417400.813,1,57297.0,0.0,188.82
1790417400.813,2,57189.0,0.0,193.2
1790417400.813,3,57517.0,0.0,184.27
1790417400.813,4,58145.0,0.0,189.5
1790417400.813,5,57499.0,0.0,187.52
1790417400.813,6,57339.0,0.0,188.94
1790417400.813,7,57319.0,0.0,185.51
1790417401.814,0,59951.0,0.0,190.55
1790417401.814,1,57297.0,0.0,188.82
1790417401.814,2,57189.0,0.0,193.14
1790417401.814,3,57517.0,0.0,184.27
1790417401.814,4,58145.0,0.0,189.53
1790417401.814,5,57499.0,0.0,187.42
1790417401.814,6,57339.0,0.0,188.88
1790417401.814,7,57319.0,0.0,185.52
1790417402.814,0,59951.0,0.0,190.46
1790417402.814,1,57297.0,0.0,188.74
1790417402.814,2,57189.0,0.0,193.16
1790417402.814,3,57517.0,0.0,184.24
1790417402.814,4,58145.0,0.0,189.45
1790417402.814,5,57499.0,0.0,187.39
1790417402.814,6,57339.0,0.0,188.75
1790417402.814,7,57319.0,0.0,185.42
1790417403.814,0,59951.0,0.0,190.58
1790417403.814,1,57297.0,0.0,188.85
1790417403.814,2,57189.0,0.0,193.04
1790417403.814,3,57517.0,0.0,184.21
1790417403.814,4,58145.0,0.0,189.46
1790417403.814,5,57499.0,0.0,187.35
1790417403.814,6,57339.0,0.0,188.83
1790417403.814,7,57319.0,0.0,185.45
1790417404.815,0,59951.0,0.0,190.35
1790417404.815,1,57297.0,0.0,188.83
1790417404.815,2,57189.0,0.0,193.09
1790417404.815,3,57517.0,0.0,184.3
1790417404.815,4,58145.0,0.0,189.38
1790417404.816,5,57499.0,0.0,187.33
1790417404.816,6,57339.0,0.0,188.84
1790417404.816,7,57319.0,0.0,185.61
1790417405.816,0,59951.0,0.0,190.42
1790417405.82,1,57297.0,0.0,188.75
1790417405.82,2,57189.0,0.0,192.97
1790417405.82,3,57517.0,0.0,184.27
1790417405.82,4,58145.0,0.0,189.46
1790417405.82,5,57499.0,0.0,187.53
1790417405.82,6,57339.0,0.0,188.75
1790417405.82,7,57319.0,0.0,185.45
1790417406.82,0,59951.0,0.0,190.35
1790417406.82,1,57297.0,0.0,188.79
1790417406.82,2,57189.0,0.0,192.93
1790417406.82,3,57517.0,0.0,184.37
1790417406.82,4,58145.0,0.0,189.31
1790417406.82,5,57499.0,0.0,187.39
1790417406.82,6,57339.0,0.0,188.65
1790417406.82,7,57319.0,0.0,185.46
1790417407.82,0,59951.0,0.0,190.23
1790417407.82,1,57297.0,0.0,188.66
1790417407.82,2,57189.0,0.0,192.79
1790417407.82,3,57517.0,0.0,184.23
1790417407.821,4,58145.0,0.0,189.17
1790417407.821,5,57499.0,0.0,187.27
1790417407.821,6,57339.0,0.0,188.55
1790417407.821,7,57319.0,0.0,185.36
1790417408.821,0,59951.0,0.0,190.33
1790417408.821,1,57297.0,0.0,188.6
1790417408.821,2,57189.0,0.0,192.72
1790417408.821,3,57517.0,0.0,184.21
1790417408.821,4,58145.0,0.0,189.32
1790417408.821,5,57499.0,0.0,187.28
1790417408.821,6,57339.0,0.0,188.53
1790417408.821,7,57319.0,0.0,185.37
1790417409.821,0,59951.0,0.0,190.14
1790417409.821,1,57297.0,0.0,188.75
1790417409.821,2,57189.0,0.0,192.85
1790417409.821,3,57517.0,0.0,184.3
1790417409.821,4,58145.0,0.0,189.14
1790417409.821,5,57499.0,0.0,187.29
1790417409.822,6,57339.0,0.0,188.51
1790417409.822,7,57319.0,0.0,185.5
1790417410.822,0,59951.0,0.0,190.06
1790417410.822,1,57297.0,0.0,188.62
1790417410.822,2,57189.0,0.0,192.63
1790417410.822,3,57517.0,0.0,184.19
1790417410.822,4,58145.0,0.0,189.09
1790417410.822,5,57499.0,0.0,187.43
1790417410.822,6,57339.0,0.0,188.38
1790417410.822,7,57319.0,0.0,185.37
1790417411.822,0,59951.0,0.0,190.05
1790417411.822,1,57297.0,0.0,188.66
1790417411.822,2,57189.0,0.0,192.61
1790417411.822,3,57517.0,0.0,184.15
1790417411.822,4,58145.0,0.0,189.08
1790417411.822,5,57499.0,0.0,187.22
1790417411.822,6,57339.0,0.0,188.32
1790417411.822,7,57319.0,0.0,185.35
1790417412.822,0,59951.0,0.0,190.01
1790417412.822,1,57297.0,0.0,188.61
1790417412.822,2,57189.0,0.0,192.62
1790417412.822,3,57517.0,0.0,184.19
1790417412.823,4,58145.0,0.0,188.99
1790417412.823,5,57499.0,0.0,187.24
1790417412.823,6,57339.0,0.0,188.35
1790417412.823,7,57319.0,0.0,185.31
1790417413.823,0,59951.0,0.0,190.02
1790417413.823,1,57297.0,0.0,188.59
1790417413.823,2,57189.0,0.0,192.55
1790417413.823,3,57517.0,0.0,184.12
1790417413.823,4,58145.0,0.0,189.17
1790417413.823,5,57499.0,0.0,187.21
1790417413.823,6,57339.0,0.0,188.25
1790417413.823,7,57319.0,0.0,185.33
1790417414.823,0,59951.0,0.0,189.88
1790417414.823,1,57297.0,0.0,188.69
1790417414.823,2,57189.0,0.0,192.6
1790417414.823,3,57517.0,0.0,184.22
1790417414.823,4,58145.0,0.0,188.91
1790417414.823,5,57499.0,0.0,187.22
1790417414.823,6,57339.0,0.0,188.3
1790417414.823,7,57319.0,0.0,185.46
1790417415.823,0,59951.0,0.0,189.9
1790417415.823,1,57297.0,0.0,188.54
1790417415.824,2,57189.0,0.0,192.48
1790417415.824,3,57517.0,0.0,184.07
1790417415.824,4,58145.0,0.0,188.9
1790417415.824,5,57499.0,0.0,187.35
1790417415.824,6,57339.0,0.0,188.21
1790417415.824,7,57319.0,0.0,185.29
1790417416.824,0,59951.0,0.0,189.86
1790417416.824,1,57297.0,0.0,188.53
1790417416.824,2,57189.0,0.0,192.38
1790417416.824,3,57517.0,0.0,184.09
1790417416.824,4,58145.0,0.0,188.84
1790417416.824,5,57499.0,0.0,187.17
1790417416.824,6,57339.0,0.0,188.15
1790417416.824,7,57319.0,0.0,185.32
1790417417.824,0,59951.0,0.0,189.78
1790417417.824,1,57297.0,0.0,188.52
1790417417.824,2,57189.0,0.0,192.28
1790417417.824,3,57517.0,0.0,184.11
1790417417.824,4,58145.0,0.0,188.86
1790417417.824,5,57499.0,0.0,187.2
1790417417.824,6,57339.0,0.0,188.08
1790417417.824,7,57319.0,0.0,185.23
1790417418.825,0,59951.0,0.0,189.94
1790417418.825,1,57297.0,0.0,188.43
1790417418.825,2,57189.0,0.0,192.31
1790417418.825,3,57517.0,0.0,184.09
1790417418.825,4,58145.0,0.0,188.94
1790417418.825,5,57499.0,0.0,187.22
1790417418.825,6,57339.0,0.0,187.97
1790417418.825,7,57319.0,0.0,185.25
1790417419.825,0,59951.0,0.0,189.67
1790417419.825,1,57297.0,0.0,188.54
1790417419.825,2,57189.0,0.0,192.4
1790417419.825,3,57517.0,0.0,184.15
1790417419.825,4,58145.0,0.0,188.81
1790417419.825,5,57499.0,0.0,187.2
1790417419.825,6,57339.0,0.0,188.14
1790417419.825,7,57319.0,0.0,185.34
1790417420.825,0,59951.0,0.0,189.61
1790417420.825,1,57297.0,0.0,188.49
1790417420.825,2,57189.0,0.0,192.26
1790417420.825,3,57517.0,0.0,184.05
1790417420.825,4,58145.0,0.0,188.78
1790417420.825,5,57499.0,0.0,187.24
1790417420.825,6,57339.0,0.0,188.0
1790417420.826,7,57319.0,0.0,185.26
1790417421.826,0,59951.0,0.0,189.68
1790417421.826,1,57297.0,0.0,188.49
1790417421.826,2,57189.0,0.0,192.23
1790417421.826,3,57517.0,0.0,184.06
1790417421.826,4,58145.0,0.0,188.82
1790417421.826,5,57499.0,0.0,187.19
1790417421.826,6,57339.0,0.0,187.93
1790417421.826,7,57319.0,0.0,185.18
1790417422.826,0,59951.0,0.0,189.58
1790417422.826,1,57297.0,0.0,188.39
1790417422.826,2,57189.0,0.0,192.13
1790417422.826,3,57517.0,0.0,184.04
1790417422.826,4,58145.0,0.0,188.75
1790417422.826,5,57499.0,0.0,187.14
1790417422.826,6,57339.0,0.0,187.85
1790417422.826,7,57319.0,0.0,185.19
1790417423.827,0,59951.0,0.0,189.71
1790417423.827,1,57297.0,0.0,188.39
1790417423.827,2,57189.0,0.0,192.17
1790417423.827,3,57517.0,0.0,184.01
1790417423.827,4,58145.0,0.0,188.79
1790417423.827,5,57499.0,0.0,187.12
1790417423.827,6,57339.0,0.0,187.84
1790417423.827,7,57319.0,0.0,185.23
1790417424.827,0,59951.0,0.0,189.57
1790417424.836,1,57297.0,0.0,188.51
1790417424.836,2,57189.0,0.0,192.23
1790417424.836,3,57517.0,0.0,184.17
1790417424.836,4,58145.0,0.0,188.63
1790417424.836,5,57499.0,0.0,187.12
1790417424.837,6,57339.0,0.0,187.94
1790417424.837,7,57319.0,0.0,185.32
1790417425.837,0,59951.0,0.0,189.62
1790417425.837,1,57297.0,0.0,188.51
1790417425.837,2,57189.0,0.0,192.14
1790417425.837,3,57517.0,0.0,184.02
1790417425.837,4,58145.0,0.0,188.65
1790417425.837,5,57499.0,0.0,187.31
1790417425.837,6,57339.0,0.0,187.81
1790417425.837,7,57319.0,0.0,185.21
1790417426.838,0,59951.0,0.0,189.6
1790417426.838,1,57297.0,0.0,188.55
1790417426.838,2,57189.0,0.0,192.06
1790417426.838,3,57517.0,0.0,184.11
1790417426.838,4,58145.0,0.0,188.62
1790417426.838,5,57499.0,0.0,187.22
1790417426.838,6,57339.0,0.0,187.77
1790417426.838,7,57319.0,0.0,185.3
1790417427.838,0,59951.0,0.0,189.47
1790417427.838,1,57297.0,0.0,188.32
1790417427.838,2,57189.0,0.0,192.03
1790417427.838,3,57517.0,0.0,184.03
1790417427.839,4,58145.0,0.0,188.53
1790417427.839,5,57499.0,0.0,187.13
1790417427.839,6,57339.0,0.0,187.67
1790417427.839,7,57319.0,0.0,185.21
1790417428.839,0,59951.0,0.0,189.51
1790417428.839,1,57297.0,0.0,188.37
1790417428.839,2,57189.0,0.0,191.98
1790417428.839,3,57517.0,0.0,184.01
1790417428.839,4,58145.0,0.0,188.66
1790417428.839,5,57499.0,0.0,187.11
1790417428.839,6,57339.0,0.0,187.66
1790417428.839,7,57319.0,0.0,185.15
1790417429.839,0,59951.0,0.0,189.37
1790417429.839,1,57297.0,0.0,188.52
1790417429.839,2,57189.0,0.0,192.04
1790417429.839,3,57517.0,0.0,184.05
1790417429.839,4,58145.0,0.0,188.47
1790417429.839,5,57499.0,0.0,187.13
1790417429.839,6,57339.0,0.0,187.72
1790417429.84,7,57319.0,0.0,185.24
1790417430.84,0,59951.0,0.0,189.31
1790417430.84,1,57297.0,0.0,188.33
1790417430.84,2,57189.0,0.0,191.96
1790417430.84,3,57517.0,0.0,183.95
1790417430.84,4,58145.0,0.0,188.38
1790417430.84,5,57499.0,0.0,187.25
1790417430.84,6,57339.0,0.0,187.6
1790417430.84,7,57319.0,0.0,185.1
1790417431.84,0,59951.0,0.0,189.22
1790417431.84,1,57297.0,0.0,188.26
1790417431.84,2,57189.0,0.0,191.88
1790417431.84,3,57517.0,0.0,183.88
1790417431.84,4,58145.0,0.0,188.38
1790417431.84,5,57499.0,0.0,187.11
1790417431.84,6,57339.0,0.0,187.63
1790417431.84,7,57319.0,0.0,185.07
1790417432.841,0,59951.0,0.0,189.28
1790417432.841,1,57297.0,0.0,188.3
1790417432.841,2,57189.0,0.0,191.99
1790417432.841,3,57517.0,0.0,183.88
1790417432.841,4,58145.0,0.0,188.42
1790417432.841,5,57499.0,0.0,187.08
1790417432.841,6,57339.0,0.0,187.52
1790417432.841,7,57319.0,0.0,185.15
1790417433.841,0,59951.0,0.0,189.35
1790417433.841,1,57297.0,0.0,188.32
1790417433.841,2,57189.0,0.0,191.93
1790417433.841,3,57517.0,0.0,183.86
1790417433.841,4,58145.0,0.0,188.56
1790417433.841,5,57499.0,0.0,187.06
1790417433.841,6,57339.0,0.0,187.55
1790417433.841,7,57319.0,0.0,185.19
1790417434.842,0,59951.0,0.0,189.2
1790417434.842,1,57297.0,0.0,188.46
1790417434.842,2,57189.0,0.0,191.96
1790417434.842,3,57517.0,0.0,184.0
1790417434.842,4,58145.0,0.0,188.32
1790417434.842,5,57499.0,0.0,187.02
1790417434.842,6,57339.0,0.0,187.72
1790417434.842,7,57319.0,0.0,185.32
1790417435.842,0,59951.0,0.0,189.16
1790417435.842,1,57297.0,0.0,188.27
1790417435.842,2,57189.0,0.0,191.74
1790417435.842,3,57517.0,0.0,183.83
1790417435.842,4,58145.0,0.0,188.38
1790417435.842,5,57499.0,0.0,187.14
1790417435.842,6,57339.0,0.0,187.44
1790417435.843,7,57319.0,0.0,185.1
1790417436.843,0,59951.0,0.0,189.18
1790417436.843,1,57297.0,0.0,188.24
1790417436.843,2,57189.0,0.0,191.76
1790417436.843,3,57517.0,0.0,183.8
1790417436.843,4,58145.0,0.0,188.32
1790417436.843,5,57499.0,0.0,187.03
1790417436.843,6,57339.0,0.0,187.5
1790417436.843,7,57319.0,0.0,185.09
1790417437.843,0,59951.0,0.0,189.13
1790417437.843,1,57297.0,0.0,188.23
1790417437.843,2,57189.0,0.0,191.71
1790417437.843,3,57517.0,0.0,183.83
1790417437.843,4,58145.0,0.0,188.32
1790417437.843,5,57499.0,0.0,187.0
1790417437.843,6,57339.0,0.0,187.41
1790417437.843,7,57319.0,0.0,185.09
1790417438.844,0,59951.0,0.0,189.24
1790417438.844,1,57297.0,0.0,188.22
1790417438.844,2,57189.0,0.0,191.67
1790417438.844,3,57517.0,0.0,183.81
1790417438.844,4,58145.0,0.0,188.44
1790417438.844,5,57499.0,0.0,187.01
1790417438.844,6,57339.0,0.0,187.38
1790417438.844,7,57319.0,0.0,185.04
1790417439.844,0,59951.0,0.0,189.05
1790417439.844,1,57297.0,0.0,188.34
1790417439.844,2,57189.0,0.0,191.73
1790417439.844,3,57517.0,0.0,183.93
1790417439.844,4,58145.0,0.0,188.31
1790417439.844,5,57499.0,0.0,186.94
1790417439.844,6,57339.0,0.0,187.42
1790417439.844,7,57319.0,0.0,185.26
1790417440.845,0,59951.0,0.0,188.98
1790417440.845,1,57297.0,0.0,188.22
1790417440.845,2,57189.0,0.0,191.62
1790417440.845,3,57517.0,0.0,183.77
1790417440.845,4,58145.0,0.0,188.25
1790417440.845,5,57499.0,0.0,187.06
1790417440.845,6,57339.0,0.0,187.24
1790417440.845,7,57319.0,0.0,185.07
1790417441.845,0,59951.0,0.0,188.99
1790417441.845,1,57297.0,0.0,188.19
1790417441.845,2,57189.0,0.0,191.59
1790417441.845,3,57517.0,0.0,183.79
1790417441.845,4,58145.0,0.0,188.31
1790417441.845,5,57499.0,0.0,186.92
1790417441.845,6,57339.0,0.0,187.3
1790417441.845,7,57319.0,0.0,185.07
1790417442.845,0,59951.0,0.0,188.98
1790417442.845,1,57297.0,0.0,188.15
1790417442.846,2,57189.0,0.0,191.58
1790417442.846,3,57517.0,0.0,183.76
1790417442.846,4,58145.0,0.0,188.29
1790417442.846,5,57499.0,0.0,186.96
1790417442.846,6,57339.0,0.0,187.21
1790417442.846,7,57319.0,0.0,185.08
1790417443.846,0,59951.0,0.0,189.03
1790417443.846,1,57297.0,0.0,188.14
1790417443.846,2,57189.0,0.0,191.57
1790417443.846,3,57517.0,0.0,183.74
1790417443.846,4,58145.0,0.0,188.35
1790417443.846,5,57499.0,0.0,187.0
1790417443.846,6,57339.0,0.0,187.16
1790417443.846,7,57319.0,0.0,185.02
1790417444.846,0,59951.0,0.0,188.87
1790417444.846,1,57297.0,0.0,188.29
1790417444.846,2,57189.0,0.0,191.59
1790417444.846,3,57517.0,0.0,183.9
1790417444.846,4,58145.0,0.0,188.17
1790417444.846,5,57499.0,0.0,187.01
1790417444.846,6,57339.0,0.0,187.21
1790417444.846,7,57319.0,0.0,185.12
1790417445.847,0,59951.0,0.0,189.01
1790417445.854,1,57297.0,0.0,188.21
1790417445.854,2,57189.0,0.0,191.58
1790417445.854,3,57517.0,0.0,183.79
1790417445.854,4,58145.0,0.0,188.25
1790417445.854,5,57499.0,0.0,187.18
1790417445.854,6,57339.0,0.0,187.21
1790417445.854,7,57319.0,0.0,185.0
1790417446.855,0,59951.0,0.0,188.95
1790417446.855,1,57297.0,0.0,188.26
1790417446.855,2,57189.0,0.0,191.55
1790417446.855,3,57517.0,0.0,183.88
1790417446.855,4,58145.0,0.0,188.22
1790417446.855,5,57499.0,0.0,187.07
1790417446.855,6,57339.0,0.0,187.19
1790417446.855,7,57319.0,0.0,185.09
1790417447.855,0,59951.0,0.0,188.82
1790417447.855,1,57297.0,0.0,188.1
1790417447.855,2,57189.0,0.0,191.44
1790417447.855,3,57517.0,0.0,183.84
1790417447.855,4,58145.0,0.0,188.09
1790417447.855,5,57499.0,0.0,186.98
1790417447.855,6,57339.0,0.0,187.11
1790417447.855,7,57319.0,0.0,184.98
1790417448.856,0,59951.0,0.0,188.9
1790417448.856,1,57297.0,0.0,188.14
1790417448.856,2,57189.0,0.0,191.49
1790417448.856,3,57517.0,0.0,183.8
1790417448.856,4,58145.0,0.0,188.21
1790417448.856,5,57499.0,0.0,186.9
1790417448.856,6,57339.0,0.0,186.98
1790417448.856,7,57319.0,0.0,184.97
1790417449.856,0,59951.0,0.0,188.76
1790417449.856,1,57297.0,0.0,188.2
1790417449.856,2,57189.0,0.0,191.56
1790417449.856,3,57517.0,0.0,183.88
1790417449.856,4,58145.0,0.0,188.09
1790417449.856,5,57499.0,0.0,186.85
1790417449.856,6,57339.0,0.0,187.1
1790417449.856,7,57319.0,0.0,185.06
1790417450.856,0,59951.0,0.0,188.76
1790417450.856,1,57297.0,0.0,188.07
1790417450.856,2,57189.0,0.0,191.46
1790417450.857,3,57517.0,0.0,183.87
1790417450.857,4,58145.0,0.0,188.08
1790417450.857,5,57499.0,0.0,187.0
1790417450.857,6,57339.0,0.0,187.02
1790417450.857,7,57319.0,0.0,184.95
1790417451.857,0,59951.0,0.0,188.67
1790417451.924,1,57297.0,0.0,188.08
1790417451.924,2,57189.0,0.0,191.45
1790417451.924,3,57517.0,0.0,183.85
1790417451.924,4,58145.0,0.0,188.07
1790417451.924,5,57499.0,0.0,186.94
1790417451.924,6,57339.0,0.0,186.81
1790417451.924,7,57319.0,0.0,184.97
1790417452.925,0,59951.0,0.0,188.67
1790417452.925,1,57297.0,0.0,188.09
1790417452.925,2,57189.0,0.0,191.42
1790417452.925,3,57517.0,0.0,183.79
1790417452.925,4,58145.0,0.0,187.93
1790417452.925,5,57499.0,0.0,186.92
1790417452.925,6,57339.0,0.0,186.94
1790417452.925,7,57319.0,0.0,184.96
1790417453.925,0,59951.0,0.0,188.79
1790417453.925,1,57297.0,0.0,188.11
1790417453.925,2,57189.0,0.0,191.47
1790417453.925,3,57517.0,0.0,183.73
1790417453.925,4,58145.0,0.0,188.03
1790417453.925,5,57499.0,0.0,186.94
1790417453.925,6,57339.0,0.0,186.98
1790417453.925,7,57319.0,0.0,184.95
1790417454.926,0,59951.0,0.0,188.7
1790417454.926,1,57297.0,0.0,188.2
1790417454.926,2,57189.0,0.0,191.33
1790417454.926,3,57517.0,0.0,183.84
1790417454.926,4,58145.0,0.0,187.83
1790417454.926,5,57499.0,0.0,186.99
1790417454.926,6,57339.0,0.0,186.97
1790417454.926,7,57319.0,0.0,185.05
1790417455.926,0,59951.0,0.0,188.66
1790417455.926,1,57297.0,0.0,188.12
1790417455.926,2,57189.0,0.0,191.25
1790417455.926,3,57517.0,0.0,183.71
1790417455.926,4,58145.0,0.0,187.85
1790417455.926,5,57499.0,0.0,186.8
1790417455.926,6,57339.0,0.0,186.85
1790417455.926,7,57319.0,0.0,184.91
1790417456.926,0,59951.0,0.0,188.64
1790417456.927,1,57297.0,0.0,188.1
1790417456.927,2,57189.0,0.0,191.3
1790417456.927,3,57517.0,0.0,183.74
1790417456.927,4,58145.0,0.0,187.83
1790417456.927,5,57499.0,0.0,186.79
1790417456.927,6,57339.0,0.0,186.74
1790417456.927,7,57319.0,0.0,184.91
1790417457.927,0,59951.0,0.0,188.55
1790417457.927,1,57297.0,0.0,188.09
1790417457.927,2,57189.0,0.0,191.28
1790417457.927,3,57517.0,0.0,183.79
1790417457.927,4,58145.0,0.0,187.79
1790417457.927,5,57499.0,0.0,186.82
1790417457.927,6,57339.0,0.0,186.76
1790417457.927,7,57319.0,0.0,184.89
1790417458.927,0,59951.0,0.0,188.64
1790417458.927,1,57297.0,0.0,188.0
1790417458.927,2,57189.0,0.0,191.37
1790417458.927,3,57517.0,0.0,183.73
1790417458.927,4,58145.0,0.0,187.96
1790417458.927,5,57499.0,0.0,186.8
1790417458.927,6,57339.0,0.0,186.79
1790417458.927,7,57319.0,0.0,184.89
1790417459.928,0,59951.0,0.0,188.51
1790417459.928,1,57297.0,0.0,188.18
1790417459.928,2,57189.0,0.0,191.29
1790417459.928,3,57517.0,0.0,183.82
1790417459.928,4,58145.0,0.0,187.82
1790417459.928,5,57499.0,0.0,186.94
1790417459.928,6,57339.0,0.0,186.93
1790417459.928,7,57319.0,0.0,184.96
1790417460.928,0,59951.0,0.0,188.51
1790417460.928,1,57297.0,0.0,188.01
1790417460.928,2,57189.0,0.0,191.27
1790417460.928,3,57517.0,0.0,183.73
1790417460.928,4,58145.0,0.0,187.83
1790417460.928,5,57499.0,0.0,186.85
1790417460.928,6,57339.0,0.0,186.73
1790417460.929,7,57319.0,0.0,184.83
1790417461.929,0,59951.0,0.0,188.54
1790417461.929,1,57297.0,0.0,188.01
1790417461.929,2,57189.0,0.0,191.28
1790417461.929,3,57517.0,0.0,183.72
1790417461.929,4,58145.0,0.0,187.73
1790417461.929,5,57499.0,0.0,186.87
1790417461.929,6,57339.0,0.0,186.71
1790417461.929,7,57319.0,0.0,184.91
1790417462.929,0,59951.0,0.0,188.51
1790417462.929,1,57297.0,0.0,188.08
1790417462.929,2,57189.0,0.0,191.21
1790417462.929,3,57517.0,0.0,183.71
1790417462.929,4,58145.0,0.0,187.72
1790417462.929,5,57499.0,0.0,186.81
1790417462.929,6,57339.0,0.0,186.69
1790417462.929,7,57319.0,0.0,184.83
1790417463.93,0,59951.0,0.0,188.67
1790417463.93,1,57297.0,0.0,188.04
1790417463.93,2,57189.0,0.0,191.32
1790417463.93,3,57517.0,0.0,183.57
1790417463.93,4,58145.0,0.0,187.84
1790417463.93,5,57499.0,0.0,186.75
1790417463.93,6,57339.0,0.0,186.61
1790417463.93,7,57319.0,0.0,184.91
1790417464.93,0,59951.0,0.0,188.5
1790417464.93,1,57297.0,0.0,188.18
1790417464.93,2,57189.0,0.0,191.16
1790417464.93,3,57517.0,0.0,183.8
1790417464.93,4,58145.0,0.0,187.68
1790417464.93,5,57499.0,0.0,186.91
1790417464.93,6,57339.0,0.0,186.72
1790417464.93,7,57319.0,0.0,184.98
1790417465.93,0,59951.0,0.0,188.55
1790417465.935,1,57297.0,0.0,188.11
1790417465.935,2,57189.0,0.0,191.21
1790417465.935,3,57517.0,0.0,183.71
1790417465.935,4,58145.0,0.0,187.85
1790417465.935,5,57499.0,0.0,186.9
1790417465.935,6,57339.0,0.0,186.66
1790417465.935,7,57319.0,0.0,184.83
1790417466.936,0,59951.0,0.0,188.45
1790417466.936,1,57297.0,0.0,188.11
1790417466.936,2,57189.0,0.0,191.26
1790417466.936,3,57517.0,0.0,183.79
1790417466.936,4,58145.0,0.0,187.7
1790417466.936,5,57499.0,0.0,186.84
1790417466.936,6,57339.0,0.0,186.6
1790417466.936,7,57319.0,0.0,184.9
1790417467.936,0,59951.0,0.0,188.37
1790417467.936,1,57297.0,0.0,187.94
1790417467.936,2,57189.0,0.0,191.08
1790417467.936,3,57517.0,0.0,183.73
1790417467.936,4,58145.0,0.0,187.62
1790417467.936,5,57499.0,0.0,186.82
1790417467.936,6,57339.0,0.0,186.51
1790417467.936,7,57319.0,0.0,184.74
1790417468.936,0,59951.0,0.0,188.49
1790417468.936,1,57297.0,0.0,187.91
1790417468.936,2,57189.0,0.0,191.22
1790417468.936,3,57517.0,0.0,183.74
1790417468.936,4,58145.0,0.0,187.76
1790417468.936,5,57499.0,0.0,186.79
1790417468.937,6,57339.0,0.0,186.51
1790417468.937,7,57319.0,0.0,184.81
1790417469.937,0,59951.0,0.0,188.27
1790417469.937,1,57297.0,0.0,188.07
1790417469.937,2,57189.0,0.0,191.06
1790417469.937,3,57517.0,0.0,183.82
1790417469.937,4,58145.0,0.0,187.6
1790417469.937,5,57499.0,0.0,186.88
1790417469.937,6,57339.0,0.0,186.67
1790417469.937,7,57319.0,0.0,184.94
1790417470.937,0,59951.0,0.0,188.29
1790417470.937,1,57297.0,0.0,187.96
1790417470.937,2,57189.0,0.0,191.01
1790417470.937,3,57517.0,0.0,183.66
1790417470.937,4,58145.0,0.0,187.61
1790417470.937,5,57499.0,0.0,186.76
1790417470.937,6,57339.0,0.0,186.47
1790417470.937,7,57319.0,0.0,184.84
1790417471.938,0,59951.0,0.0,188.32
1790417471.938,1,57297.0,0.0,187.92
1790417471.938,2,57189.0,0.0,191.04
1790417471.938,3,57517.0,0.0,183.68
1790417471.938,4,58145.0,0.0,187.62
1790417471.938,5,57499.0,0.0,186.72
1790417471.938,6,57339.0,0.0,186.49
1790417471.938,7,57319.0,0.0,184.81
1790417472.938,0,59951.0,0.0,188.33
1790417472.938,1,57297.0,0.0,187.97
1790417472.938,2,57189.0,0.0,191.09
1790417472.938,3,57517.0,0.0,183.68
1790417472.938,4,58145.0,0.0,187.6
1790417472.938,5,57499.0,0.0,186.79
1790417472.938,6,57339.0,0.0,186.56
1790417472.938,7,57319.0,0.0,184.82
1790417473.938,0,59951.0,0.0,188.43
1790417473.938,1,57297.0,0.0,187.96
1790417473.938,2,57189.0,0.0,191.12
1790417473.938,3,57517.0,0.0,183.65
1790417473.938,4,58145.0,0.0,187.78
1790417473.938,5,57499.0,0.0,186.69
1790417473.938,6,57339.0,0.0,186.4
1790417473.938,7,57319.0,0.0,184.74
1790417474.939,0,59951.0,0.0,188.27
1790417474.939,1,57297.0,0.0,188.05
1790417474.939,2,57189.0,0.0,191.02
1790417474.939,3,57517.0,0.0,183.75
1790417474.939,4,58145.0,0.0,187.52
1790417474.939,5,57499.0,0.0,186.88
1790417474.939,6,57339.0,0.0,186.58
1790417474.939,7,57319.0,0.0,184.88
1790417475.939,0,59951.0,0.0,188.27
1790417475.939,1,57297.0,0.0,187.96
1790417475.939,2,57189.0,0.0,190.91
1790417475.939,3,57517.0,0.0,183.66
1790417475.939,4,58145.0,0.0,187.52
1790417475.939,5,57499.0,0.0,186.74
1790417475.939,6,57339.0,0.0,186.47
1790417475.939,7,57319.0,0.0,184.76
1790417476.939,0,59951.0,0.0,188.24
1790417476.94,1,57297.0,0.0,187.92
1790417476.94,2,57189.0,0.0,190.95
1790417476.94,3,57517.0,0.0,183.66
1790417476.94,4,58145.0,0.0,187.5
1790417476.94,5,57499.0,0.0,186.71
1790417476.94,6,57339.0,0.0,186.41
1790417476.94,7,57319.0,0.0,184.72
1790417477.94,0,59951.0,0.0,188.21
1790417477.94,1,57297.0,0.0,187.92
1790417477.94,2,57189.0,0.0,190.94
1790417477.94,3,57517.0,0.0,183.63
1790417477.94,4,58145.0,0.0,187.48
1790417477.94,5,57499.0,0.0,186.76
1790417477.94,6,57339.0,0.0,186.46
1790417477.94,7,57319.0,0.0,184.75
1790417478.94,0,59951.0,0.0,188.42
1790417478.94,1,57297.0,0.0,187.92
1790417478.94,2,57189.0,0.0,191.06
1790417478.94,3,57517.0,0.0,183.61
1790417478.94,4,58145.0,0.0,187.62
1790417478.94,5,57499.0,0.0,186.84
1790417478.94,6,57339.0,0.0,186.38
1790417478.94,7,57319.0,0.0,184.71
1790417479.941,0,59951.0,0.0,188.21
1790417479.941,1,57297.0,0.0,188.03
1790417479.941,2,57189.0,0.0,190.88
1790417479.941,3,57517.0,0.0,183.75
1790417479.941,4,58145.0,0.0,187.55
1790417479.941,5,57499.0,0.0,186.88
1790417479.941,6,57339.0,0.0,186.53
1790417479.941,7,57319.0,0.0,184.85
1790417480.941,0,59951.0,0.0,188.22
1790417480.941,1,57297.0,0.0,187.86
1790417480.941,2,57189.0,0.0,190.9
1790417480.941,3,57517.0,0.0,183.64
1790417480.941,4,58145.0,0.0,187.49
1790417480.941,5,57499.0,0.0,186.72
1790417480.941,6,57339.0,0.0,186.4
1790417480.941,7,57319.0,0.0,184.74
1790417481.941,0,59951.0,0.0,188.18
1790417481.999,1,57297.0,0.0,187.85
1790417481.999,2,57189.0,0.0,190.94
1790417481.999,3,57517.0,0.0,183.63
1790417481.999,4,58145.0,0.0,187.56
1790417481.999,5,57499.0,0.0,186.7
1790417481.999,6,57339.0,0.0,186.34
1790417481.999,7,57319.0,0.0,184.74
1790417482.999,0,59951.0,0.0,188.19
1790417482.999,1,57297.0,0.0,187.83
1790417482.999,2,57189.0,0.0,190.84
1790417482.999,3,57517.0,0.0,183.61
1790417482.999,4,58145.0,0.0,187.45
1790417482.999,5,57499.0,0.0,186.73
1790417482.999,6,57339.0,0.0,186.38
1790417482.999,7,57319.0,0.0,184.65
1790417484.0,0,59951.0,0.0,188.3
1790417484.0,1,57297.0,0.0,187.83
1790417484.0,2,57189.0,0.0,190.95
1790417484.0,3,57517.0,0.0,183.65
1790417484.0,4,58145.0,0.0,187.61
1790417484.0,5,57499.0,0.0,186.65
1790417484.0,6,57339.0,0.0,186.49
1790417484.0,7,57319.0,0.0,184.68
1790417485.0,0,59951.0,0.0,188.15
1790417485.003,1,57297.0,0.0,187.99
1790417485.003,2,57189.0,0.0,190.84
1790417485.003,3,57517.0,0.0,183.71
1790417485.003,4,58145.0,0.0,187.41
1790417485.003,5,57499.0,0.0,186.77
1790417485.003,6,57339.0,0.0,186.33
1790417485.004,7,57319.0,0.0,184.85
1790417486.004,0,59951.0,0.0,188.16
1790417486.004,1,57297.0,0.0,187.93
1790417486.004,2,57189.0,0.0,190.91
1790417486.004,3,57517.0,0.0,183.72
1790417486.014,4,58145.0,0.0,187.58
1790417486.014,5,57499.0,0.0,186.79
1790417486.014,6,57339.0,0.0,186.43
1790417486.014,7,57319.0,0.0,184.71
1790417487.014,0,59951.0,0.0,188.15
1790417487.015,1,57297.0,0.0,187.88
1790417487.015,2,57189.0,0.0,190.9
1790417487.015,3,57517.0,0.0,183.73
1790417487.015,4,58145.0,0.0,187.49
1790417487.015,5,57499.0,0.0,186.74
1790417487.015,6,57339.0,0.0,186.31
1790417487.015,7,57319.0,0.0,184.81
1790417488.015,0,59951.0,0.0,188.11
1790417488.015,1,57297.0,0.0,187.9
1790417488.015,2,57189.0,0.0,190.79
1790417488.015,3,57517.0,0.0,183.59
1790417488.015,4,58145.0,0.0,187.44
1790417488.015,5,57499.0,0.0,186.69
1790417488.015,6,57339.0,0.0,186.28
1790417488.015,7,57319.0,0.0,184.75
1790417489.015,0,59951.0,0.0,188.18
1790417489.015,1,57297.0,0.0,187.83
1790417489.015,2,57189.0,0.0,190.98
1790417489.015,3,57517.0,0.0,183.68
1790417489.015,4,58145.0,0.0,187.58
1790417489.015,5,57499.0,0.0,186.71
1790417489.015,6,57339.0,0.0,186.45
1790417489.015,7,57319.0,0.0,184.72
1790417490.016,0,59951.0,0.0,188.02
1790417490.016,1,57297.0,0.0,187.89
1790417490.016,2,57189.0,0.0,190.76
1790417490.016,3,57517.0,0.0,183.67
1790417490.016,4,58145.0,0.0,187.45
1790417490.016,5,57499.0,0.0,186.82
1790417490.016,6,57339.0,0.0,186.26
1790417490.016,7,57319.0,0.0,184.88
1790417491.016,0,59951.0,0.0,188.07
1790417491.016,1,57297.0,0.0,187.8
1790417491.016,2,57189.0,0.0,190.73
1790417491.016,3,57517.0,0.0,183.62
1790417491.016,4,58145.0,0.0,187.39
1790417491.016,5,57499.0,0.0,186.59
1790417491.016,6,57339.0,0.0,186.3
1790417491.016,7,57319.0,0.0,184.76
1790417492.016,0,59951.0,0.0,188.04
1790417492.016,1,57297.0,0.0,187.77
1790417492.016,2,57189.0,0.0,190.76
1790417492.016,3,57517.0,0.0,183.59
1790417492.016,4,58145.0,0.0,187.4
1790417492.016,5,57499.0,0.0,186.95
1790417492.016,6,57339.0,0.0,186.09
1790417492.016,7,57319.0,0.0,184.74
1790417493.017,0,59951.0,0.0,188.02
1790417493.017,1,57297.0,0.0,187.75
1790417493.017,2,57189.0,0.0,190.79
1790417493.017,3,57517.0,0.0,183.51
1790417493.017,4,58145.0,0.0,187.36
1790417493.017,5,57499.0,0.0,186.8
1790417493.017,6,57339.0,0.0,186.18
1790417493.017,7,57319.0,0.0,184.77
1790417494.017,0,59951.0,0.0,188.15
1790417494.017,1,57297.0,0.0,187.74
1790417494.017,2,57189.0,0.0,190.86
1790417494.017,3,57517.0,0.0,183.68
1790417494.017,4,58145.0,0.0,187.47
1790417494.017,5,57499.0,0.0,186.77
1790417494.017,6,57339.0,0.0,186.23
1790417494.017,7,57319.0,0.0,184.77
1790417495.017,0,59951.0,0.0,187.98
1790417495.018,1,57297.0,0.0,187.88
1790417495.018,2,57189.0,0.0,190.77
1790417495.018,3,57517.0,0.0,183.71
1790417495.018,4,58145.0,0.0,187.29
1790417495.018,5,57499.0,0.0,186.81
1790417495.018,6,57339.0,0.0,186.02
1790417495.018,7,57319.0,0.0,184.87
1790417496.018,0,59951.0,0.0,188.0
1790417496.018,1,57297.0,0.0,187.66
1790417496.018,2,57189.0,0.0,190.72
1790417496.018,3,57517.0,0.0,183.65
1790417496.018,4,58145.0,0.0,187.25
1790417496.018,5,57499.0,0.0,186.65
1790417496.018,6,57339.0,0.0,186.19
1790417496.018,7,57319.0,0.0,184.7
1790417497.018,0,59951.0,0.0,187.96
1790417497.018,1,57297.0,0.0,187.74
1790417497.018,2,57189.0,0.0,190.72
1790417497.018,3,57517.0,0.0,183.6
1790417497.018,4,58145.0,0.0,187.27
1790417497.018,5,57499.0,0.0,186.61
1790417497.018,6,57339.0,0.0,186.01
1790417497.018,7,57319.0,0.0,184.74
1790417498.018,0,59951.0,0.0,187.93
1790417498.019,1,57297.0,0.0,187.8
1790417498.019,2,57189.0,0.0,190.69
1790417498.019,3,57517.0,0.0,183.47
1790417498.019,4,58145.0,0.0,187.31
1790417498.019,5,57499.0,0.0,186.7
1790417498.019,6,57339.0,0.0,186.18
1790417498.019,7,57319.0,0.0,184.66
1790417499.019,0,59951.0,0.0,188.06
1790417499.019,1,57297.0,0.0,187.76
1790417499.019,2,57189.0,0.0,190.82
1790417499.019,3,57517.0,0.0,183.62
1790417499.019,4,58145.0,0.0,187.29
1790417499.019,5,57499.0,0.0,186.66
1790417499.019,6,57339.0,0.0,186.19
1790417499.019,7,57319.0,0.0,184.71
1790417500.019,0,59951.0,0.0,187.89
1790417500.019,1,57297.0,0.0,187.9
1790417500.019,2,57189.0,0.0,190.65
1790417500.019,3,57517.0,0.0,183.53
1790417500.019,4,58145.0,0.0,187.26
1790417500.019,5,57499.0,0.0,186.77
1790417500.019,6,57339.0,0.0,186.07
1790417500.019,7,57319.0,0.0,184.77
1790417501.019,0,59951.0,0.0,187.89
1790417501.019,1,57297.0,0.0,187.76
1790417501.019,2,57189.0,0.0,190.64
1790417501.019,3,57517.0,0.0,183.49
1790417501.019,4,58145.0,0.0,187.31
1790417501.019,5,57499.0,0.0,186.72
1790417501.019,6,57339.0,0.0,186.08
1790417501.019,7,57319.0,0.0,184.7
1790417502.02,0,59951.0,0.0,187.9
1790417502.02,1,57297.0,0.0,187.78
1790417502.02,2,57189.0,0.0,190.69
1790417502.02,3,57517.0,0.0,183.57
1790417502.02,4,58145.0,0.0,187.19
1790417502.02,5,57499.0,0.0,186.68
1790417502.02,6,57339.0,0.0,186.12
1790417502.02,7,57319.0,0.0,184.72
1790417503.02,0,59951.0,0.0,187.95
1790417503.02,1,57297.0,0.0,187.73
1790417503.02,2,57189.0,0.0,190.67
1790417503.02,3,57517.0,0.0,183.62
1790417503.02,4,58145.0,0.0,187.25
1790417503.02,5,57499.0,0.0,186.64
1790417503.02,6,57339.0,0.0,186.15
1790417503.02,7,57319.0,0.0,184.7
1790417504.02,0,59951.0,0.0,188.05
1790417504.02,1,57297.0,0.0,187.72
1790417504.02,2,57189.0,0.0,190.78
1790417504.02,3,57517.0,0.0,183.7
1790417504.02,4,58145.0,0.0,187.29
1790417504.02,5,57499.0,0.0,186.68
1790417504.02,6,57339.0,0.0,186.11
1790417504.02,7,57319.0,0.0,184.67
1790417505.021,0,59951.0,0.0,187.88
1790417505.023,1,57297.0,0.0,187.78
1790417505.023,2,57189.0,0.0,190.63
1790417505.023,3,57517.0,0.0,183.74
1790417505.024,4,58145.0,0.0,187.18
1790417505.024,5,57499.0,0.0,186.75
1790417505.024,6,57339.0,0.0,186.01
1790417505.024,7,57319.0,0.0,184.79
1790417506.024,0,59951.0,0.0,187.99
1790417506.024,1,57297.0,0.0,187.78
1790417506.024,2,57189.0,0.0,190.69
1790417506.024,3,57517.0,0.0,183.65
1790417506.024,4,58145.0,0.0,187.34
1790417506.024,5,57499.0,0.0,186.67
1790417506.024,6,57339.0,0.0,186.04
1790417506.024,7,57319.0,0.0,184.69
1790417507.025,0,59951.0,0.0,187.96
1790417507.025,1,57297.0,0.0,187.79
1790417507.025,2,57189.0,0.0,190.66
1790417507.025,3,57517.0,0.0,183.63
1790417507.025,4,58145.0,0.0,187.23
1790417507.025,5,57499.0,0.0,186.72
1790417507.025,6,57339.0,0.0,185.98
1790417507.025,7,57319.0,0.0,184.71
1790417508.025,0,59951.0,0.0,187.84
1790417508.025,1,57297.0,0.0,187.62
1790417508.025,2,57189.0,0.0,190.58
1790417508.025,3,57517.0,0.0,183.63
1790417508.025,4,58145.0,0.0,187.19
1790417508.025,5,57499.0,0.0,186.59
1790417508.025,6,57339.0,0.0,185.99
1790417508.025,7,57319.0,0.0,184.73
1790417509.025,0,59951.0,0.0,188.0
1790417509.025,1,57297.0,0.0,187.64
1790417509.025,2,57189.0,0.0,190.7
1790417509.025,3,57517.0,0.0,183.65
1790417509.025,4,58145.0,0.0,187.29
1790417509.025,5,57499.0,0.0,186.66
1790417509.025,6,57339.0,0.0,186.01
1790417509.025,7,57319.0,0.0,184.68
1790417510.026,0,59951.0,0.0,187.82
1790417510.026,1,57297.0,0.0,187.84
1790417510.026,2,57189.0,0.0,190.59
1790417510.026,3,57517.0,0.0,183.69
1790417510.026,4,58145.0,0.0,187.19
1790417510.026,5,57499.0,0.0,186.74
1790417510.026,6,57339.0,0.0,185.99
1790417510.026,7,57319.0,0.0,184.78
1790417511.026,0,59951.0,0.0,187.79
1790417511.026,1,57297.0,0.0,187.68
1790417511.026,2,57189.0,0.0,190.55
1790417511.026,3,57517.0,0.0,183.63
1790417511.026,4,58145.0,0.0,187.14
1790417511.026,5,57499.0,0.0,186.58
1790417511.026,6,57339.0,0.0,185.92
1790417511.026,7,57319.0,0.0,184.65
1790417512.027,0,59951.0,0.0,187.81
1790417512.027,1,57297.0,0.0,187.62
1790417512.027,2,57189.0,0.0,190.62
1790417512.027,3,57517.0,0.0,183.59
1790417512.027,4,58145.0,0.0,187.15
1790417512.027,5,57499.0,0.0,186.6
1790417512.027,6,57339.0,0.0,186.01
1790417512.027,7,57319.0,0.0,184.67
1790417513.027,0,59951.0,0.0,187.82
1790417513.027,1,57297.0,0.0,187.68
1790417513.027,2,57189.0,0.0,190.55
1790417513.027,3,57517.0,0.0,183.58
1790417513.027,4,58145.0,0.0,187.12
1790417513.027,5,57499.0,0.0,186.66
1790417513.027,6,57339.0,0.0,185.95
1790417513.027,7,57319.0,0.0,184.64
1790417514.028,0,59951.0,0.0,187.93
1790417514.028,1,57297.0,0.0,187.68
1790417514.028,2,57189.0,0.0,190.65
1790417514.028,3,57517.0,0.0,183.73
1790417514.028,4,58145.0,0.0,187.2
1790417514.028,5,57499.0,0.0,186.65
1790417514.028,6,57339.0,0.0,186.1
1790417514.028,7,57319.0,0.0,184.65
1790417515.028,0,59951.0,0.0,187.79
1790417515.028,1,57297.0,0.0,187.76
1790417515.028,2,57189.0,0.0,190.47
1790417515.028,3,57517.0,0.0,183.69
1790417515.028,4,58145.0,0.0,187.12
1790417515.028,5,57499.0,0.0,186.65
1790417515.028,6,57339.0,0.0,186.0
1790417515.028,7,57319.0,0.0,184.73
1790417516.028,0,59951.0,0.0,187.76
1790417516.029,1,57297.0,0.0,187.7
1790417516.029,2,57189.0,0.0,190.5
1790417516.029,3,57517.0,0.0,183.57
1790417516.029,4,58145.0,0.0,187.07
1790417516.029,5,57499.0,0.0,186.64
1790417516.029,6,57339.0,0.0,185.93
1790417516.029,7,57319.0,0.0,184.62
1790417517.029,0,59951.0,0.0,187.78
1790417517.029,1,57297.0,0.0,187.68
1790417517.029,2,57189.0,0.0,190.46
1790417517.029,3,57517.0,0.0,183.56
1790417517.029,4,58145.0,0.0,187.05
1790417517.029,5,57499.0,0.0,186.64
1790417517.029,6,57339.0,0.0,186.0
1790417517.029,7,57319.0,0.0,184.66
1790417518.029,0,59951.0,0.0,187.75
1790417518.029,1,57297.0,0.0,187.62
1790417518.029,2,57189.0,0.0,190.48
1790417518.029,3,57517.0,0.0,183.63
1790417518.029,4,58145.0,0.0,187.15
1790417518.029,5,57499.0,0.0,186.59
1790417518.03,6,57339.0,0.0,185.95
1790417518.03,7,57319.0,0.0,184.62
1790417519.03,0,59951.0,0.0,187.82
1790417519.03,1,57297.0,0.0,187.65
1790417519.03,2,57189.0,0.0,190.58
1790417519.03,3,57517.0,0.0,183.68
1790417519.03,4,58145.0,0.0,187.24
1790417519.03,5,57499.0,0.0,186.58
1790417519.03,6,57339.0,0.0,186.1
1790417519.03,7,57319.0,0.0,184.68
1790417520.03,0,59951.0,0.0,187.74
1790417520.03,1,57297.0,0.0,187.74
1790417520.03,2,57189.0,0.0,190.49
1790417520.03,3,57517.0,0.0,183.63
1790417520.03,4,58145.0,0.0,187.07
1790417520.03,5,57499.0,0.0,186.7
1790417520.03,6,57339.0,0.0,185.93
1790417520.03,7,57319.0,0.0,184.75
1790417521.031,0,59951.0,0.0,187.73
1790417521.031,1,57297.0,0.0,187.64
1790417521.031,2,57189.0,0.0,190.47
1790417521.031,3,57517.0,0.0,183.6
1790417521.031,4,58145.0,0.0,187.05
1790417521.031,5,57499.0,0.0,186.56
1790417521.031,6,57339.0,0.0,185.9
1790417521.031,7,57319.0,0.0,184.66
1790417522.031,0,59951.0,0.0,187.74
1790417522.031,1,57297.0,0.0,187.64
1790417522.031,2,57189.0,0.0,190.48
1790417522.031,3,57517.0,0.0,183.59
1790417522.031,4,58145.0,0.0,187.09
1790417522.031,5,57499.0,0.0,186.55
1790417522.031,6,57339.0,0.0,185.93
1790417522.031,7,57319.0,0.0,184.59
1790417523.032,0,59951.0,0.0,187.7
1790417523.032,1,57297.0,0.0,187.66
1790417523.032,2,57189.0,0.0,190.46
1790417523.032,3,57517.0,0.0,183.5
1790417523.032,4,58145.0,0.0,187.03
1790417523.032,5,57499.0,0.0,186.81
1790417523.032,6,57339.0,0.0,185.93
1790417523.032,7,57319.0,0.0,184.59
1790417524.032,0,59951.0,0.0,187.8
1790417524.032,1,57297.0,0.0,187.62
1790417524.032,2,57189.0,0.0,190.65
1790417524.032,3,57517.0,0.0,183.56
1790417524.032,4,58145.0,0.0,187.17
1790417524.032,5,57499.0,0.0,186.57
1790417524.032,6,57339.0,0.0,186.04
1790417524.032,7,57319.0,0.0,184.63
1790417525.033,0,59951.0,0.0,187.73
1790417525.037,1,57297.0,0.0,187.76
1790417525.037,2,57189.0,0.0,190.46
1790417525.037,3,57517.0,0.0,183.6
1790417525.037,4,58145.0,0.0,187.16
1790417525.037,5,57499.0,0.0,186.74
1790417525.037,6,57339.0,0.0,185.88
1790417525.037,7,57319.0,0.0,184.74
1790417526.038,0,59951.0,0.0,187.79
1790417526.038,1,57297.0,0.0,187.68
1790417526.038,2,57189.0,0.0,190.48
1790417526.038,3,57517.0,0.0,183.57
1790417526.038,4,58145.0,0.0,187.17
1790417526.038,5,57499.0,0.0,186.68
1790417526.038,6,57339.0,0.0,185.94
1790417526.038,7,57319.0,0.0,184.61
1790417527.038,0,59951.0,0.0,187.69
1790417527.038,1,57297.0,0.0,187.65
1790417527.038,2,57189.0,0.0,190.51
1790417527.038,3,57517.0,0.0,183.59
1790417527.038,4,58145.0,0.0,187.12
1790417527.038,5,57499.0,0.0,186.63
1790417527.038,6,57339.0,0.0,185.88
1790417527.038,7,57319.0,0.0,184.7
1790417528.038,0,59951.0,0.0,187.66
1790417528.038,1,57297.0,0.0,187.63
1790417528.038,2,57189.0,0.0,190.44
1790417528.038,3,57517.0,0.0,183.44
1790417528.038,4,58145.0,0.0,187.03
1790417528.038,5,57499.0,0.0,186.65
1790417528.038,6,57339.0,0.0,185.94
1790417528.038,7,57319.0,0.0,184.63
1790417529.039,0,59951.0,0.0,187.77
1790417529.039,1,57297.0,0.0,187.63
1790417529.039,2,57189.0,0.0,190.51
1790417529.039,3,57517.0,0.0,183.53
1790417529.039,4,58145.0,0.0,187.19
1790417529.039,5,57499.0,0.0,186.66
1790417529.039,6,57339.0,0.0,185.94
1790417529.039,7,57319.0,0.0,184.63
1790417530.039,0,59951.0,0.0,187.62
1790417530.039,1,57297.0,0.0,187.72
1790417530.039,2,57189.0,0.0,190.41
1790417530.039,3,57517.0,0.0,183.52
1790417530.039,4,58145.0,0.0,187.07
1790417530.039,5,57499.0,0.0,186.75
1790417530.039,6,57339.0,0.0,185.92
1790417530.039,7,57319.0,0.0,184.74
1790417531.039,0,59951.0,0.0,187.6
1790417531.039,1,57297.0,0.0,187.59
1790417531.039,2,57189.0,0.0,190.41
1790417531.039,3,57517.0,0.0,183.45
1790417531.039,4,58145.0,0.0,186.99
1790417531.039,5,57499.0,0.0,186.62
1790417531.039,6,57339.0,0.0,185.8
1790417531.039,7,57319.0,0.0,184.62
1790417532.04,0,59951.0,0.0,187.62
1790417532.04,1,57297.0,0.0,187.65
1790417532.04,2,57189.0,0.0,190.41
1790417532.04,3,57517.0,0.0,183.43
1790417532.04,4,58145.0,0.0,187.02
1790417532.04,5,57499.0,0.0,186.56
1790417532.04,6,57339.0,0.0,185.88
1790417532.04,7,57319.0,0.0,184.61
1790417533.04,0,59951.0,0.0,187.64
1790417533.04,1,57297.0,0.0,187.68
1790417533.04,2,57189.0,0.0,190.48
1790417533.04,3,57517.0,0.0,183.49
1790417533.04,4,58145.0,0.0,187.09
1790417533.04,5,57499.0,0.0,186.61
1790417533.04,6,57339.0,0.0,185.8
1790417533.04,7,57319.0,0.0,184.68
1790417534.041,0,59951.0,0.0,187.72
1790417534.041,1,57297.0,0.0,187.62
1790417534.041,2,57189.0,0.0,190.51
1790417534.041,3,57517.0,0.0,183.61
1790417534.041,4,58145.0,0.0,187.19
1790417534.041,5,57499.0,0.0,186.55
1790417534.041,6,57339.0,0.0,185.94
1790417534.041,7,57319.0,0.0,184.6
1790417535.041,0,59951.0,0.0,187.64
1790417535.041,1,57297.0,0.0,187.75
1790417535.041,2,57189.0,0.0,190.4
1790417535.041,3,57517.0,0.0,183.6
1790417535.041,4,58145.0,0.0,186.96
1790417535.041,5,57499.0,0.0,186.79
1790417535.041,6,57339.0,0.0,185.83
1790417535.041,7,57319.0,0.0,184.74
1790417536.041,0,59951.0,0.0,187.63
1790417536.042,1,57297.0,0.0,187.62
1790417536.042,2,57189.0,0.0,190.41
1790417536.042,3,57517.0,0.0,183.56
1790417536.042,4,58145.0,0.0,186.99
1790417536.042,5,57499.0,0.0,186.54
1790417536.042,6,57339.0,0.0,185.75
1790417536.042,7,57319.0,0.0,184.64
1790417537.042,0,59951.0,0.0,187.62
1790417537.042,1,57297.0,0.0,187.58
1790417537.042,2,57189.0,0.0,190.39
1790417537.042,3,57517.0,0.0,183.55
1790417537.042,4,58145.0,0.0,187.04
1790417537.042,5,57499.0,0.0,186.6
1790417537.042,6,57339.0,0.0,185.81
1790417537.042,7,57319.0,0.0,184.6
1790417538.042,0,59951.0,0.0,187.67
1790417538.042,1,57297.0,0.0,187.64
1790417538.042,2,57189.0,0.0,190.34
1790417538.042,3,57517.0,0.0,183.59
1790417538.042,4,58145.0,0.0,186.99
1790417538.042,5,57499.0,0.0,186.61
1790417538.042,6,57339.0,0.0,185.75
1790417538.042,7,57319.0,0.0,184.6
1790417539.042,0,59951.0,0.0,187.8
1790417539.047,1,57297.0,0.0,187.62
1790417539.047,2,57189.0,0.0,190.49
1790417539.047,3,57517.0,0.0,183.6
1790417539.047,4,58145.0,0.0,187.17
1790417539.047,5,57499.0,0.0,186.59
1790417539.047,6,57339.0,0.0,185.91
1790417539.048,7,57319.0,0.0,184.58
1790417540.048,0,59951.0,0.0,187.62
1790417540.048,1,57297.0,0.0,187.67
1790417540.048,2,57189.0,100.0,190.6
1790417540.048,3,57517.0,0.0,183.68
1790417540.048,4,58145.0,0.0,187.0
1790417540.048,5,57499.0,0.0,186.73
1790417540.048,6,57339.0,0.0,185.75
1790417540.048,7,57319.0,0.0,184.69
1790417541.048,0,59951.0,0.0,187.58
1790417541.048,1,57297.0,0.0,187.61
1790417541.048,2,57189.0,100.0,190.5
1790417541.048,3,57517.0,0.0,183.52
1790417541.048,4,58145.0,0.0,187.07
1790417541.048,5,57499.0,0.0,186.62
1790417541.048,6,57339.0,0.0,185.76
1790417541.048,7,57319.0,0.0,184.63
1790417542.049,0,59951.0,0.0,187.63
1790417542.049,1,57297.0,0.0,187.61
1790417542.049,2,57189.0,100.0,190.59
1790417542.049,3,57517.0,0.0,183.45
1790417542.049,4,58145.0,0.0,186.97
1790417542.049,5,57499.0,0.0,186.63
1790417542.049,6,57339.0,0.0,185.79
1790417542.049,7,57319.0,0.0,184.65
1790417543.049,0,59951.0,0.0,187.59
1790417543.049,1,57297.0,0.0,187.64
1790417543.049,2,57189.0,100.0,190.5
1790417543.049,3,57517.0,0.0,183.49
1790417543.049,4,58145.0,0.0,187.0
1790417543.049,5,57499.0,0.0,186.65
1790417543.049,6,57339.0,0.0,185.74
1790417543.049,7,57319.0,0.0,184.62
1790417544.049,0,59951.0,0.0,187.7
1790417544.049,1,57297.0,0.0,187.58
1790417544.049,2,57189.0,100.0,190.65
1790417544.049,3,57517.0,0.0,183.57
1790417544.049,4,58145.0,0.0,187.12
1790417544.049,5,57499.0,0.0,186.62
1790417544.049,6,57339.0,0.0,185.87
1790417544.049,7,57319.0,0.0,184.58
1790417545.05,0,59951.0,0.0,187.5
1790417545.05,1,57297.0,0.0,187.67
1790417545.05,2,57189.0,100.0,190.51
1790417545.05,3,57517.0,0.0,183.6
1790417545.05,4,58145.0,0.0,186.94
1790417545.05,5,57499.0,0.0,186.72
1790417545.05,6,57339.0,0.0,185.77
1790417545.05,7,57319.0,0.0,184.71
1790417546.05,0,59951.0,0.0,187.65
1790417546.054,1,57297.0,0.0,187.71
1790417546.054,2,57189.0,100.0,190.54
1790417546.054,3,57517.0,0.0,183.58
1790417546.054,4,58145.0,0.0,187.12
1790417546.054,5,57499.0,0.0,186.67
1790417546.054,6,57339.0,0.0,185.89
1790417546.055,7,57319.0,0.0,184.65
1790417547.055,0,59951.0,0.0,187.61
1790417547.055,1,57297.0,0.0,187.64
1790417547.055,2,57189.0,100.0,190.55
1790417547.055,3,57517.0,0.0,183.59
1790417547.055,4,58145.0,0.0,187.05
1790417547.055,5,57499.0,0.0,186.66
1790417547.055,6,57339.0,0.0,185.76
1790417547.055,7,57319.0,0.0,184.68
1790417548.055,0,59951.0,0.0,187.53
1790417548.055,1,57297.0,0.0,187.6
1790417548.055,2,57189.0,100.0,190.45
1790417548.055,3,57517.0,0.0,183.57
1790417548.055,4,58145.0,0.0,187.01
1790417548.055,5,57499.0,0.0,186.58
1790417548.055,6,57339.0,0.0,185.76
1790417548.055,7,57319.0,0.0,184.59
1790417549.056,0,59951.0,0.0,187.63
1790417549.056,1,57297.0,0.0,187.59
1790417549.056,2,57189.0,100.0,190.63
1790417549.056,3,57517.0,0.0,183.55
1790417549.056,4,58145.0,0.0,187.05
1790417549.056,5,57499.0,0.0,186.58
1790417549.056,6,57339.0,0.0,185.81
1790417549.056,7,57319.0,0.0,184.6
1790417550.056,0,59951.0,0.0,187.54
1790417550.056,1,57297.0,0.0,187.67
1790417550.056,2,57189.0,100.0,190.52
1790417550.056,3,57517.0,0.0,183.56
1790417550.056,4,58145.0,0.0,186.98
1790417550.056,5,57499.0,0.0,186.72
1790417550.056,6,57339.0,0.0,185.81
1790417550.056,7,57319.0,0.0,184.75
1790417551.057,0,59951.0,0.0,187.56
1790417551.057,1,57297.0,0.0,187.58
1790417551.057,2,57189.0,100.0,190.45
1790417551.057,3,57517.0,0.0,183.45
1790417551.057,4,58145.0,0.0,186.92
1790417551.057,5,57499.0,0.0,186.63
1790417551.057,6,57339.0,0.0,185.69
1790417551.057,7,57319.0,0.0,184.62
1790417552.057,0,59951.0,0.0,187.55
1790417552.057,1,57297.0,0.0,187.58
1790417552.057,2,57189.0,100.0,190.49
1790417552.057,3,57517.0,0.0,183.51
1790417552.057,4,58145.0,0.0,186.95
1790417552.057,5,57499.0,0.0,186.62
1790417552.057,6,57339.0,0.0,185.74
1790417552.057,7,57319.0,0.0,184.59
1790417553.058,0,59951.0,0.0,187.5
1790417553.058,1,57297.0,0.0,187.57
1790417553.058,2,57189.0,100.0,190.48
1790417553.058,3,57517.0,0.0,183.52
1790417553.058,4,58145.0,0.0,186.91
1790417553.058,5,57499.0,0.0,186.64
1790417553.058,6,57339.0,0.0,185.63
1790417553.058,7,57319.0,0.0,184.59
1790417554.058,0,59951.0,0.0,187.68
1790417554.058,1,57297.0,0.0,187.6
1790417554.058,2,57189.0,100.0,190.66
1790417554.058,3,57517.0,100.0,184.02
1790417554.058,4,58145.0,0.0,187.22
1790417554.058,5,57499.0,0.0,186.6
1790417554.058,6,57339.0,0.0,185.81
1790417554.058,7,57319.0,0.0,184.63
1790417555.059,0,59951.0,0.0,187.51
1790417555.059,1,57297.0,100.0,188.08
1790417555.059,2,57189.0,100.0,190.69
1790417555.059,3,57517.0,100.0,184.15
1790417555.059,4,58145.0,0.0,187.12
1790417555.059,5,57499.0,0.0,186.78
1790417555.059,6,57339.0,0.0,185.73
1790417555.059,7,57319.0,0.0,184.8
1790417556.059,0,59951.0,0.0,187.49
1790417556.059,1,57297.0,100.0,187.86
1790417556.059,2,57189.0,100.0,190.38
1790417556.059,3,57517.0,100.0,183.81
1790417556.059,4,58145.0,0.0,186.9
1790417556.059,5,57499.0,0.0,186.63
1790417556.059,6,57339.0,0.0,185.71
1790417556.059,7,57319.0,0.0,184.66
1790417557.059,0,59951.0,0.0,187.48
1790417557.059,1,57297.0,100.0,187.93
1790417557.059,2,57189.0,100.0,190.43
1790417557.059,3,57517.0,100.0,183.77
1790417557.059,4,58145.0,0.0,186.97
1790417557.06,5,57499.0,0.0,186.67
1790417557.06,6,57339.0,0.0,185.69
1790417557.06,7,57319.0,0.0,184.61
1790417558.06,0,59951.0,0.0,187.52
1790417558.06,1,57297.0,100.0,187.86
1790417558.06,2,57189.0,100.0,190.45
1790417558.06,3,57517.0,100.0,183.69
1790417558.06,4,58145.0,0.0,186.95
1790417558.06,5,57499.0,0.0,186.65
1790417558.06,6,57339.0,0.0,185.69
1790417558.06,7,57319.0,0.0,184.65
1790417559.06,0,59951.0,0.0,187.62
1790417559.06,1,57297.0,100.0,187.89
1790417559.06,2,57189.0,100.0,190.56
1790417559.06,3,57517.0,100.0,183.76
1790417559.06,4,58145.0,0.0,187.07
1790417559.06,5,57499.0,0.0,186.73
1790417559.06,6,57339.0,0.0,185.81
1790417559.06,7,57319.0,0.0,184.66
1790417560.06,0,59951.0,0.0,187.45
1790417560.061,1,57297.0,100.0,187.97
1790417560.061,2,57189.0,100.0,190.42
1790417560.061,3,57517.0,100.0,183.8
1790417560.061,4,58145.0,0.0,186.88
1790417560.061,5,57499.0,0.0,186.79
1790417560.061,6,57339.0,0.0,185.68
1790417560.061,7,57319.0,0.0,184.79
1790417561.061,0,59951.0,0.0,187.46
1790417561.061,1,57297.0,100.0,187.91
1790417561.061,2,57189.0,100.0,190.45
1790417561.061,3,57517.0,100.0,183.68
1790417561.061,4,58145.0,0.0,186.96
1790417561.061,5,57499.0,0.0,186.61
1790417561.061,6,57339.0,0.0,185.76
1790417561.061,7,57319.0,0.0,184.63
1790417562.061,0,59951.0,0.0,187.48
1790417562.061,1,57297.0,100.0,187.91
1790417562.061,2,57189.0,100.0,190.4
1790417562.061,3,57517.0,100.0,183.79
1790417562.061,4,58145.0,0.0,186.94
1790417562.061,5,57499.0,0.0,186.66
1790417562.061,6,57339.0,0.0,185.69
1790417562.061,7,57319.0,0.0,184.62
1790417563.062,0,59951.0,0.0,187.5
1790417563.062,1,57297.0,100.0,187.91
1790417563.062,2,57189.0,100.0,190.4
1790417563.062,3,57517.0,100.0,183.71
1790417563.062,4,58145.0,0.0,186.99
1790417563.062,5,57499.0,0.0,186.64
1790417563.062,6,57339.0,0.0,185.74
1790417563.062,7,57319.0,0.0,184.64
1790417564.062,0,59951.0,0.0,187.59
1790417564.062,1,57297.0,100.0,187.94
1790417564.062,2,57189.0,100.0,190.54
1790417564.062,3,57517.0,100.0,183.74
1790417564.062,4,58145.0,0.0,187.09
1790417564.062,5,57499.0,0.0,186.61
1790417564.062,6,57339.0,0.0,185.73
1790417564.062,7,57319.0,0.0,184.59
1790417565.062,0,59951.0,0.0,187.47
1790417565.067,1,57297.0,100.0,188.01
1790417565.067,2,57189.0,100.0,190.42
1790417565.067,3,57517.0,100.0,183.71
1790417565.067,4,58145.0,0.0,186.9
1790417565.067,5,57499.0,0.0,186.68
1790417565.068,6,57339.0,0.0,185.74
1790417565.068,7,57319.0,0.0,184.73
1790417566.068,0,59951.0,100.0,187.88
1790417566.068,1,57297.0,100.0,188.18
1790417566.068,2,57189.0,100.0,190.84
1790417566.068,3,57517.0,100.0,184.25
1790417566.068,4,58145.0,0.0,187.18
1790417566.068,5,57499.0,0.0,186.64
1790417566.068,6,57339.0,0.0,185.65
1790417566.068,7,57319.0,0.0,184.62
1790417567.069,0,59951.0,100.0,187.63
1790417567.069,1,57297.0,100.0,187.97
1790417567.069,2,57189.0,100.0,190.45
1790417567.069,3,57517.0,100.0,183.8
1790417567.069,4,58145.0,0.0,186.87
1790417567.069,5,57499.0,0.0,186.77
1790417567.069,6,57339.0,0.0,185.79
1790417567.069,7,57319.0,0.0,184.74
1790417568.069,0,59951.0,100.0,187.59
1790417568.069,1,57297.0,100.0,187.87
1790417568.069,2,57189.0,100.0,190.42
1790417568.069,3,57517.0,100.0,183.74
1790417568.069,4,58145.0,0.0,186.88
1790417568.069,5,57499.0,0.0,186.61
1790417568.069,6,57339.0,0.0,185.52
1790417568.069,7,57319.0,0.0,184.64
1790417569.07,0,59951.0,100.0,187.67
1790417569.07,1,57297.0,100.0,187.93
1790417569.07,2,57189.0,100.0,190.54
1790417569.07,3,57517.0,100.0,183.78
1790417569.07,4,58145.0,0.0,187.07
1790417569.07,5,57499.0,0.0,186.62
1790417569.07,6,57339.0,0.0,185.82
1790417569.07,7,57319.0,0.0,184.59
1790417570.07,0,59951.0,100.0,187.59
1790417570.07,1,57297.0,100.0,188.02
1790417570.07,2,57189.0,100.0,190.41
1790417570.07,3,57517.0,100.0,183.85
1790417570.07,4,58145.0,0.0,186.93
1790417570.07,5,57499.0,0.0,186.76
1790417570.07,6,57339.0,0.0,185.57
1790417570.07,7,57319.0,0.0,184.73
1790417571.07,0,59951.0,100.0,187.56
1790417571.07,1,57297.0,100.0,187.82
1790417571.07,2,57189.0,100.0,190.39
1790417571.07,3,57517.0,100.0,183.85
1790417571.07,4,58145.0,0.0,186.86
1790417571.07,5,57499.0,0.0,186.55
1790417571.07,6,57339.0,0.0,185.68
1790417571.071,7,57319.0,0.0,184.6
1790417572.071,0,59951.0,100.0,187.64
1790417572.071,1,57297.0,100.0,187.84
1790417572.071,2,57189.0,100.0,190.4
1790417572.071,3,57517.0,100.0,183.79
1790417572.071,4,58145.0,0.0,186.89
1790417572.071,5,57499.0,0.0,186.65
1790417572.071,6,57339.0,0.0,185.53
1790417572.071,7,57319.0,0.0,184.59
1790417573.071,0,59951.0,100.0,187.6
1790417573.071,1,57297.0,100.0,187.89
1790417573.071,2,57189.0,100.0,190.45
1790417573.071,3,57517.0,100.0,183.71
1790417573.071,4,58145.0,0.0,186.83
1790417573.072,5,57499.0,0.0,186.65
1790417573.072,6,57339.0,0.0,185.61
1790417573.072,7,57319.0,0.0,184.6
1790417574.072,0,59951.0,100.0,187.69
1790417574.072,1,57297.0,100.0,187.9
1790417574.072,2,57189.0,100.0,190.52
1790417574.072,3,57517.0,100.0,183.75
1790417574.072,4,58145.0,0.0,186.98
1790417574.072,5,57499.0,0.0,186.65
1790417574.072,6,57339.0,0.0,185.63
1790417574.072,7,57319.0,0.0,184.61
1790417575.073,0,59951.0,100.0,187.55
1790417575.073,1,57297.0,100.0,188.0
1790417575.073,2,57189.0,100.0,190.43
1790417575.073,3,57517.0,100.0,183.8
1790417575.073,4,58145.0,0.0,186.82
1790417575.073,5,57499.0,0.0,186.79
1790417575.073,6,57339.0,0.0,185.62
1790417575.073,7,57319.0,0.0,184.73
1790417576.073,0,59951.0,100.0,187.54
1790417576.073,1,57297.0,100.0,187.9
1790417576.073,2,57189.0,100.0,190.47
1790417576.073,3,57517.0,100.0,183.64
1790417576.073,4,58145.0,0.0,186.83
1790417576.073,5,57499.0,0.0,186.54
1790417576.073,6,57339.0,0.0,185.56
1790417576.073,7,57319.0,0.0,184.55
1790417577.074,0,59951.0,100.0,187.58
1790417577.074,1,57297.0,100.0,187.91
1790417577.074,2,57189.0,100.0,190.39
1790417577.074,3,57517.0,100.0,183.71
1790417577.074,4,58145.0,0.0,186.84
1790417577.074,5,57499.0,0.0,186.66
1790417577.074,6,57339.0,0.0,185.62
1790417577.074,7,57319.0,0.0,184.54
1790417578.074,0,59951.0,100.0,187.53
1790417578.074,1,57297.0,100.0,187.85
1790417578.074,2,57189.0,100.0,190.4
1790417578.074,3,57517.0,100.0,183.7
1790417578.074,4,58145.0,0.0,186.85
1790417578.074,5,57499.0,0.0,186.52
1790417578.074,6,57339.0,0.0,185.52
1790417578.074,7,57319.0,0.0,184.63
1790417579.074,0,59951.0,100.0,187.68
1790417579.074,1,57297.0,100.0,187.9
1790417579.074,2,57189.0,100.0,190.49
1790417579.074,3,57517.0,100.0,183.76
1790417579.074,4,58145.0,0.0,187.07
1790417579.074,5,57499.0,0.0,186.51
1790417579.074,6,57339.0,0.0,185.74
1790417579.074,7,57319.0,0.0,184.57
1790417580.075,0,59951.0,100.0,187.55
1790417580.075,1,57297.0,100.0,187.98
1790417580.075,2,57189.0,100.0,190.38
1790417580.075,3,57517.0,100.0,183.95
1790417580.075,4,58145.0,0.0,186.78
1790417580.075,5,57499.0,0.0,186.56
1790417580.075,6,57339.0,0.0,185.57
1790417580.075,7,57319.0,0.0,184.72
1790417581.075,0,59951.0,100.0,187.6
1790417581.075,1,57297.0,100.0,187.8
1790417581.075,2,57189.0,100.0,190.39
1790417581.075,3,57517.0,100.0,183.76
1790417581.075,4,58145.0,0.0,186.81
1790417581.075,5,57499.0,0.0,186.65
1790417581.075,6,57339.0,0.0,185.48
1790417581.075,7,57319.0,0.0,184.56
1790417582.076,0,59951.0,100.0,187.5
1790417582.076,1,57297.0,100.0,187.8
1790417582.076,2,57189.0,100.0,190.41
1790417582.076,3,57517.0,100.0,183.85
1790417582.076,4,58145.0,0.0,186.8
1790417582.076,5,57499.0,0.0,186.61
1790417582.076,6,57339.0,0.0,185.53
1790417582.076,7,57319.0,0.0,184.56
1790417583.076,0,59951.0,100.0,187.49
1790417583.076,1,57297.0,100.0,187.83
1790417583.076,2,57189.0,100.0,190.39
1790417583.076,3,57517.0,100.0,183.69
1790417583.076,4,58145.0,0.0,186.83
1790417583.076,5,57499.0,0.0,186.57
1790417583.076,6,57339.0,0.0,185.57
1790417583.076,7,57319.0,0.0,184.6
1790417584.077,0,59951.0,100.0,187.63
1790417584.077,1,57297.0,100.0,187.9
1790417584.077,2,57189.0,100.0,190.46
1790417584.077,3,57517.0,100.0,183.85
1790417584.077,4,58145.0,100.0,187.39
1790417584.077,5,57499.0,0.0,187.01
1790417584.077,6,57339.0,0.0,185.73
1790417584.077,7,57319.0,0.0,184.58
1790417585.077,0,59951.0,100.0,187.83
1790417585.081,1,57297.0,100.0,188.4
1790417585.081,2,57189.0,100.0,190.74
1790417585.081,3,57517.0,100.0,184.14
1790417585.081,4,58145.0,100.0,187.4
1790417585.081,5,57499.0,0.0,186.84
1790417585.081,6,57339.0,0.0,185.63
1790417585.082,7,57319.0,100.0,185.12
1790417586.082,0,59951.0,100.0,187.64
1790417586.082,1,57297.0,100.0,187.96
1790417586.082,2,57189.0,100.0,190.48
1790417586.082,3,57517.0,100.0,183.73
1790417586.082,4,58145.0,100.0,187.1
1790417586.082,5,57499.0,0.0,186.53
1790417586.083,6,57339.0,0.0,185.65
1790417586.083,7,57319.0,100.0,184.77
1790417587.083,0,59951.0,100.0,187.53
1790417587.083,1,57297.0,100.0,187.86
1790417587.083,2,57189.0,100.0,190.41
1790417587.083,3,57517.0,100.0,183.81
1790417587.083,4,58145.0,100.0,187.09
1790417587.083,5,57499.0,0.0,186.65
1790417587.083,6,57339.0,0.0,185.57
1790417587.083,7,57319.0,100.0,184.87
1790417588.083,0,59951.0,100.0,187.54
1790417588.084,1,57297.0,100.0,187.86
1790417588.084,2,57189.0,100.0,190.32
1790417588.084,3,57517.0,100.0,183.82
1790417588.084,4,58145.0,100.0,187.15
1790417588.084,5,57499.0,100.0,187.42
1790417588.084,6,57339.0,0.0,186.23
1790417588.084,7,57319.0,100.0,184.76
1790417589.084,0,59951.0,100.0,187.65
1790417589.084,1,57297.0,100.0,187.82
1790417589.084,2,57189.0,100.0,190.44
1790417589.084,3,57517.0,100.0,183.84
1790417589.084,4,58145.0,100.0,187.19
1790417589.084,5,57499.0,100.0,186.68
1790417589.084,6,57339.0,0.0,185.57
1790417589.084,7,57319.0,100.0,184.75
1790417590.084,0,59951.0,24.0,195.03
1790417590.084,1,57297.0,9.0,193.87
1790417590.084,2,57189.0,12.0,196.11
1790417590.084,3,57517.0,6.0,190.0
1790417590.085,4,58145.0,3.0,193.33
1790417590.085,5,57499.0,3.0,193.04
1790417590.085,6,57339.0,13.0,192.0
1790417590.085,7,57319.0,0.0,190.97
1790417591.085,0,59951.0,3.0,187.79
1790417591.085,1,57297.0,3.0,188.04
1790417591.085,2,57189.0,3.0,190.51
1790417591.085,3,57517.0,3.0,183.9
1790417591.085,4,58145.0,3.0,187.25
1790417591.085,5,57499.0,3.0,186.87
1790417591.085,6,57339.0,3.0,185.8
1790417591.085,7,57319.0,3.0,184.96
1790417592.085,0,59951.0,3.0,187.73
1790417592.085,1,57297.0,3.0,188.03
1790417592.085,2,57189.0,3.0,190.63
1790417592.085,3,57517.0,3.0,183.89
1790417592.085,4,58145.0,3.0,187.18
1790417592.085,5,57499.0,3.0,187.01
1790417592.085,6,57339.0,3.0,185.99
1790417592.086,7,57319.0,3.0,184.94
1790417593.086,0,59951.0,3.0,187.77
1790417593.086,1,57297.0,3.0,188.13
1790417593.086,2,57189.0,3.0,190.61
1790417593.086,3,57517.0,3.0,183.92
1790417593.086,4,58145.0,3.0,187.17
1790417593.086,5,57499.0,3.0,186.88
1790417593.086,6,57339.0,3.0,185.93
1790417593.086,7,57319.0,3.0,184.99
1790417594.086,0,59951.0,3.0,187.81
1790417594.086,1,57297.0,3.0,188.11
1790417594.086,2,57189.0,3.0,190.71
1790417594.086,3,57517.0,3.0,183.96
1790417594.086,4,58145.0,3.0,187.23
1790417594.086,5,57499.0,3.0,186.88
1790417594.086,6,57339.0,3.0,186.11
1790417594.086,7,57319.0,3.0,184.98
1790417595.087,0,59951.0,0.0,187.6
1790417595.087,1,57297.0,0.0,187.88
1790417595.087,2,57189.0,0.0,190.34
1790417595.087,3,57517.0,0.0,183.75
1790417595.087,4,58145.0,0.0,187.04
1790417595.087,5,57499.0,0.0,186.77
1790417595.087,6,57339.0,0.0,185.76
1790417595.087,7,57319.0,0.0,184.93
1790417596.087,0,59951.0,0.0,187.28
1790417596.087,1,57297.0,0.0,187.6
1790417596.087,2,57189.0,0.0,190.14
1790417596.087,3,57517.0,0.0,183.48
1790417596.087,4,58145.0,0.0,186.82
1790417596.087,5,57499.0,0.0,186.53
1790417596.087,6,57339.0,0.0,185.52
1790417596.087,7,57319.0,0.0,184.57
1790417597.087,0,59951.0,0.0,187.28
1790417597.088,1,57297.0,0.0,187.64
1790417597.088,2,57189.0,0.0,190.16
1790417597.088,3,57517.0,0.0,183.46
1790417597.088,4,58145.0,0.0,186.83
1790417597.088,5,57499.0,0.0,186.52
1790417597.088,6,57339.0,0.0,185.44
1790417597.088,7,57319.0,0.0,184.58
1790417598.088,0,59951.0,0.0,187.28
1790417598.088,1,57297.0,0.0,187.54
1790417598.088,2,57189.0,0.0,190.09
1790417598.088,3,57517.0,0.0,183.53
1790417598.088,4,58145.0,0.0,186.8
1790417598.088,5,57499.0,0.0,186.49
1790417598.088,6,57339.0,0.0,185.49
1790417598.088,7,57319.0,0.0,184.53
1790417599.088,0,59951.0,0.0,187.52
1790417599.088,1,57297.0,0.0,187.54
1790417599.088,2,57189.0,0.0,190.26
1790417599.088,3,57517.0,0.0,183.56
1790417599.088,4,58145.0,0.0,187.0
1790417599.089,5,57499.0,0.0,186.53
1790417599.089,6,57339.0,0.0,185.55
1790417599.089,7,57319.0,0.0,184.55
1790417600.089,0,59951.0,0.0,187.34
1790417600.089,1,57297.0,0.0,187.65
1790417600.089,2,57189.0,0.0,190.03
1790417600.089,3,57517.0,0.0,183.61
1790417600.089,4,58145.0,0.0,186.81
1790417600.089,5,57499.0,0.0,186.59
1790417600.089,6,57339.0,0.0,185.57
1790417600.089,7,57319.0,0.0,184.71
1790417601.089,0,59951.0,0.0,187.26
1790417601.089,1,57297.0,0.0,187.53
1790417601.089,2,57189.0,0.0,190.05
1790417601.09,3,57517.0,0.0,183.5
1790417601.09,4,58145.0,0.0,186.77
1790417601.09,5,57499.0,0.0,186.47
1790417601.09,6,57339.0,0.0,185.4
1790417601.09,7,57319.0,0.0,184.56
1790417602.09,0,59951.0,0.0,187.21
1790417602.09,1,57297.0,0.0,187.54
1790417602.09,2,57189.0,0.0,190.1
1790417602.09,3,57517.0,0.0,183.49
1790417602.09,4,58145.0,0.0,186.8
1790417602.09,5,57499.0,0.0,186.52
1790417602.09,6,57339.0,0.0,185.52
1790417602.09,7,57319.0,0.0,184.56
1790417603.09,0,59951.0,0.0,187.21
1790417603.09,1,57297.0,0.0,187.54
1790417603.09,2,57189.0,0.0,190.09
1790417603.09,3,57517.0,0.0,183.46
1790417603.09,4,58145.0,0.0,186.76
1790417603.09,5,57499.0,0.0,186.51
1790417603.09,6,57339.0,0.0,185.48
1790417603.09,7,57319.0,0.0,184.55
1790417604.091,0,59951.0,0.0,187.3
1790417604.091,1,57297.0,0.0,187.53
1790417604.091,2,57189.0,0.0,190.19
1790417604.091,3,57517.0,0.0,183.55
1790417604.091,4,58145.0,0.0,186.88
1790417604.091,5,57499.0,0.0,186.52
1790417604.091,6,57339.0,0.0,185.59
1790417604.091,7,57319.0,0.0,184.52
1790417605.091,0,59951.0,0.0,187.24
1790417605.095,1,57297.0,0.0,187.65
1790417605.095,2,57189.0,0.0,190.15
1790417605.096,3,57517.0,0.0,183.64
1790417605.096,4,58145.0,0.0,186.77
1790417605.096,5,57499.0,0.0,186.67
1790417605.096,6,57339.0,0.0,185.48
1790417605.096,7,57319.0,0.0,184.62
1790417606.096,0,59951.0,0.0,187.32
1790417606.106,1,57297.0,0.0,187.62
1790417606.106,2,57189.0,0.0,190.21
1790417606.106,3,57517.0,0.0,183.56
1790417606.106,4,58145.0,0.0,186.85
1790417606.106,5,57499.0,0.0,186.59
1790417606.106,6,57339.0,0.0,185.58
1790417606.106,7,57319.0,0.0,184.59
1790417607.107,0,59951.0,0.0,187.34
1790417607.107,1,57297.0,0.0,187.61
1790417607.107,2,57189.0,0.0,190.09
1790417607.107,3,57517.0,0.0,183.59
1790417607.107,4,58145.0,0.0,186.79
1790417607.107,5,57499.0,0.0,186.62
1790417607.107,6,57339.0,0.0,185.43
1790417607.107,7,57319.0,0.0,184.56
1790417608.107,0,59951.0,0.0,187.21
1790417608.107,1,57297.0,0.0,187.51
1790417608.107,2,57189.0,0.0,190.1
1790417608.107,3,57517.0,0.0,183.46
1790417608.107,4,58145.0,0.0,186.79
1790417608.107,5,57499.0,0.0,186.48
1790417608.107,6,57339.0,0.0,185.41
1790417608.107,7,57319.0,0.0,184.47
1790417609.107,0,59951.0,0.0,187.3
1790417609.107,1,57297.0,0.0,187.53
1790417609.107,2,57189.0,0.0,190.2
1790417609.107,3,57517.0,0.0,183.45
1790417609.107,4,58145.0,0.0,186.9
1790417609.108,5,57499.0,0.0,186.5
1790417609.108,6,57339.0,0.0,185.45
1790417609.108,7,57319.0,0.0,184.59
1790417610.108,0,59951.0,0.0,187.12
1790417610.108,1,57297.0,0.0,187.64
1790417610.108,2,57189.0,0.0,190.09
1790417610.108,3,57517.0,0.0,183.5
1790417610.108,4,58145.0,0.0,186.79
1790417610.108,5,57499.0,0.0,186.66
1790417610.108,6,57339.0,0.0,185.55
1790417610.108,7,57319.0,0.0,184.7
1790417611.108,0,59951.0,0.0,187.2
1790417611.108,1,57297.0,0.0,187.53
1790417611.108,2,57189.0,0.0,190.09
1790417611.108,3,57517.0,0.0,183.37
1790417611.108,4,58145.0,0.0,186.71
1790417611.108,5,57499.0,0.0,186.56
1790417611.108,6,57339.0,0.0,185.35
1790417611.108,7,57319.0,0.0,184.55
1790417612.108,0,59951.0,0.0,187.21
1790417612.109,1,57297.0,0.0,187.49
1790417612.109,2,57189.0,0.0,190.1
1790417612.109,3,57517.0,0.0,183.44
1790417612.109,4,58145.0,0.0,186.76
1790417612.109,5,57499.0,0.0,186.5
1790417612.109,6,57339.0,0.0,185.45
1790417612.109,7,57319.0,0.0,184.57
1790417613.109,0,59951.0,0.0,187.24
1790417613.109,1,57297.0,0.0,187.52
1790417613.109,2,57189.0,0.0,190.1
1790417613.109,3,57517.0,0.0,183.47
1790417613.109,4,58145.0,0.0,186.74
1790417613.109,5,57499.0,0.0,186.49
1790417613.109,6,57339.0,0.0,185.34
1790417613.109,7,57319.0,0.0,184.54
1790417614.109,0,59951.0,0.0,187.36
1790417614.109,1,57297.0,0.0,187.53
1790417614.109,2,57189.0,0.0,190.17
1790417614.109,3,57517.0,0.0,183.49
1790417614.109,4,58145.0,0.0,186.87
1790417614.109,5,57499.0,0.0,186.57
1790417614.109,6,57339.0,0.0,185.52
1790417614.109,7,57319.0,0.0,184.55
1790417615.11,0,59951.0,0.0,187.24
1790417615.11,1,57297.0,0.0,187.63
1790417615.11,2,57189.0,0.0,190.03
1790417615.11,3,57517.0,0.0,183.6
1790417615.11,4,58145.0,0.0,186.72
1790417615.11,5,57499.0,0.0,186.67
1790417615.11,6,57339.0,0.0,185.4
1790417615.11,7,57319.0,0.0,184.63
1790417616.11,0,59951.0,0.0,187.25
1790417616.11,1,57297.0,0.0,187.52
1790417616.11,2,57189.0,0.0,190.01
1790417616.11,3,57517.0,0.0,183.41
1790417616.11,4,58145.0,0.0,186.78
1790417616.11,5,57499.0,0.0,186.52
1790417616.11,6,57339.0,0.0,185.41
1790417616.11,7,57319.0,0.0,184.55
1790417617.11,0,59951.0,0.0,187.3
1790417617.111,1,57297.0,0.0,187.53
1790417617.111,2,57189.0,0.0,189.98
1790417617.111,3,57517.0,0.0,183.47
1790417617.111,4,58145.0,0.0,186.76
1790417617.111,5,57499.0,0.0,186.49
1790417617.111,6,57339.0,0.0,185.33
1790417617.111,7,57319.0,0.0,184.54
1790417618.111,0,59951.0,0.0,187.27
1790417618.111,1,57297.0,0.0,187.56
1790417618.111,2,57189.0,0.0,190.04
1790417618.111,3,57517.0,0.0,183.42
1790417618.111,4,58145.0,0.0,186.78
1790417618.111,5,57499.0,0.0,186.53
1790417618.111,6,57339.0,0.0,185.5
1790417618.111,7,57319.0,0.0,184.48
1790417619.111,0,59951.0,0.0,187.35
1790417619.111,1,57297.0,0.0,187.5
1790417619.111,2,57189.0,0.0,190.16
1790417619.111,3,57517.0,0.0,183.53
1790417619.111,4,58145.0,0.0,186.91
1790417619.111,5,57499.0,0.0,186.61
1790417619.111,6,57339.0,0.0,185.49
1790417619.111,7,57319.0,0.0,184.58
1790417620.111,0,59951.0,0.0,187.22
1790417620.111,1,57297.0,0.0,187.61
1790417620.111,2,57189.0,0.0,190.02
1790417620.112,3,57517.0,0.0,183.59
1790417620.112,4,58145.0,0.0,186.84
1790417620.112,5,57499.0,0.0,186.61
1790417620.112,6,57339.0,0.0,185.49
1790417620.112,7,57319.0,0.0,184.68
1790417621.112,0,59951.0,0.0,187.24
1790417621.112,1,57297.0,0.0,187.52
1790417621.112,2,57189.0,0.0,189.97
1790417621.112,3,57517.0,0.0,183.48
1790417621.112,4,58145.0,0.0,186.69
1790417621.112,5,57499.0,0.0,186.5
1790417621.112,6,57339.0,0.0,185.41
1790417621.112,7,57319.0,0.0,184.53
1790417622.112,0,59951.0,0.0,187.25
1790417622.112,1,57297.0,0.0,187.52
1790417622.112,2,57189.0,0.0,190.04
1790417622.112,3,57517.0,0.0,183.49
1790417622.112,4,58145.0,0.0,186.79
1790417622.112,5,57499.0,0.0,186.6
1790417622.112,6,57339.0,0.0,185.49
1790417622.112,7,57319.0,0.0,184.53
1790417623.112,0,59951.0,0.0,187.27
1790417623.112,1,57297.0,0.0,187.48
1790417623.112,2,57189.0,0.0,190.03
1790417623.112,3,57517.0,0.0,183.49
1790417623.112,4,58145.0,0.0,186.68
1790417623.112,5,57499.0,0.0,186.52
1790417623.112,6,57339.0,0.0,185.46
1790417623.112,7,57319.0,0.0,184.57
1790417624.113,0,59951.0,0.0,187.41
1790417624.113,1,57297.0,0.0,187.48
1790417624.113,2,57189.0,0.0,190.13
1790417624.113,3,57517.0,0.0,183.51
1790417624.113,4,58145.0,0.0,186.86
1790417624.113,5,57499.0,0.0,186.5
1790417624.113,6,57339.0,0.0,185.51
1790417624.113,7,57319.0,0.0,184.52
1790417625.113,0,59951.0,0.0,187.39
1790417625.121,1,57297.0,0.0,187.6
1790417625.121,2,57189.0,0.0,189.96
1790417625.121,3,57517.0,0.0,183.63
1790417625.121,4,58145.0,0.0,186.69
1790417625.121,5,57499.0,0.0,186.66
1790417625.122,6,57339.0,0.0,185.39
1790417625.122,7,57319.0,0.0,184.67
1790417626.122,0,59951.0,0.0,187.43
1790417626.128,1,57297.0,0.0,187.59
1790417626.128,2,57189.0,0.0,190.0
1790417626.128,3,57517.0,0.0,183.54
1790417626.128,4,58145.0,0.0,186.88
1790417626.128,5,57499.0,0.0,186.55
1790417626.128,6,57339.0,0.0,185.45
1790417626.128,7,57319.0,0.0,184.54
1790417627.129,0,59951.0,0.0,187.32
1790417627.129,1,57297.0,0.0,187.56
1790417627.129,2,57189.0,0.0,190.01
1790417627.129,3,57517.0,0.0,183.58
1790417627.129,4,58145.0,0.0,186.71
1790417627.129,5,57499.0,0.0,186.55
1790417627.129,6,57339.0,0.0,185.41
1790417627.129,7,57319.0,0.0,184.57
1790417628.129,0,59951.0,0.0,187.21
1790417628.129,1,57297.0,0.0,187.49
1790417628.129,2,57189.0,0.0,189.96
1790417628.129,3,57517.0,0.0,183.43
1790417628.129,4,58145.0,0.0,186.69
1790417628.129,5,57499.0,0.0,186.49
1790417628.129,6,57339.0,0.0,185.39
1790417628.129,7,57319.0,0.0,184.47
1790417629.129,0,59951.0,0.0,187.32
1790417629.137,1,57297.0,0.0,187.48
1790417629.137,2,57189.0,0.0,190.1
1790417629.137,3,57517.0,0.0,183.48
1790417629.137,4,58145.0,0.0,186.87
1790417629.137,5,57499.0,0.0,186.48
1790417629.137,6,57339.0,0.0,185.5
1790417629.137,7,57319.0,0.0,184.52
1790417630.137,0,59951.0,0.0,187.21
1790417630.137,1,57297.0,0.0,187.64
1790417630.137,2,57189.0,0.0,190.01
1790417630.137,3,57517.0,0.0,183.43
1790417630.137,4,58145.0,0.0,186.59
1790417630.137,5,57499.0,0.0,186.71
1790417630.137,6,57339.0,0.0,185.4
1790417630.137,7,57319.0,0.0,184.65
1790417631.137,0,59951.0,0.0,187.21
1790417631.137,1,57297.0,0.0,187.49
1790417631.137,2,57189.0,0.0,189.94
1790417631.137,3,57517.0,0.0,183.36
1790417631.137,4,58145.0,0.0,186.68
1790417631.137,5,57499.0,0.0,186.54
1790417631.137,6,57339.0,0.0,185.33
1790417631.137,7,57319.0,0.0,184.49
1790417632.138,0,59951.0,0.0,187.13
1790417632.138,1,57297.0,0.0,187.49
1790417632.138,2,57189.0,0.0,189.93
1790417632.138,3,57517.0,0.0,183.4
1790417632.138,4,58145.0,0.0,186.71
1790417632.138,5,57499.0,0.0,186.52
1790417632.138,6,57339.0,0.0,185.41
1790417632.138,7,57319.0,0.0,184.49
1790417633.138,0,59951.0,0.0,187.21
1790417633.138,1,57297.0,0.0,187.49
1790417633.138,2,57189.0,0.0,190.06
1790417633.138,3,57517.0,0.0,183.38
1790417633.138,4,58145.0,0.0,186.61
1790417633.138,5,57499.0,0.0,186.5
1790417633.138,6,57339.0,0.0,185.4
1790417633.138,7,57319.0,0.0,184.48
1790417634.138,0,59951.0,0.0,187.33
1790417634.138,1,57297.0,0.0,187.48
1790417634.139,2,57189.0,0.0,190.04
1790417634.139,3,57517.0,0.0,183.47
1790417634.139,4,58145.0,0.0,186.85
1790417634.139,5,57499.0,0.0,186.54
1790417634.139,6,57339.0,0.0,185.56
1790417634.139,7,57319.0,0.0,184.43
1790417635.139,0,59951.0,0.0,187.21
1790417635.139,1,57297.0,0.0,187.66
1790417635.139,2,57189.0,0.0,189.95
1790417635.139,3,57517.0,0.0,183.41
1790417635.139,4,58145.0,0.0,186.66
1790417635.139,5,57499.0,0.0,186.63
1790417635.139,6,57339.0,0.0,185.39
1790417635.139,7,57319.0,0.0,184.61
1790417636.139,0,59951.0,0.0,187.23
1790417636.139,1,57297.0,0.0,187.49
1790417636.139,2,57189.0,0.0,190.04
1790417636.139,3,57517.0,0.0,183.32
1790417636.139,4,58145.0,0.0,186.7
1790417636.139,5,57499.0,0.0,186.49
1790417636.139,6,57339.0,0.0,185.45
1790417636.139,7,57319.0,0.0,184.47
1790417637.139,0,59951.0,0.0,187.19
1790417637.139,1,57297.0,0.0,187.45
1790417637.139,2,57189.0,0.0,189.94
1790417637.139,3,57517.0,0.0,183.33
1790417637.139,4,58145.0,0.0,186.69
1790417637.14,5,57499.0,0.0,186.49
1790417637.14,6,57339.0,0.0,185.37
1790417637.14,7,57319.0,0.0,184.5
1790417638.14,0,59951.0,0.0,187.13
1790417638.14,1,57297.0,0.0,187.45
1790417638.14,2,57189.0,0.0,189.96
1790417638.14,3,57517.0,0.0,183.35
1790417638.14,4,58145.0,0.0,186.68
1790417638.14,5,57499.0,0.0,186.47
1790417638.14,6,57339.0,0.0,185.5
1790417638.14,7,57319.0,0.0,184.53
1790417639.14,0,59951.0,0.0,187.22
1790417639.14,1,57297.0,0.0,187.49
1790417639.14,2,57189.0,0.0,190.1
1790417639.14,3,57517.0,0.0,183.5
1790417639.14,4,58145.0,0.0,186.8
1790417639.14,5,57499.0,0.0,186.52
1790417639.14,6,57339.0,0.0,185.5
1790417639.14,7,57319.0,0.0,184.53
1790417640.14,0,59951.0,0.0,187.14
1790417640.14,1,57297.0,0.0,187.63
1790417640.14,2,57189.0,0.0,189.99
1790417640.14,3,57517.0,0.0,183.47
1790417640.14,4,58145.0,0.0,186.55
1790417640.14,5,57499.0,0.0,186.58
1790417640.14,6,57339.0,0.0,185.46
1790417640.14,7,57319.0,0.0,184.61
1790417641.14,0,59951.0,0.0,187.18
1790417641.141,1,57297.0,0.0,187.47
1790417641.141,2,57189.0,0.0,189.96
1790417641.141,3,57517.0,0.0,183.32
1790417641.141,4,58145.0,0.0,186.73
1790417641.141,5,57499.0,0.0,186.51
1790417641.141,6,57339.0,0.0,185.43
1790417641.141,7,57319.0,0.0,184.51
1790417642.141,0,59951.0,0.0,187.18
1790417642.141,1,57297.0,0.0,187.47
1790417642.141,2,57189.0,0.0,189.95
1790417642.141,3,57517.0,0.0,183.33
1790417642.141,4,58145.0,0.0,186.65
1790417642.141,5,57499.0,0.0,186.53
1790417642.141,6,57339.0,0.0,185.4
1790417642.141,7,57319.0,0.0,184.55
1790417643.141,0,59951.0,0.0,187.18
1790417643.254,1,57297.0,0.0,187.49
1790417643.254,2,57189.0,0.0,189.96
1790417643.254,3,57517.0,0.0,183.37
1790417643.254,4,58145.0,0.0,186.62
1790417643.254,5,57499.0,0.0,186.51
1790417643.254,6,57339.0,0.0,185.31
1790417643.254,7,57319.0,0.0,184.53
1790417644.254,0,59951.0,0.0,187.28
1790417644.378,1,57297.0,0.0,187.61
1790417644.378,2,57189.0,0.0,190.11
1790417644.378,3,57517.0,0.0,183.46
1790417644.378,4,58145.0,0.0,186.74
1790417644.378,5,57499.0,0.0,186.5
1790417644.378,6,57339.0,0.0,185.46
1790417644.378,7,57319.0,0.0,184.47
1790417645.378,0,59951.0,0.0,187.18
1790417645.383,1,57297.0,0.0,187.64
1790417645.383,2,57189.0,0.0,189.96
1790417645.384,3,57517.0,0.0,183.46
1790417645.384,4,58145.0,0.0,186.68
1790417645.384,5,57499.0,0.0,186.62
1790417645.384,6,57339.0,0.0,185.48
1790417645.384,7,57319.0,0.0,184.6
1790417646.384,0,59951.0,0.0,187.19
1790417646.391,1,57297.0,0.0,187.59
1790417646.391,2,57189.0,0.0,190.01
1790417646.391,3,57517.0,0.0,183.4
1790417646.392,4,58145.0,0.0,186.74
1790417646.392,5,57499.0,0.0,186.63
1790417646.392,6,57339.0,0.0,185.47
1790417646.392,7,57319.0,0.0,184.52
1790417647.392,0,59951.0,0.0,187.06
1790417647.392,1,57297.0,0.0,187.54
1790417647.392,2,57189.0,0.0,190.02
1790417647.392,3,57517.0,0.0,183.38
1790417647.392,4,58145.0,0.0,186.69
1790417647.392,5,57499.0,0.0,186.57
1790417647.392,6,57339.0,0.0,185.43
1790417647.392,7,57319.0,0.0,184.56
1790417648.392,0,59951.0,0.0,187.1
1790417648.445,1,57297.0,0.0,187.49
1790417648.445,2,57189.0,0.0,189.94
1790417648.445,3,57517.0,0.0,183.34
1790417648.445,4,58145.0,0.0,186.58
1790417648.445,5,57499.0,0.0,186.47
1790417648.445,6,57339.0,0.0,185.4
1790417648.446,7,57319.0,0.0,184.46
1790417649.446,0,59951.0,0.0,187.15
1790417649.446,1,57297.0,0.0,187.6
1790417649.446,2,57189.0,0.0,190.06
1790417649.446,3,57517.0,0.0,183.54
1790417649.446,4,58145.0,0.0,186.66
1790417649.446,5,57499.0,0.0,186.45
1790417649.446,6,57339.0,0.0,185.44
1790417649.446,7,57319.0,0.0,184.53
1790417650.446,0,59951.0,0.0,187.06
1790417650.446,1,57297.0,0.0,187.45
1790417650.446,2,57189.0,0.0,189.96
1790417650.446,3,57517.0,0.0,183.41
1790417650.446,4,58145.0,0.0,186.66
1790417650.446,5,57499.0,0.0,186.65
1790417650.446,6,57339.0,0.0,185.39
1790417650.446,7,57319.0,0.0,184.66
1790417651.446,0,59951.0,0.0,187.07
1790417651.447,1,57297.0,0.0,187.43
1790417651.447,2,57189.0,0.0,189.82
1790417651.447,3,57517.0,0.0,183.39
1790417651.447,4,58145.0,0.0,186.6
1790417651.447,5,57499.0,0.0,186.51
1790417651.447,6,57339.0,0.0,185.34
1790417651.447,7,57319.0,0.0,184.47
1790417652.447,0,59951.0,0.0,187.07
1790417652.447,1,57297.0,0.0,187.43
1790417652.447,2,57189.0,0.0,189.83
1790417652.447,3,57517.0,0.0,183.42
1790417652.447,4,58145.0,0.0,186.65
1790417652.447,5,57499.0,0.0,186.41
1790417652.447,6,57339.0,0.0,185.41
1790417652.447,7,57319.0,0.0,184.49
1790417653.447,0,59951.0,0.0,187.11
1790417653.447,1,57297.0,0.0,187.51
1790417653.447,2,57189.0,0.0,189.9
1790417653.447,3,57517.0,0.0,183.41
1790417653.447,4,58145.0,0.0,186.64
1790417653.447,5,57499.0,0.0,186.45
1790417653.447,6,57339.0,0.0,185.36
1790417653.447,7,57319.0,0.0,184.47
1790417654.447,0,59951.0,0.0,187.15
1790417654.447,1,57297.0,0.0,187.6
1790417654.447,2,57189.0,0.0,190.06
1790417654.447,3,57517.0,0.0,183.43
1790417654.447,4,58145.0,0.0,186.79
1790417654.447,5,57499.0,0.0,186.45
1790417654.447,6,57339.0,0.0,185.52
1790417654.448,7,57319.0,0.0,184.55
1790417655.448,0,59951.0,0.0,187.1
1790417655.448,1,57297.0,0.0,187.47
1790417655.448,2,57189.0,0.0,189.92
1790417655.448,3,57517.0,0.0,183.24
1790417655.448,4,58145.0,0.0,186.57
1790417655.448,5,57499.0,0.0,186.63
1790417655.448,6,57339.0,0.0,185.32
1790417655.448,7,57319.0,0.0,184.6
1790417656.448,0,59951.0,0.0,187.05
1790417656.448,1,57297.0,0.0,187.42
1790417656.448,2,57189.0,0.0,189.88
1790417656.448,3,57517.0,0.0,183.26
1790417656.448,4,58145.0,0.0,186.62
1790417656.448,5,57499.0,0.0,186.39
1790417656.448,6,57339.0,0.0,185.41
1790417656.448,7,57319.0,0.0,184.46
1790417657.448,0,59951.0,0.0,187.01
1790417657.448,1,57297.0,0.0,187.44
1790417657.448,2,57189.0,0.0,189.94
1790417657.448,3,57517.0,0.0,183.31
1790417657.448,4,58145.0,0.0,186.6
1790417657.448,5,57499.0,0.0,186.46
1790417657.448,6,57339.0,0.0,185.33
1790417657.448,7,57319.0,0.0,184.46
1790417658.449,0,59951.0,0.0,187.07
1790417658.449,1,57297.0,0.0,187.41
1790417658.449,2,57189.0,0.0,189.95
1790417658.449,3,57517.0,0.0,183.29
1790417658.449,4,58145.0,0.0,186.57
1790417658.449,5,57499.0,0.0,186.46
1790417658.449,6,57339.0,0.0,185.37
1790417658.449,7,57319.0,0.0,184.45
1790417659.449,0,59951.0,0.0,187.17
1790417659.449,1,57297.0,0.0,187.54
1790417659.449,2,57189.0,0.0,190.02
1790417659.449,3,57517.0,0.0,183.44
1790417659.449,4,58145.0,0.0,186.76
1790417659.449,5,57499.0,0.0,186.52
1790417659.449,6,57339.0,0.0,185.43
1790417659.449,7,57319.0,0.0,184.47
1790417660.449,0,59951.0,0.0,187.01
1790417660.449,1,57297.0,0.0,187.46
1790417660.449,2,57189.0,0.0,189.89
1790417660.449,3,57517.0,0.0,183.34
1790417660.449,4,58145.0,0.0,186.63
1790417660.449,5,57499.0,0.0,186.69
1790417660.449,6,57339.0,0.0,185.38
1790417660.449,7,57319.0,0.0,184.61
1790417661.45,0,59951.0,0.0,187.04
1790417661.45,1,57297.0,0.0,187.45
1790417661.45,2,57189.0,0.0,189.91
1790417661.45,3,57517.0,0.0,183.32
1790417661.45,4,58145.0,0.0,186.54
1790417661.45,5,57499.0,0.0,186.5
1790417661.45,6,57339.0,0.0,185.28
1790417661.45,7,57319.0,0.0,184.43
1790417662.45,0,59951.0,0.0,187.05
1790417662.45,1,57297.0,0.0,187.46
1790417662.45,2,57189.0,0.0,189.88
1790417662.45,3,57517.0,0.0,183.29
1790417662.45,4,58145.0,0.0,186.65
1790417662.45,5,57499.0,0.0,186.58
1790417662.45,6,57339.0,0.0,185.34
1790417662.45,7,57319.0,0.0,184.46
1790417663.45,0,59951.0,0.0,187.07
1790417663.45,1,57297.0,0.0,187.46
1790417663.45,2,57189.0,0.0,189.84
1790417663.45,3,57517.0,0.0,183.35
1790417663.45,4,58145.0,0.0,186.58
1790417663.45,5,57499.0,0.0,186.51
1790417663.451,6,57339.0,0.0,185.25
1790417663.451,7,57319.0,0.0,184.46
1790417664.451,0,59951.0,0.0,187.15
1790417664.451,1,57297.0,0.0,187.57
1790417664.451,2,57189.0,0.0,190.01
1790417664.451,3,57517.0,0.0,183.5
1790417664.451,4,58145.0,0.0,186.81
1790417664.451,5,57499.0,0.0,186.53
1790417664.451,6,57339.0,0.0,185.5
1790417664.451,7,57319.0,0.0,184.49
1790417665.451,0,59951.0,0.0,187.08
1790417665.451,1,57297.0,0.0,187.48
1790417665.451,2,57189.0,0.0,189.88
1790417665.451,3,57517.0,0.0,183.37
1790417665.451,4,58145.0,0.0,186.63
1790417665.451,5,57499.0,0.0,186.65
1790417665.451,6,57339.0,0.0,185.37
1790417665.451,7,57319.0,0.0,184.6
1790417666.451,0,59951.0,0.0,187.11
1790417666.459,1,57297.0,0.0,187.55
1790417666.459,2,57189.0,0.0,189.99
1790417666.459,3,57517.0,0.0,183.34
1790417666.459,4,58145.0,0.0,186.76
1790417666.459,5,57499.0,0.0,186.59
1790417666.46,6,57339.0,0.0,185.44
1790417666.46,7,57319.0,0.0,184.53
1790417667.47,0,59951.0,0.0,187.02
1790417667.47,1,57297.0,0.0,187.46
1790417667.47,2,57189.0,0.0,189.93
1790417667.47,3,57517.0,0.0,183.33
1790417667.47,4,58145.0,0.0,186.64
1790417667.47,5,57499.0,0.0,186.51
1790417667.47,6,57339.0,0.0,185.32
1790417667.47,7,57319.0,0.0,184.54
1790417668.47,0,59951.0,0.0,187.0
1790417668.47,1,57297.0,0.0,187.46
1790417668.47,2,57189.0,0.0,189.83
1790417668.47,3,57517.0,0.0,183.31
1790417668.47,4,58145.0,0.0,186.55
1790417668.47,5,57499.0,0.0,186.52
1790417668.47,6,57339.0,0.0,185.4
1790417668.47,7,57319.0,0.0,184.47
1790417669.47,0,59951.0,0.0,187.12
1790417669.507,1,57297.0,0.0,187.55
1790417669.507,2,57189.0,0.0,189.93
1790417669.507,3,57517.0,0.0,183.52
1790417669.507,4,58145.0,0.0,186.55
1790417669.507,5,57499.0,0.0,186.47
1790417669.507,6,57339.0,0.0,185.41
1790417669.507,7,57319.0,0.0,184.58
1790417670.507,0,59951.0,0.0,187.02
1790417670.507,1,57297.0,0.0,187.46
1790417670.507,2,57189.0,0.0,189.91
1790417670.507,3,57517.0,0.0,183.23
1790417670.507,4,58145.0,0.0,186.55
1790417670.507,5,57499.0,0.0,186.61
1790417670.507,6,57339.0,0.0,185.39
1790417670.507,7,57319.0,0.0,184.49
1790417671.507,0,59951.0,0.0,187.03
1790417671.508,1,57297.0,0.0,187.41
1790417671.508,2,57189.0,0.0,189.86
1790417671.508,3,57517.0,0.0,183.32
1790417671.508,4,58145.0,0.0,186.58
1790417671.508,5,57499.0,0.0,186.53
1790417671.508,6,57339.0,0.0,185.24
1790417671.508,7,57319.0,0.0,184.43
1790417672.508,0,59951.0,0.0,186.98
1790417672.508,1,57297.0,0.0,187.41
1790417672.508,2,57189.0,0.0,189.87
1790417672.508,3,57517.0,0.0,183.27
1790417672.508,4,58145.0,0.0,186.56
1790417672.508,5,57499.0,0.0,186.46
1790417672.508,6,57339.0,0.0,185.37
1790417672.508,7,57319.0,0.0,184.47
1790417673.508,0,59951.0,0.0,187.04
1790417673.508,1,57297.0,0.0,187.46
1790417673.508,2,57189.0,0.0,189.85
1790417673.508,3,57517.0,0.0,183.22
1790417673.508,4,58145.0,0.0,186.49
1790417673.508,5,57499.0,0.0,186.5
1790417673.508,6,57339.0,0.0,185.28
1790417673.508,7,57319.0,0.0,184.44
1790417674.508,0,59951.0,0.0,187.12
1790417674.509,1,57297.0,0.0,187.58
1790417674.509,2,57189.0,0.0,189.94
1790417674.509,3,57517.0,0.0,183.41
1790417674.509,4,58145.0,0.0,186.6
1790417674.509,5,57499.0,0.0,186.48
1790417674.509,6,57339.0,0.0,185.46
1790417674.509,7,57319.0,0.0,184.49
1790417675.509,0,59951.0,0.0,187.01
1790417675.509,1,57297.0,0.0,187.42
1790417675.509,2,57189.0,0.0,189.89
1790417675.509,3,57517.0,0.0,183.24
1790417675.509,4,58145.0,0.0,186.51
1790417675.509,5,57499.0,0.0,186.59
1790417675.509,6,57339.0,0.0,185.17
1790417675.509,7,57319.0,0.0,184.52
1790417676.509,0,59951.0,0.0,186.96
1790417676.509,1,57297.0,0.0,187.38
1790417676.509,2,57189.0,0.0,189.89
1790417676.509,3,57517.0,0.0,183.3
1790417676.509,4,58145.0,0.0,186.56
1790417676.509,5,57499.0,0.0,186.42
1790417676.509,6,57339.0,0.0,185.38
1790417676.509,7,57319.0,0.0,184.41
1790417677.51,0,59951.0,0.0,187.0
1790417677.51,1,57297.0,0.0,187.38
1790417677.51,2,57189.0,0.0,189.9
1790417677.51,3,57517.0,0.0,183.28
1790417677.51,4,58145.0,0.0,186.53
1790417677.51,5,57499.0,0.0,186.41
1790417677.51,6,57339.0,0.0,185.29
1790417677.51,7,57319.0,0.0,184.42
1790417678.51,0,59951.0,0.0,187.03
1790417678.51,1,57297.0,0.0,187.39
1790417678.51,2,57189.0,0.0,189.82
1790417678.51,3,57517.0,0.0,183.33
1790417678.51,4,58145.0,0.0,186.55
1790417678.51,5,57499.0,0.0,186.38
1790417678.51,6,57339.0,0.0,185.34
1790417678.51,7,57319.0,0.0,184.45
1790417679.51,0,59951.0,0.0,187.08
1790417679.51,1,57297.0,0.0,187.49
1790417679.51,2,57189.0,0.0,189.91
1790417679.51,3,57517.0,0.0,183.38
1790417679.51,4,58145.0,0.0,186.64
1790417679.511,5,57499.0,0.0,186.41
1790417679.511,6,57339.0,0.0,185.42
1790417679.511,7,57319.0,0.0,184.61
1790417680.511,0,59951.0,0.0,186.98
1790417680.511,1,57297.0,0.0,187.41
1790417680.511,2,57189.0,0.0,189.81
1790417680.511,3,57517.0,0.0,183.3
1790417680.511,4,58145.0,0.0,186.61
1790417680.511,5,57499.0,0.0,186.52
1790417680.511,6,57339.0,0.0,185.37
1790417680.511,7,57319.0,0.0,184.41
1790417681.511,0,59951.0,0.0,187.0
1790417681.511,1,57297.0,0.0,187.43
1790417681.511,2,57189.0,0.0,189.82
1790417681.511,3,57517.0,0.0,183.29
1790417681.511,4,58145.0,0.0,186.49
1790417681.511,5,57499.0,0.0,186.41
1790417681.511,6,57339.0,0.0,185.33
1790417681.511,7,57319.0,0.0,184.47
1790417682.511,0,59951.0,0.0,186.94
1790417682.511,1,57297.0,0.0,187.44
1790417682.512,2,57189.0,0.0,189.85
1790417682.512,3,57517.0,0.0,183.37
1790417682.512,4,58145.0,0.0,186.51
1790417682.512,5,57499.0,0.0,186.41
1790417682.512,6,57339.0,0.0,185.34
1790417682.512,7,57319.0,0.0,184.47
1790417683.512,0,59951.0,0.0,187.02
1790417683.512,1,57297.0,0.0,187.43
1790417683.512,2,57189.0,0.0,189.87
1790417683.512,3,57517.0,0.0,183.33
1790417683.512,4,58145.0,0.0,186.54
1790417683.512,5,57499.0,0.0,186.41
1790417683.512,6,57339.0,0.0,185.3
1790417683.512,7,57319.0,0.0,184.44
1790417684.512,0,59951.0,0.0,187.1
1790417684.512,1,57297.0,0.0,187.54
1790417684.512,2,57189.0,0.0,189.91
1790417684.512,3,57517.0,0.0,183.39
1790417684.512,4,58145.0,0.0,186.68
1790417684.512,5,57499.0,0.0,186.51
1790417684.512,6,57339.0,0.0,185.4
1790417684.512,7,57319.0,0.0,184.54
1790417685.513,0,59951.0,0.0,187.01
1790417685.513,1,57297.0,0.0,187.48
1790417685.513,2,57189.0,0.0,189.87
1790417685.513,3,57517.0,0.0,183.33
1790417685.513,4,58145.0,0.0,186.57
1790417685.513,5,57499.0,0.0,186.62
1790417685.513,6,57339.0,0.0,185.39
1790417685.513,7,57319.0,0.0,184.41
1790417686.513,0,59951.0,0.0,186.98
1790417686.513,1,57297.0,0.0,187.51
1790417686.513,2,57189.0,0.0,189.93
1790417686.513,3,57517.0,0.0,183.39
1790417686.513,4,58145.0,0.0,186.63
1790417686.513,5,57499.0,0.0,186.54
1790417686.513,6,57339.0,0.0,185.34
1790417686.513,7,57319.0,0.0,184.46
1790417687.513,0,59951.0,0.0,186.93
1790417687.514,1,57297.0,0.0,187.43
1790417687.514,2,57189.0,0.0,189.87
1790417687.514,3,57517.0,0.0,183.44
1790417687.514,4,58145.0,0.0,186.49
1790417687.514,5,57499.0,0.0,186.47
1790417687.514,6,57339.0,0.0,185.28
1790417687.514,7,57319.0,0.0,184.53
1790417688.514,0,59951.0,0.0,186.94
1790417688.514,1,57297.0,0.0,187.42
1790417688.514,2,57189.0,0.0,189.81
1790417688.514,3,57517.0,0.0,183.33
1790417688.514,4,58145.0,0.0,186.45
1790417688.514,5,57499.0,0.0,186.43
1790417688.514,6,57339.0,0.0,185.27
1790417688.514,7,57319.0,0.0,184.46
1790417689.514,0,59951.0,0.0,187.12
1790417689.514,1,57297.0,0.0,187.5
1790417689.514,2,57189.0,0.0,189.97
1790417689.514,3,57517.0,0.0,183.5
1790417689.514,4,58145.0,0.0,186.62
1790417689.514,5,57499.0,0.0,186.45
1790417689.515,6,57339.0,0.0,185.39
1790417689.515,7,57319.0,0.0,184.54
1790417690.515,0,59951.0,0.0,186.91
1790417690.515,1,57297.0,0.0,187.38
1790417690.515,2,57189.0,0.0,189.83
1790417690.515,3,57517.0,0.0,183.32
1790417690.515,4,58145.0,0.0,186.43
1790417690.515,5,57499.0,0.0,186.52
1790417690.515,6,57339.0,0.0,185.28
1790417690.515,7,57319.0,0.0,184.42
1790417691.515,0,59951.0,0.0,186.89
1790417691.515,1,57297.0,0.0,187.42
1790417691.515,2,57189.0,0.0,189.8
1790417691.515,3,57517.0,0.0,183.4
1790417691.515,4,58145.0,0.0,186.5
1790417691.515,5,57499.0,0.0,186.42
1790417691.515,6,57339.0,0.0,185.34
1790417691.515,7,57319.0,0.0,184.42
1790417692.515,0,59951.0,0.0,186.96
1790417692.515,1,57297.0,0.0,187.42
1790417692.515,2,57189.0,0.0,189.86
1790417692.515,3,57517.0,0.0,183.4
1790417692.515,4,58145.0,0.0,186.41
1790417692.515,5,57499.0,0.0,186.42
1790417692.515,6,57339.0,0.0,185.21
1790417692.515,7,57319.0,0.0,184.43
1790417693.516,0,59951.0,0.0,186.86
1790417693.516,1,57297.0,0.0,187.41
1790417693.516,2,57189.0,0.0,189.8
1790417693.516,3,57517.0,0.0,183.31
1790417693.516,4,58145.0,0.0,186.5
1790417693.516,5,57499.0,0.0,186.46
1790417693.516,6,57339.0,0.0,185.28
1790417693.516,7,57319.0,0.0,184.45
1790417694.516,0,59951.0,0.0,187.04
1790417694.516,1,57297.0,0.0,187.52
1790417694.516,2,57189.0,0.0,189.91
1790417694.516,3,57517.0,0.0,183.46
1790417694.516,4,58145.0,0.0,186.59
1790417694.516,5,57499.0,0.0,186.5
1790417694.516,6,57339.0,0.0,185.35
1790417694.516,7,57319.0,0.0,184.59
1790417695.516,0,59951.0,0.0,186.91
1790417695.516,1,57297.0,0.0,187.46
1790417695.516,2,57189.0,0.0,189.8
1790417695.517,3,57517.0,0.0,183.34
1790417695.517,4,58145.0,0.0,186.54
1790417695.517,5,57499.0,0.0,186.49
1790417695.517,6,57339.0,0.0,185.3
1790417695.517,7,57319.0,0.0,184.44
1790417696.517,0,59951.0,0.0,186.91
1790417696.517,1,57297.0,0.0,187.45
1790417696.517,2,57189.0,0.0,189.83
1790417696.517,3,57517.0,0.0,183.3
1790417696.517,4,58145.0,0.0,186.49
1790417696.517,5,57499.0,0.0,186.53
1790417696.517,6,57339.0,0.0,185.21
1790417696.517,7,57319.0,0.0,184.46
1790417697.517,0,59951.0,0.0,186.86
1790417697.517,1,57297.0,0.0,187.4
1790417697.517,2,57189.0,0.0,189.79
1790417697.517,3,57517.0,0.0,183.31
1790417697.517,4,58145.0,0.0,186.54
1790417697.517,5,57499.0,0.0,186.52
1790417697.517,6,57339.0,0.0,185.31
1790417697.517,7,57319.0,0.0,184.44
1790417698.517,0,59951.0,0.0,186.85
1790417698.517,1,57297.0,0.0,187.43
1790417698.517,2,57189.0,0.0,189.84
1790417698.517,3,57517.0,0.0,183.24
1790417698.517,4,58145.0,0.0,186.46
1790417698.517,5,57499.0,0.0,186.4
1790417698.517,6,57339.0,0.0,185.17
1790417698.517,7,57319.0,0.0,184.42
1790417699.518,0,59951.0,0.0,187.06
1790417699.518,1,57297.0,0.0,187.53
1790417699.518,2,57189.0,0.0,189.89
1790417699.518,3,57517.0,0.0,183.5
1790417699.518,4,58145.0,0.0,186.65
1790417699.518,5,57499.0,0.0,186.42
1790417699.518,6,57339.0,0.0,185.38
1790417699.518,7,57319.0,0.0,184.55
1790417700.518,0,59951.0,0.0,186.87
1790417700.518,1,57297.0,0.0,187.47
1790417700.518,2,57189.0,0.0,189.77
1790417700.518,3,57517.0,0.0,183.29
1790417700.518,4,58145.0,0.0,186.5
1790417700.518,5,57499.0,0.0,186.56
1790417700.518,6,57339.0,0.0,185.2
1790417700.518,7,57319.0,0.0,184.47
1790417701.518,0,59951.0,0.0,186.93
1790417701.519,1,57297.0,0.0,187.44
1790417701.519,2,57189.0,0.0,189.81
1790417701.519,3,57517.0,0.0,183.35
1790417701.519,4,58145.0,0.0,186.58
1790417701.519,5,57499.0,0.0,186.49
1790417701.519,6,57339.0,0.0,185.32
1790417701.519,7,57319.0,0.0,184.47
1790417702.519,0,59951.0,0.0,186.91
1790417702.519,1,57297.0,0.0,187.4
1790417702.519,2,57189.0,0.0,189.77
1790417702.519,3,57517.0,0.0,183.29
1790417702.519,4,58145.0,0.0,186.49
1790417702.519,5,57499.0,0.0,186.47
1790417702.519,6,57339.0,0.0,185.15
1790417702.519,7,57319.0,0.0,184.43
1790417703.519,0,59951.0,0.0,186.92
1790417703.519,1,57297.0,0.0,187.43
1790417703.519,2,57189.0,0.0,189.84
1790417703.519,3,57517.0,0.0,183.23
1790417703.52,4,58145.0,0.0,186.49
1790417703.52,5,57499.0,0.0,186.47
1790417703.52,6,57339.0,0.0,185.3
1790417703.52,7,57319.0,0.0,184.41
1790417704.52,0,59951.0,0.0,187.07
1790417704.52,1,57297.0,0.0,187.57
1790417704.52,2,57189.0,0.0,189.95
1790417704.52,3,57517.0,0.0,183.39
1790417704.52,4,58145.0,0.0,186.6
1790417704.52,5,57499.0,0.0,186.45
1790417704.52,6,57339.0,0.0,185.33
1790417704.52,7,57319.0,0.0,184.57
1790417705.521,0,59951.0,0.0,187.01
1790417705.525,1,57297.0,0.0,187.48
1790417705.525,2,57189.0,0.0,189.88
1790417705.525,3,57517.0,0.0,183.3
1790417705.525,4,58145.0,0.0,186.54
1790417705.526,5,57499.0,0.0,186.67
1790417705.526,6,57339.0,0.0,185.37
1790417705.526,7,57319.0,0.0,184.46
1790417706.526,0,59951.0,0.0,186.99
1790417706.526,1,57297.0,0.0,187.53
1790417706.526,2,57189.0,0.0,189.85
1790417706.526,3,57517.0,0.0,183.4
1790417706.526,4,58145.0,100.0,186.8
1790417706.526,5,57499.0,0.0,186.66
1790417706.526,6,57339.0,0.0,185.24
1790417706.526,7,57319.0,0.0,184.48
1790417707.527,0,59951.0,0.0,186.86
1790417707.527,1,57297.0,0.0,187.42
1790417707.527,2,57189.0,0.0,189.87
1790417707.527,3,57517.0,0.0,183.34
1790417707.527,4,58145.0,100.0,186.84
1790417707.527,5,57499.0,0.0,186.52
1790417707.527,6,57339.0,0.0,185.32
1790417707.527,7,57319.0,0.0,184.48
1790417708.527,0,59951.0,0.0,186.86
1790417708.527,1,57297.0,0.0,187.4
1790417708.527,2,57189.0,0.0,189.87
1790417708.527,3,57517.0,0.0,183.25
1790417708.527,4,58145.0,100.0,186.88
1790417708.527,5,57499.0,0.0,186.46
1790417708.527,6,57339.0,0.0,185.21
1790417708.527,7,57319.0,0.0,184.49
1790417709.528,0,59951.0,0.0,187.04
1790417709.528,1,57297.0,0.0,187.59
1790417709.528,2,57189.0,100.0,190.09
1790417709.528,3,57517.0,0.0,183.55
1790417709.528,4,58145.0,100.0,186.95
1790417709.528,5,57499.0,0.0,186.45
1790417709.528,6,57339.0,100.0,185.46
1790417709.528,7,57319.0,0.0,184.67
1790417710.528,0,59951.0,0.0,186.87
1790417710.528,1,57297.0,100.0,188.01
1790417710.528,2,57189.0,100.0,190.38
1790417710.528,3,57517.0,0.0,183.43
1790417710.528,4,58145.0,100.0,186.96
1790417710.528,5,57499.0,55.0,186.99
1790417710.528,6,57339.0,100.0,185.88
1790417710.528,7,57319.0,0.0,184.65
1790417711.528,0,59951.0,0.0,187.32
1790417711.528,1,57297.0,100.0,187.84
1790417711.528,2,57189.0,100.0,190.1
1790417711.528,3,57517.0,0.0,183.35
1790417711.528,4,58145.0,100.0,186.78
1790417711.529,5,57499.0,100.0,186.55
1790417711.529,6,57339.0,100.0,185.45
1790417711.529,7,57319.0,100.0,184.94
1790417712.529,0,59951.0,0.0,187.34
1790417712.529,1,57297.0,100.0,187.86
1790417712.529,2,57189.0,100.0,190.22
1790417712.529,3,57517.0,51.0,183.81
1790417712.529,4,58145.0,100.0,187.48
1790417712.529,5,57499.0,100.0,187.24
1790417712.529,6,57339.0,100.0,185.95
1790417712.529,7,57319.0,100.0,184.96
1790417713.529,0,59951.0,0.0,197.64
1790417713.529,1,57297.0,0.0,197.54
1790417713.529,2,57189.0,0.0,199.76
1790417713.529,3,57517.0,0.0,193.86
1790417713.529,4,58145.0,0.0,197.34
1790417713.53,5,57499.0,0.0,196.3
1790417713.53,6,57339.0,0.0,195.63
1790417713.53,7,57319.0,0.0,194.46
1790417714.53,0,59951.0,95.0,298.58
1790417714.53,1,57297.0,76.0,252.23
1790417714.53,2,57189.0,93.0,306.46
1790417714.53,3,57517.0,62.0,212.57
1790417714.53,4,58145.0,30.0,243.4
1790417714.53,5,57499.0,31.0,254.7
1790417714.53,6,57339.0,61.0,248.67
1790417714.53,7,57319.0,81.0,280.12
1790417715.53,0,59951.0,100.0,767.34
1790417715.53,1,57297.0,100.0,764.36
1790417715.53,2,57189.0,100.0,753.06
1790417715.53,3,57517.0,100.0,784.58
1790417715.53,4,58145.0,100.0,796.79
1790417715.53,5,57499.0,100.0,744.04
1790417715.53,6,57339.0,100.0,798.71
1790417715.53,7,57319.0,100.0,752.45
1790417716.531,0,59951.0,21.0,872.91
1790417716.531,1,57297.0,85.0,913.91
1790417716.531,2,57189.0,65.0,858.12
1790417716.531,3,57517.0,72.0,927.63
1790417716.531,4,58145.0,100.0,884.47
1790417716.531,5,57499.0,100.0,918.46
1790417716.531,6,57339.0,20.0,862.09
1790417716.531,7,57319.0,100.0,883.6
1790417717.531,0,59951.0,2.0,208.21
1790417717.531,1,57297.0,0.0,191.8
1790417717.531,2,57189.0,0.0,193.61
1790417717.531,3,57517.0,0.0,186.89
1790417717.531,4,58145.0,0.0,189.47
1790417717.531,5,57499.0,0.0,190.07
1790417717.531,6,57339.0,0.0,189.34
1790417717.531,7,57319.0,0.0,186.99
1790417718.532,0,59951.0,99.0,686.74
1790417718.532,1,57297.0,100.0,657.43
1790417718.532,2,57189.0,92.0,720.78
1790417718.532,3,57517.0,100.0,636.66
1790417718.532,4,58145.0,54.0,672.04
1790417718.532,5,57499.0,85.0,633.07
1790417718.532,6,57339.0,98.0,690.16
1790417718.532,7,57319.0,70.0,661.34
1790417719.532,0,59951.0,100.0,983.51
1790417719.532,1,57297.0,100.0,980.33
1790417719.532,2,57189.0,100.0,1000.58
1790417719.533,3,57517.0,100.0,999.91
1790417719.533,4,58145.0,100.0,986.27
1790417719.533,5,57499.0,100.0,980.03
1790417719.533,6,57339.0,100.0,974.71
1790417719.533,7,57319.0,100.0,982.8
1790417720.533,0,59951.0,0.0,278.13
1790417720.533,1,57297.0,0.0,311.4
1790417720.533,2,57189.0,0.0,256.56
1790417720.533,3,57517.0,0.0,310.04
1790417720.533,4,58145.0,0.0,303.19
1790417720.533,5,57499.0,0.0,317.78
1790417720.533,6,57339.0,0.0,275.79
1790417720.533,7,57319.0,0.0,276.17
1790417721.533,0,59951.0,85.0,604.48
1790417721.533,1,57297.0,95.0,594.01
1790417721.533,2,57189.0,95.0,606.11
1790417721.533,3,57517.0,95.0,563.96
1790417721.533,4,58145.0,95.0,592.02
1790417721.533,5,57499.0,94.0,544.42
1790417721.533,6,57339.0,95.0,604.97
1790417721.534,7,57319.0,95.0,585.82
1790417722.534,0,59951.0,100.0,928.29
1790417722.534,1,57297.0,100.0,900.59
1790417722.534,2,57189.0,100.0,885.5
1790417722.534,3,57517.0,100.0,903.04
1790417722.534,4,58145.0,100.0,910.33
1790417722.534,5,57499.0,100.0,939.55
1790417722.534,6,57339.0,100.0,937.96
1790417722.534,7,57319.0,100.0,908.53
1790417723.534,0,59951.0,0.0,435.57
1790417723.534,1,57297.0,0.0,456.11
1790417723.534,2,57189.0,0.0,469.31
1790417723.534,3,57517.0,0.0,472.36
1790417723.534,4,58145.0,0.0,451.4
1790417723.534,5,57499.0,0.0,467.56
1790417723.534,6,57339.0,0.0,421.21
1790417723.534,7,57319.0,0.0,442.61
1790417724.535,0,59951.0,95.0,530.16
1790417724.535,1,57297.0,94.0,490.44
1790417724.535,2,57189.0,95.0,497.88
1790417724.535,3,57517.0,95.0,480.92
1790417724.535,4,58145.0,95.0,442.91
1790417724.535,5,57499.0,95.0,433.71
1790417724.535,6,57339.0,95.0,477.27
1790417724.535,7,57319.0,95.0,502.31
1790417725.535,0,59951.0,100.0,830.12
1790417725.535,1,57297.0,100.0,818.03
1790417725.535,2,57189.0,100.0,831.05
1790417725.535,3,57517.0,100.0,818.64
1790417725.535,4,58145.0,100.0,884.31
1790417725.535,5,57499.0,100.0,881.19
1790417725.535,6,57339.0,100.0,894.76
1790417725.535,7,57319.0,100.0,828.87
1790417726.535,0,59951.0,0.0,600.08
1790417726.543,1,57297.0,0.0,642.9
1790417726.543,2,57189.0,0.0,653.35
1790417726.544,3,57517.0,0.0,578.82
1790417726.544,4,58145.0,0.0,640.82
1790417726.544,5,57499.0,0.0,652.53
1790417726.544,6,57339.0,0.0,585.68
1790417726.544,7,57319.0,0.0,622.81
1790417727.544,0,59951.0,54.0,254.1
1790417727.545,1,57297.0,0.0,216.95
1790417727.545,2,57189.0,20.0,215.68
1790417727.545,3,57517.0,0.0,237.24
1790417727.545,4,58145.0,0.0,192.1
1790417727.545,5,57499.0,0.0,191.28
1790417727.545,6,57339.0,38.0,243.69
1790417727.545,7,57319.0,0.0,211.79
1790417728.545,0,59951.0,100.0,761.87
1790417728.545,1,57297.0,100.0,749.76
1790417728.545,2,57189.0,100.0,729.26
1790417728.545,3,57517.0,100.0,782.35
1790417728.545,4,58145.0,99.0,780.54
1790417728.545,5,57499.0,84.0,755.56
1790417728.545,6,57339.0,100.0,773.7
1790417728.545,7,57319.0,100.0,757.5
1790417729.545,0,59951.0,100.0,925.82
1790417729.545,1,57297.0,100.0,969.46
1790417729.545,2,57189.0,100.0,977.44
1790417729.545,3,57517.0,100.0,920.05
1790417729.545,4,58145.0,100.0,970.37
1790417729.545,5,57499.0,100.0,976.81
1790417729.545,6,57339.0,100.0,924.36
1790417729.545,7,57319.0,100.0,960.04
1790417730.546,0,59951.0,0.0,193.98
1790417730.546,1,57297.0,0.0,210.48
1790417730.546,2,57189.0,0.0,227.04
1790417730.546,3,57517.0,0.0,188.56
1790417730.546,4,58145.0,0.0,206.67
1790417730.546,5,57499.0,0.0,207.71
1790417730.546,6,57339.0,0.0,192.53
1790417730.546,7,57319.0,0.0,195.05
1790417731.546,0,59951.0,99.0,697.48
1790417731.546,1,57297.0,61.0,619.92
1790417731.546,2,57189.0,94.0,622.9
1790417731.546,3,57517.0,57.0,705.16
1790417731.546,4,58145.0,89.0,646.74
1790417731.546,5,57499.0,95.0,608.5
1790417731.546,6,57339.0,85.0,686.98
1790417731.546,7,57319.0,95.0,642.69
1790417732.546,0,59951.0,100.0,979.58
1790417732.546,1,57297.0,100.0,975.86
1790417732.546,2,57189.0,100.0,989.7
1790417732.546,3,57517.0,100.0,988.23
1790417732.546,4,58145.0,100.0,997.46
1790417732.546,5,57499.0,100.0,983.5
1790417732.546,6,57339.0,100.0,980.91
1790417732.546,7,57319.0,100.0,985.58
1790417733.547,0,59951.0,0.0,296.27
1790417733.547,1,57297.0,0.0,339.97
1790417733.547,2,57189.0,0.0,365.36
1790417733.547,3,57517.0,0.0,278.89
1790417733.547,4,58145.0,0.0,330.23
1790417733.547,5,57499.0,0.0,335.98
1790417733.547,6,57339.0,0.0,288.29
1790417733.547,7,57319.0,0.0,324.1
1790417734.547,0,59951.0,95.0,606.55
1790417734.547,1,57297.0,95.0,568.9
1790417734.547,2,57189.0,94.0,573.13
1790417734.547,3,57517.0,95.0,591.27
1790417734.547,4,58145.0,95.0,550.91
1790417734.547,5,57499.0,95.0,584.73
1790417734.547,6,57339.0,95.0,547.75
1790417734.547,7,57319.0,94.0,533.34
1790417735.548,0,59951.0,100.0,872.13
1790417735.548,1,57297.0,100.0,841.68
1790417735.548,2,57189.0,100.0,835.35
1790417735.548,3,57517.0,100.0,891.94
1790417735.548,4,58145.0,100.0,897.18
1790417735.548,5,57499.0,100.0,838.09
1790417735.548,6,57339.0,100.0,938.69
1790417735.548,7,57319.0,100.0,888.22
1790417736.548,0,59951.0,0.0,482.28
1790417736.548,1,57297.0,0.0,524.3
1790417736.548,2,57189.0,0.0,560.6
1790417736.548,3,57517.0,0.0,467.24
1790417736.548,4,58145.0,0.0,506.21
1790417736.548,5,57499.0,0.0,521.56
1790417736.548,6,57339.0,0.0,472.14
1790417736.548,7,57319.0,0.0,518.16
1790417737.548,0,59951.0,95.0,478.45
1790417737.548,1,57297.0,95.0,435.74
1790417737.548,2,57189.0,95.0,385.05
1790417737.548,3,57517.0,95.0,463.68
1790417737.548,4,58145.0,95.0,409.85
1790417737.548,5,57499.0,95.0,439.67
1790417737.549,6,57339.0,94.0,425.47
1790417737.549,7,57319.0,95.0,392.8
1790417738.549,0,59951.0,100.0,822.22
1790417738.549,1,57297.0,100.0,831.52
1790417738.549,2,57189.0,100.0,860.82
1790417738.549,3,57517.0,100.0,843.27
1790417738.549,4,58145.0,94.0,859.61
1790417738.549,5,57499.0,87.0,820.57
1790417738.549,6,57339.0,100.0,874.43
1790417738.549,7,57319.0,99.0,870.95
1790417739.549,0,59951.0,0.0,659.83
1790417739.549,1,57297.0,0.0,701.71
1790417739.549,2,57189.0,0.0,739.75
1790417739.549,3,57517.0,0.0,655.86
1790417739.549,4,58145.0,0.0,685.86
1790417739.549,5,57499.0,0.0,697.98
1790417739.549,6,57339.0,0.0,651.49
1790417739.549,7,57319.0,0.0,698.07
1790417740.55,0,59951.0,0.0,222.24
1790417740.55,1,57297.0,0.0,195.26
1790417740.55,2,57189.0,0.0,198.23
1790417740.55,3,57517.0,0.0,192.75
1790417740.55,4,58145.0,0.0,193.3
1790417740.55,5,57499.0,0.0,193.18
1790417740.55,6,57339.0,0.0,192.19
1790417740.55,7,57319.0,0.0,189.86
1790417741.55,0,59951.0,99.0,726.8
1790417741.55,1,57297.0,91.0,684.64
1790417741.55,2,57189.0,99.0,669.86
1790417741.55,3,57517.0,99.0,734.66
1790417741.55,4,58145.0,61.0,703.62
1790417741.55,5,57499.0,62.0,683.15
1790417741.55,6,57339.0,99.0,744.84
1790417741.55,7,57319.0,100.0,692.88
1790417742.55,0,59951.0,100.0,974.95
1790417742.551,1,57297.0,100.0,984.15
1790417742.555,2,57189.0,100.0,987.5
1790417742.555,3,57517.0,100.0,987.15
1790417742.555,4,58145.0,100.0,973.6
1790417742.555,5,57499.0,100.0,981.96
1790417742.555,6,57339.0,100.0,975.8
1790417742.555,7,57319.0,100.0,988.52
1790417743.555,0,59951.0,0.0,230.27
1790417743.555,1,57297.0,0.0,294.87
1790417743.555,2,57189.0,0.0,276.77
1790417743.555,3,57517.0,0.0,291.17
1790417743.555,4,58145.0,0.0,275.9
1790417743.555,5,57499.0,0.0,294.38
1790417743.555,6,57339.0,0.0,241.94
1790417743.555,7,57319.0,0.0,274.34
1790417744.556,0,59951.0,56.0,617.18
1790417744.556,1,57297.0,94.0,596.91
1790417744.556,2,57189.0,95.0,606.49
1790417744.556,3,57517.0,95.0,602.26
1790417744.556,4,58145.0,95.0,611.86
1790417744.556,5,57499.0,95.0,605.73
1790417744.556,6,57339.0,95.0,601.97
1790417744.556,7,57319.0,95.0,591.55
1790417745.556,0,59951.0,100.0,988.33
1790417745.564,1,57297.0,100.0,939.47
1790417745.564,2,57189.0,100.0,941.45
1790417745.564,3,57517.0,100.0,923.71
1790417745.564,4,58145.0,100.0,956.3
1790417745.564,5,57499.0,100.0,937.08
1790417745.564,6,57339.0,100.0,982.01
1790417745.564,7,57319.0,100.0,948.15
1790417746.565,0,59951.0,0.0,364.27
1790417746.568,1,57297.0,0.0,405.38
1790417746.569,2,57189.0,0.0,416.44
1790417746.569,3,57517.0,0.0,411.62
1790417746.569,4,58145.0,0.0,402.84
1790417746.569,5,57499.0,0.0,417.51
1790417746.569,6,57339.0,0.0,369.12
1790417746.569,7,57319.0,0.0,406.1
1790417747.569,0,59951.0,95.0,595.96
1790417747.569,1,57297.0,95.0,530.84
1790417747.569,2,57189.0,95.0,536.08
1790417747.569,3,57517.0,95.0,512.84
1790417747.569,4,58145.0,95.0,518.34
1790417747.569,5,57499.0,95.0,486.82
1790417747.57,6,57339.0,95.0,511.4
1790417747.57,7,57319.0,95.0,512.95
1790417748.57,0,59951.0,100.0,846.72
1790417748.57,1,57297.0,100.0,844.93
1790417748.57,2,57189.0,100.0,846.65
1790417748.57,3,57517.0,100.0,850.82
1790417748.57,4,58145.0,100.0,869.29
1790417748.57,5,57499.0,100.0,886.97
1790417748.57,6,57339.0,100.0,918.16
1790417748.57,7,57319.0,100.0,865.98
1790417749.57,0,59951.0,0.0,527.64
1790417749.57,1,57297.0,0.0,573.83
1790417749.57,2,57189.0,0.0,587.11
1790417749.57,3,57517.0,0.0,584.34
1790417749.57,4,58145.0,0.0,573.07
1790417749.57,5,57499.0,0.0,590.34
1790417749.57,6,57339.0,0.0,525.63
1790417749.57,7,57319.0,0.0,560.82
1790417750.571,0,59951.0,95.0,451.05
1790417750.571,1,57297.0,94.0,409.33
1790417750.571,2,57189.0,95.0,398.13
1790417750.571,3,57517.0,95.0,375.82
1790417750.571,4,58145.0,95.0,380.86
1790417750.571,5,57499.0,95.0,386.65
1790417750.571,6,57339.0,95.0,423.95
1790417750.571,7,57319.0,95.0,419.98
1790417751.571,0,59951.0,100.0,835.67
1790417751.571,1,57297.0,90.0,827.47
1790417751.571,2,57189.0,96.0,846.12
1790417751.571,3,57517.0,98.0,841.69
1790417751.571,4,58145.0,85.0,868.86
1790417751.571,5,57499.0,88.0,836.78
1790417751.571,6,57339.0,100.0,854.68
1790417751.571,7,57319.0,86.0,825.23
1790417752.571,0,59951.0,0.0,675.76
1790417752.572,1,57297.0,0.0,722.69
1790417752.572,2,57189.0,0.0,738.95
1790417752.572,3,57517.0,0.0,725.02
1790417752.572,4,58145.0,0.0,713.8
1790417752.572,5,57499.0,0.0,742.96
1790417752.572,6,57339.0,0.0,675.04
1790417752.572,7,57319.0,0.0,709.93
1790417753.572,0,59951.0,18.0,196.02
1790417753.572,1,57297.0,0.0,196.53
1790417753.572,2,57189.0,0.0,200.74
1790417753.572,3,57517.0,0.0,189.79
1790417753.572,4,58145.0,0.0,195.02
1790417753.572,5,57499.0,0.0,194.14
1790417753.572,6,57339.0,0.0,195.1
1790417753.572,7,57319.0,0.0,190.73
1790417754.572,0,59951.0,100.0,712.32
1790417754.572,1,57297.0,83.0,651.68
1790417754.573,2,57189.0,60.0,658.78
1790417754.573,3,57517.0,57.0,645.27
1790417754.573,4,58145.0,55.0,684.43
1790417754.573,5,57499.0,95.0,630.12
1790417754.573,6,57339.0,64.0,711.62
1790417754.573,7,57319.0,56.0,666.08
1790417755.573,0,59951.0,100.0,979.4
1790417755.573,1,57297.0,100.0,982.5
1790417755.573,2,57189.0,100.0,996.13
1790417755.573,3,57517.0,100.0,993.12
1790417755.573,4,58145.0,100.0,983.25
1790417755.573,5,57499.0,100.0,994.65
1790417755.573,6,57339.0,100.0,980.42
1790417755.573,7,57319.0,100.0,987.71
1790417756.573,0,59951.0,0.0,264.35
1790417756.573,1,57297.0,0.0,324.14
1790417756.573,2,57189.0,0.0,332.88
1790417756.573,3,57517.0,0.0,327.56
1790417756.573,4,58145.0,0.0,304.74
1790417756.573,5,57499.0,0.0,262.18
1790417756.574,6,57339.0,0.0,274.68
1790417756.574,7,57319.0,0.0,311.33
1790417757.574,0,59951.0,58.0,610.52
1790417757.574,1,57297.0,94.0,584.27
1790417757.574,2,57189.0,94.0,595.49
1790417757.574,3,57517.0,94.0,603.02
1790417757.574,4,58145.0,95.0,558.44
1790417757.574,5,57499.0,95.0,596.15
1790417757.574,6,57339.0,95.0,609.62
1790417757.574,7,57319.0,95.0,596.18
