timestamp_utc,gpu_index,gpu_name,memory_mib,utilization_pct,power_w,temperature_c,sm_clock_mhz,memory_clock_mhz
2026-09-26T18:31:36.387000+00:00,0,NVIDIA B200,33194,0,186.33,35,1965,3996
2026-09-26T18:31:36.387000+00:00,1,NVIDIA B200,33194,0,187.36,31,1965,3996
2026-09-26T18:31:36.387000+00:00,2,NVIDIA B200,33214,1,190.14,35,1965,3996
2026-09-26T18:31:36.387000+00:00,3,NVIDIA B200,33244,0,183.21,32,1965,3996
2026-09-26T18:31:36.387000+00:00,4,NVIDIA B200,33194,0,185.76,35,1965,3996
2026-09-26T18:31:36.387000+00:00,5,NVIDIA B200,33194,0,186.24,32,1965,3996
2026-09-26T18:31:36.387000+00:00,6,NVIDIA B200,33194,0,184.75,35,1965,3996
2026-09-26T18:31:36.387000+00:00,7,NVIDIA B200,33194,0,184.24,31,1965,3996
2026-09-26T18:31:37.387000+00:00,0,NVIDIA B200,33194,0,186.53,35,1965,3996
2026-09-26T18:31:37.387000+00:00,1,NVIDIA B200,33194,0,187.48,31,1965,3996
2026-09-26T18:31:37.387000+00:00,2,NVIDIA B200,33218,0,191.71,35,1965,3996
2026-09-26T18:31:37.387000+00:00,3,NVIDIA B200,33218,0,185.98,32,1965,3996
2026-09-26T18:31:37.387000+00:00,4,NVIDIA B200,33194,0,185.95,35,1965,3996
2026-09-26T18:31:37.387000+00:00,5,NVIDIA B200,33194,0,186.31,32,1965,3996
2026-09-26T18:31:37.387000+00:00,6,NVIDIA B200,33194,0,184.82,35,1965,3996
2026-09-26T18:31:37.387000+00:00,7,NVIDIA B200,33194,0,184.32,31,1965,3996
2026-09-26T18:31:38.387000+00:00,0,NVIDIA B200,33226,0,186.33,35,1965,3996
2026-09-26T18:31:38.387000+00:00,1,NVIDIA B200,33194,0,187.35,31,1965,3996
2026-09-26T18:31:38.388000+00:00,2,NVIDIA B200,33346,0,196.59,35,1965,3996
2026-09-26T18:31:38.388000+00:00,3,NVIDIA B200,33346,0,190.26,32,1965,3996
2026-09-26T18:31:38.388000+00:00,4,NVIDIA B200,33194,0,185.74,35,1965,3996
2026-09-26T18:31:38.388000+00:00,5,NVIDIA B200,33194,0,186.43,32,1965,3996
2026-09-26T18:31:38.388000+00:00,6,NVIDIA B200,33218,2,187.72,35,1965,3996
2026-09-26T18:31:38.388000+00:00,7,NVIDIA B200,33218,0,187.01,31,1965,3996
2026-09-26T18:31:39.388000+00:00,0,NVIDIA B200,33218,3,188.68,35,1965,3996
2026-09-26T18:31:39.388000+00:00,1,NVIDIA B200,33216,0,188.96,31,1965,3996
2026-09-26T18:31:39.388000+00:00,2,NVIDIA B200,33346,0,189.03,35,1965,3996
2026-09-26T18:31:39.388000+00:00,3,NVIDIA B200,33346,0,182.91,32,1965,3996
2026-09-26T18:31:39.388000+00:00,4,NVIDIA B200,33194,0,185.87,35,1965,3996
2026-09-26T18:31:39.388000+00:00,5,NVIDIA B200,33218,0,188.85,32,1965,3996
2026-09-26T18:31:39.388000+00:00,6,NVIDIA B200,33218,0,186.04,35,1965,3996
2026-09-26T18:31:39.388000+00:00,7,NVIDIA B200,33218,0,184.46,31,1965,3996
2026-09-26T18:31:40.388000+00:00,0,NVIDIA B200,33218,0,186.34,35,1965,3996
2026-09-26T18:31:40.389000+00:00,1,NVIDIA B200,33218,0,188.31,31,1965,3996
2026-09-26T18:31:40.389000+00:00,2,NVIDIA B200,33346,0,188.88,35,1965,3996
2026-09-26T18:31:40.389000+00:00,3,NVIDIA B200,33346,0,182.80,32,1965,3996
2026-09-26T18:31:40.390000+00:00,4,NVIDIA B200,33194,0,185.85,35,1965,3996
2026-09-26T18:31:40.390000+00:00,5,NVIDIA B200,33218,0,186.35,32,1965,3996
2026-09-26T18:31:40.390000+00:00,6,NVIDIA B200,33218,0,184.74,35,1965,3996
2026-09-26T18:31:40.390000+00:00,7,NVIDIA B200,33218,0,184.31,31,1965,3996
2026-09-26T18:31:41.400000+00:00,0,NVIDIA B200,33218,0,186.38,35,1965,3996
2026-09-26T18:31:41.402000+00:00,1,NVIDIA B200,33218,0,187.41,31,1965,3996
2026-09-26T18:31:41.403000+00:00,2,NVIDIA B200,33538,0,232.61,35,1965,3996
2026-09-26T18:31:41.405000+00:00,3,NVIDIA B200,33538,0,225.01,33,1965,3996
2026-09-26T18:31:41.405000+00:00,4,NVIDIA B200,33194,0,185.80,35,1965,3996
2026-09-26T18:31:41.407000+00:00,5,NVIDIA B200,33538,35,198.66,32,1965,3996
2026-09-26T18:31:41.407000+00:00,6,NVIDIA B200,33302,0,184.69,35,1965,3996
2026-09-26T18:31:41.407000+00:00,7,NVIDIA B200,33218,0,184.33,31,1965,3996
2026-09-26T18:31:42.409000+00:00,0,NVIDIA B200,33366,0,186.44,35,1965,3996
2026-09-26T18:31:42.409000+00:00,1,NVIDIA B200,33366,0,187.42,31,1965,3996
2026-09-26T18:31:42.409000+00:00,2,NVIDIA B200,33538,13,225.61,35,1965,3996
2026-09-26T18:31:42.409000+00:00,3,NVIDIA B200,33538,0,217.68,33,1965,3996
2026-09-26T18:31:42.409000+00:00,4,NVIDIA B200,33194,0,185.97,35,1965,3996
2026-09-26T18:31:42.409000+00:00,5,NVIDIA B200,33538,0,213.50,32,1965,3996
2026-09-26T18:31:42.409000+00:00,6,NVIDIA B200,33494,0,189.36,35,1965,3996
2026-09-26T18:31:42.409000+00:00,7,NVIDIA B200,33494,57,205.57,32,1965,3996
2026-09-26T18:31:43.409000+00:00,0,NVIDIA B200,33366,0,186.19,35,1965,3996
2026-09-26T18:31:43.409000+00:00,1,NVIDIA B200,33366,0,187.22,31,1965,3996
2026-09-26T18:31:43.409000+00:00,2,NVIDIA B200,33538,0,189.22,35,1965,3996
2026-09-26T18:31:43.410000+00:00,3,NVIDIA B200,33538,0,183.04,32,1965,3996
2026-09-26T18:31:43.410000+00:00,4,NVIDIA B200,33194,0,185.76,35,1965,3996
2026-09-26T18:31:43.410000+00:00,5,NVIDIA B200,33538,0,186.26,32,1965,3996
2026-09-26T18:31:43.410000+00:00,6,NVIDIA B200,33494,0,184.59,35,1965,3996
2026-09-26T18:31:43.410000+00:00,7,NVIDIA B200,33494,0,183.98,31,1965,3996
2026-09-26T18:31:44.410000+00:00,0,NVIDIA B200,33366,0,185.99,35,1965,3996
2026-09-26T18:31:44.410000+00:00,1,NVIDIA B200,33366,0,187.12,31,1965,3996
2026-09-26T18:31:44.410000+00:00,2,NVIDIA B200,33538,0,189.01,35,1965,3996
2026-09-26T18:31:44.410000+00:00,3,NVIDIA B200,33538,0,182.87,32,1965,3996
2026-09-26T18:31:44.410000+00:00,4,NVIDIA B200,33218,3,189.75,35,1965,3996
2026-09-26T18:31:44.410000+00:00,5,NVIDIA B200,33538,0,186.01,32,1965,3996
2026-09-26T18:31:44.410000+00:00,6,NVIDIA B200,33494,0,184.40,35,1965,3996
2026-09-26T18:31:44.410000+00:00,7,NVIDIA B200,33494,0,183.93,31,1965,3996
2026-09-26T18:31:45.410000+00:00,0,NVIDIA B200,33368,0,185.95,35,1965,3996
2026-09-26T18:31:45.410000+00:00,1,NVIDIA B200,33366,0,187.07,31,1965,3996
2026-09-26T18:31:45.410000+00:00,2,NVIDIA B200,33540,0,188.95,35,1965,3996
2026-09-26T18:31:45.410000+00:00,3,NVIDIA B200,33540,0,182.82,32,1965,3996
2026-09-26T18:31:45.410000+00:00,4,NVIDIA B200,33218,0,185.83,35,1965,3996
2026-09-26T18:31:45.410000+00:00,5,NVIDIA B200,33540,0,185.99,32,1965,3996
2026-09-26T18:31:45.410000+00:00,6,NVIDIA B200,33496,0,184.46,35,1965,3996
2026-09-26T18:31:45.410000+00:00,7,NVIDIA B200,33496,0,183.89,31,1965,3996
2026-09-26T18:31:46.410000+00:00,0,NVIDIA B200,33520,0,250.44,36,1965,3996
2026-09-26T18:31:46.411000+00:00,1,NVIDIA B200,33520,0,243.35,32,1965,3996
2026-09-26T18:31:46.411000+00:00,2,NVIDIA B200,33564,0,249.10,35,1965,3996
2026-09-26T18:31:46.411000+00:00,3,NVIDIA B200,33564,0,245.35,33,1965,3996
2026-09-26T18:31:46.411000+00:00,4,NVIDIA B200,33366,0,185.78,35,1965,3996
2026-09-26T18:31:46.411000+00:00,5,NVIDIA B200,33564,0,246.20,32,1965,3996
2026-09-26T18:31:46.411000+00:00,6,NVIDIA B200,33522,0,247.00,35,1965,3996
2026-09-26T18:31:46.411000+00:00,7,NVIDIA B200,33520,0,248.63,32,1965,3996
2026-09-26T18:31:47.411000+00:00,0,NVIDIA B200,33520,0,186.87,35,1965,3996
2026-09-26T18:31:47.411000+00:00,1,NVIDIA B200,33520,0,187.79,31,1965,3996
2026-09-26T18:31:47.411000+00:00,2,NVIDIA B200,33564,0,189.73,35,1965,3996
2026-09-26T18:31:47.411000+00:00,3,NVIDIA B200,33564,0,183.53,32,1965,3996
2026-09-26T18:31:47.411000+00:00,4,NVIDIA B200,33366,1,185.92,35,1965,3996
2026-09-26T18:31:47.411000+00:00,5,NVIDIA B200,33564,0,186.53,32,1965,3996
2026-09-26T18:31:47.411000+00:00,6,NVIDIA B200,33522,0,185.24,35,1965,3996
2026-09-26T18:31:47.411000+00:00,7,NVIDIA B200,33520,0,184.64,31,1965,3996
2026-09-26T18:31:48.411000+00:00,0,NVIDIA B200,33520,0,203.23,35,1965,3996
2026-09-26T18:31:48.411000+00:00,1,NVIDIA B200,33520,0,203.96,31,1965,3996
2026-09-26T18:31:48.411000+00:00,2,NVIDIA B200,33564,0,207.48,35,1965,3996
2026-09-26T18:31:48.411000+00:00,3,NVIDIA B200,33564,0,200.82,32,1965,3996
2026-09-26T18:31:48.411000+00:00,4,NVIDIA B200,33366,0,185.60,35,1965,3996
2026-09-26T18:31:48.412000+00:00,5,NVIDIA B200,33564,0,203.14,32,1965,3996
2026-09-26T18:31:48.412000+00:00,6,NVIDIA B200,33522,0,201.40,35,1965,3996
2026-09-26T18:31:48.412000+00:00,7,NVIDIA B200,33520,0,201.74,31,1965,3996
2026-09-26T18:31:49.412000+00:00,0,NVIDIA B200,33520,0,186.40,35,1965,3996
2026-09-26T18:31:49.412000+00:00,1,NVIDIA B200,33520,0,187.35,31,1965,3996
2026-09-26T18:31:49.412000+00:00,2,NVIDIA B200,33564,0,208.61,35,1965,3996
2026-09-26T18:31:49.412000+00:00,3,NVIDIA B200,33564,0,202.34,32,1965,3996
2026-09-26T18:31:49.412000+00:00,4,NVIDIA B200,33392,0,191.21,35,1965,3996
2026-09-26T18:31:49.412000+00:00,5,NVIDIA B200,33564,0,197.87,32,1965,3996
2026-09-26T18:31:49.412000+00:00,6,NVIDIA B200,33522,0,203.45,35,1965,3996
2026-09-26T18:31:49.412000+00:00,7,NVIDIA B200,33520,0,202.75,31,1965,3996
2026-09-26T18:31:50.412000+00:00,0,NVIDIA B200,33520,0,186.30,35,1965,3996
2026-09-26T18:31:50.412000+00:00,1,NVIDIA B200,33520,0,187.26,31,1965,3996
2026-09-26T18:31:50.412000+00:00,2,NVIDIA B200,33564,0,189.26,35,1965,3996
2026-09-26T18:31:50.412000+00:00,3,NVIDIA B200,33564,0,183.17,32,1965,3996
2026-09-26T18:31:50.412000+00:00,4,NVIDIA B200,33392,1,186.73,35,1965,3996
2026-09-26T18:31:50.412000+00:00,5,NVIDIA B200,33564,0,186.18,32,1965,3996
2026-09-26T18:31:50.412000+00:00,6,NVIDIA B200,33522,0,184.76,35,1965,3996
2026-09-26T18:31:50.412000+00:00,7,NVIDIA B200,33520,0,184.19,31,1965,3996
2026-09-26T18:31:51.412000+00:00,0,NVIDIA B200,33520,0,186.24,35,1965,3996
2026-09-26T18:31:51.412000+00:00,1,NVIDIA B200,33520,0,187.22,31,1965,3996
2026-09-26T18:31:51.413000+00:00,2,NVIDIA B200,33564,0,189.25,35,1965,3996
2026-09-26T18:31:51.413000+00:00,3,NVIDIA B200,33564,0,183.30,32,1965,3996
2026-09-26T18:31:51.429000+00:00,4,NVIDIA B200,33392,0,185.76,35,1965,3996
2026-09-26T18:31:51.429000+00:00,5,NVIDIA B200,33564,0,186.22,32,1965,3996
2026-09-26T18:31:51.429000+00:00,6,NVIDIA B200,33522,0,184.73,35,1965,3996
2026-09-26T18:31:51.429000+00:00,7,NVIDIA B200,33520,0,184.24,31,1965,3996
2026-09-26T18:31:52.430000+00:00,0,NVIDIA B200,33520,0,213.43,35,1965,3996
2026-09-26T18:31:52.430000+00:00,1,NVIDIA B200,33520,0,215.02,32,1965,3996
2026-09-26T18:31:52.430000+00:00,2,NVIDIA B200,33564,0,216.86,35,1965,3996
2026-09-26T18:31:52.430000+00:00,3,NVIDIA B200,33564,0,210.51,32,1965,3996
2026-09-26T18:31:52.430000+00:00,4,NVIDIA B200,33392,0,185.74,35,1965,3996
2026-09-26T18:31:52.430000+00:00,5,NVIDIA B200,33564,0,211.15,32,1965,3996
2026-09-26T18:31:52.430000+00:00,6,NVIDIA B200,33522,0,212.26,35,1965,3996
2026-09-26T18:31:52.430000+00:00,7,NVIDIA B200,33520,0,210.24,31,1965,3996
2026-09-26T18:31:53.430000+00:00,0,NVIDIA B200,33616,14,204.03,37,1965,3996
2026-09-26T18:31:53.430000+00:00,1,NVIDIA B200,33616,0,190.74,31,1965,3996
2026-09-26T18:31:53.430000+00:00,2,NVIDIA B200,33660,0,190.66,35,1965,3996
2026-09-26T18:31:53.430000+00:00,3,NVIDIA B200,33660,31,213.79,34,1965,3996
2026-09-26T18:31:53.430000+00:00,4,NVIDIA B200,33488,0,197.55,36,1965,3996
2026-09-26T18:31:53.430000+00:00,5,NVIDIA B200,33660,0,187.02,32,1965,3996
2026-09-26T18:31:53.430000+00:00,6,NVIDIA B200,33618,0,215.29,38,1965,3996
2026-09-26T18:31:53.430000+00:00,7,NVIDIA B200,33618,0,195.98,32,1965,3996
2026-09-26T18:31:54.430000+00:00,0,NVIDIA B200,33400,0,297.87,36,1965,3996
2026-09-26T18:31:54.430000+00:00,1,NVIDIA B200,33400,0,329.55,32,1965,3996
2026-09-26T18:31:54.430000+00:00,2,NVIDIA B200,33506,0,323.39,36,1965,3996
2026-09-26T18:31:54.430000+00:00,3,NVIDIA B200,33508,0,300.21,33,1965,3996
2026-09-26T18:31:54.430000+00:00,4,NVIDIA B200,33400,0,318.86,36,1965,3996
2026-09-26T18:31:54.430000+00:00,5,NVIDIA B200,33506,0,317.48,33,1965,3996
2026-09-26T18:31:54.430000+00:00,6,NVIDIA B200,33400,0,298.20,36,1965,3996
2026-09-26T18:31:54.430000+00:00,7,NVIDIA B200,33400,0,320.30,32,1965,3996
2026-09-26T18:31:55.431000+00:00,0,NVIDIA B200,33576,5,206.63,36,1965,3996
2026-09-26T18:31:55.431000+00:00,1,NVIDIA B200,33718,0,203.54,32,1965,3996
2026-09-26T18:31:55.431000+00:00,2,NVIDIA B200,33648,0,201.05,35,1965,3996
2026-09-26T18:31:55.431000+00:00,3,NVIDIA B200,33754,10,213.16,33,1965,3996
2026-09-26T18:31:55.431000+00:00,4,NVIDIA B200,33588,0,201.69,36,1965,3996
2026-09-26T18:31:55.431000+00:00,5,NVIDIA B200,33574,5,201.63,33,1965,3996
2026-09-26T18:31:55.431000+00:00,6,NVIDIA B200,33762,0,204.87,37,1965,3996
2026-09-26T18:31:55.431000+00:00,7,NVIDIA B200,33578,0,200.40,32,1965,3996
2026-09-26T18:31:56.431000+00:00,0,NVIDIA B200,34178,0,246.97,36,1965,3996
2026-09-26T18:31:56.432000+00:00,1,NVIDIA B200,34128,0,236.20,32,1965,3996
2026-09-26T18:31:56.432000+00:00,2,NVIDIA B200,34258,0,249.70,36,1965,3996
2026-09-26T18:31:56.432000+00:00,3,NVIDIA B200,34130,0,241.37,33,1965,3996
2026-09-26T18:31:56.432000+00:00,4,NVIDIA B200,34114,0,248.02,36,1965,3996
2026-09-26T18:31:56.432000+00:00,5,NVIDIA B200,34250,0,249.81,33,1965,3996
2026-09-26T18:31:56.432000+00:00,6,NVIDIA B200,34146,0,235.25,36,1965,3996
2026-09-26T18:31:56.432000+00:00,7,NVIDIA B200,34146,0,245.28,32,1965,3996
2026-09-26T18:31:57.432000+00:00,0,NVIDIA B200,34178,0,186.57,36,1965,3996
2026-09-26T18:31:57.433000+00:00,1,NVIDIA B200,34128,0,187.48,32,1965,3996
2026-09-26T18:31:57.433000+00:00,2,NVIDIA B200,34258,0,189.69,35,1965,3996
2026-09-26T18:31:57.433000+00:00,3,NVIDIA B200,34130,0,183.30,33,1965,3996
2026-09-26T18:31:57.433000+00:00,4,NVIDIA B200,34114,0,186.40,35,1965,3996
2026-09-26T18:31:57.433000+00:00,5,NVIDIA B200,34250,0,186.38,32,1965,3996
2026-09-26T18:31:57.433000+00:00,6,NVIDIA B200,34146,0,185.19,35,1965,3996
2026-09-26T18:31:57.433000+00:00,7,NVIDIA B200,34146,0,184.36,32,1965,3996
2026-09-26T18:31:58.433000+00:00,0,NVIDIA B200,34178,0,186.21,35,1965,3996
2026-09-26T18:31:58.433000+00:00,1,NVIDIA B200,34128,0,187.27,32,1965,3996
2026-09-26T18:31:58.433000+00:00,2,NVIDIA B200,34258,0,189.24,35,1965,3996
2026-09-26T18:31:58.433000+00:00,3,NVIDIA B200,33510,0,183.04,32,1965,3996
2026-09-26T18:31:58.433000+00:00,4,NVIDIA B200,33496,35,262.63,38,1965,3996
2026-09-26T18:31:58.433000+00:00,5,NVIDIA B200,33538,36,213.05,34,1965,3996
2026-09-26T18:31:58.433000+00:00,6,NVIDIA B200,33496,37,296.55,39,1965,3996
2026-09-26T18:31:58.433000+00:00,7,NVIDIA B200,33402,0,185.53,32,1965,3996
2026-09-26T18:31:59.433000+00:00,0,NVIDIA B200,33494,37,276.66,39,1965,3996
2026-09-26T18:31:59.433000+00:00,1,NVIDIA B200,33494,37,273.95,35,1965,3996
2026-09-26T18:31:59.433000+00:00,2,NVIDIA B200,34258,0,189.07,35,1965,3996
2026-09-26T18:31:59.433000+00:00,3,NVIDIA B200,33514,33,339.03,36,1965,3996
2026-09-26T18:31:59.433000+00:00,4,NVIDIA B200,34210,15,318.07,39,1965,3996
2026-09-26T18:31:59.433000+00:00,5,NVIDIA B200,33880,16,331.48,34,1965,3996
2026-09-26T18:31:59.433000+00:00,6,NVIDIA B200,34168,21,296.51,37,1965,3996
2026-09-26T18:31:59.433000+00:00,7,NVIDIA B200,33460,26,344.15,34,1965,3996
2026-09-26T18:32:00.434000+00:00,0,NVIDIA B200,34184,37,325.65,38,1965,3996
2026-09-26T18:32:00.434000+00:00,1,NVIDIA B200,34128,21,323.54,34,1965,3996
2026-09-26T18:32:00.434000+00:00,2,NVIDIA B200,33538,38,312.16,39,1965,3996
2026-09-26T18:32:00.434000+00:00,3,NVIDIA B200,34142,0,256.57,34,1965,3996
2026-09-26T18:32:00.434000+00:00,4,NVIDIA B200,34210,0,207.48,36,1965,3996
2026-09-26T18:32:00.434000+00:00,5,NVIDIA B200,34170,0,237.03,33,1965,3996
2026-09-26T18:32:00.434000+00:00,6,NVIDIA B200,34168,0,185.58,36,1965,3996
2026-09-26T18:32:00.434000+00:00,7,NVIDIA B200,34196,0,255.88,33,1965,3996
2026-09-26T18:32:01.434000+00:00,0,NVIDIA B200,34184,0,187.34,36,1965,3996
2026-09-26T18:32:01.442000+00:00,1,NVIDIA B200,34128,0,189.75,32,1965,3996
2026-09-26T18:32:01.444000+00:00,2,NVIDIA B200,34178,37,279.91,37,1965,3996
2026-09-26T18:32:01.444000+00:00,3,NVIDIA B200,34142,0,183.62,33,1965,3996
2026-09-26T18:32:01.444000+00:00,4,NVIDIA B200,33402,3,188.66,36,1965,3996
2026-09-26T18:32:01.444000+00:00,5,NVIDIA B200,34170,0,186.47,32,1965,3996
2026-09-26T18:32:01.444000+00:00,6,NVIDIA B200,33430,0,187.21,36,1965,3996
2026-09-26T18:32:01.444000+00:00,7,NVIDIA B200,34196,0,184.48,32,1965,3996
2026-09-26T18:32:02.444000+00:00,0,NVIDIA B200,34184,0,186.74,36,1965,3996
2026-09-26T18:32:02.444000+00:00,1,NVIDIA B200,34128,0,187.53,32,1965,3996
2026-09-26T18:32:02.444000+00:00,2,NVIDIA B200,34178,0,190.00,36,1965,3996
2026-09-26T18:32:02.444000+00:00,3,NVIDIA B200,34142,0,183.15,33,1965,3996
2026-09-26T18:32:02.444000+00:00,4,NVIDIA B200,33442,17,337.96,38,1965,3996
2026-09-26T18:32:02.444000+00:00,5,NVIDIA B200,33538,37,291.31,36,1965,3996
2026-09-26T18:32:02.444000+00:00,6,NVIDIA B200,33516,33,337.79,38,1965,3996
2026-09-26T18:32:02.444000+00:00,7,NVIDIA B200,34196,0,184.52,32,1965,3996
2026-09-26T18:32:03.444000+00:00,0,NVIDIA B200,33404,3,188.93,36,1965,3996
2026-09-26T18:32:03.444000+00:00,1,NVIDIA B200,34128,0,187.17,32,1965,3996
2026-09-26T18:32:03.444000+00:00,2,NVIDIA B200,34178,0,189.41,35,1965,3996
2026-09-26T18:32:03.444000+00:00,3,NVIDIA B200,33538,36,236.46,35,1965,3996
2026-09-26T18:32:03.444000+00:00,4,NVIDIA B200,34152,0,268.18,37,1965,3996
2026-09-26T18:32:03.444000+00:00,5,NVIDIA B200,34178,36,311.69,35,1965,3996
2026-09-26T18:32:03.444000+00:00,6,NVIDIA B200,34168,0,249.23,37,1965,3996
2026-09-26T18:32:03.444000+00:00,7,NVIDIA B200,33406,38,314.80,36,1965,3996
2026-09-26T18:32:04.445000+00:00,0,NVIDIA B200,33464,9,349.16,38,1965,3996
2026-09-26T18:32:04.445000+00:00,1,NVIDIA B200,33494,36,316.35,35,1965,3996
2026-09-26T18:32:04.445000+00:00,2,NVIDIA B200,34178,0,189.21,35,1965,3996
2026-09-26T18:32:04.445000+00:00,3,NVIDIA B200,33882,20,332.81,34,1965,3996
2026-09-26T18:32:04.445000+00:00,4,NVIDIA B200,34152,0,186.56,36,1965,3996
2026-09-26T18:32:04.445000+00:00,5,NVIDIA B200,34178,0,187.00,33,1965,3996
2026-09-26T18:32:04.445000+00:00,6,NVIDIA B200,34168,0,185.40,36,1965,3996
2026-09-26T18:32:04.445000+00:00,7,NVIDIA B200,34146,0,270.56,33,1965,3996
2026-09-26T18:32:05.446000+00:00,0,NVIDIA B200,34224,0,260.67,37,1965,3996
2026-09-26T18:32:05.446000+00:00,1,NVIDIA B200,34128,22,275.97,33,1965,3996
2026-09-26T18:32:05.446000+00:00,2,NVIDIA B200,33538,4,209.20,36,1965,3996
2026-09-26T18:32:05.446000+00:00,3,NVIDIA B200,34250,0,219.09,33,1965,3996
2026-09-26T18:32:05.446000+00:00,4,NVIDIA B200,33496,32,225.48,38,1965,3996
2026-09-26T18:32:05.446000+00:00,5,NVIDIA B200,34178,0,186.41,32,1965,3996
2026-09-26T18:32:05.446000+00:00,6,NVIDIA B200,33496,23,238.48,38,1965,3996
2026-09-26T18:32:05.446000+00:00,7,NVIDIA B200,34146,0,184.72,32,1965,3996
2026-09-26T18:32:06.446000+00:00,0,NVIDIA B200,34224,0,186.90,36,1965,3996
2026-09-26T18:32:06.446000+00:00,1,NVIDIA B200,34128,0,187.78,32,1965,3996
2026-09-26T18:32:06.446000+00:00,2,NVIDIA B200,33782,8,342.49,37,1965,3996
2026-09-26T18:32:06.446000+00:00,3,NVIDIA B200,34250,0,183.55,33,1965,3996
2026-09-26T18:32:06.446000+00:00,4,NVIDIA B200,33818,14,326.21,38,1965,3996
2026-09-26T18:32:06.446000+00:00,5,NVIDIA B200,33538,37,329.70,36,1965,3996
2026-09-26T18:32:06.446000+00:00,6,NVIDIA B200,34018,10,320.48,39,1965,3996
2026-09-26T18:32:06.446000+00:00,7,NVIDIA B200,34146,0,184.27,32,1965,3996
2026-09-26T18:32:07.446000+00:00,0,NVIDIA B200,34224,0,186.71,36,1965,3996
2026-09-26T18:32:07.446000+00:00,1,NVIDIA B200,34128,0,187.59,32,1965,3996
2026-09-26T18:32:07.446000+00:00,2,NVIDIA B200,34178,0,252.40,36,1965,3996
2026-09-26T18:32:07.446000+00:00,3,NVIDIA B200,33510,0,184.36,33,1965,3996
2026-09-26T18:32:07.447000+00:00,4,NVIDIA B200,34128,0,239.89,36,1965,3996
2026-09-26T18:32:07.447000+00:00,5,NVIDIA B200,34178,0,265.06,34,1965,3996
2026-09-26T18:32:07.447000+00:00,6,NVIDIA B200,34128,0,217.55,36,1965,3996
2026-09-26T18:32:07.447000+00:00,7,NVIDIA B200,33494,38,294.05,35,1965,3996
2026-09-26T18:32:08.447000+00:00,0,NVIDIA B200,33494,36,245.68,39,1965,3996
2026-09-26T18:32:08.447000+00:00,1,NVIDIA B200,33494,3,215.59,33,1965,3996
2026-09-26T18:32:08.447000+00:00,2,NVIDIA B200,34178,0,189.79,36,1965,3996
2026-09-26T18:32:08.447000+00:00,3,NVIDIA B200,33514,17,352.21,35,1965,3996
2026-09-26T18:32:08.447000+00:00,4,NVIDIA B200,34128,0,186.40,36,1965,3996
2026-09-26T18:32:08.447000+00:00,5,NVIDIA B200,34178,0,186.90,33,1965,3996
2026-09-26T18:32:08.447000+00:00,6,NVIDIA B200,33418,0,185.30,36,1965,3996
2026-09-26T18:32:08.447000+00:00,7,NVIDIA B200,34128,37,302.59,34,1965,3996
2026-09-26T18:32:09.448000+00:00,0,NVIDIA B200,33900,17,323.66,38,1965,3996
2026-09-26T18:32:09.448000+00:00,1,NVIDIA B200,33838,10,327.03,33,1965,3996
2026-09-26T18:32:09.448000+00:00,2,NVIDIA B200,34178,0,189.50,35,1965,3996
2026-09-26T18:32:09.448000+00:00,3,NVIDIA B200,34178,0,255.24,34,1965,3996
2026-09-26T18:32:09.448000+00:00,4,NVIDIA B200,33496,36,303.02,40,1965,3996
2026-09-26T18:32:09.448000+00:00,5,NVIDIA B200,33512,0,186.98,33,1965,3996
2026-09-26T18:32:09.448000+00:00,6,NVIDIA B200,33404,36,333.68,40,1965,3996
2026-09-26T18:32:09.448000+00:00,7,NVIDIA B200,34128,0,184.77,32,1965,3996
2026-09-26T18:32:10.448000+00:00,0,NVIDIA B200,34184,0,219.19,36,1965,3996
2026-09-26T18:32:10.448000+00:00,1,NVIDIA B200,34128,0,235.49,32,1965,3996
2026-09-26T18:32:10.448000+00:00,2,NVIDIA B200,33512,0,190.48,35,1965,3996
2026-09-26T18:32:10.448000+00:00,3,NVIDIA B200,34178,0,183.55,33,1965,3996
2026-09-26T18:32:10.448000+00:00,4,NVIDIA B200,34210,0,293.16,38,1965,3996
2026-09-26T18:32:10.448000+00:00,5,NVIDIA B200,33514,21,339.55,34,1965,3996
2026-09-26T18:32:10.448000+00:00,6,NVIDIA B200,34168,0,253.81,37,1965,3996
2026-09-26T18:32:10.448000+00:00,7,NVIDIA B200,34128,0,184.51,32,1965,3996
2026-09-26T18:32:11.449000+00:00,0,NVIDIA B200,34184,0,186.97,36,1965,3996
2026-09-26T18:32:11.449000+00:00,1,NVIDIA B200,34128,0,187.70,32,1965,3996
2026-09-26T18:32:11.449000+00:00,2,NVIDIA B200,33514,38,354.78,38,1965,3996
2026-09-26T18:32:11.449000+00:00,3,NVIDIA B200,34178,0,183.58,33,1965,3996
2026-09-26T18:32:11.449000+00:00,4,NVIDIA B200,34210,0,187.01,36,1965,3996
2026-09-26T18:32:11.449000+00:00,5,NVIDIA B200,34170,0,258.03,34,1965,3996
2026-09-26T18:32:11.449000+00:00,6,NVIDIA B200,34168,0,185.86,36,1965,3996
2026-09-26T18:32:11.449000+00:00,7,NVIDIA B200,33494,4,207.54,34,1965,3996
2026-09-26T18:32:12.449000+00:00,0,NVIDIA B200,33402,2,187.82,36,1965,3996
2026-09-26T18:32:12.449000+00:00,1,NVIDIA B200,33402,0,188.13,32,1965,3996
2026-09-26T18:32:12.449000+00:00,2,NVIDIA B200,34258,0,260.36,37,1965,3996
2026-09-26T18:32:12.449000+00:00,3,NVIDIA B200,33538,37,260.91,36,1965,3996
2026-09-26T18:32:12.449000+00:00,4,NVIDIA B200,33406,3,188.07,36,1965,3996
2026-09-26T18:32:12.449000+00:00,5,NVIDIA B200,34170,0,186.95,33,1965,3996
2026-09-26T18:32:12.449000+00:00,6,NVIDIA B200,33494,3,192.37,36,1965,3996
2026-09-26T18:32:12.449000+00:00,7,NVIDIA B200,33890,10,341.22,34,1965,3996
2026-09-26T18:32:13.450000+00:00,0,NVIDIA B200,33460,11,345.02,38,1965,3996
2026-09-26T18:32:13.450000+00:00,1,NVIDIA B200,33482,37,339.16,34,1965,3996
2026-09-26T18:32:13.450000+00:00,2,NVIDIA B200,34258,0,189.90,36,1965,3996
2026-09-26T18:32:13.450000+00:00,3,NVIDIA B200,34178,20,329.75,35,1965,3996
2026-09-26T18:32:13.450000+00:00,4,NVIDIA B200,33488,9,340.23,38,1965,3996
2026-09-26T18:32:13.450000+00:00,5,NVIDIA B200,33512,4,189.10,33,1965,3996
2026-09-26T18:32:13.450000+00:00,6,NVIDIA B200,33620,9,348.15,38,1965,3996
2026-09-26T18:32:13.450000+00:00,7,NVIDIA B200,34146,0,234.82,32,1965,3996
2026-09-26T18:32:14.450000+00:00,0,NVIDIA B200,34132,0,260.72,37,1965,3996
2026-09-26T18:32:14.450000+00:00,1,NVIDIA B200,34128,0,258.20,33,1965,3996
2026-09-26T18:32:14.450000+00:00,2,NVIDIA B200,34258,0,189.81,36,1965,3996
2026-09-26T18:32:14.450000+00:00,3,NVIDIA B200,34178,0,199.96,33,1965,3996
2026-09-26T18:32:14.450000+00:00,4,NVIDIA B200,34236,0,254.38,37,1965,3996
2026-09-26T18:32:14.450000+00:00,5,NVIDIA B200,33514,5,341.27,34,1965,3996
2026-09-26T18:32:14.450000+00:00,6,NVIDIA B200,34134,0,248.66,37,1965,3996
2026-09-26T18:32:14.450000+00:00,7,NVIDIA B200,34146,0,184.48,32,1965,3996
2026-09-26T18:32:15.451000+00:00,0,NVIDIA B200,34132,0,187.11,36,1965,3996
2026-09-26T18:32:15.451000+00:00,1,NVIDIA B200,34128,0,187.90,32,1965,3996
2026-09-26T18:32:15.451000+00:00,2,NVIDIA B200,34258,0,189.49,36,1965,3996
2026-09-26T18:32:15.451000+00:00,3,NVIDIA B200,34178,0,183.55,33,1965,3996
2026-09-26T18:32:15.451000+00:00,4,NVIDIA B200,34236,0,186.68,36,1965,3996
2026-09-26T18:32:15.451000+00:00,5,NVIDIA B200,34170,0,256.93,33,1965,3996
2026-09-26T18:32:15.451000+00:00,6,NVIDIA B200,34134,0,185.66,36,1965,3996
2026-09-26T18:32:15.451000+00:00,7,NVIDIA B200,33406,3,186.52,32,1965,3996
2026-09-26T18:32:16.451000+00:00,0,NVIDIA B200,34132,0,186.71,36,1965,3996
2026-09-26T18:32:16.451000+00:00,1,NVIDIA B200,34128,0,187.67,32,1965,3996
2026-09-26T18:32:16.451000+00:00,2,NVIDIA B200,33538,38,279.09,39,1965,3996
2026-09-26T18:32:16.451000+00:00,3,NVIDIA B200,33512,3,186.27,33,1965,3996
2026-09-26T18:32:16.451000+00:00,4,NVIDIA B200,33496,36,277.23,40,1965,3996
2026-09-26T18:32:16.451000+00:00,5,NVIDIA B200,34170,0,187.05,33,1965,3996
2026-09-26T18:32:16.451000+00:00,6,NVIDIA B200,33496,37,264.52,39,1965,3996
2026-09-26T18:32:16.451000+00:00,7,NVIDIA B200,33548,11,344.12,34,1965,3996
2026-09-26T18:32:17.451000+00:00,0,NVIDIA B200,33494,31,230.73,39,1965,3996
2026-09-26T18:32:17.451000+00:00,1,NVIDIA B200,33494,6,226.73,34,1965,3996
2026-09-26T18:32:17.451000+00:00,2,NVIDIA B200,34178,15,320.42,39,1965,3996
2026-09-26T18:32:17.451000+00:00,3,NVIDIA B200,33514,9,348.85,35,1965,3996
2026-09-26T18:32:17.451000+00:00,4,NVIDIA B200,34064,4,303.53,39,1965,3996
2026-09-26T18:32:17.451000+00:00,5,NVIDIA B200,33532,3,193.17,33,1965,3996
2026-09-26T18:32:17.451000+00:00,6,NVIDIA B200,33854,13,293.24,38,1965,3996
2026-09-26T18:32:17.451000+00:00,7,NVIDIA B200,34146,0,247.58,33,1965,3996
2026-09-26T18:32:18.452000+00:00,0,NVIDIA B200,33842,15,331.09,38,1965,3996
2026-09-26T18:32:18.452000+00:00,1,NVIDIA B200,33852,11,333.74,34,1965,3996
2026-09-26T18:32:18.452000+00:00,2,NVIDIA B200,34178,0,213.91,36,1965,3996
2026-09-26T18:32:18.452000+00:00,3,NVIDIA B200,34178,0,250.48,34,1965,3996
2026-09-26T18:32:18.452000+00:00,4,NVIDIA B200,34236,0,219.75,37,1965,3996
2026-09-26T18:32:18.452000+00:00,5,NVIDIA B200,33574,10,347.10,34,1965,3996
2026-09-26T18:32:18.452000+00:00,6,NVIDIA B200,34128,0,218.67,37,1965,3996
2026-09-26T18:32:18.452000+00:00,7,NVIDIA B200,34146,0,184.81,32,1965,3996
2026-09-26T18:32:19.452000+00:00,0,NVIDIA B200,34132,0,235.16,37,1965,3996
2026-09-26T18:32:19.452000+00:00,1,NVIDIA B200,34236,0,238.11,33,1965,3996
2026-09-26T18:32:19.452000+00:00,2,NVIDIA B200,34178,0,189.82,36,1965,3996
2026-09-26T18:32:19.452000+00:00,3,NVIDIA B200,34178,0,183.72,33,1965,3996
2026-09-26T18:32:19.452000+00:00,4,NVIDIA B200,34236,0,186.68,36,1965,3996
2026-09-26T18:32:19.452000+00:00,5,NVIDIA B200,34170,0,245.71,33,1965,3996
2026-09-26T18:32:19.452000+00:00,6,NVIDIA B200,34128,0,185.55,36,1965,3996
2026-09-26T18:32:19.452000+00:00,7,NVIDIA B200,34146,0,184.57,32,1965,3996
2026-09-26T18:32:20.453000+00:00,0,NVIDIA B200,34132,0,186.97,36,1965,3996
2026-09-26T18:32:20.453000+00:00,1,NVIDIA B200,34236,0,187.82,32,1965,3996
2026-09-26T18:32:20.453000+00:00,2,NVIDIA B200,34178,0,189.66,36,1965,3996
2026-09-26T18:32:20.453000+00:00,3,NVIDIA B200,34178,0,183.38,33,1965,3996
2026-09-26T18:32:20.453000+00:00,4,NVIDIA B200,33496,36,335.49,40,1965,3996
2026-09-26T18:32:20.453000+00:00,5,NVIDIA B200,34170,0,186.88,33,1965,3996
2026-09-26T18:32:20.453000+00:00,6,NVIDIA B200,33496,37,321.66,40,1965,3996
2026-09-26T18:32:20.453000+00:00,7,NVIDIA B200,33406,38,324.01,36,1965,3996
2026-09-26T18:32:21.453000+00:00,0,NVIDIA B200,34132,0,186.88,36,1965,3996
2026-09-26T18:32:21.463000+00:00,1,NVIDIA B200,34236,0,187.67,32,1965,3996
2026-09-26T18:32:21.464000+00:00,2,NVIDIA B200,33512,0,191.63,36,1965,3996
2026-09-26T18:32:21.464000+00:00,3,NVIDIA B200,33538,37,292.10,36,1965,3996
2026-09-26T18:32:21.464000+00:00,4,NVIDIA B200,34210,0,269.77,38,1965,3996
2026-09-26T18:32:21.464000+00:00,5,NVIDIA B200,33538,3,211.39,34,1965,3996
2026-09-26T18:32:21.464000+00:00,6,NVIDIA B200,34168,0,280.88,38,1965,3996
2026-09-26T18:32:21.464000+00:00,7,NVIDIA B200,34146,0,272.57,33,1965,3996
2026-09-26T18:32:22.464000+00:00,0,NVIDIA B200,33494,36,285.58,39,1965,3996
2026-09-26T18:32:22.464000+00:00,1,NVIDIA B200,33494,35,285.75,35,1965,3996
2026-09-26T18:32:22.464000+00:00,2,NVIDIA B200,33514,38,330.64,38,1965,3996
2026-09-26T18:32:22.464000+00:00,3,NVIDIA B200,34178,46,314.66,35,1965,3996
2026-09-26T18:32:22.464000+00:00,4,NVIDIA B200,34210,0,187.13,37,1965,3996
2026-09-26T18:32:22.464000+00:00,5,NVIDIA B200,33648,9,332.58,34,1965,3996
2026-09-26T18:32:22.464000+00:00,6,NVIDIA B200,34168,0,186.20,37,1965,3996
2026-09-26T18:32:22.464000+00:00,7,NVIDIA B200,34146,0,185.05,32,1965,3996
2026-09-26T18:32:23.464000+00:00,0,NVIDIA B200,34132,44,316.91,39,1965,3996
2026-09-26T18:32:23.465000+00:00,1,NVIDIA B200,34130,22,315.14,37,1965,3996
2026-09-26T18:32:23.465000+00:00,2,NVIDIA B200,34178,0,266.06,37,1965,3996
2026-09-26T18:32:23.465000+00:00,3,NVIDIA B200,34178,0,184.66,33,1965,3996
2026-09-26T18:32:23.465000+00:00,4,NVIDIA B200,33496,10,213.87,38,1965,3996
2026-09-26T18:32:23.465000+00:00,5,NVIDIA B200,34178,0,247.54,33,1965,3996
2026-09-26T18:32:23.465000+00:00,6,NVIDIA B200,33408,4,187.98,36,1965,3996
2026-09-26T18:32:23.465000+00:00,7,NVIDIA B200,34146,0,184.60,32,1965,3996
2026-09-26T18:32:24.465000+00:00,0,NVIDIA B200,34132,0,187.67,37,1965,3996
2026-09-26T18:32:24.465000+00:00,1,NVIDIA B200,34130,0,188.65,33,1965,3996
2026-09-26T18:32:24.465000+00:00,2,NVIDIA B200,34178,0,190.21,36,1965,3996
2026-09-26T18:32:24.465000+00:00,3,NVIDIA B200,34178,0,183.50,33,1965,3996
2026-09-26T18:32:24.465000+00:00,4,NVIDIA B200,33710,10,334.29,39,1965,3996
2026-09-26T18:32:24.465000+00:00,5,NVIDIA B200,34178,0,186.87,33,1965,3996
2026-09-26T18:32:24.465000+00:00,6,NVIDIA B200,33488,8,341.11,39,1965,3996
2026-09-26T18:32:24.465000+00:00,7,NVIDIA B200,33494,36,241.37,35,1965,3996
2026-09-26T18:32:25.465000+00:00,0,NVIDIA B200,34132,0,187.12,36,1965,3996
2026-09-26T18:32:25.465000+00:00,1,NVIDIA B200,34130,0,187.90,32,1965,3996
2026-09-26T18:32:25.465000+00:00,2,NVIDIA B200,34178,0,189.86,36,1965,3996
2026-09-26T18:32:25.465000+00:00,3,NVIDIA B200,33538,6,195.50,33,1965,3996
2026-09-26T18:32:25.465000+00:00,4,NVIDIA B200,34200,0,238.28,37,1965,3996
2026-09-26T18:32:25.465000+00:00,5,NVIDIA B200,33538,15,224.07,34,1965,3996
2026-09-26T18:32:25.465000+00:00,6,NVIDIA B200,34128,0,254.05,37,1965,3996
2026-09-26T18:32:25.465000+00:00,7,NVIDIA B200,34196,20,318.93,36,1965,3996
2026-09-26T18:32:26.466000+00:00,0,NVIDIA B200,34132,0,186.84,36,1965,3996
2026-09-26T18:32:26.466000+00:00,1,NVIDIA B200,33402,0,187.58,32,1965,3996
2026-09-26T18:32:26.466000+00:00,2,NVIDIA B200,34178,0,189.65,36,1965,3996
2026-09-26T18:32:26.466000+00:00,3,NVIDIA B200,33652,11,349.24,35,1965,3996
2026-09-26T18:32:26.466000+00:00,4,NVIDIA B200,34200,0,187.10,36,1965,3996
2026-09-26T18:32:26.466000+00:00,5,NVIDIA B200,33824,10,335.45,34,1965,3996
2026-09-26T18:32:26.466000+00:00,6,NVIDIA B200,34128,0,185.93,37,1965,3996
2026-09-26T18:32:26.466000+00:00,7,NVIDIA B200,34196,0,215.24,32,1965,3996
2026-09-26T18:32:27.466000+00:00,0,NVIDIA B200,33424,36,331.50,40,1965,3996
2026-09-26T18:32:27.466000+00:00,1,NVIDIA B200,33468,34,332.23,36,1965,3996
2026-09-26T18:32:27.466000+00:00,2,NVIDIA B200,33538,38,276.93,39,1965,3996
2026-09-26T18:32:27.466000+00:00,3,NVIDIA B200,34258,0,237.83,34,1965,3996
2026-09-26T18:32:27.466000+00:00,4,NVIDIA B200,33496,37,319.64,40,1965,3996
2026-09-26T18:32:27.466000+00:00,5,NVIDIA B200,34250,0,236.99,33,1965,3996
2026-09-26T18:32:27.466000+00:00,6,NVIDIA B200,33496,37,241.72,39,1965,3996
2026-09-26T18:32:27.466000+00:00,7,NVIDIA B200,34196,0,184.91,32,1965,3996
2026-09-26T18:32:28.466000+00:00,0,NVIDIA B200,34132,0,266.05,38,1965,3996
2026-09-26T18:32:28.467000+00:00,1,NVIDIA B200,34210,0,269.52,34,1965,3996
2026-09-26T18:32:28.467000+00:00,2,NVIDIA B200,34258,21,329.86,41,1965,3996
2026-09-26T18:32:28.467000+00:00,3,NVIDIA B200,34258,0,183.76,33,1965,3996
2026-09-26T18:32:28.467000+00:00,4,NVIDIA B200,34118,0,286.53,38,1965,3996
2026-09-26T18:32:28.467000+00:00,5,NVIDIA B200,34250,0,186.84,33,1965,3996
2026-09-26T18:32:28.467000+00:00,6,NVIDIA B200,34064,14,321.33,39,1965,3996
2026-09-26T18:32:28.467000+00:00,7,NVIDIA B200,33494,4,188.47,32,1965,3996
2026-09-26T18:32:29.467000+00:00,0,NVIDIA B200,34132,0,187.52,37,1965,3996
2026-09-26T18:32:29.467000+00:00,1,NVIDIA B200,34210,0,188.26,33,1965,3996
2026-09-26T18:32:29.467000+00:00,2,NVIDIA B200,34258,0,191.79,36,1965,3996
2026-09-26T18:32:29.467000+00:00,3,NVIDIA B200,33510,0,183.42,33,1965,3996
2026-09-26T18:32:29.467000+00:00,4,NVIDIA B200,34118,0,187.27,37,1965,3996
2026-09-26T18:32:29.467000+00:00,5,NVIDIA B200,33538,33,240.40,35,1965,3996
2026-09-26T18:32:29.467000+00:00,6,NVIDIA B200,34128,0,218.26,37,1965,3996
2026-09-26T18:32:29.467000+00:00,7,NVIDIA B200,33538,11,346.17,34,1965,3996
2026-09-26T18:32:30.467000+00:00,0,NVIDIA B200,34132,0,187.14,36,1965,3996
2026-09-26T18:32:30.467000+00:00,1,NVIDIA B200,34210,0,187.95,32,1965,3996
2026-09-26T18:32:30.467000+00:00,2,NVIDIA B200,34258,0,190.10,36,1965,3996
2026-09-26T18:32:30.467000+00:00,3,NVIDIA B200,33514,37,343.97,37,1965,3996
2026-09-26T18:32:30.467000+00:00,4,NVIDIA B200,33406,4,190.38,37,1965,3996
2026-09-26T18:32:30.467000+00:00,5,NVIDIA B200,33860,13,329.48,36,1965,3996
2026-09-26T18:32:30.467000+00:00,6,NVIDIA B200,34128,0,185.91,37,1965,3996
2026-09-26T18:32:30.467000+00:00,7,NVIDIA B200,34146,0,247.18,33,1965,3996
2026-09-26T18:32:31.467000+00:00,0,NVIDIA B200,33404,3,188.20,36,1965,3996
2026-09-26T18:32:31.468000+00:00,1,NVIDIA B200,33406,2,189.56,32,1965,3996
2026-09-26T18:32:31.468000+00:00,2,NVIDIA B200,34258,0,189.85,36,1965,3996
2026-09-26T18:32:31.468000+00:00,3,NVIDIA B200,34178,37,257.38,37,1965,3996
2026-09-26T18:32:31.468000+00:00,4,NVIDIA B200,33504,7,347.26,38,1965,3996
2026-09-26T18:32:31.468000+00:00,5,NVIDIA B200,34178,0,222.26,33,1965,3996
2026-09-26T18:32:31.468000+00:00,6,NVIDIA B200,33496,37,281.32,40,1965,3996
2026-09-26T18:32:31.468000+00:00,7,NVIDIA B200,34146,0,184.80,32,1965,3996
2026-09-26T18:32:32.468000+00:00,0,NVIDIA B200,33474,6,342.77,39,1965,3996
2026-09-26T18:32:32.468000+00:00,1,NVIDIA B200,33492,22,350.02,34,1965,3996
2026-09-26T18:32:32.468000+00:00,2,NVIDIA B200,33538,3,191.95,36,1965,3996
2026-09-26T18:32:32.468000+00:00,3,NVIDIA B200,34178,0,184.13,33,1965,3996
2026-09-26T18:32:32.468000+00:00,4,NVIDIA B200,34210,0,253.53,37,1965,3996
2026-09-26T18:32:32.468000+00:00,5,NVIDIA B200,34178,0,186.90,33,1965,3996
2026-09-26T18:32:32.468000+00:00,6,NVIDIA B200,34236,20,329.19,42,1965,3996
2026-09-26T18:32:32.468000+00:00,7,NVIDIA B200,33402,2,184.72,32,1965,3996
2026-09-26T18:32:33.469000+00:00,0,NVIDIA B200,34160,0,256.66,37,1965,3996
2026-09-26T18:32:33.469000+00:00,1,NVIDIA B200,34132,0,249.41,33,1965,3996
2026-09-26T18:32:33.469000+00:00,2,NVIDIA B200,33682,11,345.91,38,1965,3996
2026-09-26T18:32:33.469000+00:00,3,NVIDIA B200,34178,0,183.53,33,1965,3996
2026-09-26T18:32:33.469000+00:00,4,NVIDIA B200,34210,0,187.24,37,1965,3996
2026-09-26T18:32:33.469000+00:00,5,NVIDIA B200,33538,36,253.11,36,1965,3996
2026-09-26T18:32:33.469000+00:00,6,NVIDIA B200,34236,0,186.69,37,1965,3996
2026-09-26T18:32:33.469000+00:00,7,NVIDIA B200,33482,15,337.96,35,1965,3996
2026-09-26T18:32:34.469000+00:00,0,NVIDIA B200,34160,0,187.44,37,1965,3996
2026-09-26T18:32:34.469000+00:00,1,NVIDIA B200,34132,0,188.06,32,1965,3996
2026-09-26T18:32:34.469000+00:00,2,NVIDIA B200,34178,0,251.94,37,1965,3996
2026-09-26T18:32:34.469000+00:00,3,NVIDIA B200,33520,4,186.49,33,1965,3996
2026-09-26T18:32:34.469000+00:00,4,NVIDIA B200,33496,36,233.43,39,1965,3996
2026-09-26T18:32:34.469000+00:00,5,NVIDIA B200,33882,14,322.43,36,1965,3996
2026-09-26T18:32:34.469000+00:00,6,NVIDIA B200,33404,0,186.76,37,1965,3996
2026-09-26T18:32:34.469000+00:00,7,NVIDIA B200,34146,0,255.09,33,1965,3996
2026-09-26T18:32:35.469000+00:00,0,NVIDIA B200,34160,0,187.28,37,1965,3996
2026-09-26T18:32:35.469000+00:00,1,NVIDIA B200,34132,0,187.78,32,1965,3996
2026-09-26T18:32:35.469000+00:00,2,NVIDIA B200,34178,0,190.31,36,1965,3996
2026-09-26T18:32:35.469000+00:00,3,NVIDIA B200,33582,8,346.88,35,1965,3996
2026-09-26T18:32:35.469000+00:00,4,NVIDIA B200,33740,12,329.86,38,1965,3996
2026-09-26T18:32:35.469000+00:00,5,NVIDIA B200,34278,0,215.90,33,1965,3996
2026-09-26T18:32:35.469000+00:00,6,NVIDIA B200,33482,25,339.32,39,1965,3996
2026-09-26T18:32:35.470000+00:00,7,NVIDIA B200,34146,0,184.86,32,1965,3996
2026-09-26T18:32:36.470000+00:00,0,NVIDIA B200,33494,37,240.54,39,1965,3996
2026-09-26T18:32:36.470000+00:00,1,NVIDIA B200,33494,3,220.69,34,1965,3996
2026-09-26T18:32:36.470000+00:00,2,NVIDIA B200,34178,0,189.97,36,1965,3996
2026-09-26T18:32:36.470000+00:00,3,NVIDIA B200,34178,0,247.83,34,1965,3996
2026-09-26T18:32:36.470000+00:00,4,NVIDIA B200,34210,0,244.45,37,1965,3996
2026-09-26T18:32:36.470000+00:00,5,NVIDIA B200,34278,0,186.88,33,1965,3996
2026-09-26T18:32:36.470000+00:00,6,NVIDIA B200,34168,0,262.48,38,1965,3996
2026-09-26T18:32:36.470000+00:00,7,NVIDIA B200,34146,0,184.75,32,1965,3996
2026-09-26T18:32:37.470000+00:00,0,NVIDIA B200,33688,8,302.20,38,1965,3996
2026-09-26T18:32:37.470000+00:00,1,NVIDIA B200,33576,6,319.41,34,1965,3996
2026-09-26T18:32:37.470000+00:00,2,NVIDIA B200,33510,0,190.15,36,1965,3996
2026-09-26T18:32:37.470000+00:00,3,NVIDIA B200,34178,0,183.88,33,1965,3996
2026-09-26T18:32:37.470000+00:00,4,NVIDIA B200,34210,0,187.10,37,1965,3996
2026-09-26T18:32:37.470000+00:00,5,NVIDIA B200,34278,0,186.81,33,1965,3996
2026-09-26T18:32:37.470000+00:00,6,NVIDIA B200,34168,0,186.53,37,1965,3996
2026-09-26T18:32:37.470000+00:00,7,NVIDIA B200,33494,37,321.30,35,1965,3996
2026-09-26T18:32:38.471000+00:00,0,NVIDIA B200,34160,0,240.70,37,1965,3996
2026-09-26T18:32:38.471000+00:00,1,NVIDIA B200,34168,0,252.73,33,1965,3996
2026-09-26T18:32:38.471000+00:00,2,NVIDIA B200,33514,37,359.80,40,1965,3996
2026-09-26T18:32:38.471000+00:00,3,NVIDIA B200,34178,0,183.55,33,1965,3996
2026-09-26T18:32:38.471000+00:00,4,NVIDIA B200,33496,36,293.73,40,1965,3996
2026-09-26T18:32:38.471000+00:00,5,NVIDIA B200,34278,0,186.63,33,1965,3996
2026-09-26T18:32:38.471000+00:00,6,NVIDIA B200,33496,3,207.82,38,1965,3996
2026-09-26T18:32:38.471000+00:00,7,NVIDIA B200,34196,0,276.98,34,1965,3996
2026-09-26T18:32:39.471000+00:00,0,NVIDIA B200,34160,0,187.28,37,1965,3996
2026-09-26T18:32:39.471000+00:00,1,NVIDIA B200,34168,0,188.16,32,1965,3996
2026-09-26T18:32:39.471000+00:00,2,NVIDIA B200,34142,0,268.74,37,1965,3996
2026-09-26T18:32:39.471000+00:00,3,NVIDIA B200,33538,37,286.36,36,1965,3996
2026-09-26T18:32:39.471000+00:00,4,NVIDIA B200,34210,17,313.23,39,1965,3996
2026-09-26T18:32:39.471000+00:00,5,NVIDIA B200,34278,0,186.57,33,1965,3996
2026-09-26T18:32:39.471000+00:00,6,NVIDIA B200,33720,9,338.44,38,1965,3996
2026-09-26T18:32:39.471000+00:00,7,NVIDIA B200,34196,0,184.90,32,1965,3996
2026-09-26T18:32:40.471000+00:00,0,NVIDIA B200,34160,0,187.08,37,1965,3996
2026-09-26T18:32:40.472000+00:00,1,NVIDIA B200,34168,0,187.76,32,1965,3996
2026-09-26T18:32:40.472000+00:00,2,NVIDIA B200,34142,0,190.54,36,1965,3996
2026-09-26T18:32:40.472000+00:00,3,NVIDIA B200,34170,21,307.49,35,1965,3996
2026-09-26T18:32:40.472000+00:00,4,NVIDIA B200,34210,0,187.67,37,1965,3996
2026-09-26T18:32:40.472000+00:00,5,NVIDIA B200,34278,0,186.42,32,1965,3996
2026-09-26T18:32:40.472000+00:00,6,NVIDIA B200,34128,0,241.46,37,1965,3996
2026-09-26T18:32:40.472000+00:00,7,NVIDIA B200,34196,0,184.64,32,1965,3996
2026-09-26T18:32:41.472000+00:00,0,NVIDIA B200,33494,36,288.77,40,1965,3996
2026-09-26T18:32:41.472000+00:00,1,NVIDIA B200,33494,36,246.41,35,1965,3996
2026-09-26T18:32:41.472000+00:00,2,NVIDIA B200,34142,0,189.87,36,1965,3996
2026-09-26T18:32:41.472000+00:00,3,NVIDIA B200,34170,0,184.07,33,1965,3996
2026-09-26T18:32:41.472000+00:00,4,NVIDIA B200,33408,3,189.51,37,1965,3996
2026-09-26T18:32:41.472000+00:00,5,NVIDIA B200,34278,0,186.56,32,1965,3996
2026-09-26T18:32:41.472000+00:00,6,NVIDIA B200,34128,0,186.15,37,1965,3996
2026-09-26T18:32:41.472000+00:00,7,NVIDIA B200,33494,37,308.98,36,1965,3996
2026-09-26T18:32:42.472000+00:00,0,NVIDIA B200,34184,46,320.25,39,1965,3996
2026-09-26T18:32:42.472000+00:00,1,NVIDIA B200,34128,15,320.73,35,1965,3996
2026-09-26T18:32:42.472000+00:00,2,NVIDIA B200,34142,0,189.83,36,1965,3996
2026-09-26T18:32:42.472000+00:00,3,NVIDIA B200,34170,0,183.61,33,1965,3996
2026-09-26T18:32:42.472000+00:00,4,NVIDIA B200,33480,9,351.98,40,1965,3996
2026-09-26T18:32:42.472000+00:00,5,NVIDIA B200,34278,0,186.31,32,1965,3996
2026-09-26T18:32:42.472000+00:00,6,NVIDIA B200,34128,0,185.89,37,1965,3996
2026-09-26T18:32:42.472000+00:00,7,NVIDIA B200,34176,0,284.98,34,1965,3996
2026-09-26T18:32:43.473000+00:00,0,NVIDIA B200,34184,0,187.82,37,1965,3996
2026-09-26T18:32:43.473000+00:00,1,NVIDIA B200,34128,0,214.14,33,1965,3996
2026-09-26T18:32:43.473000+00:00,2,NVIDIA B200,33538,38,296.78,39,1965,3996
2026-09-26T18:32:43.473000+00:00,3,NVIDIA B200,33518,3,187.26,33,1965,3996
2026-09-26T18:32:43.473000+00:00,4,NVIDIA B200,34152,0,256.79,38,1965,3996
2026-09-26T18:32:43.473000+00:00,5,NVIDIA B200,34278,0,186.41,32,1965,3996
2026-09-26T18:32:43.473000+00:00,6,NVIDIA B200,34128,0,185.74,37,1965,3996
2026-09-26T18:32:43.473000+00:00,7,NVIDIA B200,34176,0,185.04,32,1965,3996
2026-09-26T18:32:44.473000+00:00,0,NVIDIA B200,34184,0,187.23,37,1965,3996
2026-09-26T18:32:44.473000+00:00,1,NVIDIA B200,34128,0,188.07,32,1965,3996
2026-09-26T18:32:44.473000+00:00,2,NVIDIA B200,34178,20,323.50,40,1965,3996
2026-09-26T18:32:44.473000+00:00,3,NVIDIA B200,33574,9,349.80,35,1965,3996
2026-09-26T18:32:44.473000+00:00,4,NVIDIA B200,34152,0,187.39,37,1965,3996
2026-09-26T18:32:44.473000+00:00,5,NVIDIA B200,34278,0,186.33,32,1965,3996
2026-09-26T18:32:44.473000+00:00,6,NVIDIA B200,34128,0,185.59,36,1965,3996
2026-09-26T18:32:44.473000+00:00,7,NVIDIA B200,34176,0,184.61,32,1965,3996
2026-09-26T18:32:45.473000+00:00,0,NVIDIA B200,33404,3,188.84,37,1965,3996
2026-09-26T18:32:45.474000+00:00,1,NVIDIA B200,33402,0,187.75,32,1965,3996
2026-09-26T18:32:45.474000+00:00,2,NVIDIA B200,34178,0,190.80,37,1965,3996
2026-09-26T18:32:45.474000+00:00,3,NVIDIA B200,34170,0,242.44,34,1965,3996
2026-09-26T18:32:45.474000+00:00,4,NVIDIA B200,34152,0,187.14,37,1965,3996
2026-09-26T18:32:45.474000+00:00,5,NVIDIA B200,34278,0,186.28,32,1965,3996
2026-09-26T18:32:45.474000+00:00,6,NVIDIA B200,34128,0,185.56,36,1965,3996
2026-09-26T18:32:45.474000+00:00,7,NVIDIA B200,33494,37,308.46,36,1965,3996
2026-09-26T18:32:46.474000+00:00,0,NVIDIA B200,33460,11,342.36,39,1965,3996
2026-09-26T18:32:46.474000+00:00,1,NVIDIA B200,33470,38,346.72,36,1965,3996
2026-09-26T18:32:46.474000+00:00,2,NVIDIA B200,34178,0,190.20,36,1965,3996
2026-09-26T18:32:46.474000+00:00,3,NVIDIA B200,34170,0,183.89,33,1965,3996
2026-09-26T18:32:46.474000+00:00,4,NVIDIA B200,34152,0,187.02,37,1965,3996
2026-09-26T18:32:46.474000+00:00,5,NVIDIA B200,34278,0,186.21,32,1965,3996
2026-09-26T18:32:46.474000+00:00,6,NVIDIA B200,34128,0,185.41,36,1965,3996
2026-09-26T18:32:46.474000+00:00,7,NVIDIA B200,34146,0,297.10,34,1965,3996
2026-09-26T18:32:47.474000+00:00,0,NVIDIA B200,34212,0,258.02,38,1965,3996
2026-09-26T18:32:47.475000+00:00,1,NVIDIA B200,34128,0,260.37,34,1965,3996
2026-09-26T18:32:47.475000+00:00,2,NVIDIA B200,34178,0,190.05,36,1965,3996
2026-09-26T18:32:47.475000+00:00,3,NVIDIA B200,34170,0,183.59,33,1965,3996
2026-09-26T18:32:47.475000+00:00,4,NVIDIA B200,34152,0,186.92,37,1965,3996
2026-09-26T18:32:47.475000+00:00,5,NVIDIA B200,34278,0,186.23,32,1965,3996
2026-09-26T18:32:47.475000+00:00,6,NVIDIA B200,34128,0,185.52,36,1965,3996
2026-09-26T18:32:47.475000+00:00,7,NVIDIA B200,34146,0,185.23,32,1965,3996
2026-09-26T18:32:48.475000+00:00,0,NVIDIA B200,34212,0,187.48,37,1965,3996
2026-09-26T18:32:48.475000+00:00,1,NVIDIA B200,34128,0,188.42,33,1965,3996
2026-09-26T18:32:48.475000+00:00,2,NVIDIA B200,33538,4,208.08,37,1965,3996
2026-09-26T18:32:48.475000+00:00,3,NVIDIA B200,33538,37,323.89,37,1965,3996
2026-09-26T18:32:48.475000+00:00,4,NVIDIA B200,34152,0,186.73,36,1965,3996
2026-09-26T18:32:48.475000+00:00,5,NVIDIA B200,34278,0,186.36,32,1965,3996
2026-09-26T18:32:48.475000+00:00,6,NVIDIA B200,34128,0,185.36,36,1965,3996
2026-09-26T18:32:48.475000+00:00,7,NVIDIA B200,34146,0,184.73,32,1965,3996
2026-09-26T18:32:49.475000+00:00,0,NVIDIA B200,34212,0,187.15,37,1965,3996
2026-09-26T18:32:49.475000+00:00,1,NVIDIA B200,34128,0,187.96,32,1965,3996
2026-09-26T18:32:49.475000+00:00,2,NVIDIA B200,33782,11,338.25,38,1965,3996
2026-09-26T18:32:49.475000+00:00,3,NVIDIA B200,34170,0,277.19,34,1965,3996
2026-09-26T18:32:49.475000+00:00,4,NVIDIA B200,34152,0,186.70,36,1965,3996
2026-09-26T18:32:49.475000+00:00,5,NVIDIA B200,34278,0,186.18,32,1965,3996
2026-09-26T18:32:49.476000+00:00,6,NVIDIA B200,34128,0,185.43,36,1965,3996
2026-09-26T18:32:49.476000+00:00,7,NVIDIA B200,33494,38,274.25,35,1965,3996
2026-09-26T18:32:50.476000+00:00,0,NVIDIA B200,33494,35,222.89,39,1965,3996
2026-09-26T18:32:50.476000+00:00,1,NVIDIA B200,33494,4,209.83,34,1965,3996
2026-09-26T18:32:50.476000+00:00,2,NVIDIA B200,34178,0,248.87,37,1965,3996
2026-09-26T18:32:50.476000+00:00,3,NVIDIA B200,34170,0,184.01,33,1965,3996
2026-09-26T18:32:50.476000+00:00,4,NVIDIA B200,34152,0,186.86,36,1965,3996
2026-09-26T18:32:50.476000+00:00,5,NVIDIA B200,0,0,188.33,32,1965,3996
2026-09-26T18:32:50.476000+00:00,6,NVIDIA B200,34128,0,185.52,36,1965,3996
2026-09-26T18:32:50.476000+00:00,7,NVIDIA B200,33826,15,276.18,34,1965,3996
2026-09-26T18:32:51.476000+00:00,0,NVIDIA B200,33602,8,314.66,38,1965,3996
2026-09-26T18:32:51.476000+00:00,1,NVIDIA B200,33548,4,321.80,34,1965,3996
2026-09-26T18:32:51.476000+00:00,2,NVIDIA B200,34178,0,190.40,36,1965,3996
2026-09-26T18:32:51.476000+00:00,3,NVIDIA B200,34170,0,183.88,33,1965,3996
2026-09-26T18:32:51.476000+00:00,4,NVIDIA B200,34152,0,186.95,36,1965,3996
2026-09-26T18:32:51.476000+00:00,5,NVIDIA B200,0,0,186.77,32,1965,3996
2026-09-26T18:32:51.476000+00:00,6,NVIDIA B200,34128,0,185.70,36,1965,3996
2026-09-26T18:32:51.485000+00:00,7,NVIDIA B200,34196,0,239.16,33,1965,3996
2026-09-26T18:32:52.486000+00:00,0,NVIDIA B200,34184,0,247.08,38,1965,3996
2026-09-26T18:32:52.486000+00:00,1,NVIDIA B200,34128,0,253.11,33,1965,3996
2026-09-26T18:32:52.486000+00:00,2,NVIDIA B200,34178,0,190.28,36,1965,3996
2026-09-26T18:32:52.486000+00:00,3,NVIDIA B200,33538,38,268.51,36,1965,3996
2026-09-26T18:32:52.486000+00:00,4,NVIDIA B200,34152,0,186.76,36,1965,3996
2026-09-26T18:32:52.486000+00:00,5,NVIDIA B200,0,0,147.02,31,772,3996
2026-09-26T18:32:52.486000+00:00,6,NVIDIA B200,34128,0,185.66,36,1965,3996
2026-09-26T18:32:52.486000+00:00,7,NVIDIA B200,34196,0,185.03,32,1965,3996
2026-09-26T18:32:53.486000+00:00,0,NVIDIA B200,34184,0,187.60,37,1965,3996
2026-09-26T18:32:53.486000+00:00,1,NVIDIA B200,34128,0,188.17,33,1965,3996
2026-09-26T18:32:53.486000+00:00,2,NVIDIA B200,33512,0,191.77,36,1965,3996
2026-09-26T18:32:53.486000+00:00,3,NVIDIA B200,34170,20,339.28,37,1965,3996
2026-09-26T18:32:53.486000+00:00,4,NVIDIA B200,34152,0,186.71,36,1965,3996
2026-09-26T18:32:53.486000+00:00,5,NVIDIA B200,0,0,140.45,31,270,3996
2026-09-26T18:32:53.486000+00:00,6,NVIDIA B200,34128,0,185.35,36,1965,3996
2026-09-26T18:32:53.486000+00:00,7,NVIDIA B200,33406,4,186.04,32,1965,3996
2026-09-26T18:32:54.486000+00:00,0,NVIDIA B200,34184,0,187.27,37,1965,3996
2026-09-26T18:32:54.486000+00:00,1,NVIDIA B200,34128,0,187.91,32,1965,3996
2026-09-26T18:32:54.486000+00:00,2,NVIDIA B200,33514,25,324.92,38,1965,3996
2026-09-26T18:32:54.486000+00:00,3,NVIDIA B200,34170,0,185.74,34,1965,3996
2026-09-26T18:32:54.486000+00:00,4,NVIDIA B200,34152,0,186.59,36,1965,3996
2026-09-26T18:32:54.486000+00:00,5,NVIDIA B200,0,0,138.47,31,165,3996
2026-09-26T18:32:54.486000+00:00,6,NVIDIA B200,34128,0,185.59,36,1965,3996
2026-09-26T18:32:54.486000+00:00,7,NVIDIA B200,33548,10,336.00,34,1965,3996
2026-09-26T18:32:55.487000+00:00,0,NVIDIA B200,33494,37,283.38,40,1965,3996
2026-09-26T18:32:55.487000+00:00,1,NVIDIA B200,33494,19,242.07,34,1965,3996
2026-09-26T18:32:55.487000+00:00,2,NVIDIA B200,34142,0,257.90,37,1965,3996
2026-09-26T18:32:55.487000+00:00,3,NVIDIA B200,34170,0,183.63,33,1965,3996
2026-09-26T18:32:55.487000+00:00,4,NVIDIA B200,34152,0,186.68,36,1965,3996
2026-09-26T18:32:55.487000+00:00,5,NVIDIA B200,0,0,138.41,31,120,3996
2026-09-26T18:32:55.487000+00:00,6,NVIDIA B200,34128,0,185.34,36,1965,3996
2026-09-26T18:32:55.487000+00:00,7,NVIDIA B200,34146,0,247.29,33,1965,3996
2026-09-26T18:32:56.487000+00:00,0,NVIDIA B200,33688,11,266.19,38,1965,3996
2026-09-26T18:32:56.487000+00:00,1,NVIDIA B200,33604,1,299.73,33,1965,3996
2026-09-26T18:32:56.487000+00:00,2,NVIDIA B200,34142,0,190.59,37,1965,3996
2026-09-26T18:32:56.487000+00:00,3,NVIDIA B200,33538,4,186.76,33,1965,3996
2026-09-26T18:32:56.487000+00:00,4,NVIDIA B200,34152,0,186.86,36,1965,3996
2026-09-26T18:32:56.487000+00:00,5,NVIDIA B200,0,0,138.23,31,120,3996
2026-09-26T18:32:56.487000+00:00,6,NVIDIA B200,0,0,187.52,36,1965,3996
2026-09-26T18:32:56.487000+00:00,7,NVIDIA B200,34146,0,185.00,32,1965,3996
2026-09-26T18:32:57.487000+00:00,0,NVIDIA B200,34132,0,240.69,37,1965,3996
2026-09-26T18:32:57.487000+00:00,1,NVIDIA B200,34200,0,244.38,33,1965,3996
2026-09-26T18:32:57.487000+00:00,2,NVIDIA B200,34142,0,190.44,36,1965,3996
2026-09-26T18:32:57.487000+00:00,3,NVIDIA B200,33582,12,348.48,35,1965,3996
2026-09-26T18:32:57.487000+00:00,4,NVIDIA B200,34152,0,186.74,36,1965,3996
2026-09-26T18:32:57.487000+00:00,5,NVIDIA B200,0,0,138.25,31,120,3996
2026-09-26T18:32:57.487000+00:00,6,NVIDIA B200,0,0,186.02,36,1965,3996
2026-09-26T18:32:57.488000+00:00,7,NVIDIA B200,34146,0,184.86,32,1965,3996
2026-09-26T18:32:58.488000+00:00,0,NVIDIA B200,34132,0,187.59,37,1965,3996
2026-09-26T18:32:58.488000+00:00,1,NVIDIA B200,34200,0,188.26,33,1965,3996
2026-09-26T18:32:58.488000+00:00,2,NVIDIA B200,34142,0,190.12,36,1965,3996
2026-09-26T18:32:58.488000+00:00,3,NVIDIA B200,34178,0,250.09,34,1965,3996
2026-09-26T18:32:58.488000+00:00,4,NVIDIA B200,34152,0,186.48,36,1965,3996
2026-09-26T18:32:58.488000+00:00,5,NVIDIA B200,0,0,138.33,31,120,3996
2026-09-26T18:32:58.488000+00:00,6,NVIDIA B200,0,0,168.50,36,900,3996
2026-09-26T18:32:58.488000+00:00,7,NVIDIA B200,34146,0,184.52,32,1965,3996
2026-09-26T18:32:59.488000+00:00,0,NVIDIA B200,34132,0,187.42,37,1965,3996
2026-09-26T18:32:59.488000+00:00,1,NVIDIA B200,34200,0,188.02,32,1965,3996
2026-09-26T18:32:59.488000+00:00,2,NVIDIA B200,33538,38,311.74,40,1965,3996
2026-09-26T18:32:59.488000+00:00,3,NVIDIA B200,34178,0,183.87,33,1965,3996
2026-09-26T18:32:59.488000+00:00,4,NVIDIA B200,34152,0,186.46,36,1965,3996
2026-09-26T18:32:59.488000+00:00,5,NVIDIA B200,0,0,138.13,31,120,3996
2026-09-26T18:32:59.488000+00:00,6,NVIDIA B200,0,0,139.72,35,307,3996
2026-09-26T18:32:59.488000+00:00,7,NVIDIA B200,34146,0,184.52,32,1965,3996
2026-09-26T18:33:00.489000+00:00,0,NVIDIA B200,33494,37,340.35,41,1965,3996
2026-09-26T18:33:00.607000+00:00,1,NVIDIA B200,33494,37,272.02,35,1965,3996
2026-09-26T18:33:00.607000+00:00,2,NVIDIA B200,34178,0,256.47,38,1965,3996
2026-09-26T18:33:00.607000+00:00,3,NVIDIA B200,34178,0,183.56,33,1965,3996
2026-09-26T18:33:00.607000+00:00,4,NVIDIA B200,4,3,187.61,36,1965,3996
2026-09-26T18:33:00.607000+00:00,5,NVIDIA B200,0,0,138.14,31,120,3996
2026-09-26T18:33:00.607000+00:00,6,NVIDIA B200,0,0,136.75,35,180,3996
2026-09-26T18:33:00.607000+00:00,7,NVIDIA B200,34146,0,184.44,32,1965,3996
2026-09-26T18:33:01.607000+00:00,0,NVIDIA B200,34184,19,262.19,39,1965,3996
2026-09-26T18:33:01.607000+00:00,1,NVIDIA B200,34128,17,324.63,34,1965,3996
2026-09-26T18:33:01.607000+00:00,2,NVIDIA B200,34178,0,190.49,37,1965,3996
2026-09-26T18:33:01.607000+00:00,3,NVIDIA B200,34178,0,183.62,33,1965,3996
2026-09-26T18:33:01.607000+00:00,4,NVIDIA B200,0,0,188.19,36,1965,3996
2026-09-26T18:33:01.607000+00:00,5,NVIDIA B200,0,0,138.13,31,120,3996
2026-09-26T18:33:01.607000+00:00,6,NVIDIA B200,0,0,136.36,35,120,3996
2026-09-26T18:33:01.608000+00:00,7,NVIDIA B200,34146,0,184.55,32,1965,3996
2026-09-26T18:33:02.608000+00:00,0,NVIDIA B200,34184,0,188.04,37,1965,3996
2026-09-26T18:33:02.608000+00:00,1,NVIDIA B200,34128,0,202.98,33,1965,3996
2026-09-26T18:33:02.608000+00:00,2,NVIDIA B200,34178,0,190.37,36,1965,3996
2026-09-26T18:33:02.608000+00:00,3,NVIDIA B200,34178,0,183.37,33,1965,3996
2026-09-26T18:33:02.608000+00:00,4,NVIDIA B200,0,0,151.54,35,922,3996
2026-09-26T18:33:02.608000+00:00,5,NVIDIA B200,0,0,138.18,31,120,3996
2026-09-26T18:33:02.608000+00:00,6,NVIDIA B200,0,0,136.70,35,120,3996
2026-09-26T18:33:02.608000+00:00,7,NVIDIA B200,34146,0,184.51,32,1965,3996
2026-09-26T18:33:03.608000+00:00,0,NVIDIA B200,34184,0,187.49,37,1965,3996
2026-09-26T18:33:03.608000+00:00,1,NVIDIA B200,34128,0,188.08,32,1965,3996
2026-09-26T18:33:03.608000+00:00,2,NVIDIA B200,34178,0,190.09,36,1965,3996
2026-09-26T18:33:03.608000+00:00,3,NVIDIA B200,34178,0,183.34,33,1965,3996
2026-09-26T18:33:03.608000+00:00,4,NVIDIA B200,0,0,142.95,35,532,3996
2026-09-26T18:33:03.608000+00:00,5,NVIDIA B200,0,0,138.30,31,120,3996
2026-09-26T18:33:03.608000+00:00,6,NVIDIA B200,0,0,136.49,35,120,3996
2026-09-26T18:33:03.608000+00:00,7,NVIDIA B200,34146,0,184.43,32,1965,3996
2026-09-26T18:33:04.609000+00:00,0,NVIDIA B200,33402,0,188.96,37,1965,3996
2026-09-26T18:33:04.609000+00:00,1,NVIDIA B200,34128,0,187.91,32,1965,3996
2026-09-26T18:33:04.609000+00:00,2,NVIDIA B200,33538,39,273.66,40,1965,3996
2026-09-26T18:33:04.609000+00:00,3,NVIDIA B200,34178,0,183.32,33,1965,3996
2026-09-26T18:33:04.609000+00:00,4,NVIDIA B200,0,0,139.82,35,195,3996
2026-09-26T18:33:04.609000+00:00,5,NVIDIA B200,0,0,138.18,31,120,3996
2026-09-26T18:33:04.609000+00:00,6,NVIDIA B200,0,0,136.50,35,120,3996
2026-09-26T18:33:04.609000+00:00,7,NVIDIA B200,34146,0,184.39,32,1965,3996
2026-09-26T18:33:05.609000+00:00,0,NVIDIA B200,33482,34,341.99,39,1965,3996
2026-09-26T18:33:05.609000+00:00,1,NVIDIA B200,33494,36,316.07,36,1965,3996
2026-09-26T18:33:05.609000+00:00,2,NVIDIA B200,34170,21,339.28,39,1965,3996
2026-09-26T18:33:05.609000+00:00,3,NVIDIA B200,34178,0,183.24,33,1965,3996
2026-09-26T18:33:05.609000+00:00,4,NVIDIA B200,0,0,139.22,35,120,3996
2026-09-26T18:33:05.609000+00:00,5,NVIDIA B200,0,0,138.07,31,120,3996
2026-09-26T18:33:05.609000+00:00,6,NVIDIA B200,0,0,136.44,35,120,3996
2026-09-26T18:33:05.609000+00:00,7,NVIDIA B200,34146,0,184.38,32,1965,3996
2026-09-26T18:33:06.609000+00:00,0,NVIDIA B200,34184,0,258.16,38,1965,3996
2026-09-26T18:33:06.609000+00:00,1,NVIDIA B200,34128,37,279.55,34,1965,3996
2026-09-26T18:33:06.609000+00:00,2,NVIDIA B200,34170,0,191.01,37,1965,3996
2026-09-26T18:33:06.609000+00:00,3,NVIDIA B200,34178,0,183.34,33,1965,3996
2026-09-26T18:33:06.609000+00:00,4,NVIDIA B200,0,0,139.17,35,120,3996
2026-09-26T18:33:06.609000+00:00,5,NVIDIA B200,0,0,138.01,30,120,3996
2026-09-26T18:33:06.609000+00:00,6,NVIDIA B200,0,0,136.51,35,120,3996
2026-09-26T18:33:06.609000+00:00,7,NVIDIA B200,34146,0,184.33,32,1965,3996
2026-09-26T18:33:07.609000+00:00,0,NVIDIA B200,34184,0,187.88,37,1965,3996
2026-09-26T18:33:07.610000+00:00,1,NVIDIA B200,34128,0,188.63,33,1965,3996
2026-09-26T18:33:07.610000+00:00,2,NVIDIA B200,34170,0,190.53,36,1965,3996
2026-09-26T18:33:07.610000+00:00,3,NVIDIA B200,34178,0,183.27,33,1965,3996
2026-09-26T18:33:07.610000+00:00,4,NVIDIA B200,0,0,139.00,35,120,3996
2026-09-26T18:33:07.610000+00:00,5,NVIDIA B200,0,0,137.97,30,120,3996
2026-09-26T18:33:07.610000+00:00,6,NVIDIA B200,0,0,136.50,35,120,3996
2026-09-26T18:33:07.610000+00:00,7,NVIDIA B200,34146,0,184.42,32,1965,3996
2026-09-26T18:33:08.610000+00:00,0,NVIDIA B200,34184,0,187.52,37,1965,3996
2026-09-26T18:33:08.610000+00:00,1,NVIDIA B200,34128,0,188.02,32,1965,3996
2026-09-26T18:33:08.610000+00:00,2,NVIDIA B200,34170,0,190.19,36,1965,3996
2026-09-26T18:33:08.610000+00:00,3,NVIDIA B200,34178,0,183.24,33,1965,3996
2026-09-26T18:33:08.610000+00:00,4,NVIDIA B200,0,0,138.98,35,120,3996
2026-09-26T18:33:08.610000+00:00,5,NVIDIA B200,0,0,138.15,30,120,3996
2026-09-26T18:33:08.610000+00:00,6,NVIDIA B200,0,0,136.46,35,120,3996
2026-09-26T18:33:08.610000+00:00,7,NVIDIA B200,34146,0,184.29,32,1965,3996
2026-09-26T18:33:09.610000+00:00,0,NVIDIA B200,33406,3,191.32,37,1965,3996
2026-09-26T18:33:09.610000+00:00,1,NVIDIA B200,33404,0,189.24,32,1965,3996
2026-09-26T18:33:09.610000+00:00,2,NVIDIA B200,33516,3,193.18,36,1965,3996
2026-09-26T18:33:09.610000+00:00,3,NVIDIA B200,34178,0,183.18,33,1965,3996
2026-09-26T18:33:09.611000+00:00,4,NVIDIA B200,0,0,138.85,35,120,3996
2026-09-26T18:33:09.611000+00:00,5,NVIDIA B200,0,0,137.99,30,120,3996
2026-09-26T18:33:09.611000+00:00,6,NVIDIA B200,0,0,136.37,34,120,3996
2026-09-26T18:33:09.611000+00:00,7,NVIDIA B200,34146,0,184.26,32,1965,3996
2026-09-26T18:33:10.611000+00:00,0,NVIDIA B200,33600,9,355.48,39,1965,3996
2026-09-26T18:33:10.611000+00:00,1,NVIDIA B200,33464,28,343.71,34,1965,3996
2026-09-26T18:33:10.611000+00:00,2,NVIDIA B200,33582,9,362.51,38,1965,3996
2026-09-26T18:33:10.611000+00:00,3,NVIDIA B200,34178,0,183.29,33,1965,3996
2026-09-26T18:33:10.611000+00:00,4,NVIDIA B200,0,0,138.89,34,120,3996
2026-09-26T18:33:10.611000+00:00,5,NVIDIA B200,0,0,137.98,30,120,3996
2026-09-26T18:33:10.611000+00:00,6,NVIDIA B200,0,0,136.37,34,120,3996
2026-09-26T18:33:10.611000+00:00,7,NVIDIA B200,34146,0,184.28,32,1965,3996
2026-09-26T18:33:11.611000+00:00,0,NVIDIA B200,34148,0,257.61,38,1965,3996
2026-09-26T18:33:11.611000+00:00,1,NVIDIA B200,34236,44,258.48,34,1965,3996
2026-09-26T18:33:11.611000+00:00,2,NVIDIA B200,34178,0,249.10,37,1965,3996
2026-09-26T18:33:11.611000+00:00,3,NVIDIA B200,34178,0,183.41,33,1965,3996
2026-09-26T18:33:11.611000+00:00,4,NVIDIA B200,0,0,139.02,34,120,3996
2026-09-26T18:33:11.611000+00:00,5,NVIDIA B200,0,0,137.96,30,120,3996
2026-09-26T18:33:11.611000+00:00,6,NVIDIA B200,0,0,136.29,34,120,3996
2026-09-26T18:33:11.611000+00:00,7,NVIDIA B200,34146,0,184.40,32,1965,3996
2026-09-26T18:33:12.611000+00:00,0,NVIDIA B200,34148,0,188.04,37,1965,3996
2026-09-26T18:33:12.612000+00:00,1,NVIDIA B200,34236,0,188.59,33,1965,3996
2026-09-26T18:33:12.612000+00:00,2,NVIDIA B200,34178,0,190.69,37,1965,3996
2026-09-26T18:33:12.612000+00:00,3,NVIDIA B200,34178,0,183.11,33,1965,3996
2026-09-26T18:33:12.612000+00:00,4,NVIDIA B200,0,0,138.91,34,120,3996
2026-09-26T18:33:12.612000+00:00,5,NVIDIA B200,0,0,137.80,30,120,3996
2026-09-26T18:33:12.612000+00:00,6,NVIDIA B200,0,0,136.53,34,120,3996
2026-09-26T18:33:12.612000+00:00,7,NVIDIA B200,34146,0,184.41,32,1965,3996
2026-09-26T18:33:13.612000+00:00,0,NVIDIA B200,34148,0,187.62,37,1965,3996
2026-09-26T18:33:13.612000+00:00,1,NVIDIA B200,34236,0,188.03,32,1965,3996
2026-09-26T18:33:13.612000+00:00,2,NVIDIA B200,34178,0,190.30,36,1965,3996
2026-09-26T18:33:13.612000+00:00,3,NVIDIA B200,34178,0,183.09,33,1965,3996
2026-09-26T18:33:13.612000+00:00,4,NVIDIA B200,0,0,138.81,34,120,3996
2026-09-26T18:33:13.612000+00:00,5,NVIDIA B200,0,0,138.11,30,120,3996
2026-09-26T18:33:13.612000+00:00,6,NVIDIA B200,0,0,136.29,34,120,3996
2026-09-26T18:33:13.612000+00:00,7,NVIDIA B200,34146,0,184.18,32,1965,3996
2026-09-26T18:33:14.612000+00:00,0,NVIDIA B200,34148,0,187.44,37,1965,3996
2026-09-26T18:33:14.612000+00:00,1,NVIDIA B200,33404,0,189.02,32,1965,3996
2026-09-26T18:33:14.612000+00:00,2,NVIDIA B200,34178,0,190.17,36,1965,3996
2026-09-26T18:33:14.612000+00:00,3,NVIDIA B200,34178,0,183.15,33,1965,3996
2026-09-26T18:33:14.612000+00:00,4,NVIDIA B200,0,0,138.78,34,120,3996
2026-09-26T18:33:14.612000+00:00,5,NVIDIA B200,0,0,138.03,30,120,3996
2026-09-26T18:33:14.612000+00:00,6,NVIDIA B200,0,0,136.36,34,120,3996
2026-09-26T18:33:14.612000+00:00,7,NVIDIA B200,34146,0,184.24,32,1965,3996
2026-09-26T18:33:15.613000+00:00,0,NVIDIA B200,34148,0,187.37,37,1965,3996
2026-09-26T18:33:15.613000+00:00,1,NVIDIA B200,33468,29,337.77,34,1965,3996
2026-09-26T18:33:15.613000+00:00,2,NVIDIA B200,33538,1,197.91,37,1965,3996
2026-09-26T18:33:15.613000+00:00,3,NVIDIA B200,0,1,185.36,33,1965,3996
2026-09-26T18:33:15.613000+00:00,4,NVIDIA B200,0,0,138.84,34,120,3996
2026-09-26T18:33:15.613000+00:00,5,NVIDIA B200,0,0,137.89,30,120,3996
2026-09-26T18:33:15.613000+00:00,6,NVIDIA B200,0,0,136.29,34,120,3996
2026-09-26T18:33:15.613000+00:00,7,NVIDIA B200,0,0,186.36,32,1965,3996
2026-09-26T18:33:16.613000+00:00,0,NVIDIA B200,34148,0,187.37,37,1965,3996
2026-09-26T18:33:16.613000+00:00,1,NVIDIA B200,34148,0,263.13,33,1965,3996
2026-09-26T18:33:16.613000+00:00,2,NVIDIA B200,33648,11,364.12,38,1965,3996
2026-09-26T18:33:16.613000+00:00,3,NVIDIA B200,0,0,183.83,33,1965,3996
2026-09-26T18:33:16.613000+00:00,4,NVIDIA B200,0,0,138.89,34,120,3996
2026-09-26T18:33:16.613000+00:00,5,NVIDIA B200,0,0,137.85,30,120,3996
2026-09-26T18:33:16.613000+00:00,6,NVIDIA B200,0,0,136.24,34,120,3996
2026-09-26T18:33:16.613000+00:00,7,NVIDIA B200,0,0,184.57,32,1965,3996
2026-09-26T18:33:17.613000+00:00,0,NVIDIA B200,34148,0,187.34,37,1965,3996
2026-09-26T18:33:17.613000+00:00,1,NVIDIA B200,34148,0,188.56,33,1965,3996
2026-09-26T18:33:17.613000+00:00,2,NVIDIA B200,34178,0,249.79,37,1965,3996
2026-09-26T18:33:17.613000+00:00,3,NVIDIA B200,0,0,171.47,32,885,3996
2026-09-26T18:33:17.613000+00:00,4,NVIDIA B200,0,0,138.69,34,120,3996
2026-09-26T18:33:17.613000+00:00,5,NVIDIA B200,0,0,137.84,30,120,3996
2026-09-26T18:33:17.614000+00:00,6,NVIDIA B200,0,0,136.37,34,120,3996
2026-09-26T18:33:17.614000+00:00,7,NVIDIA B200,0,0,163.78,31,735,3996
2026-09-26T18:33:18.614000+00:00,0,NVIDIA B200,34148,0,187.18,37,1965,3996
2026-09-26T18:33:18.614000+00:00,1,NVIDIA B200,34148,0,187.93,32,1965,3996
2026-09-26T18:33:18.614000+00:00,2,NVIDIA B200,34178,0,190.48,37,1965,3996
2026-09-26T18:33:18.614000+00:00,3,NVIDIA B200,0,0,138.11,32,322,3996
2026-09-26T18:33:18.614000+00:00,4,NVIDIA B200,0,0,138.66,34,120,3996
2026-09-26T18:33:18.614000+00:00,5,NVIDIA B200,0,0,138.01,30,120,3996
2026-09-26T18:33:18.614000+00:00,6,NVIDIA B200,0,0,136.28,34,120,3996
2026-09-26T18:33:18.614000+00:00,7,NVIDIA B200,0,0,139.51,31,277,3996
2026-09-26T18:33:19.614000+00:00,0,NVIDIA B200,34148,0,187.14,37,1965,3996
2026-09-26T18:33:19.614000+00:00,1,NVIDIA B200,33404,1,189.56,32,1965,3996
2026-09-26T18:33:19.614000+00:00,2,NVIDIA B200,34178,0,190.23,36,1965,3996
2026-09-26T18:33:19.614000+00:00,3,NVIDIA B200,0,0,135.14,32,202,3996
2026-09-26T18:33:19.614000+00:00,4,NVIDIA B200,0,0,138.62,34,120,3996
2026-09-26T18:33:19.614000+00:00,5,NVIDIA B200,0,0,137.91,30,120,3996
2026-09-26T18:33:19.614000+00:00,6,NVIDIA B200,0,0,136.20,34,120,3996
2026-09-26T18:33:19.614000+00:00,7,NVIDIA B200,0,0,137.69,30,172,3996
2026-09-26T18:33:20.614000+00:00,0,NVIDIA B200,34148,0,187.09,37,1965,3996
2026-09-26T18:33:20.614000+00:00,1,NVIDIA B200,33466,16,342.33,34,1965,3996
2026-09-26T18:33:20.614000+00:00,2,NVIDIA B200,34178,0,190.13,36,1965,3996
2026-09-26T18:33:20.614000+00:00,3,NVIDIA B200,0,0,134.68,31,127,3996
2026-09-26T18:33:20.615000+00:00,4,NVIDIA B200,0,0,138.65,34,120,3996
2026-09-26T18:33:20.615000+00:00,5,NVIDIA B200,0,0,137.88,30,120,3996
2026-09-26T18:33:20.615000+00:00,6,NVIDIA B200,0,0,136.17,34,120,3996
2026-09-26T18:33:20.615000+00:00,7,NVIDIA B200,0,0,137.52,30,120,3996
2026-09-26T18:33:21.615000+00:00,0,NVIDIA B200,34148,0,187.22,37,1965,3996
2026-09-26T18:33:21.615000+00:00,1,NVIDIA B200,34168,0,260.35,33,1965,3996
2026-09-26T18:33:21.615000+00:00,2,NVIDIA B200,34178,0,190.13,36,1965,3996
2026-09-26T18:33:21.615000+00:00,3,NVIDIA B200,0,0,134.69,31,120,3996
2026-09-26T18:33:21.615000+00:00,4,NVIDIA B200,0,0,138.66,34,120,3996
2026-09-26T18:33:21.615000+00:00,5,NVIDIA B200,0,0,137.83,30,120,3996
2026-09-26T18:33:21.615000+00:00,6,NVIDIA B200,0,0,136.21,34,120,3996
2026-09-26T18:33:21.615000+00:00,7,NVIDIA B200,0,0,137.58,30,120,3996
2026-09-26T18:33:22.633000+00:00,0,NVIDIA B200,34148,0,187.30,37,1965,3996
2026-09-26T18:33:22.633000+00:00,1,NVIDIA B200,34168,0,188.43,33,1965,3996
2026-09-26T18:33:22.633000+00:00,2,NVIDIA B200,34178,0,190.10,36,1965,3996
2026-09-26T18:33:22.633000+00:00,3,NVIDIA B200,0,0,134.46,31,120,3996
2026-09-26T18:33:22.633000+00:00,4,NVIDIA B200,0,0,138.65,34,120,3996
2026-09-26T18:33:22.633000+00:00,5,NVIDIA B200,0,0,137.89,30,120,3996
2026-09-26T18:33:22.633000+00:00,6,NVIDIA B200,0,0,136.31,34,120,3996
2026-09-26T18:33:22.633000+00:00,7,NVIDIA B200,0,0,137.74,30,120,3996
2026-09-26T18:33:23.633000+00:00,0,NVIDIA B200,34148,0,187.12,37,1965,3996
2026-09-26T18:33:23.633000+00:00,1,NVIDIA B200,34168,0,187.95,32,1965,3996
2026-09-26T18:33:23.633000+00:00,2,NVIDIA B200,34178,0,189.91,36,1965,3996
2026-09-26T18:33:23.633000+00:00,3,NVIDIA B200,0,0,134.49,31,120,3996
2026-09-26T18:33:23.633000+00:00,4,NVIDIA B200,0,0,138.56,34,120,3996
2026-09-26T18:33:23.633000+00:00,5,NVIDIA B200,0,0,138.05,30,120,3996
2026-09-26T18:33:23.633000+00:00,6,NVIDIA B200,0,0,136.19,34,120,3996
2026-09-26T18:33:23.633000+00:00,7,NVIDIA B200,0,0,137.56,30,120,3996
2026-09-26T18:33:24.633000+00:00,0,NVIDIA B200,34148,0,187.11,37,1965,3996
2026-09-26T18:33:24.633000+00:00,1,NVIDIA B200,33494,5,231.77,35,1965,3996
2026-09-26T18:33:24.633000+00:00,2,NVIDIA B200,34178,0,189.89,36,1965,3996
2026-09-26T18:33:24.633000+00:00,3,NVIDIA B200,0,0,134.40,31,120,3996
2026-09-26T18:33:24.633000+00:00,4,NVIDIA B200,0,0,138.57,34,120,3996
2026-09-26T18:33:24.633000+00:00,5,NVIDIA B200,0,0,137.87,30,120,3996
2026-09-26T18:33:24.633000+00:00,6,NVIDIA B200,0,0,136.16,34,120,3996
2026-09-26T18:33:24.633000+00:00,7,NVIDIA B200,0,0,137.52,30,120,3996
2026-09-26T18:33:25.634000+00:00,0,NVIDIA B200,34148,0,187.09,37,1965,3996
2026-09-26T18:33:25.634000+00:00,1,NVIDIA B200,33866,10,334.90,35,1965,3996
2026-09-26T18:33:25.634000+00:00,2,NVIDIA B200,34178,0,189.83,36,1965,3996
2026-09-26T18:33:25.634000+00:00,3,NVIDIA B200,0,0,134.42,31,120,3996
2026-09-26T18:33:25.634000+00:00,4,NVIDIA B200,0,0,138.57,34,120,3996
2026-09-26T18:33:25.634000+00:00,5,NVIDIA B200,0,0,137.77,30,120,3996
2026-09-26T18:33:25.634000+00:00,6,NVIDIA B200,0,0,136.18,34,120,3996
2026-09-26T18:33:25.634000+00:00,7,NVIDIA B200,0,0,137.43,30,120,3996
2026-09-26T18:33:26.634000+00:00,0,NVIDIA B200,34148,0,186.92,37,1965,3996
2026-09-26T18:33:26.634000+00:00,1,NVIDIA B200,34168,0,224.14,33,1965,3996
2026-09-26T18:33:26.634000+00:00,2,NVIDIA B200,34178,0,189.86,36,1965,3996
2026-09-26T18:33:26.634000+00:00,3,NVIDIA B200,0,0,134.55,31,120,3996
2026-09-26T18:33:26.634000+00:00,4,NVIDIA B200,0,0,138.68,34,120,3996
2026-09-26T18:33:26.634000+00:00,5,NVIDIA B200,0,0,137.77,30,120,3996
2026-09-26T18:33:26.634000+00:00,6,NVIDIA B200,0,0,136.08,34,120,3996
2026-09-26T18:33:26.634000+00:00,7,NVIDIA B200,0,0,137.48,30,120,3996
2026-09-26T18:33:27.634000+00:00,0,NVIDIA B200,34148,0,187.12,37,1965,3996
2026-09-26T18:33:27.634000+00:00,1,NVIDIA B200,34168,0,188.29,33,1965,3996
2026-09-26T18:33:27.634000+00:00,2,NVIDIA B200,34178,0,189.93,36,1965,3996
2026-09-26T18:33:27.634000+00:00,3,NVIDIA B200,0,0,134.34,31,120,3996
2026-09-26T18:33:27.634000+00:00,4,NVIDIA B200,0,0,138.53,34,120,3996
2026-09-26T18:33:27.634000+00:00,5,NVIDIA B200,0,0,137.87,30,120,3996
2026-09-26T18:33:27.634000+00:00,6,NVIDIA B200,0,0,136.27,34,120,3996
2026-09-26T18:33:27.635000+00:00,7,NVIDIA B200,0,0,137.56,30,120,3996
2026-09-26T18:33:28.635000+00:00,0,NVIDIA B200,34148,0,187.03,37,1965,3996
2026-09-26T18:33:28.635000+00:00,1,NVIDIA B200,33404,0,190.41,32,1965,3996
2026-09-26T18:33:28.635000+00:00,2,NVIDIA B200,34178,0,189.79,36,1965,3996
2026-09-26T18:33:28.635000+00:00,3,NVIDIA B200,0,0,134.32,31,120,3996
2026-09-26T18:33:28.635000+00:00,4,NVIDIA B200,0,0,138.50,34,120,3996
2026-09-26T18:33:28.635000+00:00,5,NVIDIA B200,0,0,137.95,30,120,3996
2026-09-26T18:33:28.635000+00:00,6,NVIDIA B200,0,0,136.08,34,120,3996
2026-09-26T18:33:28.635000+00:00,7,NVIDIA B200,0,0,137.40,30,120,3996
2026-09-26T18:33:29.635000+00:00,0,NVIDIA B200,34148,0,186.97,37,1965,3996
2026-09-26T18:33:29.635000+00:00,1,NVIDIA B200,33478,23,344.59,35,1965,3996
2026-09-26T18:33:29.635000+00:00,2,NVIDIA B200,34178,0,189.83,36,1965,3996
2026-09-26T18:33:29.635000+00:00,3,NVIDIA B200,0,0,134.26,31,120,3996
2026-09-26T18:33:29.635000+00:00,4,NVIDIA B200,0,0,138.54,34,120,3996
2026-09-26T18:33:29.635000+00:00,5,NVIDIA B200,0,0,137.80,30,120,3996
2026-09-26T18:33:29.635000+00:00,6,NVIDIA B200,0,0,136.14,34,120,3996
2026-09-26T18:33:29.635000+00:00,7,NVIDIA B200,0,0,137.44,30,120,3996
2026-09-26T18:33:30.635000+00:00,0,NVIDIA B200,34148,0,187.13,37,1965,3996
2026-09-26T18:33:30.635000+00:00,1,NVIDIA B200,34130,0,259.83,33,1965,3996
2026-09-26T18:33:30.635000+00:00,2,NVIDIA B200,34178,0,189.72,36,1965,3996
2026-09-26T18:33:30.635000+00:00,3,NVIDIA B200,0,0,134.31,31,120,3996
2026-09-26T18:33:30.635000+00:00,4,NVIDIA B200,0,0,138.52,34,120,3996
2026-09-26T18:33:30.635000+00:00,5,NVIDIA B200,0,0,137.76,30,120,3996
2026-09-26T18:33:30.635000+00:00,6,NVIDIA B200,0,0,136.11,34,120,3996
2026-09-26T18:33:30.635000+00:00,7,NVIDIA B200,0,0,137.46,30,120,3996
2026-09-26T18:33:31.636000+00:00,0,NVIDIA B200,34148,0,187.17,37,1965,3996
2026-09-26T18:33:31.636000+00:00,1,NVIDIA B200,34130,0,188.37,33,1965,3996
2026-09-26T18:33:31.636000+00:00,2,NVIDIA B200,34178,0,189.87,36,1965,3996
2026-09-26T18:33:31.636000+00:00,3,NVIDIA B200,0,0,134.48,31,120,3996
2026-09-26T18:33:31.636000+00:00,4,NVIDIA B200,0,0,138.57,34,120,3996
2026-09-26T18:33:31.636000+00:00,5,NVIDIA B200,0,0,137.75,30,120,3996
2026-09-26T18:33:31.636000+00:00,6,NVIDIA B200,0,0,136.13,34,120,3996
2026-09-26T18:33:31.636000+00:00,7,NVIDIA B200,0,0,137.47,30,120,3996
2026-09-26T18:33:32.636000+00:00,0,NVIDIA B200,34148,0,187.15,37,1965,3996
2026-09-26T18:33:32.636000+00:00,1,NVIDIA B200,34130,0,188.02,32,1965,3996
2026-09-26T18:33:32.637000+00:00,2,NVIDIA B200,34178,0,189.83,36,1965,3996
2026-09-26T18:33:32.637000+00:00,3,NVIDIA B200,0,0,134.30,31,120,3996
2026-09-26T18:33:32.638000+00:00,4,NVIDIA B200,0,0,138.51,34,120,3996
2026-09-26T18:33:32.638000+00:00,5,NVIDIA B200,0,0,137.80,30,120,3996
2026-09-26T18:33:32.639000+00:00,6,NVIDIA B200,0,0,136.20,34,120,3996
2026-09-26T18:33:32.639000+00:00,7,NVIDIA B200,0,0,137.46,30,120,3996
2026-09-26T18:33:33.640000+00:00,0,NVIDIA B200,34148,0,186.99,37,1965,3996
2026-09-26T18:33:33.640000+00:00,1,NVIDIA B200,33494,28,247.82,35,1965,3996
2026-09-26T18:33:33.640000+00:00,2,NVIDIA B200,0,0,192.14,36,1965,3996
2026-09-26T18:33:33.640000+00:00,3,NVIDIA B200,0,0,134.36,31,120,3996
2026-09-26T18:33:33.640000+00:00,4,NVIDIA B200,0,0,138.56,34,120,3996
2026-09-26T18:33:33.640000+00:00,5,NVIDIA B200,0,0,137.91,30,120,3996
2026-09-26T18:33:33.640000+00:00,6,NVIDIA B200,0,0,136.09,34,120,3996
2026-09-26T18:33:33.640000+00:00,7,NVIDIA B200,0,0,137.31,30,120,3996
2026-09-26T18:33:34.641000+00:00,0,NVIDIA B200,34148,0,187.06,37,1965,3996
2026-09-26T18:33:34.641000+00:00,1,NVIDIA B200,33874,9,325.29,35,1965,3996
2026-09-26T18:33:34.641000+00:00,2,NVIDIA B200,0,0,190.13,36,1965,3996
2026-09-26T18:33:34.641000+00:00,3,NVIDIA B200,0,0,134.71,31,120,3996
2026-09-26T18:33:34.641000+00:00,4,NVIDIA B200,0,0,138.50,34,120,3996
2026-09-26T18:33:34.641000+00:00,5,NVIDIA B200,0,0,137.72,30,120,3996
2026-09-26T18:33:34.641000+00:00,6,NVIDIA B200,0,0,136.02,34,120,3996
2026-09-26T18:33:34.641000+00:00,7,NVIDIA B200,0,0,137.39,30,120,3996
2026-09-26T18:33:35.641000+00:00,0,NVIDIA B200,34148,0,186.98,36,1965,3996
2026-09-26T18:33:35.643000+00:00,1,NVIDIA B200,34130,0,220.70,33,1965,3996
2026-09-26T18:33:35.643000+00:00,2,NVIDIA B200,0,0,163.37,35,712,3996
2026-09-26T18:33:35.643000+00:00,3,NVIDIA B200,0,0,134.70,31,120,3996
2026-09-26T18:33:35.643000+00:00,4,NVIDIA B200,0,0,138.48,34,120,3996
2026-09-26T18:33:35.643000+00:00,5,NVIDIA B200,0,0,137.76,30,120,3996
2026-09-26T18:33:35.643000+00:00,6,NVIDIA B200,0,0,136.08,34,120,3996
2026-09-26T18:33:35.643000+00:00,7,NVIDIA B200,0,0,137.38,30,120,3996
2026-09-26T18:33:36.645000+00:00,0,NVIDIA B200,34148,0,186.99,36,1965,3996
2026-09-26T18:33:36.645000+00:00,1,NVIDIA B200,34130,0,188.18,33,1965,3996
2026-09-26T18:33:36.645000+00:00,2,NVIDIA B200,0,0,142.16,35,277,3996
2026-09-26T18:33:36.645000+00:00,3,NVIDIA B200,0,0,134.94,31,120,3996
2026-09-26T18:33:36.645000+00:00,4,NVIDIA B200,0,0,138.61,34,120,3996
2026-09-26T18:33:36.645000+00:00,5,NVIDIA B200,0,0,137.77,30,120,3996
2026-09-26T18:33:36.645000+00:00,6,NVIDIA B200,0,0,136.02,34,120,3996
2026-09-26T18:33:36.645000+00:00,7,NVIDIA B200,0,0,137.34,30,120,3996
2026-09-26T18:33:37.645000+00:00,0,NVIDIA B200,34148,0,187.16,36,1965,3996
2026-09-26T18:33:37.645000+00:00,1,NVIDIA B200,34130,0,188.12,32,1965,3996
2026-09-26T18:33:37.645000+00:00,2,NVIDIA B200,0,0,140.76,34,172,3996
2026-09-26T18:33:37.645000+00:00,3,NVIDIA B200,0,0,134.69,31,120,3996
2026-09-26T18:33:37.645000+00:00,4,NVIDIA B200,0,0,138.48,34,120,3996
2026-09-26T18:33:37.645000+00:00,5,NVIDIA B200,0,0,137.74,30,120,3996
2026-09-26T18:33:37.645000+00:00,6,NVIDIA B200,0,0,136.08,34,120,3996
2026-09-26T18:33:37.645000+00:00,7,NVIDIA B200,0,0,137.41,30,120,3996
2026-09-26T18:33:38.645000+00:00,0,NVIDIA B200,34148,0,186.98,36,1965,3996
2026-09-26T18:33:38.646000+00:00,1,NVIDIA B200,33494,36,299.01,36,1965,3996
2026-09-26T18:33:38.646000+00:00,2,NVIDIA B200,0,0,140.07,34,120,3996
2026-09-26T18:33:38.646000+00:00,3,NVIDIA B200,0,0,134.71,31,120,3996
2026-09-26T18:33:38.646000+00:00,4,NVIDIA B200,0,0,138.44,34,120,3996
2026-09-26T18:33:38.646000+00:00,5,NVIDIA B200,0,0,137.89,30,120,3996
2026-09-26T18:33:38.646000+00:00,6,NVIDIA B200,0,0,136.04,34,120,3996
2026-09-26T18:33:38.646000+00:00,7,NVIDIA B200,0,0,137.40,30,120,3996
2026-09-26T18:33:39.646000+00:00,0,NVIDIA B200,34148,0,186.96,36,1965,3996
2026-09-26T18:33:39.646000+00:00,1,NVIDIA B200,34128,21,293.62,34,1965,3996
2026-09-26T18:33:39.646000+00:00,2,NVIDIA B200,0,0,139.96,34,120,3996
2026-09-26T18:33:39.646000+00:00,3,NVIDIA B200,0,0,134.66,31,120,3996
2026-09-26T18:33:39.646000+00:00,4,NVIDIA B200,0,0,138.44,34,120,3996
2026-09-26T18:33:39.646000+00:00,5,NVIDIA B200,0,0,137.71,30,120,3996
2026-09-26T18:33:39.646000+00:00,6,NVIDIA B200,0,0,135.91,34,120,3996
2026-09-26T18:33:39.646000+00:00,7,NVIDIA B200,0,0,137.35,30,120,3996
2026-09-26T18:33:40.646000+00:00,0,NVIDIA B200,34148,0,186.93,36,1965,3996
2026-09-26T18:33:40.646000+00:00,1,NVIDIA B200,34128,0,188.67,33,1965,3996
2026-09-26T18:33:40.646000+00:00,2,NVIDIA B200,0,0,139.98,34,120,3996
2026-09-26T18:33:40.646000+00:00,3,NVIDIA B200,0,0,134.65,31,120,3996
2026-09-26T18:33:40.646000+00:00,4,NVIDIA B200,0,0,138.47,34,120,3996
2026-09-26T18:33:40.646000+00:00,5,NVIDIA B200,0,0,137.85,30,120,3996
2026-09-26T18:33:40.646000+00:00,6,NVIDIA B200,0,0,136.05,34,120,3996
2026-09-26T18:33:40.646000+00:00,7,NVIDIA B200,0,0,137.31,30,120,3996
2026-09-26T18:33:41.646000+00:00,0,NVIDIA B200,34148,0,186.96,36,1965,3996
2026-09-26T18:33:41.647000+00:00,1,NVIDIA B200,34128,0,188.22,33,1965,3996
2026-09-26T18:33:41.647000+00:00,2,NVIDIA B200,0,0,139.91,34,120,3996
2026-09-26T18:33:41.647000+00:00,3,NVIDIA B200,0,0,134.76,31,120,3996
2026-09-26T18:33:41.647000+00:00,4,NVIDIA B200,0,0,138.53,34,120,3996
2026-09-26T18:33:41.647000+00:00,5,NVIDIA B200,0,0,137.77,30,120,3996
2026-09-26T18:33:41.647000+00:00,6,NVIDIA B200,0,0,135.90,34,120,3996
2026-09-26T18:33:41.647000+00:00,7,NVIDIA B200,0,0,137.33,30,120,3996
2026-09-26T18:33:42.647000+00:00,0,NVIDIA B200,33408,3,189.06,37,1965,3996
2026-09-26T18:33:42.647000+00:00,1,NVIDIA B200,33418,0,188.05,32,1965,3996
2026-09-26T18:33:42.647000+00:00,2,NVIDIA B200,0,0,139.96,34,120,3996
2026-09-26T18:33:42.647000+00:00,3,NVIDIA B200,0,0,134.63,31,120,3996
2026-09-26T18:33:42.647000+00:00,4,NVIDIA B200,0,0,138.31,34,120,3996
2026-09-26T18:33:42.647000+00:00,5,NVIDIA B200,0,0,137.66,30,120,3996
2026-09-26T18:33:42.647000+00:00,6,NVIDIA B200,0,0,136.14,34,120,3996
2026-09-26T18:33:42.647000+00:00,7,NVIDIA B200,0,0,137.45,30,120,3996
2026-09-26T18:33:43.647000+00:00,0,NVIDIA B200,33548,7,345.29,39,1965,3996
2026-09-26T18:33:43.647000+00:00,1,NVIDIA B200,33406,36,340.39,35,1965,3996
2026-09-26T18:33:43.647000+00:00,2,NVIDIA B200,0,0,139.74,34,120,3996
2026-09-26T18:33:43.647000+00:00,3,NVIDIA B200,0,0,134.65,31,120,3996
2026-09-26T18:33:43.647000+00:00,4,NVIDIA B200,0,0,138.37,34,120,3996
2026-09-26T18:33:43.647000+00:00,5,NVIDIA B200,0,0,137.83,30,120,3996
2026-09-26T18:33:43.647000+00:00,6,NVIDIA B200,0,0,135.83,34,120,3996
2026-09-26T18:33:43.647000+00:00,7,NVIDIA B200,0,0,137.28,30,120,3996
2026-09-26T18:33:44.647000+00:00,0,NVIDIA B200,34178,0,252.09,38,1965,3996
2026-09-26T18:33:44.647000+00:00,1,NVIDIA B200,34168,0,262.59,34,1965,3996
2026-09-26T18:33:44.647000+00:00,2,NVIDIA B200,0,0,139.88,34,120,3996
2026-09-26T18:33:44.647000+00:00,3,NVIDIA B200,0,0,134.66,31,120,3996
2026-09-26T18:33:44.648000+00:00,4,NVIDIA B200,0,0,138.36,34,120,3996
2026-09-26T18:33:44.648000+00:00,5,NVIDIA B200,0,0,137.70,30,120,3996
2026-09-26T18:33:44.648000+00:00,6,NVIDIA B200,0,0,135.97,34,120,3996
2026-09-26T18:33:44.648000+00:00,7,NVIDIA B200,0,0,137.25,30,120,3996
2026-09-26T18:33:45.648000+00:00,0,NVIDIA B200,34178,0,187.56,37,1965,3996
2026-09-26T18:33:45.648000+00:00,1,NVIDIA B200,34168,0,188.46,33,1965,3996
2026-09-26T18:33:45.648000+00:00,2,NVIDIA B200,0,0,139.80,34,120,3996
2026-09-26T18:33:45.648000+00:00,3,NVIDIA B200,0,0,134.63,31,120,3996
2026-09-26T18:33:45.648000+00:00,4,NVIDIA B200,0,0,138.39,34,120,3996
2026-09-26T18:33:45.648000+00:00,5,NVIDIA B200,0,0,137.65,30,120,3996
2026-09-26T18:33:45.648000+00:00,6,NVIDIA B200,0,0,135.92,34,120,3996
2026-09-26T18:33:45.648000+00:00,7,NVIDIA B200,0,0,137.23,30,120,3996
2026-09-26T18:33:46.648000+00:00,0,NVIDIA B200,34178,0,187.27,37,1965,3996
2026-09-26T18:33:46.648000+00:00,1,NVIDIA B200,34168,0,188.11,33,1965,3996
2026-09-26T18:33:46.648000+00:00,2,NVIDIA B200,0,0,139.85,34,120,3996
2026-09-26T18:33:46.648000+00:00,3,NVIDIA B200,0,0,134.76,31,120,3996
2026-09-26T18:33:46.648000+00:00,4,NVIDIA B200,0,0,138.45,33,120,3996
2026-09-26T18:33:46.648000+00:00,5,NVIDIA B200,0,0,137.69,30,120,3996
2026-09-26T18:33:46.648000+00:00,6,NVIDIA B200,0,0,135.96,34,120,3996
2026-09-26T18:33:46.648000+00:00,7,NVIDIA B200,0,0,137.25,30,120,3996
2026-09-26T18:33:47.648000+00:00,0,NVIDIA B200,33402,0,187.45,37,1965,3996
2026-09-26T18:33:47.649000+00:00,1,NVIDIA B200,33418,0,187.98,32,1965,3996
2026-09-26T18:33:47.649000+00:00,2,NVIDIA B200,0,0,139.91,34,120,3996
2026-09-26T18:33:47.649000+00:00,3,NVIDIA B200,0,0,134.62,31,120,3996
2026-09-26T18:33:47.649000+00:00,4,NVIDIA B200,0,0,138.31,33,120,3996
2026-09-26T18:33:47.649000+00:00,5,NVIDIA B200,0,0,137.68,30,120,3996
2026-09-26T18:33:47.649000+00:00,6,NVIDIA B200,0,0,136.06,34,120,3996
2026-09-26T18:33:47.649000+00:00,7,NVIDIA B200,0,0,137.34,30,120,3996
2026-09-26T18:33:48.649000+00:00,0,NVIDIA B200,33442,37,341.02,41,1965,3996
2026-09-26T18:33:48.649000+00:00,1,NVIDIA B200,33468,37,333.17,35,1965,3996
2026-09-26T18:33:48.649000+00:00,2,NVIDIA B200,0,0,139.58,34,120,3996
2026-09-26T18:33:48.649000+00:00,3,NVIDIA B200,0,0,134.61,31,120,3996
2026-09-26T18:33:48.649000+00:00,4,NVIDIA B200,0,0,138.33,33,120,3996
2026-09-26T18:33:48.649000+00:00,5,NVIDIA B200,0,0,137.78,30,120,3996
2026-09-26T18:33:48.649000+00:00,6,NVIDIA B200,0,0,135.93,33,120,3996
2026-09-26T18:33:48.649000+00:00,7,NVIDIA B200,0,0,137.21,30,120,3996
2026-09-26T18:33:49.649000+00:00,0,NVIDIA B200,34214,0,262.74,38,1965,3996
2026-09-26T18:33:49.649000+00:00,1,NVIDIA B200,34128,0,256.38,34,1965,3996
2026-09-26T18:33:49.649000+00:00,2,NVIDIA B200,0,0,139.74,34,120,3996
2026-09-26T18:33:49.649000+00:00,3,NVIDIA B200,0,0,134.68,31,120,3996
2026-09-26T18:33:49.649000+00:00,4,NVIDIA B200,0,0,138.27,33,120,3996
2026-09-26T18:33:49.649000+00:00,5,NVIDIA B200,0,0,137.68,30,120,3996
2026-09-26T18:33:49.649000+00:00,6,NVIDIA B200,0,0,135.98,33,120,3996
2026-09-26T18:33:49.649000+00:00,7,NVIDIA B200,0,0,137.25,30,120,3996
2026-09-26T18:33:50.650000+00:00,0,NVIDIA B200,34214,0,187.76,37,1965,3996
2026-09-26T18:33:50.650000+00:00,1,NVIDIA B200,34128,0,188.59,33,1965,3996
2026-09-26T18:33:50.650000+00:00,2,NVIDIA B200,0,0,139.77,34,120,3996
2026-09-26T18:33:50.650000+00:00,3,NVIDIA B200,0,0,134.66,31,120,3996
2026-09-26T18:33:50.650000+00:00,4,NVIDIA B200,0,0,138.34,33,120,3996
2026-09-26T18:33:50.650000+00:00,5,NVIDIA B200,0,0,137.66,30,120,3996
2026-09-26T18:33:50.650000+00:00,6,NVIDIA B200,0,0,135.85,33,120,3996
2026-09-26T18:33:50.650000+00:00,7,NVIDIA B200,0,0,137.22,30,120,3996
2026-09-26T18:33:51.650000+00:00,0,NVIDIA B200,34214,0,187.47,37,1965,3996
2026-09-26T18:33:51.650000+00:00,1,NVIDIA B200,34128,0,188.23,33,1965,3996
2026-09-26T18:33:51.650000+00:00,2,NVIDIA B200,0,0,139.69,34,120,3996
2026-09-26T18:33:51.650000+00:00,3,NVIDIA B200,0,0,134.81,31,120,3996
2026-09-26T18:33:51.650000+00:00,4,NVIDIA B200,0,0,138.48,33,120,3996
2026-09-26T18:33:51.650000+00:00,5,NVIDIA B200,0,0,137.74,30,120,3996
2026-09-26T18:33:51.650000+00:00,6,NVIDIA B200,0,0,135.97,33,120,3996
2026-09-26T18:33:51.650000+00:00,7,NVIDIA B200,0,0,137.29,30,120,3996
2026-09-26T18:33:52.650000+00:00,0,NVIDIA B200,34214,0,187.33,37,1965,3996
2026-09-26T18:33:52.650000+00:00,1,NVIDIA B200,33404,0,189.01,33,1965,3996
2026-09-26T18:33:52.650000+00:00,2,NVIDIA B200,0,0,139.80,34,120,3996
2026-09-26T18:33:52.650000+00:00,3,NVIDIA B200,0,0,134.65,31,120,3996
2026-09-26T18:33:52.650000+00:00,4,NVIDIA B200,0,0,138.35,33,120,3996
2026-09-26T18:33:52.650000+00:00,5,NVIDIA B200,0,0,137.76,30,120,3996
2026-09-26T18:33:52.650000+00:00,6,NVIDIA B200,0,0,135.94,33,120,3996
2026-09-26T18:33:52.651000+00:00,7,NVIDIA B200,0,0,137.38,30,120,3996
2026-09-26T18:33:53.651000+00:00,0,NVIDIA B200,33494,37,295.77,40,1965,3996
2026-09-26T18:33:53.651000+00:00,1,NVIDIA B200,33452,36,335.97,34,1965,3996
2026-09-26T18:33:53.651000+00:00,2,NVIDIA B200,0,0,139.70,34,120,3996
2026-09-26T18:33:53.651000+00:00,3,NVIDIA B200,0,0,134.69,31,120,3996
2026-09-26T18:33:53.651000+00:00,4,NVIDIA B200,0,0,138.35,33,120,3996
2026-09-26T18:33:53.651000+00:00,5,NVIDIA B200,0,0,137.84,30,120,3996
2026-09-26T18:33:53.651000+00:00,6,NVIDIA B200,0,0,135.88,33,120,3996
2026-09-26T18:33:53.651000+00:00,7,NVIDIA B200,0,0,137.26,30,120,3996
2026-09-26T18:33:54.651000+00:00,0,NVIDIA B200,34116,19,306.16,39,1965,3996
2026-09-26T18:33:54.651000+00:00,1,NVIDIA B200,34236,0,259.08,33,1965,3996
2026-09-26T18:33:54.651000+00:00,2,NVIDIA B200,0,0,139.74,34,120,3996
2026-09-26T18:33:54.651000+00:00,3,NVIDIA B200,0,0,134.63,31,120,3996
2026-09-26T18:33:54.651000+00:00,4,NVIDIA B200,0,0,138.34,33,120,3996
2026-09-26T18:33:54.651000+00:00,5,NVIDIA B200,0,0,137.72,30,120,3996
2026-09-26T18:33:54.651000+00:00,6,NVIDIA B200,0,0,135.89,33,120,3996
2026-09-26T18:33:54.651000+00:00,7,NVIDIA B200,0,0,137.25,30,120,3996
2026-09-26T18:33:55.652000+00:00,0,NVIDIA B200,34116,0,187.99,37,1965,3996
2026-09-26T18:33:55.652000+00:00,1,NVIDIA B200,34236,0,188.49,33,1965,3996
2026-09-26T18:33:55.652000+00:00,2,NVIDIA B200,0,0,139.65,34,120,3996
2026-09-26T18:33:55.652000+00:00,3,NVIDIA B200,0,0,134.57,31,120,3996
2026-09-26T18:33:55.652000+00:00,4,NVIDIA B200,0,0,138.31,33,120,3996
2026-09-26T18:33:55.652000+00:00,5,NVIDIA B200,0,0,137.77,30,120,3996
2026-09-26T18:33:55.652000+00:00,6,NVIDIA B200,0,0,135.86,33,120,3996
2026-09-26T18:33:55.652000+00:00,7,NVIDIA B200,0,0,137.24,30,120,3996
2026-09-26T18:33:56.652000+00:00,0,NVIDIA B200,34116,0,187.54,37,1965,3996
2026-09-26T18:33:56.652000+00:00,1,NVIDIA B200,34236,0,188.11,33,1965,3996
2026-09-26T18:33:56.652000+00:00,2,NVIDIA B200,0,0,139.64,34,120,3996
2026-09-26T18:33:56.652000+00:00,3,NVIDIA B200,0,0,134.70,31,120,3996
2026-09-26T18:33:56.652000+00:00,4,NVIDIA B200,0,0,138.42,33,120,3996
2026-09-26T18:33:56.652000+00:00,5,NVIDIA B200,0,0,137.73,30,120,3996
2026-09-26T18:33:56.652000+00:00,6,NVIDIA B200,0,0,135.80,33,120,3996
2026-09-26T18:33:56.652000+00:00,7,NVIDIA B200,0,0,137.28,30,120,3996
2026-09-26T18:33:57.652000+00:00,0,NVIDIA B200,34116,0,187.51,37,1965,3996
2026-09-26T18:33:57.653000+00:00,1,NVIDIA B200,33494,4,190.55,32,1965,3996
2026-09-26T18:33:57.653000+00:00,2,NVIDIA B200,0,0,139.74,34,120,3996
2026-09-26T18:33:57.653000+00:00,3,NVIDIA B200,0,0,134.58,31,120,3996
2026-09-26T18:33:57.653000+00:00,4,NVIDIA B200,0,0,138.28,33,120,3996
2026-09-26T18:33:57.653000+00:00,5,NVIDIA B200,0,0,137.68,30,120,3996
2026-09-26T18:33:57.653000+00:00,6,NVIDIA B200,0,0,136.01,33,120,3996
2026-09-26T18:33:57.653000+00:00,7,NVIDIA B200,0,0,137.29,30,120,3996
2026-09-26T18:33:58.653000+00:00,0,NVIDIA B200,33494,4,213.34,39,1965,3996
2026-09-26T18:33:58.653000+00:00,1,NVIDIA B200,33614,9,344.48,34,1965,3996
2026-09-26T18:33:58.653000+00:00,2,NVIDIA B200,0,0,139.63,34,120,3996
2026-09-26T18:33:58.653000+00:00,3,NVIDIA B200,0,0,134.52,31,120,3996
2026-09-26T18:33:58.653000+00:00,4,NVIDIA B200,0,0,138.24,33,120,3996
2026-09-26T18:33:58.653000+00:00,5,NVIDIA B200,0,0,137.84,30,120,3996
2026-09-26T18:33:58.653000+00:00,6,NVIDIA B200,0,0,135.94,33,120,3996
2026-09-26T18:33:58.653000+00:00,7,NVIDIA B200,0,0,137.14,30,120,3996
2026-09-26T18:33:59.653000+00:00,0,NVIDIA B200,33842,8,339.23,40,1965,3996
2026-09-26T18:33:59.654000+00:00,1,NVIDIA B200,34130,0,243.69,33,1965,3996
2026-09-26T18:33:59.654000+00:00,2,NVIDIA B200,0,0,139.72,34,120,3996
2026-09-26T18:33:59.654000+00:00,3,NVIDIA B200,0,0,134.58,31,120,3996
2026-09-26T18:33:59.654000+00:00,4,NVIDIA B200,0,0,138.28,33,120,3996
2026-09-26T18:33:59.654000+00:00,5,NVIDIA B200,0,0,137.66,30,120,3996
2026-09-26T18:33:59.654000+00:00,6,NVIDIA B200,0,0,135.81,33,120,3996
2026-09-26T18:33:59.654000+00:00,7,NVIDIA B200,0,0,137.12,30,120,3996
2026-09-26T18:34:00.654000+00:00,0,NVIDIA B200,34178,0,245.11,38,1965,3996
2026-09-26T18:34:00.654000+00:00,1,NVIDIA B200,34130,0,188.30,33,1965,3996
2026-09-26T18:34:00.654000+00:00,2,NVIDIA B200,0,0,139.64,33,120,3996
2026-09-26T18:34:00.654000+00:00,3,NVIDIA B200,0,0,134.61,31,120,3996
2026-09-26T18:34:00.654000+00:00,4,NVIDIA B200,0,0,138.31,33,120,3996
2026-09-26T18:34:00.654000+00:00,5,NVIDIA B200,0,0,137.70,30,120,3996
2026-09-26T18:34:00.654000+00:00,6,NVIDIA B200,0,0,135.82,33,120,3996
2026-09-26T18:34:00.654000+00:00,7,NVIDIA B200,0,0,137.14,30,120,3996
2026-09-26T18:34:01.654000+00:00,0,NVIDIA B200,34178,0,187.76,37,1965,3996
2026-09-26T18:34:01.654000+00:00,1,NVIDIA B200,34130,0,188.14,33,1965,3996
2026-09-26T18:34:01.654000+00:00,2,NVIDIA B200,0,0,139.57,33,120,3996
2026-09-26T18:34:01.654000+00:00,3,NVIDIA B200,0,0,134.64,31,120,3996
2026-09-26T18:34:01.654000+00:00,4,NVIDIA B200,0,0,138.38,33,120,3996
2026-09-26T18:34:01.654000+00:00,5,NVIDIA B200,0,0,137.65,30,120,3996
2026-09-26T18:34:01.654000+00:00,6,NVIDIA B200,0,0,135.74,33,120,3996
2026-09-26T18:34:01.654000+00:00,7,NVIDIA B200,0,0,137.18,30,120,3996
2026-09-26T18:34:02.655000+00:00,0,NVIDIA B200,34178,0,187.66,37,1965,3996
2026-09-26T18:34:02.655000+00:00,1,NVIDIA B200,33494,38,316.52,36,1965,3996
2026-09-26T18:34:02.655000+00:00,2,NVIDIA B200,0,0,139.71,33,120,3996
2026-09-26T18:34:02.655000+00:00,3,NVIDIA B200,0,0,134.65,31,120,3996
2026-09-26T18:34:02.655000+00:00,4,NVIDIA B200,0,0,138.27,33,120,3996
2026-09-26T18:34:02.655000+00:00,5,NVIDIA B200,0,0,137.73,30,120,3996
2026-09-26T18:34:02.655000+00:00,6,NVIDIA B200,0,0,135.92,33,120,3996
2026-09-26T18:34:02.655000+00:00,7,NVIDIA B200,0,0,137.29,30,120,3996
2026-09-26T18:34:03.655000+00:00,0,NVIDIA B200,33408,3,190.49,37,1965,3996
2026-09-26T18:34:03.655000+00:00,1,NVIDIA B200,34128,0,274.93,34,1965,3996
2026-09-26T18:34:03.655000+00:00,2,NVIDIA B200,0,0,139.54,33,120,3996
2026-09-26T18:34:03.655000+00:00,3,NVIDIA B200,0,0,134.64,31,120,3996
2026-09-26T18:34:03.655000+00:00,4,NVIDIA B200,0,0,138.31,33,120,3996
2026-09-26T18:34:03.655000+00:00,5,NVIDIA B200,0,0,137.81,30,120,3996
2026-09-26T18:34:03.655000+00:00,6,NVIDIA B200,0,0,135.74,33,120,3996
2026-09-26T18:34:03.655000+00:00,7,NVIDIA B200,0,0,137.17,30,120,3996
2026-09-26T18:34:04.655000+00:00,0,NVIDIA B200,33540,5,348.90,39,1965,3996
2026-09-26T18:34:04.655000+00:00,1,NVIDIA B200,34128,0,188.54,33,1965,3996
2026-09-26T18:34:04.655000+00:00,2,NVIDIA B200,0,0,139.51,33,120,3996
2026-09-26T18:34:04.655000+00:00,3,NVIDIA B200,0,0,134.67,31,120,3996
2026-09-26T18:34:04.655000+00:00,4,NVIDIA B200,0,0,138.32,33,120,3996
2026-09-26T18:34:04.655000+00:00,5,NVIDIA B200,0,0,137.75,30,120,3996
2026-09-26T18:34:04.655000+00:00,6,NVIDIA B200,0,0,135.86,33,120,3996
2026-09-26T18:34:04.655000+00:00,7,NVIDIA B200,0,0,137.16,30,120,3996
2026-09-26T18:34:05.656000+00:00,0,NVIDIA B200,34178,0,249.43,38,1965,3996
2026-09-26T18:34:05.656000+00:00,1,NVIDIA B200,34128,0,188.22,33,1965,3996
2026-09-26T18:34:05.656000+00:00,2,NVIDIA B200,0,0,139.55,33,120,3996
2026-09-26T18:34:05.656000+00:00,3,NVIDIA B200,0,0,134.60,31,120,3996
2026-09-26T18:34:05.656000+00:00,4,NVIDIA B200,0,0,138.27,33,120,3996
2026-09-26T18:34:05.656000+00:00,5,NVIDIA B200,0,0,137.74,30,120,3996
2026-09-26T18:34:05.656000+00:00,6,NVIDIA B200,0,0,135.79,33,120,3996
2026-09-26T18:34:05.656000+00:00,7,NVIDIA B200,0,0,137.15,30,120,3996
2026-09-26T18:34:06.656000+00:00,0,NVIDIA B200,34178,0,187.70,37,1965,3996
2026-09-26T18:34:06.656000+00:00,1,NVIDIA B200,33494,36,247.69,35,1965,3996
2026-09-26T18:34:06.656000+00:00,2,NVIDIA B200,0,0,139.48,33,120,3996
2026-09-26T18:34:06.656000+00:00,3,NVIDIA B200,0,0,134.79,31,120,3996
2026-09-26T18:34:06.656000+00:00,4,NVIDIA B200,0,0,138.40,33,120,3996
2026-09-26T18:34:06.656000+00:00,5,NVIDIA B200,0,0,137.74,30,120,3996
2026-09-26T18:34:06.656000+00:00,6,NVIDIA B200,0,0,135.72,33,120,3996
2026-09-26T18:34:06.656000+00:00,7,NVIDIA B200,0,0,137.18,30,120,3996
2026-09-26T18:34:07.656000+00:00,0,NVIDIA B200,34178,0,187.64,37,1965,3996
2026-09-26T18:34:07.657000+00:00,1,NVIDIA B200,33874,16,322.13,36,1965,3996
2026-09-26T18:34:07.657000+00:00,2,NVIDIA B200,0,0,139.68,33,120,3996
2026-09-26T18:34:07.657000+00:00,3,NVIDIA B200,0,0,134.55,31,120,3996
2026-09-26T18:34:07.657000+00:00,4,NVIDIA B200,0,0,138.30,33,120,3996
2026-09-26T18:34:07.657000+00:00,5,NVIDIA B200,0,0,137.64,30,120,3996
2026-09-26T18:34:07.657000+00:00,6,NVIDIA B200,0,0,135.92,33,120,3996
2026-09-26T18:34:07.657000+00:00,7,NVIDIA B200,0,0,137.25,30,120,3996
2026-09-26T18:34:08.657000+00:00,0,NVIDIA B200,33402,0,187.98,37,1965,3996
2026-09-26T18:34:08.657000+00:00,1,NVIDIA B200,34130,0,225.54,33,1965,3996
2026-09-26T18:34:08.657000+00:00,2,NVIDIA B200,0,0,139.45,33,120,3996
2026-09-26T18:34:08.657000+00:00,3,NVIDIA B200,0,0,134.48,31,120,3996
2026-09-26T18:34:08.657000+00:00,4,NVIDIA B200,0,0,138.19,33,120,3996
2026-09-26T18:34:08.657000+00:00,5,NVIDIA B200,0,0,137.82,30,120,3996
2026-09-26T18:34:08.657000+00:00,6,NVIDIA B200,0,0,135.67,33,120,3996
2026-09-26T18:34:08.657000+00:00,7,NVIDIA B200,0,0,137.15,30,120,3996
2026-09-26T18:34:09.657000+00:00,0,NVIDIA B200,33442,37,341.23,39,1965,3996
2026-09-26T18:34:09.657000+00:00,1,NVIDIA B200,34130,0,188.43,33,1965,3996
2026-09-26T18:34:09.657000+00:00,2,NVIDIA B200,0,0,139.52,33,120,3996
2026-09-26T18:34:09.657000+00:00,3,NVIDIA B200,0,0,134.48,31,120,3996
2026-09-26T18:34:09.657000+00:00,4,NVIDIA B200,0,0,138.24,33,120,3996
2026-09-26T18:34:09.657000+00:00,5,NVIDIA B200,0,0,137.73,30,120,3996
2026-09-26T18:34:09.657000+00:00,6,NVIDIA B200,0,0,135.77,33,120,3996
2026-09-26T18:34:09.657000+00:00,7,NVIDIA B200,0,0,137.14,30,120,3996
2026-09-26T18:34:10.658000+00:00,0,NVIDIA B200,34148,0,262.09,38,1965,3996
2026-09-26T18:34:10.658000+00:00,1,NVIDIA B200,33404,1,189.25,33,1965,3996
2026-09-26T18:34:10.658000+00:00,2,NVIDIA B200,0,0,139.49,33,120,3996
2026-09-26T18:34:10.658000+00:00,3,NVIDIA B200,0,0,134.52,31,120,3996
2026-09-26T18:34:10.658000+00:00,4,NVIDIA B200,0,0,138.25,33,120,3996
2026-09-26T18:34:10.658000+00:00,5,NVIDIA B200,0,0,137.63,30,120,3996
2026-09-26T18:34:10.658000+00:00,6,NVIDIA B200,0,0,135.59,33,120,3996
2026-09-26T18:34:10.658000+00:00,7,NVIDIA B200,0,0,137.08,30,120,3996
2026-09-26T18:34:11.658000+00:00,0,NVIDIA B200,34148,0,188.00,37,1965,3996
2026-09-26T18:34:11.658000+00:00,1,NVIDIA B200,33406,37,336.82,36,1965,3996
2026-09-26T18:34:11.658000+00:00,2,NVIDIA B200,0,0,139.40,33,120,3996
2026-09-26T18:34:11.658000+00:00,3,NVIDIA B200,0,0,134.62,31,120,3996
2026-09-26T18:34:11.658000+00:00,4,NVIDIA B200,0,0,138.42,33,120,3996
2026-09-26T18:34:11.658000+00:00,5,NVIDIA B200,0,0,137.67,30,120,3996
2026-09-26T18:34:11.658000+00:00,6,NVIDIA B200,0,0,135.79,33,120,3996
2026-09-26T18:34:11.658000+00:00,7,NVIDIA B200,0,0,137.14,30,120,3996
2026-09-26T18:34:12.658000+00:00,0,NVIDIA B200,34148,0,187.80,37,1965,3996
2026-09-26T18:34:12.658000+00:00,1,NVIDIA B200,34236,0,264.89,34,1965,3996
2026-09-26T18:34:12.658000+00:00,2,NVIDIA B200,0,0,139.51,33,120,3996
2026-09-26T18:34:12.658000+00:00,3,NVIDIA B200,0,0,134.50,31,120,3996
2026-09-26T18:34:12.658000+00:00,4,NVIDIA B200,0,0,138.14,33,120,3996
2026-09-26T18:34:12.658000+00:00,5,NVIDIA B200,0,0,137.67,30,120,3996
2026-09-26T18:34:12.658000+00:00,6,NVIDIA B200,0,0,135.84,33,120,3996
2026-09-26T18:34:12.658000+00:00,7,NVIDIA B200,0,0,137.22,30,120,3996
2026-09-26T18:34:13.659000+00:00,0,NVIDIA B200,34148,0,187.40,37,1965,3996
2026-09-26T18:34:13.659000+00:00,1,NVIDIA B200,34236,0,188.50,33,1965,3996
2026-09-26T18:34:13.659000+00:00,2,NVIDIA B200,0,0,139.40,33,120,3996
2026-09-26T18:34:13.659000+00:00,3,NVIDIA B200,0,0,134.56,31,120,3996
2026-09-26T18:34:13.659000+00:00,4,NVIDIA B200,0,0,138.19,33,120,3996
2026-09-26T18:34:13.659000+00:00,5,NVIDIA B200,0,0,137.75,30,120,3996
2026-09-26T18:34:13.659000+00:00,6,NVIDIA B200,0,0,135.72,33,120,3996
2026-09-26T18:34:13.659000+00:00,7,NVIDIA B200,0,0,137.16,30,120,3996
2026-09-26T18:34:14.659000+00:00,0,NVIDIA B200,33494,38,330.08,41,1965,3996
2026-09-26T18:34:14.659000+00:00,1,NVIDIA B200,34236,0,188.24,33,1965,3996
2026-09-26T18:34:14.659000+00:00,2,NVIDIA B200,0,0,139.39,33,120,3996
2026-09-26T18:34:14.659000+00:00,3,NVIDIA B200,0,0,134.43,31,120,3996
2026-09-26T18:34:14.659000+00:00,4,NVIDIA B200,0,0,138.24,33,120,3996
2026-09-26T18:34:14.659000+00:00,5,NVIDIA B200,0,0,137.67,30,120,3996
2026-09-26T18:34:14.659000+00:00,6,NVIDIA B200,0,0,135.66,33,120,3996
2026-09-26T18:34:14.659000+00:00,7,NVIDIA B200,0,0,137.09,30,120,3996
2026-09-26T18:34:15.659000+00:00,0,NVIDIA B200,34094,35,284.62,39,1965,3996
2026-09-26T18:34:15.662000+00:00,1,NVIDIA B200,33494,36,231.54,35,1965,3996
2026-09-26T18:34:15.662000+00:00,2,NVIDIA B200,0,0,139.44,33,120,3996
2026-09-26T18:34:15.663000+00:00,3,NVIDIA B200,0,0,134.41,31,120,3996
2026-09-26T18:34:15.663000+00:00,4,NVIDIA B200,0,0,138.19,33,120,3996
2026-09-26T18:34:15.663000+00:00,5,NVIDIA B200,0,0,137.66,30,120,3996
2026-09-26T18:34:15.663000+00:00,6,NVIDIA B200,0,0,135.70,33,120,3996
2026-09-26T18:34:15.663000+00:00,7,NVIDIA B200,0,0,137.08,30,120,3996
2026-09-26T18:34:16.663000+00:00,0,NVIDIA B200,34094,0,187.99,37,1965,3996
2026-09-26T18:34:16.663000+00:00,1,NVIDIA B200,33686,8,314.98,34,1965,3996
2026-09-26T18:34:16.663000+00:00,2,NVIDIA B200,0,0,139.32,33,120,3996
2026-09-26T18:34:16.663000+00:00,3,NVIDIA B200,0,0,134.71,31,120,3996
2026-09-26T18:34:16.663000+00:00,4,NVIDIA B200,0,0,138.38,33,120,3996
2026-09-26T18:34:16.663000+00:00,5,NVIDIA B200,0,0,137.67,30,120,3996
2026-09-26T18:34:16.663000+00:00,6,NVIDIA B200,0,0,135.81,33,120,3996
2026-09-26T18:34:16.663000+00:00,7,NVIDIA B200,0,0,137.12,30,120,3996
2026-09-26T18:34:17.663000+00:00,0,NVIDIA B200,34094,0,187.77,37,1965,3996
2026-09-26T18:34:17.663000+00:00,1,NVIDIA B200,34168,0,236.30,33,1965,3996
2026-09-26T18:34:17.663000+00:00,2,NVIDIA B200,0,0,139.48,33,120,3996
2026-09-26T18:34:17.663000+00:00,3,NVIDIA B200,0,0,134.49,31,120,3996
2026-09-26T18:34:17.663000+00:00,4,NVIDIA B200,0,0,138.26,33,120,3996
2026-09-26T18:34:17.663000+00:00,5,NVIDIA B200,0,0,137.69,30,120,3996
2026-09-26T18:34:17.663000+00:00,6,NVIDIA B200,0,0,135.77,33,120,3996
2026-09-26T18:34:17.663000+00:00,7,NVIDIA B200,0,0,137.21,30,120,3996
2026-09-26T18:34:18.664000+00:00,0,NVIDIA B200,34094,0,187.45,37,1965,3996
2026-09-26T18:34:18.664000+00:00,1,NVIDIA B200,34168,0,188.41,33,1965,3996
2026-09-26T18:34:18.664000+00:00,2,NVIDIA B200,0,0,139.41,33,120,3996
2026-09-26T18:34:18.664000+00:00,3,NVIDIA B200,0,0,134.49,31,120,3996
2026-09-26T18:34:18.664000+00:00,4,NVIDIA B200,0,0,138.26,33,120,3996
2026-09-26T18:34:18.664000+00:00,5,NVIDIA B200,0,0,137.87,30,120,3996
2026-09-26T18:34:18.664000+00:00,6,NVIDIA B200,0,0,135.74,33,120,3996
2026-09-26T18:34:18.664000+00:00,7,NVIDIA B200,0,0,137.11,30,120,3996
2026-09-26T18:34:19.664000+00:00,0,NVIDIA B200,33494,36,275.10,40,1965,3996
2026-09-26T18:34:19.664000+00:00,1,NVIDIA B200,34168,0,188.07,33,1965,3996
2026-09-26T18:34:19.664000+00:00,2,NVIDIA B200,0,0,139.35,33,120,3996
2026-09-26T18:34:19.664000+00:00,3,NVIDIA B200,0,0,134.49,31,120,3996
2026-09-26T18:34:19.664000+00:00,4,NVIDIA B200,0,0,138.22,33,120,3996
2026-09-26T18:34:19.664000+00:00,5,NVIDIA B200,0,0,137.74,30,120,3996
2026-09-26T18:34:19.664000+00:00,6,NVIDIA B200,0,0,135.60,33,120,3996
2026-09-26T18:34:19.664000+00:00,7,NVIDIA B200,0,0,137.16,30,120,3996
2026-09-26T18:34:20.664000+00:00,0,NVIDIA B200,34130,21,328.28,40,1965,3996
2026-09-26T18:34:20.664000+00:00,1,NVIDIA B200,33494,38,337.61,36,1965,3996
2026-09-26T18:34:20.664000+00:00,2,NVIDIA B200,0,0,139.31,33,120,3996
2026-09-26T18:34:20.664000+00:00,3,NVIDIA B200,0,0,134.37,31,120,3996
2026-09-26T18:34:20.664000+00:00,4,NVIDIA B200,0,0,138.15,33,120,3996
2026-09-26T18:34:20.664000+00:00,5,NVIDIA B200,0,0,137.65,30,120,3996
2026-09-26T18:34:20.664000+00:00,6,NVIDIA B200,0,0,135.73,33,120,3996
2026-09-26T18:34:20.664000+00:00,7,NVIDIA B200,0,0,137.13,30,120,3996
2026-09-26T18:34:21.665000+00:00,0,NVIDIA B200,34130,0,189.33,37,1965,3996
2026-09-26T18:34:21.665000+00:00,1,NVIDIA B200,34128,0,271.71,34,1965,3996
2026-09-26T18:34:21.665000+00:00,2,NVIDIA B200,0,0,139.54,33,120,3996
2026-09-26T18:34:21.665000+00:00,3,NVIDIA B200,0,0,134.62,31,120,3996
2026-09-26T18:34:21.665000+00:00,4,NVIDIA B200,0,0,138.40,33,120,3996
2026-09-26T18:34:21.665000+00:00,5,NVIDIA B200,0,0,137.69,30,120,3996
2026-09-26T18:34:21.665000+00:00,6,NVIDIA B200,0,0,135.69,33,120,3996
2026-09-26T18:34:21.665000+00:00,7,NVIDIA B200,0,0,137.12,30,120,3996
2026-09-26T18:34:22.665000+00:00,0,NVIDIA B200,34130,0,187.82,37,1965,3996
2026-09-26T18:34:22.665000+00:00,1,NVIDIA B200,34128,0,188.85,33,1965,3996
2026-09-26T18:34:22.665000+00:00,2,NVIDIA B200,0,0,139.51,33,120,3996
2026-09-26T18:34:22.665000+00:00,3,NVIDIA B200,0,0,134.47,31,120,3996
2026-09-26T18:34:22.665000+00:00,4,NVIDIA B200,0,0,138.23,33,120,3996
2026-09-26T18:34:22.665000+00:00,5,NVIDIA B200,0,0,137.66,30,120,3996
2026-09-26T18:34:22.665000+00:00,6,NVIDIA B200,0,0,135.79,33,120,3996
2026-09-26T18:34:22.665000+00:00,7,NVIDIA B200,0,0,137.19,30,120,3996
2026-09-26T18:34:23.665000+00:00,0,NVIDIA B200,34130,0,187.54,37,1965,3996
2026-09-26T18:34:23.665000+00:00,1,NVIDIA B200,34128,0,188.25,33,1965,3996
2026-09-26T18:34:23.665000+00:00,2,NVIDIA B200,0,0,139.28,33,120,3996
2026-09-26T18:34:23.665000+00:00,3,NVIDIA B200,0,0,134.45,30,120,3996
2026-09-26T18:34:23.665000+00:00,4,NVIDIA B200,0,0,138.17,33,120,3996
2026-09-26T18:34:23.666000+00:00,5,NVIDIA B200,0,0,137.75,30,120,3996
2026-09-26T18:34:23.666000+00:00,6,NVIDIA B200,0,0,135.73,33,120,3996
2026-09-26T18:34:23.666000+00:00,7,NVIDIA B200,0,0,137.15,30,120,3996
2026-09-26T18:34:24.666000+00:00,0,NVIDIA B200,33494,8,235.90,40,1965,3996
2026-09-26T18:34:24.666000+00:00,1,NVIDIA B200,34128,0,187.94,33,1965,3996
2026-09-26T18:34:24.666000+00:00,2,NVIDIA B200,0,0,139.33,33,120,3996
2026-09-26T18:34:24.666000+00:00,3,NVIDIA B200,0,0,134.50,30,120,3996
2026-09-26T18:34:24.666000+00:00,4,NVIDIA B200,0,0,138.24,33,120,3996
2026-09-26T18:34:24.666000+00:00,5,NVIDIA B200,0,0,137.69,30,120,3996
2026-09-26T18:34:24.666000+00:00,6,NVIDIA B200,0,0,135.59,33,120,3996
2026-09-26T18:34:24.666000+00:00,7,NVIDIA B200,0,0,137.10,30,120,3996
2026-09-26T18:34:25.666000+00:00,0,NVIDIA B200,33854,10,334.65,42,1965,3996
2026-09-26T18:34:25.666000+00:00,1,NVIDIA B200,34128,0,187.90,32,1965,3996
2026-09-26T18:34:25.666000+00:00,2,NVIDIA B200,0,0,139.30,33,120,3996
2026-09-26T18:34:25.666000+00:00,3,NVIDIA B200,0,0,134.41,30,120,3996
2026-09-26T18:34:25.666000+00:00,4,NVIDIA B200,0,0,138.18,33,120,3996
2026-09-26T18:34:25.666000+00:00,5,NVIDIA B200,0,0,137.64,30,120,3996
2026-09-26T18:34:25.666000+00:00,6,NVIDIA B200,0,0,135.72,33,120,3996
2026-09-26T18:34:25.666000+00:00,7,NVIDIA B200,0,0,137.10,30,120,3996
2026-09-26T18:34:26.666000+00:00,0,NVIDIA B200,34210,0,227.80,38,1965,3996
2026-09-26T18:34:26.666000+00:00,1,NVIDIA B200,34128,0,187.91,32,1965,3996
2026-09-26T18:34:26.666000+00:00,2,NVIDIA B200,0,0,139.30,33,120,3996
2026-09-26T18:34:26.666000+00:00,3,NVIDIA B200,0,0,134.66,30,120,3996
2026-09-26T18:34:26.666000+00:00,4,NVIDIA B200,0,0,138.30,33,120,3996
2026-09-26T18:34:26.667000+00:00,5,NVIDIA B200,0,0,137.70,30,120,3996
2026-09-26T18:34:26.667000+00:00,6,NVIDIA B200,0,0,135.63,33,120,3996
2026-09-26T18:34:26.667000+00:00,7,NVIDIA B200,0,0,137.09,30,120,3996
2026-09-26T18:34:27.667000+00:00,0,NVIDIA B200,34210,0,187.86,37,1965,3996
2026-09-26T18:34:27.667000+00:00,1,NVIDIA B200,34128,0,187.95,32,1965,3996
2026-09-26T18:34:27.667000+00:00,2,NVIDIA B200,0,0,139.44,33,120,3996
2026-09-26T18:34:27.667000+00:00,3,NVIDIA B200,0,0,134.44,30,120,3996
2026-09-26T18:34:27.667000+00:00,4,NVIDIA B200,0,0,138.17,33,120,3996
2026-09-26T18:34:27.667000+00:00,5,NVIDIA B200,0,0,137.64,30,120,3996
2026-09-26T18:34:27.667000+00:00,6,NVIDIA B200,0,0,135.83,33,120,3996
2026-09-26T18:34:27.667000+00:00,7,NVIDIA B200,0,0,137.20,30,120,3996
2026-09-26T18:34:28.667000+00:00,0,NVIDIA B200,34210,0,187.56,37,1965,3996
2026-09-26T18:34:28.667000+00:00,1,NVIDIA B200,34128,0,187.74,32,1965,3996
2026-09-26T18:34:28.667000+00:00,2,NVIDIA B200,0,0,139.33,33,120,3996
2026-09-26T18:34:28.667000+00:00,3,NVIDIA B200,0,0,134.46,30,120,3996
2026-09-26T18:34:28.667000+00:00,4,NVIDIA B200,0,0,138.20,33,120,3996
2026-09-26T18:34:28.667000+00:00,5,NVIDIA B200,0,0,137.75,30,120,3996
2026-09-26T18:34:28.667000+00:00,6,NVIDIA B200,0,0,135.67,33,120,3996
2026-09-26T18:34:28.667000+00:00,7,NVIDIA B200,0,0,137.10,29,120,3996
2026-09-26T18:34:29.667000+00:00,0,NVIDIA B200,33494,3,196.10,37,1965,3996
2026-09-26T18:34:29.667000+00:00,1,NVIDIA B200,34128,0,187.74,32,1965,3996
2026-09-26T18:34:29.667000+00:00,2,NVIDIA B200,0,0,139.36,33,120,3996
2026-09-26T18:34:29.667000+00:00,3,NVIDIA B200,0,0,134.48,30,120,3996
2026-09-26T18:34:29.667000+00:00,4,NVIDIA B200,0,0,138.14,33,120,3996
2026-09-26T18:34:29.667000+00:00,5,NVIDIA B200,0,0,137.65,30,120,3996
2026-09-26T18:34:29.667000+00:00,6,NVIDIA B200,0,0,135.61,33,120,3996
2026-09-26T18:34:29.667000+00:00,7,NVIDIA B200,0,0,137.09,30,120,3996
2026-09-26T18:34:30.668000+00:00,0,NVIDIA B200,33578,8,347.33,39,1965,3996
2026-09-26T18:34:30.668000+00:00,1,NVIDIA B200,34128,0,187.79,32,1965,3996
2026-09-26T18:34:30.668000+00:00,2,NVIDIA B200,0,0,139.30,33,120,3996
2026-09-26T18:34:30.668000+00:00,3,NVIDIA B200,0,0,134.59,30,120,3996
2026-09-26T18:34:30.668000+00:00,4,NVIDIA B200,0,0,138.13,33,120,3996
2026-09-26T18:34:30.668000+00:00,5,NVIDIA B200,0,0,137.72,30,120,3996
2026-09-26T18:34:30.668000+00:00,6,NVIDIA B200,0,0,135.72,33,120,3996
2026-09-26T18:34:30.668000+00:00,7,NVIDIA B200,0,0,137.03,29,120,3996
2026-09-26T18:34:31.668000+00:00,0,NVIDIA B200,34210,0,243.61,38,1965,3996
2026-09-26T18:34:31.668000+00:00,1,NVIDIA B200,34128,0,187.80,32,1965,3996
2026-09-26T18:34:31.668000+00:00,2,NVIDIA B200,0,0,139.34,33,120,3996
2026-09-26T18:34:31.668000+00:00,3,NVIDIA B200,0,0,134.68,30,120,3996
2026-09-26T18:34:31.668000+00:00,4,NVIDIA B200,0,0,138.28,33,120,3996
2026-09-26T18:34:31.668000+00:00,5,NVIDIA B200,0,0,137.68,30,120,3996
2026-09-26T18:34:31.668000+00:00,6,NVIDIA B200,0,0,135.60,33,120,3996
2026-09-26T18:34:31.668000+00:00,7,NVIDIA B200,0,0,137.11,29,120,3996
2026-09-26T18:34:32.669000+00:00,0,NVIDIA B200,34210,0,188.00,37,1965,3996
2026-09-26T18:34:32.669000+00:00,1,NVIDIA B200,34128,0,187.77,32,1965,3996
2026-09-26T18:34:32.669000+00:00,2,NVIDIA B200,0,0,139.42,33,120,3996
2026-09-26T18:34:32.669000+00:00,3,NVIDIA B200,0,0,134.51,30,120,3996
2026-09-26T18:34:32.669000+00:00,4,NVIDIA B200,0,0,138.15,33,120,3996
2026-09-26T18:34:32.669000+00:00,5,NVIDIA B200,0,0,137.70,30,120,3996
2026-09-26T18:34:32.669000+00:00,6,NVIDIA B200,0,0,135.80,33,120,3996
2026-09-26T18:34:32.669000+00:00,7,NVIDIA B200,0,0,137.21,30,120,3996
2026-09-26T18:34:33.669000+00:00,0,NVIDIA B200,34210,0,187.52,37,1965,3996
2026-09-26T18:34:33.669000+00:00,1,NVIDIA B200,34128,0,187.62,32,1965,3996
2026-09-26T18:34:33.669000+00:00,2,NVIDIA B200,0,0,139.30,33,120,3996
2026-09-26T18:34:33.669000+00:00,3,NVIDIA B200,0,0,134.45,30,120,3996
2026-09-26T18:34:33.669000+00:00,4,NVIDIA B200,0,0,138.20,33,120,3996
2026-09-26T18:34:33.669000+00:00,5,NVIDIA B200,0,0,137.81,30,120,3996
2026-09-26T18:34:33.669000+00:00,6,NVIDIA B200,0,0,135.57,33,120,3996
2026-09-26T18:34:33.669000+00:00,7,NVIDIA B200,0,0,137.00,30,120,3996
2026-09-26T18:34:34.669000+00:00,0,NVIDIA B200,33418,0,187.46,37,1965,3996
2026-09-26T18:34:34.669000+00:00,1,NVIDIA B200,34128,0,187.63,32,1965,3996
2026-09-26T18:34:34.669000+00:00,2,NVIDIA B200,0,0,139.29,33,120,3996
2026-09-26T18:34:34.669000+00:00,3,NVIDIA B200,0,0,134.45,30,120,3996
2026-09-26T18:34:34.669000+00:00,4,NVIDIA B200,0,0,138.17,33,120,3996
2026-09-26T18:34:34.669000+00:00,5,NVIDIA B200,0,0,137.67,30,120,3996
2026-09-26T18:34:34.669000+00:00,6,NVIDIA B200,0,0,135.65,33,120,3996
2026-09-26T18:34:34.669000+00:00,7,NVIDIA B200,0,0,137.05,29,120,3996
2026-09-26T18:34:35.669000+00:00,0,NVIDIA B200,33474,37,347.46,40,1965,3996
2026-09-26T18:34:35.677000+00:00,1,NVIDIA B200,34128,0,187.53,32,1965,3996
2026-09-26T18:34:35.677000+00:00,2,NVIDIA B200,0,0,139.29,33,120,3996
2026-09-26T18:34:35.677000+00:00,3,NVIDIA B200,0,0,134.46,30,120,3996
2026-09-26T18:34:35.677000+00:00,4,NVIDIA B200,0,0,138.15,33,120,3996
2026-09-26T18:34:35.677000+00:00,5,NVIDIA B200,0,0,137.63,30,120,3996
2026-09-26T18:34:35.677000+00:00,6,NVIDIA B200,0,0,135.59,33,120,3996
2026-09-26T18:34:35.677000+00:00,7,NVIDIA B200,0,0,137.06,29,120,3996
2026-09-26T18:34:36.678000+00:00,0,NVIDIA B200,34210,3,265.98,38,1965,3996
2026-09-26T18:34:36.678000+00:00,1,NVIDIA B200,34128,0,187.66,32,1965,3996
2026-09-26T18:34:36.678000+00:00,2,NVIDIA B200,0,0,139.28,33,120,3996
2026-09-26T18:34:36.678000+00:00,3,NVIDIA B200,0,0,134.56,30,120,3996
2026-09-26T18:34:36.678000+00:00,4,NVIDIA B200,0,0,138.26,33,120,3996
2026-09-26T18:34:36.678000+00:00,5,NVIDIA B200,0,0,137.69,30,120,3996
2026-09-26T18:34:36.678000+00:00,6,NVIDIA B200,0,0,135.60,33,120,3996
2026-09-26T18:34:36.678000+00:00,7,NVIDIA B200,0,0,137.12,29,120,3996
2026-09-26T18:34:37.678000+00:00,0,NVIDIA B200,34210,0,188.31,37,1965,3996
2026-09-26T18:34:37.678000+00:00,1,NVIDIA B200,34128,0,187.75,32,1965,3996
2026-09-26T18:34:37.678000+00:00,2,NVIDIA B200,0,0,139.42,33,120,3996
2026-09-26T18:34:37.678000+00:00,3,NVIDIA B200,0,0,134.52,30,120,3996
2026-09-26T18:34:37.678000+00:00,4,NVIDIA B200,0,0,138.13,33,120,3996
2026-09-26T18:34:37.678000+00:00,5,NVIDIA B200,0,0,137.68,30,120,3996
2026-09-26T18:34:37.678000+00:00,6,NVIDIA B200,0,0,135.71,33,120,3996
2026-09-26T18:34:37.678000+00:00,7,NVIDIA B200,0,0,137.24,29,120,3996
2026-09-26T18:34:38.678000+00:00,0,NVIDIA B200,34210,0,187.76,37,1965,3996
2026-09-26T18:34:38.678000+00:00,1,NVIDIA B200,34128,0,187.52,32,1965,3996
2026-09-26T18:34:38.678000+00:00,2,NVIDIA B200,0,0,139.27,33,120,3996
2026-09-26T18:34:38.678000+00:00,3,NVIDIA B200,0,0,134.44,30,120,3996
2026-09-26T18:34:38.678000+00:00,4,NVIDIA B200,0,0,138.05,33,120,3996
2026-09-26T18:34:38.678000+00:00,5,NVIDIA B200,0,0,137.73,30,120,3996
2026-09-26T18:34:38.678000+00:00,6,NVIDIA B200,0,0,135.62,33,120,3996
2026-09-26T18:34:38.679000+00:00,7,NVIDIA B200,0,0,137.15,29,120,3996
2026-09-26T18:34:39.679000+00:00,0,NVIDIA B200,34210,0,187.49,37,1965,3996
2026-09-26T18:34:39.679000+00:00,1,NVIDIA B200,34128,0,187.45,32,1965,3996
2026-09-26T18:34:39.679000+00:00,2,NVIDIA B200,0,0,139.25,33,120,3996
2026-09-26T18:34:39.679000+00:00,3,NVIDIA B200,0,0,134.41,30,120,3996
2026-09-26T18:34:39.679000+00:00,4,NVIDIA B200,0,0,138.12,33,120,3996
2026-09-26T18:34:39.679000+00:00,5,NVIDIA B200,0,0,137.71,30,120,3996
2026-09-26T18:34:39.679000+00:00,6,NVIDIA B200,0,0,135.66,33,120,3996
2026-09-26T18:34:39.679000+00:00,7,NVIDIA B200,0,0,137.10,29,120,3996
2026-09-26T18:34:40.679000+00:00,0,NVIDIA B200,33494,37,261.55,40,1965,3996
2026-09-26T18:34:40.679000+00:00,1,NVIDIA B200,34128,0,187.43,32,1965,3996
2026-09-26T18:34:40.679000+00:00,2,NVIDIA B200,0,0,139.17,33,120,3996
2026-09-26T18:34:40.679000+00:00,3,NVIDIA B200,0,0,134.37,30,120,3996
2026-09-26T18:34:40.679000+00:00,4,NVIDIA B200,0,0,138.09,33,120,3996
2026-09-26T18:34:40.679000+00:00,5,NVIDIA B200,0,0,137.66,30,120,3996
2026-09-26T18:34:40.679000+00:00,6,NVIDIA B200,0,0,135.54,33,120,3996
2026-09-26T18:34:40.679000+00:00,7,NVIDIA B200,0,0,137.01,29,120,3996
2026-09-26T18:34:41.679000+00:00,0,NVIDIA B200,34096,17,343.18,40,1965,3996
2026-09-26T18:34:41.679000+00:00,1,NVIDIA B200,34128,0,187.43,32,1965,3996
2026-09-26T18:34:41.679000+00:00,2,NVIDIA B200,0,0,139.16,33,120,3996
2026-09-26T18:34:41.679000+00:00,3,NVIDIA B200,0,0,134.66,30,120,3996
2026-09-26T18:34:41.680000+00:00,4,NVIDIA B200,0,0,138.26,33,120,3996
2026-09-26T18:34:41.680000+00:00,5,NVIDIA B200,0,0,137.63,30,120,3996
2026-09-26T18:34:41.680000+00:00,6,NVIDIA B200,0,0,135.54,33,120,3996
2026-09-26T18:34:41.680000+00:00,7,NVIDIA B200,0,0,137.08,29,120,3996
2026-09-26T18:34:42.680000+00:00,0,NVIDIA B200,34096,0,204.00,38,1965,3996
2026-09-26T18:34:42.680000+00:00,1,NVIDIA B200,34128,0,187.54,32,1965,3996
2026-09-26T18:34:42.680000+00:00,2,NVIDIA B200,0,0,139.35,33,120,3996
2026-09-26T18:34:42.680000+00:00,3,NVIDIA B200,0,0,134.41,30,120,3996
2026-09-26T18:34:42.680000+00:00,4,NVIDIA B200,0,0,138.09,33,120,3996
2026-09-26T18:34:42.680000+00:00,5,NVIDIA B200,0,0,137.58,30,120,3996
2026-09-26T18:34:42.680000+00:00,6,NVIDIA B200,0,0,135.74,33,120,3996
2026-09-26T18:34:42.680000+00:00,7,NVIDIA B200,0,0,137.18,29,120,3996
2026-09-26T18:34:43.680000+00:00,0,NVIDIA B200,34096,0,187.76,37,1965,3996
2026-09-26T18:34:43.680000+00:00,1,NVIDIA B200,34128,0,187.47,32,1965,3996
2026-09-26T18:34:43.680000+00:00,2,NVIDIA B200,0,0,139.26,33,120,3996
2026-09-26T18:34:43.680000+00:00,3,NVIDIA B200,0,0,134.51,30,120,3996
2026-09-26T18:34:43.680000+00:00,4,NVIDIA B200,0,0,138.13,33,120,3996
2026-09-26T18:34:43.680000+00:00,5,NVIDIA B200,0,0,137.84,30,120,3996
2026-09-26T18:34:43.680000+00:00,6,NVIDIA B200,0,0,135.56,33,120,3996
2026-09-26T18:34:43.680000+00:00,7,NVIDIA B200,0,0,137.15,29,120,3996
2026-09-26T18:34:44.680000+00:00,0,NVIDIA B200,34096,0,187.52,37,1965,3996
2026-09-26T18:34:44.680000+00:00,1,NVIDIA B200,34128,0,187.42,32,1965,3996
2026-09-26T18:34:44.680000+00:00,2,NVIDIA B200,0,0,139.29,33,120,3996
2026-09-26T18:34:44.680000+00:00,3,NVIDIA B200,0,0,134.50,30,120,3996
2026-09-26T18:34:44.680000+00:00,4,NVIDIA B200,0,0,138.21,33,120,3996
2026-09-26T18:34:44.680000+00:00,5,NVIDIA B200,0,0,137.69,30,120,3996
2026-09-26T18:34:44.680000+00:00,6,NVIDIA B200,0,0,135.67,33,120,3996
2026-09-26T18:34:44.680000+00:00,7,NVIDIA B200,0,0,137.16,29,120,3996
2026-09-26T18:34:45.681000+00:00,0,NVIDIA B200,33494,3,199.24,37,1965,3996
2026-09-26T18:34:45.681000+00:00,1,NVIDIA B200,34128,0,187.38,32,1965,3996
2026-09-26T18:34:45.681000+00:00,2,NVIDIA B200,0,0,139.30,33,120,3996
2026-09-26T18:34:45.681000+00:00,3,NVIDIA B200,0,0,134.45,30,120,3996
2026-09-26T18:34:45.681000+00:00,4,NVIDIA B200,0,0,138.18,33,120,3996
2026-09-26T18:34:45.681000+00:00,5,NVIDIA B200,0,0,137.64,30,120,3996
2026-09-26T18:34:45.681000+00:00,6,NVIDIA B200,0,0,135.55,33,120,3996
2026-09-26T18:34:45.681000+00:00,7,NVIDIA B200,0,0,137.02,29,120,3996
2026-09-26T18:34:46.681000+00:00,0,NVIDIA B200,33578,8,338.35,39,1965,3996
2026-09-26T18:34:46.681000+00:00,1,NVIDIA B200,34128,0,187.37,32,1965,3996
2026-09-26T18:34:46.681000+00:00,2,NVIDIA B200,0,0,139.15,33,120,3996
2026-09-26T18:34:46.681000+00:00,3,NVIDIA B200,0,0,134.48,30,120,3996
2026-09-26T18:34:46.681000+00:00,4,NVIDIA B200,0,0,138.19,33,120,3996
2026-09-26T18:34:46.681000+00:00,5,NVIDIA B200,0,0,137.64,30,120,3996
2026-09-26T18:34:46.681000+00:00,6,NVIDIA B200,0,0,135.62,33,120,3996
2026-09-26T18:34:46.681000+00:00,7,NVIDIA B200,0,0,137.02,29,120,3996
2026-09-26T18:34:47.681000+00:00,0,NVIDIA B200,34178,0,242.69,38,1965,3996
2026-09-26T18:34:47.681000+00:00,1,NVIDIA B200,34128,0,187.33,32,1965,3996
2026-09-26T18:34:47.681000+00:00,2,NVIDIA B200,0,0,139.32,33,120,3996
2026-09-26T18:34:47.681000+00:00,3,NVIDIA B200,0,0,134.42,30,120,3996
2026-09-26T18:34:47.681000+00:00,4,NVIDIA B200,0,0,138.10,33,120,3996
2026-09-26T18:34:47.682000+00:00,5,NVIDIA B200,0,0,137.62,30,120,3996
2026-09-26T18:34:47.682000+00:00,6,NVIDIA B200,0,0,135.66,33,120,3996
2026-09-26T18:34:47.682000+00:00,7,NVIDIA B200,0,0,137.12,29,120,3996
2026-09-26T18:34:48.682000+00:00,0,NVIDIA B200,34178,0,187.79,37,1965,3996
2026-09-26T18:34:48.682000+00:00,1,NVIDIA B200,34128,0,187.24,32,1965,3996
2026-09-26T18:34:48.682000+00:00,2,NVIDIA B200,0,0,139.21,33,120,3996
2026-09-26T18:34:48.682000+00:00,3,NVIDIA B200,0,0,134.46,30,120,3996
2026-09-26T18:34:48.682000+00:00,4,NVIDIA B200,0,0,138.11,33,120,3996
2026-09-26T18:34:48.682000+00:00,5,NVIDIA B200,0,0,137.70,30,120,3996
2026-09-26T18:34:48.682000+00:00,6,NVIDIA B200,0,0,135.61,33,120,3996
2026-09-26T18:34:48.682000+00:00,7,NVIDIA B200,0,0,137.14,29,120,3996
2026-09-26T18:34:49.682000+00:00,0,NVIDIA B200,34178,0,187.67,37,1965,3996
2026-09-26T18:34:49.682000+00:00,1,NVIDIA B200,34128,0,187.36,32,1965,3996
2026-09-26T18:34:49.682000+00:00,2,NVIDIA B200,0,0,139.17,33,120,3996
2026-09-26T18:34:49.682000+00:00,3,NVIDIA B200,0,0,134.45,30,120,3996
2026-09-26T18:34:49.682000+00:00,4,NVIDIA B200,0,0,138.14,33,120,3996
2026-09-26T18:34:49.682000+00:00,5,NVIDIA B200,0,0,137.64,30,120,3996
2026-09-26T18:34:49.682000+00:00,6,NVIDIA B200,0,0,135.58,33,120,3996
2026-09-26T18:34:49.682000+00:00,7,NVIDIA B200,0,0,137.03,29,120,3996
2026-09-26T18:34:50.682000+00:00,0,NVIDIA B200,33402,0,188.79,37,1965,3996
2026-09-26T18:34:50.683000+00:00,1,NVIDIA B200,34128,0,187.32,32,1965,3996
2026-09-26T18:34:50.683000+00:00,2,NVIDIA B200,0,0,139.15,33,120,3996
2026-09-26T18:34:50.683000+00:00,3,NVIDIA B200,0,0,134.46,30,120,3996
2026-09-26T18:34:50.683000+00:00,4,NVIDIA B200,0,0,138.12,33,120,3996
2026-09-26T18:34:50.683000+00:00,5,NVIDIA B200,0,0,137.63,30,120,3996
2026-09-26T18:34:50.683000+00:00,6,NVIDIA B200,0,0,135.57,33,120,3996
2026-09-26T18:34:50.683000+00:00,7,NVIDIA B200,0,0,137.06,29,120,3996
2026-09-26T18:34:51.683000+00:00,0,NVIDIA B200,33426,37,343.06,41,1965,3996
2026-09-26T18:34:51.687000+00:00,1,NVIDIA B200,34128,0,187.30,32,1965,3996
2026-09-26T18:34:51.694000+00:00,2,NVIDIA B200,0,0,139.21,33,120,3996
2026-09-26T18:34:51.701000+00:00,3,NVIDIA B200,0,0,134.60,30,120,3996
2026-09-26T18:34:51.703000+00:00,4,NVIDIA B200,0,0,138.18,33,120,3996
2026-09-26T18:34:51.703000+00:00,5,NVIDIA B200,0,0,137.67,30,120,3996
2026-09-26T18:34:51.703000+00:00,6,NVIDIA B200,0,0,135.56,33,120,3996
2026-09-26T18:34:51.703000+00:00,7,NVIDIA B200,0,0,137.02,29,120,3996
2026-09-26T18:34:52.703000+00:00,0,NVIDIA B200,34178,28,263.85,39,1965,3996
2026-09-26T18:34:52.703000+00:00,1,NVIDIA B200,34128,0,187.39,32,1965,3996
2026-09-26T18:34:52.703000+00:00,2,NVIDIA B200,0,0,139.19,33,120,3996
2026-09-26T18:34:52.704000+00:00,3,NVIDIA B200,0,0,134.51,30,120,3996
2026-09-26T18:34:52.704000+00:00,4,NVIDIA B200,0,0,138.12,33,120,3996
2026-09-26T18:34:52.704000+00:00,5,NVIDIA B200,0,0,137.61,30,120,3996
2026-09-26T18:34:52.704000+00:00,6,NVIDIA B200,0,0,135.63,33,120,3996
2026-09-26T18:34:52.704000+00:00,7,NVIDIA B200,0,0,137.19,29,120,3996
2026-09-26T18:34:53.704000+00:00,0,NVIDIA B200,34178,0,188.18,37,1965,3996
2026-09-26T18:34:53.704000+00:00,1,NVIDIA B200,34128,0,187.26,32,1965,3996
2026-09-26T18:34:53.704000+00:00,2,NVIDIA B200,0,0,139.20,33,120,3996
2026-09-26T18:34:53.704000+00:00,3,NVIDIA B200,0,0,134.40,30,120,3996
2026-09-26T18:34:53.704000+00:00,4,NVIDIA B200,0,0,138.18,33,120,3996
2026-09-26T18:34:53.704000+00:00,5,NVIDIA B200,0,0,137.79,30,120,3996
2026-09-26T18:34:53.704000+00:00,6,NVIDIA B200,0,0,135.61,33,120,3996
2026-09-26T18:34:53.704000+00:00,7,NVIDIA B200,0,0,137.04,29,120,3996
2026-09-26T18:34:54.704000+00:00,0,NVIDIA B200,34178,0,187.75,37,1965,3996
2026-09-26T18:34:54.704000+00:00,1,NVIDIA B200,34128,0,187.29,32,1965,3996
2026-09-26T18:34:54.704000+00:00,2,NVIDIA B200,0,0,139.15,33,120,3996
2026-09-26T18:34:54.704000+00:00,3,NVIDIA B200,0,0,134.46,30,120,3996
2026-09-26T18:34:54.704000+00:00,4,NVIDIA B200,0,0,138.14,33,120,3996
2026-09-26T18:34:54.704000+00:00,5,NVIDIA B200,0,0,137.64,30,120,3996
2026-09-26T18:34:54.704000+00:00,6,NVIDIA B200,0,0,135.53,33,120,3996
2026-09-26T18:34:54.704000+00:00,7,NVIDIA B200,0,0,137.00,29,120,3996
2026-09-26T18:34:55.704000+00:00,0,NVIDIA B200,34178,0,187.55,37,1965,3996
2026-09-26T18:34:55.707000+00:00,1,NVIDIA B200,34128,0,187.33,32,1965,3996
2026-09-26T18:34:55.707000+00:00,2,NVIDIA B200,0,0,139.15,33,120,3996
2026-09-26T18:34:55.708000+00:00,3,NVIDIA B200,0,0,134.45,30,120,3996
2026-09-26T18:34:55.708000+00:00,4,NVIDIA B200,0,0,138.18,33,120,3996
2026-09-26T18:34:55.708000+00:00,5,NVIDIA B200,0,0,137.67,30,120,3996
2026-09-26T18:34:55.708000+00:00,6,NVIDIA B200,0,0,135.62,33,120,3996
2026-09-26T18:34:55.708000+00:00,7,NVIDIA B200,0,0,137.08,29,120,3996
2026-09-26T18:34:56.709000+00:00,0,NVIDIA B200,33494,37,257.46,40,1965,3996
2026-09-26T18:34:56.709000+00:00,1,NVIDIA B200,34128,0,187.33,32,1965,3996
2026-09-26T18:34:56.709000+00:00,2,NVIDIA B200,0,0,139.23,33,120,3996
2026-09-26T18:34:56.709000+00:00,3,NVIDIA B200,0,0,134.58,30,120,3996
2026-09-26T18:34:56.709000+00:00,4,NVIDIA B200,0,0,138.18,33,120,3996
2026-09-26T18:34:56.709000+00:00,5,NVIDIA B200,0,0,137.71,30,120,3996
2026-09-26T18:34:56.709000+00:00,6,NVIDIA B200,0,0,135.62,33,120,3996
2026-09-26T18:34:56.709000+00:00,7,NVIDIA B200,0,0,137.04,29,120,3996
2026-09-26T18:34:57.709000+00:00,0,NVIDIA B200,33854,14,306.99,39,1965,3996
2026-09-26T18:34:57.709000+00:00,1,NVIDIA B200,34128,0,187.41,32,1965,3996
2026-09-26T18:34:57.709000+00:00,2,NVIDIA B200,0,0,139.28,33,120,3996
2026-09-26T18:34:57.709000+00:00,3,NVIDIA B200,0,0,134.40,30,120,3996
2026-09-26T18:34:57.709000+00:00,4,NVIDIA B200,0,0,138.16,33,120,3996
2026-09-26T18:34:57.709000+00:00,5,NVIDIA B200,0,0,137.67,30,120,3996
2026-09-26T18:34:57.709000+00:00,6,NVIDIA B200,0,0,135.64,33,120,3996
2026-09-26T18:34:57.709000+00:00,7,NVIDIA B200,0,0,137.26,29,120,3996
2026-09-26T18:34:58.709000+00:00,0,NVIDIA B200,34210,0,223.35,38,1965,3996
2026-09-26T18:34:58.709000+00:00,1,NVIDIA B200,34128,0,187.37,32,1965,3996
2026-09-26T18:34:58.709000+00:00,2,NVIDIA B200,0,0,139.15,33,120,3996
2026-09-26T18:34:58.709000+00:00,3,NVIDIA B200,0,0,134.38,30,120,3996
2026-09-26T18:34:58.709000+00:00,4,NVIDIA B200,0,0,138.10,33,120,3996
2026-09-26T18:34:58.709000+00:00,5,NVIDIA B200,0,0,137.76,30,120,3996
2026-09-26T18:34:58.709000+00:00,6,NVIDIA B200,0,0,135.60,33,120,3996
2026-09-26T18:34:58.709000+00:00,7,NVIDIA B200,0,0,137.05,29,120,3996
2026-09-26T18:34:59.710000+00:00,0,NVIDIA B200,34210,0,187.71,37,1965,3996
2026-09-26T18:34:59.710000+00:00,1,NVIDIA B200,34128,0,187.17,32,1965,3996
2026-09-26T18:34:59.710000+00:00,2,NVIDIA B200,0,0,139.19,33,120,3996
2026-09-26T18:34:59.710000+00:00,3,NVIDIA B200,0,0,134.38,30,120,3996
2026-09-26T18:34:59.710000+00:00,4,NVIDIA B200,0,0,138.02,33,120,3996
2026-09-26T18:34:59.710000+00:00,5,NVIDIA B200,0,0,137.57,30,120,3996
2026-09-26T18:34:59.710000+00:00,6,NVIDIA B200,0,0,135.43,33,120,3996
2026-09-26T18:34:59.710000+00:00,7,NVIDIA B200,0,0,137.05,29,120,3996
2026-09-26T18:35:00.710000+00:00,0,NVIDIA B200,34210,0,187.53,37,1965,3996
2026-09-26T18:35:00.710000+00:00,1,NVIDIA B200,34128,0,187.18,32,1965,3996
2026-09-26T18:35:00.710000+00:00,2,NVIDIA B200,0,0,139.23,33,120,3996
2026-09-26T18:35:00.710000+00:00,3,NVIDIA B200,0,0,134.43,30,120,3996
2026-09-26T18:35:00.710000+00:00,4,NVIDIA B200,0,0,138.13,33,120,3996
2026-09-26T18:35:00.710000+00:00,5,NVIDIA B200,0,0,137.67,30,120,3996
2026-09-26T18:35:00.710000+00:00,6,NVIDIA B200,0,0,135.61,33,120,3996
2026-09-26T18:35:00.710000+00:00,7,NVIDIA B200,0,0,137.05,29,120,3996
2026-09-26T18:35:01.710000+00:00,0,NVIDIA B200,33406,3,190.44,37,1965,3996
2026-09-26T18:35:01.711000+00:00,1,NVIDIA B200,34128,0,187.22,32,1965,3996
2026-09-26T18:35:01.711000+00:00,2,NVIDIA B200,0,0,139.21,33,120,3996
2026-09-26T18:35:01.711000+00:00,3,NVIDIA B200,0,0,134.61,30,120,3996
2026-09-26T18:35:01.711000+00:00,4,NVIDIA B200,0,0,138.21,33,120,3996
2026-09-26T18:35:01.711000+00:00,5,NVIDIA B200,0,0,137.63,30,120,3996
2026-09-26T18:35:01.711000+00:00,6,NVIDIA B200,0,0,135.57,33,120,3996
2026-09-26T18:35:01.711000+00:00,7,NVIDIA B200,0,0,137.03,29,120,3996
2026-09-26T18:35:02.711000+00:00,0,NVIDIA B200,33602,9,352.07,39,1965,3996
2026-09-26T18:35:02.711000+00:00,1,NVIDIA B200,34128,0,187.23,32,1965,3996
2026-09-26T18:35:02.711000+00:00,2,NVIDIA B200,0,0,139.19,33,120,3996
2026-09-26T18:35:02.711000+00:00,3,NVIDIA B200,0,0,134.47,30,120,3996
2026-09-26T18:35:02.711000+00:00,4,NVIDIA B200,0,0,138.09,33,120,3996
2026-09-26T18:35:02.711000+00:00,5,NVIDIA B200,0,0,137.65,30,120,3996
2026-09-26T18:35:02.711000+00:00,6,NVIDIA B200,0,0,135.68,33,120,3996
2026-09-26T18:35:02.711000+00:00,7,NVIDIA B200,0,0,137.22,29,120,3996
2026-09-26T18:35:03.711000+00:00,0,NVIDIA B200,34148,0,253.63,38,1965,3996
2026-09-26T18:35:03.711000+00:00,1,NVIDIA B200,34128,0,187.23,32,1965,3996
2026-09-26T18:35:03.711000+00:00,2,NVIDIA B200,0,0,139.13,33,120,3996
2026-09-26T18:35:03.711000+00:00,3,NVIDIA B200,0,0,134.36,30,120,3996
2026-09-26T18:35:03.711000+00:00,4,NVIDIA B200,0,0,138.09,33,120,3996
2026-09-26T18:35:03.711000+00:00,5,NVIDIA B200,0,0,137.78,30,120,3996
2026-09-26T18:35:03.711000+00:00,6,NVIDIA B200,0,0,135.67,33,120,3996
2026-09-26T18:35:03.711000+00:00,7,NVIDIA B200,0,0,137.09,29,120,3996
2026-09-26T18:35:04.712000+00:00,0,NVIDIA B200,34148,0,187.84,37,1965,3996
2026-09-26T18:35:04.712000+00:00,1,NVIDIA B200,34128,0,187.26,32,1965,3996
2026-09-26T18:35:04.712000+00:00,2,NVIDIA B200,0,0,139.21,33,120,3996
2026-09-26T18:35:04.712000+00:00,3,NVIDIA B200,0,0,134.41,30,120,3996
2026-09-26T18:35:04.712000+00:00,4,NVIDIA B200,0,0,138.07,33,120,3996
2026-09-26T18:35:04.712000+00:00,5,NVIDIA B200,0,0,137.63,30,120,3996
2026-09-26T18:35:04.712000+00:00,6,NVIDIA B200,0,0,135.49,33,120,3996
2026-09-26T18:35:04.712000+00:00,7,NVIDIA B200,0,0,137.01,29,120,3996
2026-09-26T18:35:05.712000+00:00,0,NVIDIA B200,34148,0,187.63,37,1965,3996
2026-09-26T18:35:05.712000+00:00,1,NVIDIA B200,34128,0,187.12,32,1965,3996
2026-09-26T18:35:05.712000+00:00,2,NVIDIA B200,0,0,139.10,33,120,3996
2026-09-26T18:35:05.712000+00:00,3,NVIDIA B200,0,0,134.45,30,120,3996
2026-09-26T18:35:05.712000+00:00,4,NVIDIA B200,0,0,138.10,33,120,3996
2026-09-26T18:35:05.712000+00:00,5,NVIDIA B200,0,0,137.67,30,120,3996
2026-09-26T18:35:05.712000+00:00,6,NVIDIA B200,0,0,135.56,33,120,3996
2026-09-26T18:35:05.712000+00:00,7,NVIDIA B200,0,0,137.03,29,120,3996
2026-09-26T18:35:06.712000+00:00,0,NVIDIA B200,33404,1,189.29,37,1965,3996
2026-09-26T18:35:06.712000+00:00,1,NVIDIA B200,34128,0,187.22,32,1965,3996
2026-09-26T18:35:06.712000+00:00,2,NVIDIA B200,0,0,139.15,33,120,3996
2026-09-26T18:35:06.712000+00:00,3,NVIDIA B200,0,0,134.54,30,120,3996
2026-09-26T18:35:06.712000+00:00,4,NVIDIA B200,0,0,138.21,33,120,3996
2026-09-26T18:35:06.712000+00:00,5,NVIDIA B200,0,0,137.67,30,120,3996
2026-09-26T18:35:06.713000+00:00,6,NVIDIA B200,0,0,135.56,33,120,3996
2026-09-26T18:35:06.713000+00:00,7,NVIDIA B200,0,0,137.04,29,120,3996
2026-09-26T18:35:07.713000+00:00,0,NVIDIA B200,33498,11,350.58,39,1965,3996
2026-09-26T18:35:07.713000+00:00,1,NVIDIA B200,34128,0,187.29,32,1965,3996
2026-09-26T18:35:07.713000+00:00,2,NVIDIA B200,0,0,139.43,33,120,3996
2026-09-26T18:35:07.713000+00:00,3,NVIDIA B200,0,0,134.38,30,120,3996
2026-09-26T18:35:07.713000+00:00,4,NVIDIA B200,0,0,138.06,33,120,3996
2026-09-26T18:35:07.713000+00:00,5,NVIDIA B200,0,0,137.65,30,120,3996
2026-09-26T18:35:07.713000+00:00,6,NVIDIA B200,0,0,135.70,33,120,3996
2026-09-26T18:35:07.713000+00:00,7,NVIDIA B200,0,0,137.18,29,120,3996
2026-09-26T18:35:08.714000+00:00,0,NVIDIA B200,34210,0,254.55,38,1965,3996
2026-09-26T18:35:08.715000+00:00,1,NVIDIA B200,34128,0,187.17,32,1965,3996
2026-09-26T18:35:08.715000+00:00,2,NVIDIA B200,0,0,139.26,33,120,3996
2026-09-26T18:35:08.715000+00:00,3,NVIDIA B200,0,0,134.44,30,120,3996
2026-09-26T18:35:08.715000+00:00,4,NVIDIA B200,0,0,138.02,33,120,3996
2026-09-26T18:35:08.715000+00:00,5,NVIDIA B200,0,0,137.76,30,120,3996
2026-09-26T18:35:08.715000+00:00,6,NVIDIA B200,0,0,135.58,33,120,3996
2026-09-26T18:35:08.715000+00:00,7,NVIDIA B200,0,0,137.09,29,120,3996
2026-09-26T18:35:09.715000+00:00,0,NVIDIA B200,34210,0,187.92,37,1965,3996
2026-09-26T18:35:09.715000+00:00,1,NVIDIA B200,34128,0,187.15,32,1965,3996
2026-09-26T18:35:09.715000+00:00,2,NVIDIA B200,0,0,139.21,33,120,3996
2026-09-26T18:35:09.715000+00:00,3,NVIDIA B200,0,0,134.42,30,120,3996
2026-09-26T18:35:09.715000+00:00,4,NVIDIA B200,0,0,138.02,33,120,3996
2026-09-26T18:35:09.715000+00:00,5,NVIDIA B200,0,0,137.68,30,120,3996
2026-09-26T18:35:09.715000+00:00,6,NVIDIA B200,0,0,135.51,33,120,3996
2026-09-26T18:35:09.715000+00:00,7,NVIDIA B200,0,0,137.05,29,120,3996
2026-09-26T18:35:10.715000+00:00,0,NVIDIA B200,34210,0,187.59,37,1965,3996
2026-09-26T18:35:10.715000+00:00,1,NVIDIA B200,34128,0,187.12,32,1965,3996
2026-09-26T18:35:10.715000+00:00,2,NVIDIA B200,0,0,139.17,33,120,3996
2026-09-26T18:35:10.715000+00:00,3,NVIDIA B200,0,0,134.45,30,120,3996
2026-09-26T18:35:10.715000+00:00,4,NVIDIA B200,0,0,138.07,33,120,3996
2026-09-26T18:35:10.715000+00:00,5,NVIDIA B200,0,0,137.67,30,120,3996
2026-09-26T18:35:10.715000+00:00,6,NVIDIA B200,0,0,135.57,33,120,3996
2026-09-26T18:35:10.715000+00:00,7,NVIDIA B200,0,0,137.00,29,120,3996
2026-09-26T18:35:11.715000+00:00,0,NVIDIA B200,33418,0,187.82,37,1965,3996
2026-09-26T18:35:11.715000+00:00,1,NVIDIA B200,34128,0,187.31,32,1965,3996
2026-09-26T18:35:11.715000+00:00,2,NVIDIA B200,0,0,139.25,33,120,3996
2026-09-26T18:35:11.715000+00:00,3,NVIDIA B200,0,0,134.54,30,120,3996
2026-09-26T18:35:11.715000+00:00,4,NVIDIA B200,0,0,138.25,33,120,3996
2026-09-26T18:35:11.715000+00:00,5,NVIDIA B200,0,0,137.68,30,120,3996
2026-09-26T18:35:11.715000+00:00,6,NVIDIA B200,0,0,135.51,33,120,3996
2026-09-26T18:35:11.715000+00:00,7,NVIDIA B200,0,0,137.10,29,120,3996
2026-09-26T18:35:12.716000+00:00,0,NVIDIA B200,33468,37,335.75,41,1965,3996
2026-09-26T18:35:12.716000+00:00,1,NVIDIA B200,34128,0,187.25,32,1965,3996
2026-09-26T18:35:12.716000+00:00,2,NVIDIA B200,0,0,139.38,33,120,3996
2026-09-26T18:35:12.716000+00:00,3,NVIDIA B200,0,0,134.51,30,120,3996
2026-09-26T18:35:12.716000+00:00,4,NVIDIA B200,0,0,138.07,33,120,3996
2026-09-26T18:35:12.716000+00:00,5,NVIDIA B200,0,0,137.61,30,120,3996
2026-09-26T18:35:12.716000+00:00,6,NVIDIA B200,0,0,135.67,33,120,3996
2026-09-26T18:35:12.716000+00:00,7,NVIDIA B200,0,0,137.17,29,120,3996
2026-09-26T18:35:13.716000+00:00,0,NVIDIA B200,34178,0,261.87,38,1965,3996
2026-09-26T18:35:13.716000+00:00,1,NVIDIA B200,34128,0,187.16,32,1965,3996
2026-09-26T18:35:13.716000+00:00,2,NVIDIA B200,0,0,139.18,33,120,3996
2026-09-26T18:35:13.716000+00:00,3,NVIDIA B200,0,0,134.48,30,120,3996
2026-09-26T18:35:13.716000+00:00,4,NVIDIA B200,0,0,138.18,33,120,3996
2026-09-26T18:35:13.716000+00:00,5,NVIDIA B200,0,0,137.75,30,120,3996
2026-09-26T18:35:13.716000+00:00,6,NVIDIA B200,0,0,135.60,33,120,3996
2026-09-26T18:35:13.716000+00:00,7,NVIDIA B200,0,0,137.05,29,120,3996
2026-09-26T18:35:14.716000+00:00,0,NVIDIA B200,34178,0,188.01,37,1965,3996
2026-09-26T18:35:14.716000+00:00,1,NVIDIA B200,34128,0,187.23,32,1965,3996
2026-09-26T18:35:14.716000+00:00,2,NVIDIA B200,0,0,139.22,33,120,3996
2026-09-26T18:35:14.716000+00:00,3,NVIDIA B200,0,0,134.46,30,120,3996
2026-09-26T18:35:14.716000+00:00,4,NVIDIA B200,0,0,138.10,33,120,3996
2026-09-26T18:35:14.716000+00:00,5,NVIDIA B200,0,0,137.63,30,120,3996
2026-09-26T18:35:14.716000+00:00,6,NVIDIA B200,0,0,135.51,33,120,3996
2026-09-26T18:35:14.716000+00:00,7,NVIDIA B200,0,0,137.03,29,120,3996
2026-09-26T18:35:15.717000+00:00,0,NVIDIA B200,34178,0,187.71,37,1965,3996
2026-09-26T18:35:15.717000+00:00,1,NVIDIA B200,34128,0,187.17,32,1965,3996
2026-09-26T18:35:15.717000+00:00,2,NVIDIA B200,0,0,139.27,33,120,3996
2026-09-26T18:35:15.717000+00:00,3,NVIDIA B200,0,0,134.42,30,120,3996
2026-09-26T18:35:15.717000+00:00,4,NVIDIA B200,0,0,138.06,33,120,3996
2026-09-26T18:35:15.717000+00:00,5,NVIDIA B200,0,0,137.67,30,120,3996
2026-09-26T18:35:15.717000+00:00,6,NVIDIA B200,0,0,135.57,33,120,3996
2026-09-26T18:35:15.717000+00:00,7,NVIDIA B200,0,0,137.04,29,120,3996
2026-09-26T18:35:16.717000+00:00,0,NVIDIA B200,34178,0,187.61,37,1965,3996
2026-09-26T18:35:16.717000+00:00,1,NVIDIA B200,34128,0,187.12,32,1965,3996
2026-09-26T18:35:16.717000+00:00,2,NVIDIA B200,0,0,139.20,33,120,3996
2026-09-26T18:35:16.717000+00:00,3,NVIDIA B200,0,0,134.53,30,120,3996
2026-09-26T18:35:16.717000+00:00,4,NVIDIA B200,0,0,138.21,33,120,3996
2026-09-26T18:35:16.717000+00:00,5,NVIDIA B200,0,0,137.64,30,120,3996
2026-09-26T18:35:16.717000+00:00,6,NVIDIA B200,0,0,135.49,33,120,3996
2026-09-26T18:35:16.717000+00:00,7,NVIDIA B200,0,0,136.95,29,120,3996
2026-09-26T18:35:17.717000+00:00,0,NVIDIA B200,33494,37,268.44,40,1965,3996
2026-09-26T18:35:17.717000+00:00,1,NVIDIA B200,33404,0,189.54,32,1965,3996
2026-09-26T18:35:17.717000+00:00,2,NVIDIA B200,0,0,139.39,33,120,3996
2026-09-26T18:35:17.717000+00:00,3,NVIDIA B200,0,0,134.48,30,120,3996
2026-09-26T18:35:17.717000+00:00,4,NVIDIA B200,0,0,138.10,33,120,3996
2026-09-26T18:35:17.717000+00:00,5,NVIDIA B200,0,0,137.62,30,120,3996
2026-09-26T18:35:17.717000+00:00,6,NVIDIA B200,0,0,135.70,33,120,3996
2026-09-26T18:35:17.717000+00:00,7,NVIDIA B200,0,0,137.14,29,120,3996
2026-09-26T18:35:18.717000+00:00,0,NVIDIA B200,34176,22,329.25,39,1965,3996
2026-09-26T18:35:18.718000+00:00,1,NVIDIA B200,33516,25,340.34,33,1965,3996
2026-09-26T18:35:18.718000+00:00,2,NVIDIA B200,0,0,139.15,33,120,3996
2026-09-26T18:35:18.718000+00:00,3,NVIDIA B200,0,0,134.46,30,120,3996
2026-09-26T18:35:18.718000+00:00,4,NVIDIA B200,0,0,138.05,33,120,3996
2026-09-26T18:35:18.718000+00:00,5,NVIDIA B200,0,0,137.78,30,120,3996
2026-09-26T18:35:18.718000+00:00,6,NVIDIA B200,0,0,135.39,33,120,3996
2026-09-26T18:35:18.718000+00:00,7,NVIDIA B200,0,0,136.99,29,120,3996
2026-09-26T18:35:19.718000+00:00,0,NVIDIA B200,34176,0,190.46,37,1965,3996
2026-09-26T18:35:19.718000+00:00,1,NVIDIA B200,34128,0,255.83,33,1965,3996
2026-09-26T18:35:19.718000+00:00,2,NVIDIA B200,0,0,139.17,33,120,3996
2026-09-26T18:35:19.718000+00:00,3,NVIDIA B200,0,0,134.36,30,120,3996
2026-09-26T18:35:19.718000+00:00,4,NVIDIA B200,0,0,138.16,33,120,3996
2026-09-26T18:35:19.718000+00:00,5,NVIDIA B200,0,0,137.62,30,120,3996
2026-09-26T18:35:19.718000+00:00,6,NVIDIA B200,0,0,135.57,33,120,3996
2026-09-26T18:35:19.718000+00:00,7,NVIDIA B200,0,0,137.00,29,120,3996
2026-09-26T18:35:20.718000+00:00,0,NVIDIA B200,34176,0,187.78,37,1965,3996
2026-09-26T18:35:20.718000+00:00,1,NVIDIA B200,34128,0,187.78,32,1965,3996
2026-09-26T18:35:20.718000+00:00,2,NVIDIA B200,0,0,139.21,33,120,3996
2026-09-26T18:35:20.718000+00:00,3,NVIDIA B200,0,0,134.49,30,120,3996
2026-09-26T18:35:20.718000+00:00,4,NVIDIA B200,0,0,138.07,33,120,3996
2026-09-26T18:35:20.719000+00:00,5,NVIDIA B200,0,0,137.68,30,120,3996
2026-09-26T18:35:20.719000+00:00,6,NVIDIA B200,0,0,135.53,33,120,3996
2026-09-26T18:35:20.719000+00:00,7,NVIDIA B200,0,0,137.02,29,120,3996
2026-09-26T18:35:21.719000+00:00,0,NVIDIA B200,34176,0,187.50,37,1965,3996
2026-09-26T18:35:21.719000+00:00,1,NVIDIA B200,33402,0,189.15,32,1965,3996
2026-09-26T18:35:21.719000+00:00,2,NVIDIA B200,0,0,139.18,33,120,3996
2026-09-26T18:35:21.719000+00:00,3,NVIDIA B200,0,0,134.55,30,120,3996
2026-09-26T18:35:21.719000+00:00,4,NVIDIA B200,0,0,138.22,33,120,3996
2026-09-26T18:35:21.719000+00:00,5,NVIDIA B200,0,0,137.68,30,120,3996
2026-09-26T18:35:21.719000+00:00,6,NVIDIA B200,0,0,135.40,33,120,3996
2026-09-26T18:35:21.719000+00:00,7,NVIDIA B200,0,0,137.04,29,120,3996
2026-09-26T18:35:22.719000+00:00,0,NVIDIA B200,33494,33,239.59,39,1965,3996
2026-09-26T18:35:22.719000+00:00,1,NVIDIA B200,33406,36,339.26,34,1965,3996
2026-09-26T18:35:22.719000+00:00,2,NVIDIA B200,0,0,139.35,33,120,3996
2026-09-26T18:35:22.719000+00:00,3,NVIDIA B200,0,0,134.50,30,120,3996
2026-09-26T18:35:22.719000+00:00,4,NVIDIA B200,0,0,138.11,33,120,3996
2026-09-26T18:35:22.719000+00:00,5,NVIDIA B200,0,0,137.68,30,120,3996
2026-09-26T18:35:22.719000+00:00,6,NVIDIA B200,0,0,135.62,33,120,3996
2026-09-26T18:35:22.719000+00:00,7,NVIDIA B200,0,0,137.12,29,120,3996
2026-09-26T18:35:23.719000+00:00,0,NVIDIA B200,33950,11,332.08,39,1965,3996
2026-09-26T18:35:23.719000+00:00,1,NVIDIA B200,34168,0,264.89,33,1965,3996
2026-09-26T18:35:23.720000+00:00,2,NVIDIA B200,0,0,139.23,33,120,3996
2026-09-26T18:35:23.720000+00:00,3,NVIDIA B200,0,0,134.54,30,120,3996
2026-09-26T18:35:23.720000+00:00,4,NVIDIA B200,0,0,138.11,33,120,3996
2026-09-26T18:35:23.720000+00:00,5,NVIDIA B200,0,0,137.78,30,120,3996
2026-09-26T18:35:23.720000+00:00,6,NVIDIA B200,0,0,135.42,33,120,3996
2026-09-26T18:35:23.720000+00:00,7,NVIDIA B200,0,0,136.98,29,120,3996
2026-09-26T18:35:24.720000+00:00,0,NVIDIA B200,34096,0,222.33,37,1965,3996
2026-09-26T18:35:24.720000+00:00,1,NVIDIA B200,34168,0,187.99,32,1965,3996
2026-09-26T18:35:24.720000+00:00,2,NVIDIA B200,0,0,139.09,33,120,3996
2026-09-26T18:35:24.720000+00:00,3,NVIDIA B200,0,0,134.43,30,120,3996
2026-09-26T18:35:24.720000+00:00,4,NVIDIA B200,0,0,138.06,33,120,3996
2026-09-26T18:35:24.720000+00:00,5,NVIDIA B200,0,0,137.65,30,120,3996
2026-09-26T18:35:24.720000+00:00,6,NVIDIA B200,0,0,135.52,33,120,3996
2026-09-26T18:35:24.720000+00:00,7,NVIDIA B200,0,0,136.98,29,120,3996
2026-09-26T18:35:25.720000+00:00,0,NVIDIA B200,34096,0,187.75,37,1965,3996
2026-09-26T18:35:25.720000+00:00,1,NVIDIA B200,34168,0,187.72,32,1965,3996
2026-09-26T18:35:25.720000+00:00,2,NVIDIA B200,0,0,139.16,33,120,3996
2026-09-26T18:35:25.720000+00:00,3,NVIDIA B200,0,0,134.39,30,120,3996
2026-09-26T18:35:25.720000+00:00,4,NVIDIA B200,0,0,138.08,33,120,3996
2026-09-26T18:35:25.720000+00:00,5,NVIDIA B200,0,0,137.59,30,120,3996
2026-09-26T18:35:25.720000+00:00,6,NVIDIA B200,0,0,135.48,33,120,3996
2026-09-26T18:35:25.720000+00:00,7,NVIDIA B200,0,0,137.02,29,120,3996
2026-09-26T18:35:26.721000+00:00,0,NVIDIA B200,34096,0,187.55,37,1965,3996
2026-09-26T18:35:26.721000+00:00,1,NVIDIA B200,33494,37,335.35,36,1965,3996
2026-09-26T18:35:26.721000+00:00,2,NVIDIA B200,0,0,139.17,33,120,3996
2026-09-26T18:35:26.721000+00:00,3,NVIDIA B200,0,0,134.58,30,120,3996
2026-09-26T18:35:26.721000+00:00,4,NVIDIA B200,0,0,138.19,33,120,3996
2026-09-26T18:35:26.721000+00:00,5,NVIDIA B200,0,0,137.59,30,120,3996
2026-09-26T18:35:26.721000+00:00,6,NVIDIA B200,0,0,135.42,33,120,3996
2026-09-26T18:35:26.721000+00:00,7,NVIDIA B200,0,0,137.08,29,120,3996
2026-09-26T18:35:27.721000+00:00,0,NVIDIA B200,33494,4,198.54,37,1965,3996
2026-09-26T18:35:27.721000+00:00,1,NVIDIA B200,34130,0,269.02,33,1965,3996
2026-09-26T18:35:27.721000+00:00,2,NVIDIA B200,0,0,139.28,33,120,3996
2026-09-26T18:35:27.721000+00:00,3,NVIDIA B200,0,0,134.27,30,120,3996
2026-09-26T18:35:27.721000+00:00,4,NVIDIA B200,0,0,138.10,33,120,3996
2026-09-26T18:35:27.721000+00:00,5,NVIDIA B200,0,0,137.61,30,120,3996
2026-09-26T18:35:27.721000+00:00,6,NVIDIA B200,0,0,135.71,33,120,3996
2026-09-26T18:35:27.721000+00:00,7,NVIDIA B200,0,0,137.14,29,120,3996
2026-09-26T18:35:28.721000+00:00,0,NVIDIA B200,33588,8,351.50,39,1965,3996
2026-09-26T18:35:28.721000+00:00,1,NVIDIA B200,34130,0,188.28,32,1965,3996
2026-09-26T18:35:28.721000+00:00,2,NVIDIA B200,0,0,139.15,33,120,3996
2026-09-26T18:35:28.721000+00:00,3,NVIDIA B200,0,0,134.35,30,120,3996
2026-09-26T18:35:28.721000+00:00,4,NVIDIA B200,0,0,138.08,33,120,3996
2026-09-26T18:35:28.721000+00:00,5,NVIDIA B200,0,0,137.75,30,120,3996
2026-09-26T18:35:28.721000+00:00,6,NVIDIA B200,0,0,135.45,33,120,3996
2026-09-26T18:35:28.721000+00:00,7,NVIDIA B200,0,0,136.96,29,120,3996
2026-09-26T18:35:29.721000+00:00,0,NVIDIA B200,34178,0,250.97,38,1965,3996
2026-09-26T18:35:29.722000+00:00,1,NVIDIA B200,34130,0,187.82,32,1965,3996
2026-09-26T18:35:29.722000+00:00,2,NVIDIA B200,0,0,139.27,33,120,3996
2026-09-26T18:35:29.722000+00:00,3,NVIDIA B200,0,0,134.42,30,120,3996
2026-09-26T18:35:29.722000+00:00,4,NVIDIA B200,0,0,138.04,33,120,3996
2026-09-26T18:35:29.722000+00:00,5,NVIDIA B200,0,0,137.60,30,120,3996
2026-09-26T18:35:29.722000+00:00,6,NVIDIA B200,0,0,135.49,33,120,3996
2026-09-26T18:35:29.722000+00:00,7,NVIDIA B200,0,0,136.98,29,120,3996
2026-09-26T18:35:30.722000+00:00,0,NVIDIA B200,34178,0,187.85,37,1965,3996
2026-09-26T18:35:30.722000+00:00,1,NVIDIA B200,33494,37,315.61,36,1965,3996
2026-09-26T18:35:30.722000+00:00,2,NVIDIA B200,0,0,139.21,33,120,3996
2026-09-26T18:35:30.722000+00:00,3,NVIDIA B200,0,0,134.40,30,120,3996
2026-09-26T18:35:30.722000+00:00,4,NVIDIA B200,0,0,138.06,33,120,3996
2026-09-26T18:35:30.722000+00:00,5,NVIDIA B200,0,0,137.74,30,120,3996
2026-09-26T18:35:30.722000+00:00,6,NVIDIA B200,0,0,135.50,33,120,3996
2026-09-26T18:35:30.722000+00:00,7,NVIDIA B200,0,0,137.00,29,120,3996
2026-09-26T18:35:31.722000+00:00,0,NVIDIA B200,34178,0,187.65,37,1965,3996
2026-09-26T18:35:31.722000+00:00,1,NVIDIA B200,33896,8,249.16,34,1965,3996
2026-09-26T18:35:31.722000+00:00,2,NVIDIA B200,0,0,139.21,33,120,3996
2026-09-26T18:35:31.722000+00:00,3,NVIDIA B200,0,0,134.59,30,120,3996
2026-09-26T18:35:31.722000+00:00,4,NVIDIA B200,0,0,138.21,33,120,3996
2026-09-26T18:35:31.722000+00:00,5,NVIDIA B200,0,0,137.56,30,120,3996
2026-09-26T18:35:31.722000+00:00,6,NVIDIA B200,0,0,135.49,33,120,3996
2026-09-26T18:35:31.722000+00:00,7,NVIDIA B200,0,0,137.04,29,120,3996
2026-09-26T18:35:32.723000+00:00,0,NVIDIA B200,33408,4,189.48,37,1965,3996
2026-09-26T18:35:32.723000+00:00,1,NVIDIA B200,34128,0,222.05,33,1965,3996
2026-09-26T18:35:32.723000+00:00,2,NVIDIA B200,0,0,139.38,33,120,3996
2026-09-26T18:35:32.723000+00:00,3,NVIDIA B200,0,0,134.38,30,120,3996
2026-09-26T18:35:32.723000+00:00,4,NVIDIA B200,0,0,138.08,33,120,3996
2026-09-26T18:35:32.723000+00:00,5,NVIDIA B200,0,0,137.61,30,120,3996
2026-09-26T18:35:32.723000+00:00,6,NVIDIA B200,0,0,135.63,33,120,3996
2026-09-26T18:35:32.723000+00:00,7,NVIDIA B200,0,0,137.15,29,120,3996
2026-09-26T18:35:33.723000+00:00,0,NVIDIA B200,33540,6,346.39,39,1965,3996
2026-09-26T18:35:33.723000+00:00,1,NVIDIA B200,34128,0,187.99,32,1965,3996
2026-09-26T18:35:33.723000+00:00,2,NVIDIA B200,0,0,139.13,33,120,3996
2026-09-26T18:35:33.723000+00:00,3,NVIDIA B200,0,0,134.46,30,120,3996
2026-09-26T18:35:33.723000+00:00,4,NVIDIA B200,0,0,138.04,33,120,3996
2026-09-26T18:35:33.723000+00:00,5,NVIDIA B200,0,0,137.81,30,120,3996
2026-09-26T18:35:33.723000+00:00,6,NVIDIA B200,0,0,135.42,33,120,3996
2026-09-26T18:35:33.723000+00:00,7,NVIDIA B200,0,0,137.09,29,120,3996
2026-09-26T18:35:34.723000+00:00,0,NVIDIA B200,34096,0,250.13,38,1965,3996
2026-09-26T18:35:34.724000+00:00,1,NVIDIA B200,33494,3,216.83,35,1965,3996
2026-09-26T18:35:34.724000+00:00,2,NVIDIA B200,0,0,139.18,33,120,3996
2026-09-26T18:35:34.724000+00:00,3,NVIDIA B200,0,0,134.39,30,120,3996
2026-09-26T18:35:34.724000+00:00,4,NVIDIA B200,0,0,138.08,33,120,3996
2026-09-26T18:35:34.724000+00:00,5,NVIDIA B200,0,0,137.54,30,120,3996
2026-09-26T18:35:34.724000+00:00,6,NVIDIA B200,0,0,135.51,33,120,3996
2026-09-26T18:35:34.724000+00:00,7,NVIDIA B200,0,0,136.98,29,120,3996
2026-09-26T18:35:35.724000+00:00,0,NVIDIA B200,34096,0,187.88,37,1965,3996
2026-09-26T18:35:35.733000+00:00,1,NVIDIA B200,33576,8,326.13,33,1965,3996
2026-09-26T18:35:35.733000+00:00,2,NVIDIA B200,0,0,139.08,33,120,3996
2026-09-26T18:35:35.733000+00:00,3,NVIDIA B200,0,0,134.50,30,120,3996
2026-09-26T18:35:35.733000+00:00,4,NVIDIA B200,0,0,138.01,33,120,3996
2026-09-26T18:35:35.734000+00:00,5,NVIDIA B200,0,0,137.66,30,120,3996
2026-09-26T18:35:35.734000+00:00,6,NVIDIA B200,0,0,135.49,33,120,3996
2026-09-26T18:35:35.734000+00:00,7,NVIDIA B200,0,0,137.01,29,120,3996
2026-09-26T18:35:36.734000+00:00,0,NVIDIA B200,34096,0,187.57,37,1965,3996
2026-09-26T18:35:36.734000+00:00,1,NVIDIA B200,34128,0,247.85,33,1965,3996
2026-09-26T18:35:36.734000+00:00,2,NVIDIA B200,0,0,139.16,33,120,3996
2026-09-26T18:35:36.734000+00:00,3,NVIDIA B200,0,0,134.52,30,120,3996
2026-09-26T18:35:36.734000+00:00,4,NVIDIA B200,0,0,138.22,33,120,3996
2026-09-26T18:35:36.734000+00:00,5,NVIDIA B200,0,0,137.65,30,120,3996
2026-09-26T18:35:36.734000+00:00,6,NVIDIA B200,0,0,135.49,33,120,3996
2026-09-26T18:35:36.734000+00:00,7,NVIDIA B200,0,0,137.04,29,120,3996
2026-09-26T18:35:37.735000+00:00,0,NVIDIA B200,33402,0,188.13,37,1965,3996
2026-09-26T18:35:37.735000+00:00,1,NVIDIA B200,34128,0,188.23,32,1965,3996
2026-09-26T18:35:37.735000+00:00,2,NVIDIA B200,0,0,139.30,33,120,3996
2026-09-26T18:35:37.735000+00:00,3,NVIDIA B200,0,0,134.46,30,120,3996
2026-09-26T18:35:37.735000+00:00,4,NVIDIA B200,0,0,138.05,33,120,3996
2026-09-26T18:35:37.735000+00:00,5,NVIDIA B200,0,0,137.67,30,120,3996
2026-09-26T18:35:37.735000+00:00,6,NVIDIA B200,0,0,135.65,33,120,3996
2026-09-26T18:35:37.735000+00:00,7,NVIDIA B200,0,0,137.11,29,120,3996
2026-09-26T18:35:38.735000+00:00,0,NVIDIA B200,33442,37,337.59,40,1965,3996
2026-09-26T18:35:38.735000+00:00,1,NVIDIA B200,33494,3,194.65,34,1965,3996
2026-09-26T18:35:38.735000+00:00,2,NVIDIA B200,0,0,139.11,33,120,3996
2026-09-26T18:35:38.735000+00:00,3,NVIDIA B200,0,0,134.50,30,120,3996
2026-09-26T18:35:38.735000+00:00,4,NVIDIA B200,0,0,137.98,33,120,3996
2026-09-26T18:35:38.735000+00:00,5,NVIDIA B200,0,0,137.82,30,120,3996
2026-09-26T18:35:38.735000+00:00,6,NVIDIA B200,0,0,135.51,33,120,3996
2026-09-26T18:35:38.735000+00:00,7,NVIDIA B200,0,0,137.04,29,120,3996
2026-09-26T18:35:39.735000+00:00,0,NVIDIA B200,34178,0,263.62,38,1965,3996
2026-09-26T18:35:39.735000+00:00,1,NVIDIA B200,33536,9,350.71,34,1965,3996
2026-09-26T18:35:39.735000+00:00,2,NVIDIA B200,0,0,139.01,33,120,3996
2026-09-26T18:35:39.735000+00:00,3,NVIDIA B200,0,0,134.38,30,120,3996
2026-09-26T18:35:39.735000+00:00,4,NVIDIA B200,0,0,138.07,33,120,3996
2026-09-26T18:35:39.735000+00:00,5,NVIDIA B200,0,0,137.64,30,120,3996
2026-09-26T18:35:39.735000+00:00,6,NVIDIA B200,0,0,135.54,33,120,3996
2026-09-26T18:35:39.735000+00:00,7,NVIDIA B200,0,0,137.02,29,120,3996
2026-09-26T18:35:40.735000+00:00,0,NVIDIA B200,34178,0,188.01,37,1965,3996
2026-09-26T18:35:40.735000+00:00,1,NVIDIA B200,34236,0,247.92,33,1965,3996
2026-09-26T18:35:40.736000+00:00,2,NVIDIA B200,0,0,139.19,33,120,3996
2026-09-26T18:35:40.736000+00:00,3,NVIDIA B200,0,0,134.43,30,120,3996
2026-09-26T18:35:40.736000+00:00,4,NVIDIA B200,0,0,138.09,33,120,3996
2026-09-26T18:35:40.736000+00:00,5,NVIDIA B200,0,0,137.72,30,120,3996
2026-09-26T18:35:40.736000+00:00,6,NVIDIA B200,0,0,135.42,33,120,3996
2026-09-26T18:35:40.736000+00:00,7,NVIDIA B200,0,0,137.06,29,120,3996
2026-09-26T18:35:41.736000+00:00,0,NVIDIA B200,34178,0,187.68,37,1965,3996
2026-09-26T18:35:41.736000+00:00,1,NVIDIA B200,34236,0,188.16,33,1965,3996
2026-09-26T18:35:41.736000+00:00,2,NVIDIA B200,0,0,139.12,33,120,3996
2026-09-26T18:35:41.736000+00:00,3,NVIDIA B200,0,0,134.56,30,120,3996
2026-09-26T18:35:41.736000+00:00,4,NVIDIA B200,0,0,138.15,33,120,3996
2026-09-26T18:35:41.736000+00:00,5,NVIDIA B200,0,0,137.64,30,120,3996
2026-09-26T18:35:41.736000+00:00,6,NVIDIA B200,0,0,135.51,33,120,3996
2026-09-26T18:35:41.736000+00:00,7,NVIDIA B200,0,0,137.03,29,120,3996
2026-09-26T18:35:42.736000+00:00,0,NVIDIA B200,34178,0,187.66,37,1965,3996
2026-09-26T18:35:42.736000+00:00,1,NVIDIA B200,33406,3,189.63,32,1965,3996
2026-09-26T18:35:42.736000+00:00,2,NVIDIA B200,0,0,139.33,33,120,3996
2026-09-26T18:35:42.736000+00:00,3,NVIDIA B200,0,0,134.43,30,120,3996
2026-09-26T18:35:42.736000+00:00,4,NVIDIA B200,0,0,138.10,33,120,3996
2026-09-26T18:35:42.736000+00:00,5,NVIDIA B200,0,0,137.62,30,120,3996
2026-09-26T18:35:42.736000+00:00,6,NVIDIA B200,0,0,135.65,33,120,3996
2026-09-26T18:35:42.736000+00:00,7,NVIDIA B200,0,0,137.21,29,120,3996
2026-09-26T18:35:43.736000+00:00,0,NVIDIA B200,33494,37,286.99,40,1965,3996
2026-09-26T18:35:43.736000+00:00,1,NVIDIA B200,33548,5,345.40,35,1965,3996
2026-09-26T18:35:43.736000+00:00,2,NVIDIA B200,0,0,139.26,33,120,3996
2026-09-26T18:35:43.736000+00:00,3,NVIDIA B200,0,0,134.39,30,120,3996
2026-09-26T18:35:43.736000+00:00,4,NVIDIA B200,0,0,138.02,33,120,3996
2026-09-26T18:35:43.736000+00:00,5,NVIDIA B200,0,0,137.74,30,120,3996
2026-09-26T18:35:43.736000+00:00,6,NVIDIA B200,0,0,135.45,33,120,3996
2026-09-26T18:35:43.736000+00:00,7,NVIDIA B200,0,0,136.98,29,120,3996
2026-09-26T18:35:44.737000+00:00,0,NVIDIA B200,34128,22,318.19,40,1965,3996
2026-09-26T18:35:44.737000+00:00,1,NVIDIA B200,34128,0,248.60,33,1965,3996
2026-09-26T18:35:44.737000+00:00,2,NVIDIA B200,0,0,139.16,33,120,3996
2026-09-26T18:35:44.737000+00:00,3,NVIDIA B200,0,0,134.46,30,120,3996
2026-09-26T18:35:44.737000+00:00,4,NVIDIA B200,0,0,138.01,33,120,3996
2026-09-26T18:35:44.737000+00:00,5,NVIDIA B200,0,0,137.64,30,120,3996
2026-09-26T18:35:44.737000+00:00,6,NVIDIA B200,0,0,135.57,33,120,3996
2026-09-26T18:35:44.737000+00:00,7,NVIDIA B200,0,0,137.04,29,120,3996
2026-09-26T18:35:45.737000+00:00,0,NVIDIA B200,34128,0,188.15,37,1965,3996
2026-09-26T18:35:45.737000+00:00,1,NVIDIA B200,34128,0,188.22,33,1965,3996
2026-09-26T18:35:45.737000+00:00,2,NVIDIA B200,0,0,139.21,33,120,3996
2026-09-26T18:35:45.737000+00:00,3,NVIDIA B200,0,0,134.39,30,120,3996
2026-09-26T18:35:45.737000+00:00,4,NVIDIA B200,0,0,138.14,33,120,3996
2026-09-26T18:35:45.737000+00:00,5,NVIDIA B200,0,0,137.61,30,120,3996
2026-09-26T18:35:45.737000+00:00,6,NVIDIA B200,0,0,135.44,33,120,3996
2026-09-26T18:35:45.737000+00:00,7,NVIDIA B200,0,0,137.01,29,120,3996
2026-09-26T18:35:46.737000+00:00,0,NVIDIA B200,34128,0,187.73,37,1965,3996
2026-09-26T18:35:46.737000+00:00,1,NVIDIA B200,33408,3,190.80,33,1965,3996
2026-09-26T18:35:46.737000+00:00,2,NVIDIA B200,0,0,139.15,33,120,3996
2026-09-26T18:35:46.737000+00:00,3,NVIDIA B200,0,0,134.55,30,120,3996
2026-09-26T18:35:46.737000+00:00,4,NVIDIA B200,0,0,138.23,33,120,3996
2026-09-26T18:35:46.737000+00:00,5,NVIDIA B200,0,0,137.62,30,120,3996
2026-09-26T18:35:46.737000+00:00,6,NVIDIA B200,0,0,135.51,33,120,3996
2026-09-26T18:35:46.737000+00:00,7,NVIDIA B200,0,0,137.01,29,120,3996
2026-09-26T18:35:47.738000+00:00,0,NVIDIA B200,34128,0,187.73,37,1965,3996
2026-09-26T18:35:47.738000+00:00,1,NVIDIA B200,33540,7,345.65,34,1965,3996
2026-09-26T18:35:47.738000+00:00,2,NVIDIA B200,0,0,139.30,33,120,3996
2026-09-26T18:35:47.738000+00:00,3,NVIDIA B200,0,0,134.40,30,120,3996
2026-09-26T18:35:47.738000+00:00,4,NVIDIA B200,0,0,138.08,33,120,3996
2026-09-26T18:35:47.738000+00:00,5,NVIDIA B200,0,0,137.68,30,120,3996
2026-09-26T18:35:47.738000+00:00,6,NVIDIA B200,0,0,135.64,33,120,3996
2026-09-26T18:35:47.738000+00:00,7,NVIDIA B200,0,0,137.15,29,120,3996
2026-09-26T18:35:48.738000+00:00,0,NVIDIA B200,34128,0,187.30,37,1965,3996
2026-09-26T18:35:48.738000+00:00,1,NVIDIA B200,34236,0,249.55,33,1965,3996
2026-09-26T18:35:48.738000+00:00,2,NVIDIA B200,0,0,139.15,33,120,3996
2026-09-26T18:35:48.738000+00:00,3,NVIDIA B200,0,0,134.37,30,120,3996
2026-09-26T18:35:48.738000+00:00,4,NVIDIA B200,0,0,138.04,33,120,3996
2026-09-26T18:35:48.738000+00:00,5,NVIDIA B200,0,0,137.78,30,120,3996
2026-09-26T18:35:48.738000+00:00,6,NVIDIA B200,0,0,135.36,33,120,3996
2026-09-26T18:35:48.738000+00:00,7,NVIDIA B200,0,0,137.02,29,120,3996
2026-09-26T18:35:49.738000+00:00,0,NVIDIA B200,34128,0,187.31,37,1965,3996
2026-09-26T18:35:49.738000+00:00,1,NVIDIA B200,34236,0,188.30,33,1965,3996
2026-09-26T18:35:49.738000+00:00,2,NVIDIA B200,0,0,139.12,33,120,3996
2026-09-26T18:35:49.738000+00:00,3,NVIDIA B200,0,0,134.40,30,120,3996
2026-09-26T18:35:49.738000+00:00,4,NVIDIA B200,0,0,138.08,33,120,3996
2026-09-26T18:35:49.738000+00:00,5,NVIDIA B200,0,0,137.62,30,120,3996
2026-09-26T18:35:49.738000+00:00,6,NVIDIA B200,0,0,135.52,33,120,3996
2026-09-26T18:35:49.738000+00:00,7,NVIDIA B200,0,0,137.04,29,120,3996
2026-09-26T18:35:50.738000+00:00,0,NVIDIA B200,34128,0,187.32,37,1965,3996
2026-09-26T18:35:50.739000+00:00,1,NVIDIA B200,33404,2,189.79,33,1965,3996
2026-09-26T18:35:50.739000+00:00,2,NVIDIA B200,0,0,139.16,33,120,3996
2026-09-26T18:35:50.739000+00:00,3,NVIDIA B200,0,0,134.43,30,120,3996
2026-09-26T18:35:50.739000+00:00,4,NVIDIA B200,0,0,138.06,33,120,3996
2026-09-26T18:35:50.739000+00:00,5,NVIDIA B200,0,0,137.54,30,120,3996
2026-09-26T18:35:50.739000+00:00,6,NVIDIA B200,0,0,135.39,33,120,3996
2026-09-26T18:35:50.739000+00:00,7,NVIDIA B200,0,0,136.94,29,120,3996
2026-09-26T18:35:51.739000+00:00,0,NVIDIA B200,34128,0,187.24,37,1965,3996
2026-09-26T18:35:51.743000+00:00,1,NVIDIA B200,33474,37,340.73,34,1965,3996
2026-09-26T18:35:51.745000+00:00,2,NVIDIA B200,0,0,139.20,33,120,3996
2026-09-26T18:35:51.747000+00:00,3,NVIDIA B200,0,0,134.58,30,120,3996
2026-09-26T18:35:51.747000+00:00,4,NVIDIA B200,0,0,138.14,33,120,3996
2026-09-26T18:35:51.747000+00:00,5,NVIDIA B200,0,0,137.64,30,120,3996
2026-09-26T18:35:51.747000+00:00,6,NVIDIA B200,0,0,135.47,33,120,3996
2026-09-26T18:35:51.747000+00:00,7,NVIDIA B200,0,0,136.98,29,120,3996
2026-09-26T18:35:52.747000+00:00,0,NVIDIA B200,34128,0,187.30,37,1965,3996
2026-09-26T18:35:52.747000+00:00,1,NVIDIA B200,34236,0,261.44,34,1965,3996
2026-09-26T18:35:52.747000+00:00,2,NVIDIA B200,0,0,139.24,33,120,3996
2026-09-26T18:35:52.747000+00:00,3,NVIDIA B200,0,0,134.46,30,120,3996
2026-09-26T18:35:52.747000+00:00,4,NVIDIA B200,0,0,138.08,33,120,3996
2026-09-26T18:35:52.747000+00:00,5,NVIDIA B200,0,0,137.59,30,120,3996
2026-09-26T18:35:52.747000+00:00,6,NVIDIA B200,0,0,135.59,33,120,3996
2026-09-26T18:35:52.747000+00:00,7,NVIDIA B200,0,0,137.13,29,120,3996
2026-09-26T18:35:53.747000+00:00,0,NVIDIA B200,34128,0,187.19,37,1965,3996
2026-09-26T18:35:53.748000+00:00,1,NVIDIA B200,34236,0,188.51,33,1965,3996
2026-09-26T18:35:53.748000+00:00,2,NVIDIA B200,0,0,139.16,33,120,3996
2026-09-26T18:35:53.748000+00:00,3,NVIDIA B200,0,0,134.40,30,120,3996
2026-09-26T18:35:53.748000+00:00,4,NVIDIA B200,0,0,138.05,33,120,3996
2026-09-26T18:35:53.748000+00:00,5,NVIDIA B200,0,0,137.76,30,120,3996
2026-09-26T18:35:53.748000+00:00,6,NVIDIA B200,0,0,135.43,33,120,3996
2026-09-26T18:35:53.748000+00:00,7,NVIDIA B200,0,0,137.01,29,120,3996
2026-09-26T18:35:54.748000+00:00,0,NVIDIA B200,34128,0,187.25,37,1965,3996
2026-09-26T18:35:54.748000+00:00,1,NVIDIA B200,34236,0,188.12,32,1965,3996
2026-09-26T18:35:54.748000+00:00,2,NVIDIA B200,0,0,139.06,33,120,3996
2026-09-26T18:35:54.748000+00:00,3,NVIDIA B200,0,0,134.42,30,120,3996
2026-09-26T18:35:54.748000+00:00,4,NVIDIA B200,0,0,138.01,33,120,3996
2026-09-26T18:35:54.748000+00:00,5,NVIDIA B200,0,0,137.55,30,120,3996
2026-09-26T18:35:54.748000+00:00,6,NVIDIA B200,0,0,135.47,33,120,3996
2026-09-26T18:35:54.748000+00:00,7,NVIDIA B200,0,0,136.98,29,120,3996
2026-09-26T18:35:55.748000+00:00,0,NVIDIA B200,34128,0,187.18,37,1965,3996
2026-09-26T18:35:55.748000+00:00,1,NVIDIA B200,33494,36,334.47,36,1965,3996
2026-09-26T18:35:55.748000+00:00,2,NVIDIA B200,0,0,139.22,33,120,3996
2026-09-26T18:35:55.748000+00:00,3,NVIDIA B200,0,0,134.41,30,120,3996
2026-09-26T18:35:55.748000+00:00,4,NVIDIA B200,0,0,138.02,33,120,3996
2026-09-26T18:35:55.748000+00:00,5,NVIDIA B200,0,0,137.61,30,120,3996
2026-09-26T18:35:55.748000+00:00,6,NVIDIA B200,0,0,135.39,33,120,3996
2026-09-26T18:35:55.748000+00:00,7,NVIDIA B200,0,0,136.97,29,120,3996
2026-09-26T18:35:56.748000+00:00,0,NVIDIA B200,34128,0,187.05,37,1965,3996
2026-09-26T18:35:56.751000+00:00,1,NVIDIA B200,34148,0,264.83,34,1965,3996
2026-09-26T18:35:56.752000+00:00,2,NVIDIA B200,0,0,139.09,33,120,3996
2026-09-26T18:35:56.752000+00:00,3,NVIDIA B200,0,0,134.54,30,120,3996
2026-09-26T18:35:56.752000+00:00,4,NVIDIA B200,0,0,138.19,33,120,3996
2026-09-26T18:35:56.753000+00:00,5,NVIDIA B200,0,0,137.65,30,120,3996
2026-09-26T18:35:56.753000+00:00,6,NVIDIA B200,0,0,135.45,33,120,3996
2026-09-26T18:35:56.753000+00:00,7,NVIDIA B200,0,0,137.02,29,120,3996
2026-09-26T18:35:57.753000+00:00,0,NVIDIA B200,34128,0,187.35,37,1965,3996
2026-09-26T18:35:57.753000+00:00,1,NVIDIA B200,34148,0,188.74,33,1965,3996
2026-09-26T18:35:57.753000+00:00,2,NVIDIA B200,0,0,139.21,33,120,3996
2026-09-26T18:35:57.753000+00:00,3,NVIDIA B200,0,0,134.36,30,120,3996
2026-09-26T18:35:57.753000+00:00,4,NVIDIA B200,0,0,138.05,33,120,3996
2026-09-26T18:35:57.753000+00:00,5,NVIDIA B200,0,0,137.66,30,120,3996
2026-09-26T18:35:57.753000+00:00,6,NVIDIA B200,0,0,135.60,33,120,3996
2026-09-26T18:35:57.753000+00:00,7,NVIDIA B200,0,0,137.13,29,120,3996
2026-09-26T18:35:58.753000+00:00,0,NVIDIA B200,34128,0,187.18,37,1965,3996
2026-09-26T18:35:58.753000+00:00,1,NVIDIA B200,34148,0,188.13,33,1965,3996
2026-09-26T18:35:58.753000+00:00,2,NVIDIA B200,0,0,139.12,33,120,3996
2026-09-26T18:35:58.753000+00:00,3,NVIDIA B200,0,0,134.41,30,120,3996
2026-09-26T18:35:58.753000+00:00,4,NVIDIA B200,0,0,138.06,33,120,3996
2026-09-26T18:35:58.754000+00:00,5,NVIDIA B200,0,0,137.67,30,120,3996
2026-09-26T18:35:58.754000+00:00,6,NVIDIA B200,0,0,135.40,33,120,3996
2026-09-26T18:35:58.754000+00:00,7,NVIDIA B200,0,0,137.01,29,120,3996
2026-09-26T18:35:59.754000+00:00,0,NVIDIA B200,34128,0,187.14,37,1965,3996
2026-09-26T18:35:59.754000+00:00,1,NVIDIA B200,33494,37,324.64,36,1965,3996
2026-09-26T18:35:59.754000+00:00,2,NVIDIA B200,0,0,139.12,33,120,3996
2026-09-26T18:35:59.754000+00:00,3,NVIDIA B200,0,0,134.39,30,120,3996
2026-09-26T18:35:59.754000+00:00,4,NVIDIA B200,0,0,138.01,33,120,3996
2026-09-26T18:35:59.754000+00:00,5,NVIDIA B200,0,0,137.61,30,120,3996
2026-09-26T18:35:59.754000+00:00,6,NVIDIA B200,0,0,135.52,33,120,3996
2026-09-26T18:35:59.754000+00:00,7,NVIDIA B200,0,0,137.04,29,120,3996
2026-09-26T18:36:00.754000+00:00,0,NVIDIA B200,34128,0,187.12,37,1965,3996
2026-09-26T18:36:00.754000+00:00,1,NVIDIA B200,34128,0,285.56,34,1965,3996
2026-09-26T18:36:00.754000+00:00,2,NVIDIA B200,0,0,139.29,33,120,3996
2026-09-26T18:36:00.754000+00:00,3,NVIDIA B200,0,0,134.36,30,120,3996
2026-09-26T18:36:00.754000+00:00,4,NVIDIA B200,0,0,138.03,33,120,3996
2026-09-26T18:36:00.754000+00:00,5,NVIDIA B200,0,0,137.62,30,120,3996
2026-09-26T18:36:00.754000+00:00,6,NVIDIA B200,0,0,135.37,33,120,3996
2026-09-26T18:36:00.754000+00:00,7,NVIDIA B200,0,0,136.97,29,120,3996
2026-09-26T18:36:01.754000+00:00,0,NVIDIA B200,34128,0,187.07,37,1965,3996
2026-09-26T18:36:01.754000+00:00,1,NVIDIA B200,34128,0,188.63,33,1965,3996
2026-09-26T18:36:01.754000+00:00,2,NVIDIA B200,0,0,139.17,33,120,3996
2026-09-26T18:36:01.754000+00:00,3,NVIDIA B200,0,0,134.60,30,120,3996
2026-09-26T18:36:01.754000+00:00,4,NVIDIA B200,0,0,138.20,33,120,3996
2026-09-26T18:36:01.754000+00:00,5,NVIDIA B200,0,0,137.70,30,120,3996
2026-09-26T18:36:01.754000+00:00,6,NVIDIA B200,0,0,135.46,33,120,3996
2026-09-26T18:36:01.754000+00:00,7,NVIDIA B200,0,0,137.02,29,120,3996
2026-09-26T18:36:02.755000+00:00,0,NVIDIA B200,34128,0,187.25,37,1965,3996
2026-09-26T18:36:02.755000+00:00,1,NVIDIA B200,34128,0,188.34,33,1965,3996
2026-09-26T18:36:02.755000+00:00,2,NVIDIA B200,0,0,139.29,33,120,3996
2026-09-26T18:36:02.755000+00:00,3,NVIDIA B200,0,0,134.39,30,120,3996
2026-09-26T18:36:02.755000+00:00,4,NVIDIA B200,0,0,138.01,33,120,3996
2026-09-26T18:36:02.755000+00:00,5,NVIDIA B200,0,0,137.65,30,120,3996
2026-09-26T18:36:02.755000+00:00,6,NVIDIA B200,0,0,135.52,33,120,3996
2026-09-26T18:36:02.755000+00:00,7,NVIDIA B200,0,0,137.15,29,120,3996
2026-09-26T18:36:03.755000+00:00,0,NVIDIA B200,34128,0,187.19,37,1965,3996
2026-09-26T18:36:03.755000+00:00,1,NVIDIA B200,33494,37,328.15,36,1965,3996
2026-09-26T18:36:03.755000+00:00,2,NVIDIA B200,0,0,139.19,33,120,3996
2026-09-26T18:36:03.755000+00:00,3,NVIDIA B200,0,0,134.41,30,120,3996
2026-09-26T18:36:03.755000+00:00,4,NVIDIA B200,0,0,138.07,33,120,3996
2026-09-26T18:36:03.755000+00:00,5,NVIDIA B200,0,0,137.78,30,120,3996
2026-09-26T18:36:03.755000+00:00,6,NVIDIA B200,0,0,135.47,33,120,3996
2026-09-26T18:36:03.755000+00:00,7,NVIDIA B200,0,0,137.03,29,120,3996
2026-09-26T18:36:04.755000+00:00,0,NVIDIA B200,34128,0,187.10,37,1965,3996
2026-09-26T18:36:04.755000+00:00,1,NVIDIA B200,34128,0,278.06,34,1965,3996
2026-09-26T18:36:04.755000+00:00,2,NVIDIA B200,0,0,139.18,33,120,3996
2026-09-26T18:36:04.755000+00:00,3,NVIDIA B200,0,0,134.32,30,120,3996
2026-09-26T18:36:04.755000+00:00,4,NVIDIA B200,0,0,138.10,33,120,3996
2026-09-26T18:36:04.755000+00:00,5,NVIDIA B200,0,0,137.59,30,120,3996
2026-09-26T18:36:04.755000+00:00,6,NVIDIA B200,0,0,135.49,33,120,3996
2026-09-26T18:36:04.755000+00:00,7,NVIDIA B200,0,0,137.05,29,120,3996
2026-09-26T18:36:05.755000+00:00,0,NVIDIA B200,34128,0,187.10,37,1965,3996
2026-09-26T18:36:05.755000+00:00,1,NVIDIA B200,34128,0,188.68,33,1965,3996
2026-09-26T18:36:05.755000+00:00,2,NVIDIA B200,0,0,139.10,33,120,3996
2026-09-26T18:36:05.755000+00:00,3,NVIDIA B200,0,0,134.35,30,120,3996
2026-09-26T18:36:05.755000+00:00,4,NVIDIA B200,0,0,137.97,33,120,3996
2026-09-26T18:36:05.755000+00:00,5,NVIDIA B200,0,0,137.63,30,120,3996
2026-09-26T18:36:05.755000+00:00,6,NVIDIA B200,0,0,135.34,33,120,3996
2026-09-26T18:36:05.755000+00:00,7,NVIDIA B200,0,0,136.96,29,120,3996
2026-09-26T18:36:06.756000+00:00,0,NVIDIA B200,34128,0,187.08,37,1965,3996
2026-09-26T18:36:06.756000+00:00,1,NVIDIA B200,34128,0,188.24,33,1965,3996
2026-09-26T18:36:06.756000+00:00,2,NVIDIA B200,0,0,139.12,33,120,3996
2026-09-26T18:36:06.756000+00:00,3,NVIDIA B200,0,0,134.54,30,120,3996
2026-09-26T18:36:06.756000+00:00,4,NVIDIA B200,0,0,138.21,33,120,3996
2026-09-26T18:36:06.756000+00:00,5,NVIDIA B200,0,0,137.66,30,120,3996
2026-09-26T18:36:06.756000+00:00,6,NVIDIA B200,0,0,135.51,33,120,3996
2026-09-26T18:36:06.756000+00:00,7,NVIDIA B200,0,0,137.00,29,120,3996
2026-09-26T18:36:07.756000+00:00,0,NVIDIA B200,34128,0,187.24,36,1965,3996
2026-09-26T18:36:07.756000+00:00,1,NVIDIA B200,33494,37,330.77,36,1965,3996
2026-09-26T18:36:07.756000+00:00,2,NVIDIA B200,0,0,139.26,33,120,3996
2026-09-26T18:36:07.756000+00:00,3,NVIDIA B200,0,0,134.41,30,120,3996
2026-09-26T18:36:07.756000+00:00,4,NVIDIA B200,0,0,138.07,33,120,3996
2026-09-26T18:36:07.756000+00:00,5,NVIDIA B200,0,0,137.57,30,120,3996
2026-09-26T18:36:07.756000+00:00,6,NVIDIA B200,0,0,135.61,33,120,3996
2026-09-26T18:36:07.756000+00:00,7,NVIDIA B200,0,0,137.12,29,120,3996
2026-09-26T18:36:08.756000+00:00,0,NVIDIA B200,34128,0,187.07,37,1965,3996
2026-09-26T18:36:08.756000+00:00,1,NVIDIA B200,34128,0,283.20,34,1965,3996
2026-09-26T18:36:08.756000+00:00,2,NVIDIA B200,0,0,139.20,33,120,3996
2026-09-26T18:36:08.756000+00:00,3,NVIDIA B200,0,0,134.35,30,120,3996
2026-09-26T18:36:08.756000+00:00,4,NVIDIA B200,0,0,138.00,33,120,3996
2026-09-26T18:36:08.756000+00:00,5,NVIDIA B200,0,0,137.73,30,120,3996
2026-09-26T18:36:08.756000+00:00,6,NVIDIA B200,0,0,135.41,33,120,3996
2026-09-26T18:36:08.756000+00:00,7,NVIDIA B200,0,0,137.04,29,120,3996
2026-09-26T18:36:09.757000+00:00,0,NVIDIA B200,34128,0,187.02,36,1965,3996
2026-09-26T18:36:09.757000+00:00,1,NVIDIA B200,34128,0,188.67,33,1965,3996
2026-09-26T18:36:09.757000+00:00,2,NVIDIA B200,0,0,139.12,33,120,3996
2026-09-26T18:36:09.757000+00:00,3,NVIDIA B200,0,0,134.38,30,120,3996
2026-09-26T18:36:09.757000+00:00,4,NVIDIA B200,0,0,138.10,33,120,3996
2026-09-26T18:36:09.757000+00:00,5,NVIDIA B200,0,0,137.57,30,120,3996
2026-09-26T18:36:09.757000+00:00,6,NVIDIA B200,0,0,135.52,33,120,3996
2026-09-26T18:36:09.757000+00:00,7,NVIDIA B200,0,0,137.03,29,120,3996
2026-09-26T18:36:10.757000+00:00,0,NVIDIA B200,0,3,189.30,36,1965,3996
2026-09-26T18:36:10.757000+00:00,1,NVIDIA B200,34128,0,188.31,33,1965,3996
2026-09-26T18:36:10.757000+00:00,2,NVIDIA B200,0,0,139.13,33,120,3996
2026-09-26T18:36:10.757000+00:00,3,NVIDIA B200,0,0,134.41,30,120,3996
2026-09-26T18:36:10.757000+00:00,4,NVIDIA B200,0,0,138.07,33,120,3996
2026-09-26T18:36:10.757000+00:00,5,NVIDIA B200,0,0,137.60,30,120,3996
2026-09-26T18:36:10.757000+00:00,6,NVIDIA B200,0,0,135.39,33,120,3996
2026-09-26T18:36:10.757000+00:00,7,NVIDIA B200,0,0,137.04,29,120,3996
2026-09-26T18:36:11.758000+00:00,0,NVIDIA B200,0,0,187.63,36,1965,3996
2026-09-26T18:36:11.758000+00:00,1,NVIDIA B200,33494,37,250.70,36,1965,3996
2026-09-26T18:36:11.758000+00:00,2,NVIDIA B200,0,0,139.13,33,120,3996
2026-09-26T18:36:11.758000+00:00,3,NVIDIA B200,0,0,134.46,30,120,3996
2026-09-26T18:36:11.758000+00:00,4,NVIDIA B200,0,0,138.17,33,120,3996
2026-09-26T18:36:11.758000+00:00,5,NVIDIA B200,0,0,137.65,30,120,3996
2026-09-26T18:36:11.758000+00:00,6,NVIDIA B200,0,0,135.45,33,120,3996
2026-09-26T18:36:11.758000+00:00,7,NVIDIA B200,0,0,137.06,29,120,3996
2026-09-26T18:36:12.758000+00:00,0,NVIDIA B200,0,0,171.18,36,795,3996
2026-09-26T18:36:12.758000+00:00,1,NVIDIA B200,34128,20,326.83,36,1965,3996
2026-09-26T18:36:12.758000+00:00,2,NVIDIA B200,0,0,139.34,33,120,3996
2026-09-26T18:36:12.758000+00:00,3,NVIDIA B200,0,0,134.33,30,120,3996
2026-09-26T18:36:12.758000+00:00,4,NVIDIA B200,0,0,138.04,33,120,3996
2026-09-26T18:36:12.758000+00:00,5,NVIDIA B200,0,0,137.67,30,120,3996
2026-09-26T18:36:12.758000+00:00,6,NVIDIA B200,0,0,135.62,33,120,3996
2026-09-26T18:36:12.758000+00:00,7,NVIDIA B200,0,0,137.15,29,120,3996
2026-09-26T18:36:13.758000+00:00,0,NVIDIA B200,0,0,140.14,35,307,3996
2026-09-26T18:36:13.758000+00:00,1,NVIDIA B200,34128,0,210.50,33,1965,3996
2026-09-26T18:36:13.758000+00:00,2,NVIDIA B200,0,0,139.08,33,120,3996
2026-09-26T18:36:13.758000+00:00,3,NVIDIA B200,0,0,134.52,30,120,3996
2026-09-26T18:36:13.758000+00:00,4,NVIDIA B200,0,0,137.99,33,120,3996
2026-09-26T18:36:13.758000+00:00,5,NVIDIA B200,0,0,137.75,30,120,3996
2026-09-26T18:36:13.758000+00:00,6,NVIDIA B200,0,0,135.34,33,120,3996
2026-09-26T18:36:13.758000+00:00,7,NVIDIA B200,0,0,137.02,29,120,3996
2026-09-26T18:36:14.758000+00:00,0,NVIDIA B200,0,0,138.43,35,195,3996
2026-09-26T18:36:14.759000+00:00,1,NVIDIA B200,34128,0,188.28,33,1965,3996
2026-09-26T18:36:14.759000+00:00,2,NVIDIA B200,0,0,139.14,33,120,3996
2026-09-26T18:36:14.759000+00:00,3,NVIDIA B200,0,0,134.48,30,120,3996
2026-09-26T18:36:14.759000+00:00,4,NVIDIA B200,0,0,138.06,33,120,3996
2026-09-26T18:36:14.759000+00:00,5,NVIDIA B200,0,0,137.63,30,120,3996
2026-09-26T18:36:14.759000+00:00,6,NVIDIA B200,0,0,135.47,33,120,3996
2026-09-26T18:36:14.759000+00:00,7,NVIDIA B200,0,0,137.03,29,120,3996
2026-09-26T18:36:15.759000+00:00,0,NVIDIA B200,0,0,137.91,35,120,3996
2026-09-26T18:36:15.759000+00:00,1,NVIDIA B200,33494,36,249.68,35,1965,3996
2026-09-26T18:36:15.759000+00:00,2,NVIDIA B200,0,0,139.18,33,120,3996
2026-09-26T18:36:15.759000+00:00,3,NVIDIA B200,0,0,134.34,30,120,3996
2026-09-26T18:36:15.759000+00:00,4,NVIDIA B200,0,0,137.99,33,120,3996
2026-09-26T18:36:15.759000+00:00,5,NVIDIA B200,0,0,137.67,30,120,3996
2026-09-26T18:36:15.759000+00:00,6,NVIDIA B200,0,0,135.43,33,120,3996
2026-09-26T18:36:15.759000+00:00,7,NVIDIA B200,0,0,137.03,29,120,3996
2026-09-26T18:36:16.759000+00:00,0,NVIDIA B200,0,0,137.71,35,120,3996
2026-09-26T18:36:16.759000+00:00,1,NVIDIA B200,33852,14,319.43,35,1965,3996
2026-09-26T18:36:16.759000+00:00,2,NVIDIA B200,0,0,139.27,33,120,3996
2026-09-26T18:36:16.759000+00:00,3,NVIDIA B200,0,0,134.36,30,120,3996
2026-09-26T18:36:16.759000+00:00,4,NVIDIA B200,0,0,138.19,33,120,3996
2026-09-26T18:36:16.759000+00:00,5,NVIDIA B200,0,0,137.67,30,120,3996
2026-09-26T18:36:16.759000+00:00,6,NVIDIA B200,0,0,135.49,33,120,3996
2026-09-26T18:36:16.759000+00:00,7,NVIDIA B200,0,0,137.05,29,120,3996
2026-09-26T18:36:17.759000+00:00,0,NVIDIA B200,0,0,137.83,35,120,3996
2026-09-26T18:36:17.759000+00:00,1,NVIDIA B200,34236,0,219.98,33,1965,3996
2026-09-26T18:36:17.759000+00:00,2,NVIDIA B200,0,0,139.25,33,120,3996
2026-09-26T18:36:17.759000+00:00,3,NVIDIA B200,0,0,134.40,30,120,3996
2026-09-26T18:36:17.759000+00:00,4,NVIDIA B200,0,0,138.00,33,120,3996
2026-09-26T18:36:17.759000+00:00,5,NVIDIA B200,0,0,137.65,30,120,3996
2026-09-26T18:36:17.760000+00:00,6,NVIDIA B200,0,0,135.58,33,120,3996
2026-09-26T18:36:17.760000+00:00,7,NVIDIA B200,0,0,137.09,29,120,3996
2026-09-26T18:36:18.760000+00:00,0,NVIDIA B200,0,0,137.63,35,120,3996
2026-09-26T18:36:18.760000+00:00,1,NVIDIA B200,34236,0,188.39,33,1965,3996
2026-09-26T18:36:18.760000+00:00,2,NVIDIA B200,0,0,139.19,33,120,3996
2026-09-26T18:36:18.760000+00:00,3,NVIDIA B200,0,0,134.42,30,120,3996
2026-09-26T18:36:18.760000+00:00,4,NVIDIA B200,0,0,137.99,33,120,3996
2026-09-26T18:36:18.760000+00:00,5,NVIDIA B200,0,0,137.78,30,120,3996
2026-09-26T18:36:18.760000+00:00,6,NVIDIA B200,0,0,135.39,33,120,3996
2026-09-26T18:36:18.760000+00:00,7,NVIDIA B200,0,0,137.00,29,120,3996
2026-09-26T18:36:19.760000+00:00,0,NVIDIA B200,0,0,137.56,35,120,3996
2026-09-26T18:36:19.760000+00:00,1,NVIDIA B200,33494,36,248.23,35,1965,3996
2026-09-26T18:36:19.760000+00:00,2,NVIDIA B200,0,0,139.11,33,120,3996
2026-09-26T18:36:19.760000+00:00,3,NVIDIA B200,0,0,134.42,30,120,3996
2026-09-26T18:36:19.760000+00:00,4,NVIDIA B200,0,0,137.97,33,120,3996
2026-09-26T18:36:19.760000+00:00,5,NVIDIA B200,0,0,137.57,30,120,3996
2026-09-26T18:36:19.760000+00:00,6,NVIDIA B200,0,0,135.54,33,120,3996
2026-09-26T18:36:19.760000+00:00,7,NVIDIA B200,0,0,136.99,29,120,3996
2026-09-26T18:36:20.760000+00:00,0,NVIDIA B200,0,0,137.57,35,120,3996
2026-09-26T18:36:20.760000+00:00,1,NVIDIA B200,33898,15,319.59,35,1965,3996
2026-09-26T18:36:20.760000+00:00,2,NVIDIA B200,0,0,139.12,33,120,3996
2026-09-26T18:36:20.760000+00:00,3,NVIDIA B200,0,0,134.44,30,120,3996
2026-09-26T18:36:20.760000+00:00,4,NVIDIA B200,0,0,138.12,33,120,3996
2026-09-26T18:36:20.760000+00:00,5,NVIDIA B200,0,0,137.63,30,120,3996
2026-09-26T18:36:20.760000+00:00,6,NVIDIA B200,0,0,135.38,33,120,3996
2026-09-26T18:36:20.760000+00:00,7,NVIDIA B200,0,0,137.04,29,120,3996
2026-09-26T18:36:21.760000+00:00,0,NVIDIA B200,0,0,137.60,35,120,3996
2026-09-26T18:36:21.761000+00:00,1,NVIDIA B200,34210,0,219.50,33,1965,3996
2026-09-26T18:36:21.761000+00:00,2,NVIDIA B200,0,0,139.13,33,120,3996
2026-09-26T18:36:21.761000+00:00,3,NVIDIA B200,0,0,134.60,30,120,3996
2026-09-26T18:36:21.761000+00:00,4,NVIDIA B200,0,0,138.23,33,120,3996
2026-09-26T18:36:21.761000+00:00,5,NVIDIA B200,0,0,137.62,30,120,3996
2026-09-26T18:36:21.761000+00:00,6,NVIDIA B200,0,0,135.48,33,120,3996
2026-09-26T18:36:21.761000+00:00,7,NVIDIA B200,0,0,136.95,29,120,3996
